file,sha256,location,material,confidential_review,public_distribution,basis,evidence_or_attribution,checked_date
ACQUIRED_INPUTS_REQUIRED.csv,7df1921151b449d51395ab009abc51d9e18ba0a57c8876250925ec0147e17721,distributed public repository,Original research summaries / plot / replication documentation,included for intended editorial/reviewer review,"Public access to selected project-authored code, documentation and original outputs authorized by the author on 5 October 2026; no blanket reuse license selected; recorded third-party terms retained.",Original research output or descriptive provenance; does not include uncertain observed source-score columns; scholarly/provider attribution retained,DATA_SHARING_REVIEW.md; PUBLIC_ACCESS_NOTICE.txt; WDI/HLO notices where applicable,2026-10-05
ACQUISITION_AND_RECONSTRUCTION.md,4919109c2bc69e50ec8a14883e68058592eaa2e2d57eab8596d3bae378d202be,distributed public repository,Original research summaries / plot / replication documentation,included for intended editorial/reviewer review,"Public access to selected project-authored code, documentation and original outputs authorized by the author on 5 October 2026; no blanket reuse license selected; recorded third-party terms retained.",Original research output or descriptive provenance; does not include uncertain observed source-score columns; scholarly/provider attribution retained,DATA_SHARING_REVIEW.md; PUBLIC_ACCESS_NOTICE.txt; WDI/HLO notices where applicable,2026-10-05
COMPARISON_RULES.csv,732105d7e4408333a97f2f2d774fc53c95f3cd0c447948bb49fccb80bc5965fe,distributed public repository,Original research summaries / plot / replication documentation,included for intended editorial/reviewer review,"Public access to selected project-authored code, documentation and original outputs authorized by the author on 5 October 2026; no blanket reuse license selected; recorded third-party terms retained.",Original research output or descriptive provenance; does not include uncertain observed source-score columns; scholarly/provider attribution retained,DATA_SHARING_REVIEW.md; PUBLIC_ACCESS_NOTICE.txt; WDI/HLO notices where applicable,2026-10-05
DATA_SHARING_REVIEW.md,5c9174fe0527e82f263d82ebc4fbc4f0f8dc1d29441a520ae0c197e9745efd85,distributed public repository,Original research summaries / plot / replication documentation,included for intended editorial/reviewer review,"Public access to selected project-authored code, documentation and original outputs authorized by the author on 5 October 2026; no blanket reuse license selected; recorded third-party terms retained.",Original research output or descriptive provenance; does not include uncertain observed source-score columns; scholarly/provider attribution retained,DATA_SHARING_REVIEW.md; PUBLIC_ACCESS_NOTICE.txt; WDI/HLO notices where applicable,2026-10-05
HLO_FILE_LINEAGE.csv,dccf8fd4b431152d8713ed8828587d98be6bd1b4935688d59664adce2caf21d7,distributed public repository,Original research summaries / plot / replication documentation,included for intended editorial/reviewer review,"Public access to selected project-authored code, documentation and original outputs authorized by the author on 5 October 2026; no blanket reuse license selected; recorded third-party terms retained.",Original research output or descriptive provenance; does not include uncertain observed source-score columns; scholarly/provider attribution retained,DATA_SHARING_REVIEW.md; PUBLIC_ACCESS_NOTICE.txt; WDI/HLO notices where applicable,2026-10-05
OFFICIAL_SOURCE_REGISTRY.csv,67f3215c53bfe801e3073889eda7cb0caefaa99a9f1c2c377ec3b0e545f617e5,distributed public repository,Original research summaries / plot / replication documentation,included for intended editorial/reviewer review,"Public access to selected project-authored code, documentation and original outputs authorized by the author on 5 October 2026; no blanket reuse license selected; recorded third-party terms retained.",Original research output or descriptive provenance; does not include uncertain observed source-score columns; scholarly/provider attribution retained,DATA_SHARING_REVIEW.md; PUBLIC_ACCESS_NOTICE.txt; WDI/HLO notices where applicable,2026-10-05
PERMITTED_PANEL_TRANSFORM.json,a5e0b0279416480f44960a1636d1a733707dbab20664f5c4e3061eec2db01a3e,distributed public repository,Original research summaries / plot / replication documentation,included for intended editorial/reviewer review,"Public access to selected project-authored code, documentation and original outputs authorized by the author on 5 October 2026; no blanket reuse license selected; recorded third-party terms retained.",Original research output or descriptive provenance; does not include uncertain observed source-score columns; scholarly/provider attribution retained,DATA_SHARING_REVIEW.md; PUBLIC_ACCESS_NOTICE.txt; WDI/HLO notices where applicable,2026-10-05
PUBLIC_ACCESS_NOTICE.txt,7c15d3fbdbfb5e2490673cfee42978e6a395b00b5b4397954b7dec9946cd651b,distributed public repository,Original public replication documentation,public access authorized by author,"Public access to selected project-authored code, documentation and original outputs authorized by the author on 5 October 2026; no blanket reuse license selected; recorded third-party terms retained.",Project-authored documentation; no omitted source-score values,PUBLIC_ACCESS_NOTICE.txt; file-level data attribution retained,2026-10-05
README.md,9b58b178b3b0205b0eb088e79aea459be95d90cd3d21b271675289f7bba9488c,distributed public repository,Original public replication documentation,public access authorized by author,"Public access to selected project-authored code, documentation and original outputs authorized by the author on 5 October 2026; no blanket reuse license selected; recorded third-party terms retained.",Project-authored documentation; no omitted source-score values,PUBLIC_ACCESS_NOTICE.txt; file-level data attribution retained,2026-10-05
Reviewer_Walkthrough.ipynb,9b1e206c3eab6b60f630e468fe28a8053317e7006d287907360429ffc2cf85d5,distributed public repository,Project code / walkthrough,included for intended editorial/reviewer review,"Public access to selected project-authored code, documentation and original outputs authorized by the author on 5 October 2026; no blanket reuse license selected; recorded third-party terms retained.",Existing author grant for inspection/execution in editorial review; scope mapped to current package,PUBLIC_ACCESS_NOTICE.txt,2026-10-05
WDI_FROZEN_ATTRIBUTION.csv,525ac282799f309c675e25511938ac13b8ba4f51cd47afdc6fdc8f81e24704b2,distributed public repository,Original research summaries / plot / replication documentation,included for intended editorial/reviewer review,"Public access to selected project-authored code, documentation and original outputs authorized by the author on 5 October 2026; no blanket reuse license selected; recorded third-party terms retained.",Original research output or descriptive provenance; does not include uncertain observed source-score columns; scholarly/provider attribution retained,DATA_SHARING_REVIEW.md; PUBLIC_ACCESS_NOTICE.txt; WDI/HLO notices where applicable,2026-10-05
WDI_LICENSE_EVIDENCE.csv,67959a3b58a10160aa03b3485e669f5d754d8087356ef4a774a7afb29d22d751,distributed public repository,Original research summaries / plot / replication documentation,included for intended editorial/reviewer review,"Public access to selected project-authored code, documentation and original outputs authorized by the author on 5 October 2026; no blanket reuse license selected; recorded third-party terms retained.",Original research output or descriptive provenance; does not include uncertain observed source-score columns; scholarly/provider attribution retained,DATA_SHARING_REVIEW.md; PUBLIC_ACCESS_NOTICE.txt; WDI/HLO notices where applicable,2026-10-05
candidate/original/data/core/core_rank_ledger.csv,1b231e28e3a0939b2bb171c9e9ad09e3216e84d35087ceb3084fab9ee7118fc9,omitted; exact file retained in author capsule,NIQ-dependent values; mixed HLO/WDI where applicable,not included; author/provider/institutional basis or acquisition-only scope decision required,no public grant recorded; do not distribute as part of this ZIP,Provider release accessible; no affirmative redistribution basis located; not a legal conclusion that every factual value requires permission,ACQUIRED_INPUTS_REQUIRED.csv; OFFICIAL_SOURCE_REGISTRY.csv; DATA_SHARING_REVIEW.md,2026-10-03
candidate/original/data/core/core_reconciliation.csv,8bcae4ed30c63f5c42bd1e5e598204df8fc7425fa26915ac731045f8bfff167b,omitted; exact file retained in author capsule,NIQ-dependent values; mixed HLO/WDI where applicable,not included; author/provider/institutional basis or acquisition-only scope decision required,no public grant recorded; do not distribute as part of this ZIP,Provider release accessible; no affirmative redistribution basis located; not a legal conclusion that every factual value requires permission,ACQUIRED_INPUTS_REQUIRED.csv; OFFICIAL_SOURCE_REGISTRY.csv; DATA_SHARING_REVIEW.md,2026-10-03
candidate/original/data/core/core_rq1_exact_sample.csv,c542b3558e2b13fabb668b6da26ccb163e4a87d93579a190e49599c415bc336c,omitted; exact file retained in author capsule,NIQ-dependent values; mixed HLO/WDI where applicable,not included; author/provider/institutional basis or acquisition-only scope decision required,no public grant recorded; do not distribute as part of this ZIP,Provider release accessible; no affirmative redistribution basis located; not a legal conclusion that every factual value requires permission,ACQUIRED_INPUTS_REQUIRED.csv; OFFICIAL_SOURCE_REGISTRY.csv; DATA_SHARING_REVIEW.md,2026-10-03
candidate/original/data/core/core_rq2_exact_sample.csv,efa6a9fb34391534932e7e40684eed767d60354cf6131efeab18a3567ebb76d4,omitted; exact file retained in author capsule,NIQ-dependent values; mixed HLO/WDI where applicable,not included; author/provider/institutional basis or acquisition-only scope decision required,no public grant recorded; do not distribute as part of this ZIP,Provider release accessible; no affirmative redistribution basis located; not a legal conclusion that every factual value requires permission,ACQUIRED_INPUTS_REQUIRED.csv; OFFICIAL_SOURCE_REGISTRY.csv; DATA_SHARING_REVIEW.md,2026-10-03
candidate/original/data/prediction/model_matrices.csv,8fac343020ed23a69bcd4c35b0ad891094ee54d43610b2ab00fd06d2bf403bb5,omitted; exact file retained in author capsule,NIQ-dependent values; mixed HLO/WDI where applicable,not included; author/provider/institutional basis or acquisition-only scope decision required,no public grant recorded; do not distribute as part of this ZIP,Provider release accessible; no affirmative redistribution basis located; not a legal conclusion that every factual value requires permission,ACQUIRED_INPUTS_REQUIRED.csv; OFFICIAL_SOURCE_REGISTRY.csv; DATA_SHARING_REVIEW.md,2026-10-03
candidate/original/source_audit/prior_niq_hlo_reproduction_exact_samples.csv,60af48381f5bf339ca4cb6f9da587c53899282235f1a316646cba0e3c4cff914,omitted; exact file retained in author capsule,Warne publisher supplement,not included; author/provider/institutional basis or acquisition-only scope decision required,no public grant recorded; do not distribute as part of this ZIP,Provider release accessible; no affirmative redistribution basis located; not a legal conclusion that every factual value requires permission,ACQUIRED_INPUTS_REQUIRED.csv; OFFICIAL_SOURCE_REGISTRY.csv; DATA_SHARING_REVIEW.md,2026-10-03
candidate/verification/PRIMARY_HELD_OUT_PREDICTIONS.csv,82339c71e375cea5342c00c68c6f1538463eb3b97b181ac338a9d413328be8fc,omitted; exact file retained in author capsule,NIQ-dependent values; mixed HLO/WDI where applicable,not included; author/provider/institutional basis or acquisition-only scope decision required,no public grant recorded; do not distribute as part of this ZIP,Provider release accessible; no affirmative redistribution basis located; not a legal conclusion that every factual value requires permission,ACQUIRED_INPUTS_REQUIRED.csv; OFFICIAL_SOURCE_REGISTRY.csv; DATA_SHARING_REVIEW.md,2026-10-03
expected_empirical/PREDICTIONS.csv,daeb6d3dc82841e9746ad45d14200d80479d1d88e5954421d87f6e0244011af3,omitted; exact file retained in author capsule,NIQ-dependent values; mixed HLO/WDI where applicable,not included; author/provider/institutional basis or acquisition-only scope decision required,no public grant recorded; do not distribute as part of this ZIP,Provider release accessible; no affirmative redistribution basis located; not a legal conclusion that every factual value requires permission,ACQUIRED_INPUTS_REQUIRED.csv; OFFICIAL_SOURCE_REGISTRY.csv; DATA_SHARING_REVIEW.md,2026-10-03
expected_empirical/PREPROCESSING.csv,d4eb35642f3eb7d430adfb6fd22ad2fe24e1b368bed66412b92e123662f3a239,omitted; exact file retained in author capsule,NIQ-dependent values; mixed HLO/WDI where applicable,not included; author/provider/institutional basis or acquisition-only scope decision required,no public grant recorded; do not distribute as part of this ZIP,Provider release accessible; no affirmative redistribution basis located; not a legal conclusion that every factual value requires permission,ACQUIRED_INPUTS_REQUIRED.csv; OFFICIAL_SOURCE_REGISTRY.csv; DATA_SHARING_REVIEW.md,2026-10-03
expected_empirical/TAIL_GROUPS.csv,be64a5aa78e2c1a0c4b1d2de3d886248f8f61f5fa51b466b69ad7db7350d8d88,omitted; exact file retained in author capsule,NIQ-dependent values; mixed HLO/WDI where applicable,not included; author/provider/institutional basis or acquisition-only scope decision required,no public grant recorded; do not distribute as part of this ZIP,Provider release accessible; no affirmative redistribution basis located; not a legal conclusion that every factual value requires permission,ACQUIRED_INPUTS_REQUIRED.csv; OFFICIAL_SOURCE_REGISTRY.csv; DATA_SHARING_REVIEW.md,2026-10-03
figures/INTELLIGENCE_Figure_1_data.csv,f3ec391a5e30edaedebeadebfd8dbc1c01ce8c2178731857d34c5863c66f6372,distributed public repository,Original research summaries / plot / replication documentation,included for intended editorial/reviewer review,"Public access to selected project-authored code, documentation and original outputs authorized by the author on 5 October 2026; no blanket reuse license selected; recorded third-party terms retained.","Project-authored summary, figure or editorial documentation; existing editorial review grant applies to scripts; current additions await author approval for supplementary publication; no omitted observed source-score column is added",PUBLIC_ACCESS_NOTICE.txt; WDI/HLO notices where applicable,2026-10-05
figures/INTELLIGENCE_Figure_2_data.csv,99eef7f2825a585140dfd10f60bee8d6445cdb7f9d2716a1d28aca2c8c1c31f5,distributed public repository,Original research summaries / plot / replication documentation,included for intended editorial/reviewer review,"Public access to selected project-authored code, documentation and original outputs authorized by the author on 5 October 2026; no blanket reuse license selected; recorded third-party terms retained.","Project-authored summary, figure or editorial documentation; existing editorial review grant applies to scripts; current additions await author approval for supplementary publication; no omitted observed source-score column is added",PUBLIC_ACCESS_NOTICE.txt; WDI/HLO notices where applicable,2026-10-05
figures/plot_figures.py,a5c56c80db45f741a88793693cf31745515f73548123d82e876047aea1ca8ad0,distributed public repository,Project code / walkthrough,included for intended editorial/reviewer review,"Public access to selected project-authored code, documentation and original outputs authorized by the author on 5 October 2026; no blanket reuse license selected; recorded third-party terms retained.","Project-authored summary, figure or editorial documentation; existing editorial review grant applies to scripts; current additions await author approval for supplementary publication; no omitted observed source-score column is added",PUBLIC_ACCESS_NOTICE.txt; WDI/HLO notices where applicable,2026-10-05
permitted_inputs/data/processed/wdi_bridge_1980_2017_long.csv,dd5ce8338f2d42a47475374cc96b339eb8e2cf1cdc8b6a7111e2e8227991cefb,distributed public repository,Frozen WDI extract,included for intended editorial/reviewer review,Provider terms permit attributed sharing; selected frozen input included in this public repository.,Indicator-specific CC BY 4.0 + World Bank Dataset Terms; attribution linked,WDI_FROZEN_ATTRIBUTION.csv,2026-10-05
permitted_inputs/data/raw/hlo_database.xlsx,cfa8004f6f44b5e3a5c027de3bb472e126d224b9d5a8f89da8060992bf7e506a,distributed public repository,HLO released scores,included for intended editorial/reviewer review,Provider terms permit attributed sharing; selected frozen input included in this public repository.,Catalogue CC BY 4.0 + pinned README relationship + repository MIT notice,HLO_FILE_LINEAGE.csv; rights_evidence/,2026-10-05
permitted_inputs/data/raw/hlo_official_replication/official_filtered_hlo.dta,46aa4b601800cf96a43b4961c8953a4afccf9c9b1c77281fcc9f39d082ef299a,distributed public repository,HLO released scores,included for intended editorial/reviewer review,Provider terms permit attributed sharing; selected frozen input included in this public repository.,Catalogue CC BY 4.0 + pinned README relationship + repository MIT notice,HLO_FILE_LINEAGE.csv; rights_evidence/,2026-10-05
permitted_inputs/data/raw/hlo_official_replication/raw_hlo.dta,71b28204c214186af1f4883bb18b660cf234bcb7465ed6d514733effd77e294b,distributed public repository,HLO released scores,included for intended editorial/reviewer review,Provider terms permit attributed sharing; selected frozen input included in this public repository.,Catalogue CC BY 4.0 + pinned README relationship + repository MIT notice,HLO_FILE_LINEAGE.csv; rights_evidence/,2026-10-05
permitted_inputs/data/raw/wdi_NY.GDP.PCAP.PP.KD.zip,7ef5882fb5a4417977d2de1236fb99e47e3d6982c1ef2c6eb57550d56e665c87,distributed public repository,Frozen WDI extract,included for intended editorial/reviewer review,Provider terms permit attributed sharing; selected frozen input included in this public repository.,Indicator-specific CC BY 4.0 + World Bank Dataset Terms; attribution linked,WDI_FROZEN_ATTRIBUTION.csv,2026-10-05
permitted_inputs/data/raw/wdi_SP.POP.TOTL.zip,faaff4604bb61167c1ec193cb39ccd0d823926093228a9adabd34c9dd9c142b4,distributed public repository,Frozen WDI extract,included for intended editorial/reviewer review,Provider terms permit attributed sharing; selected frozen input included in this public repository.,Indicator-specific CC BY 4.0 + World Bank Dataset Terms; attribution linked,WDI_FROZEN_ATTRIBUTION.csv,2026-10-05
permitted_inputs/data/raw/wdi_bridge_1980_2017/wdi_IT.NET.USER.ZS.zip,4d243a539ab8d734dfdb35b4edb2c90fdac61b6f4c2f57e36617e38bebb8f591,distributed public repository,Frozen WDI extract,included for intended editorial/reviewer review,Provider terms permit attributed sharing; selected frozen input included in this public repository.,Indicator-specific CC BY 4.0 + World Bank Dataset Terms; attribution linked,WDI_FROZEN_ATTRIBUTION.csv,2026-10-05
permitted_inputs/data/raw/wdi_bridge_1980_2017/wdi_NY.GDP.PCAP.PP.KD.zip,e2c66ea7293ceebf9c1008247af4b02ef529ce5abd59e3d30f85fc91121b30e1,distributed public repository,Frozen WDI extract,included for intended editorial/reviewer review,Provider terms permit attributed sharing; selected frozen input included in this public repository.,Indicator-specific CC BY 4.0 + World Bank Dataset Terms; attribution linked,WDI_FROZEN_ATTRIBUTION.csv,2026-10-05
permitted_inputs/data/raw/wdi_bridge_1980_2017/wdi_SE.PRM.ENRR.zip,76a5be0c8826c4a69c414c8b67c42cf015925201ec7801680a3513163b528bfb,distributed public repository,Frozen WDI extract,included for intended editorial/reviewer review,Provider terms permit attributed sharing; selected frozen input included in this public repository.,Indicator-specific CC BY 4.0 + World Bank Dataset Terms; attribution linked,WDI_FROZEN_ATTRIBUTION.csv,2026-10-05
permitted_inputs/data/raw/wdi_bridge_1980_2017/wdi_SE.SEC.ENRR.zip,3453b3c4416fdc48c4193b8754da6bee067aa4f384757e7d014055a748076b35,distributed public repository,Frozen WDI extract,included for intended editorial/reviewer review,Provider terms permit attributed sharing; selected frozen input included in this public repository.,Indicator-specific CC BY 4.0 + World Bank Dataset Terms; attribution linked,WDI_FROZEN_ATTRIBUTION.csv,2026-10-05
permitted_inputs/data/raw/wdi_bridge_1980_2017/wdi_SE.XPD.TOTL.GD.ZS.zip,a01a61497506d03c99978431b9fc75eb5428f0d471a3cba6fb82f5dfee085c80,distributed public repository,Frozen WDI extract,included for intended editorial/reviewer review,Provider terms permit attributed sharing; selected frozen input included in this public repository.,Indicator-specific CC BY 4.0 + World Bank Dataset Terms; attribution linked,WDI_FROZEN_ATTRIBUTION.csv,2026-10-05
permitted_inputs/data/raw/wdi_bridge_1980_2017/wdi_SH.DYN.MORT.zip,91edeb8abb62d9fdad85528275ab5cdda1d16011719183dcaea7bffcf9ddf2cd,distributed public repository,Frozen WDI extract,included for intended editorial/reviewer review,Provider terms permit attributed sharing; selected frozen input included in this public repository.,Indicator-specific CC BY 4.0 + World Bank Dataset Terms; attribution linked,WDI_FROZEN_ATTRIBUTION.csv,2026-10-05
permitted_inputs/data/raw/wdi_bridge_1980_2017/wdi_SP.DYN.TFRT.IN.zip,ac3df98cece9125035776ed88e4a6e4c494bc9ba9d2bff68e1ca22024d450f6e,distributed public repository,Frozen WDI extract,included for intended editorial/reviewer review,Provider terms permit attributed sharing; selected frozen input included in this public repository.,Indicator-specific CC BY 4.0 + World Bank Dataset Terms; attribution linked,WDI_FROZEN_ATTRIBUTION.csv,2026-10-05
permitted_inputs/data/raw/wdi_bridge_1980_2017/wdi_SP.POP.TOTL.zip,c6ccf278be7a5789c0382135c38f3dcf91ad496661b85cb58d79e204f88e2d25,distributed public repository,Frozen WDI extract,included for intended editorial/reviewer review,Provider terms permit attributed sharing; selected frozen input included in this public repository.,Indicator-specific CC BY 4.0 + World Bank Dataset Terms; attribution linked,WDI_FROZEN_ATTRIBUTION.csv,2026-10-05
permitted_inputs/data/raw/wdi_bridge_1980_2017/wdi_SP.URB.TOTL.IN.ZS.zip,d0513a16881bfc6508f3a7a789808adcf2035a681602ff5a3861513b6c20ed04,distributed public repository,Frozen WDI extract,included for intended editorial/reviewer review,Provider terms permit attributed sharing; selected frozen input included in this public repository.,Indicator-specific CC BY 4.0 + World Bank Dataset Terms; attribution linked,WDI_FROZEN_ATTRIBUTION.csv,2026-10-05
reconstruction_reference/build_analysis_notebook.py,5625ed9eb4ea96089e88fd7da9be604a8c91cb294fffd484a90735962065a480,distributed public repository,Project code / walkthrough,included for intended editorial/reviewer review,"Public access to selected project-authored code, documentation and original outputs authorized by the author on 5 October 2026; no blanket reuse license selected; recorded third-party terms retained.",Existing author grant for inspection/execution in editorial review; scope mapped to current package,PUBLIC_ACCESS_NOTICE.txt,2026-10-05
reconstruction_reference/build_economy_classification_notebook.py,13c7f768900a41067af259b1aace11e6783b13ab884b5b392c4cfd962af5fff5,distributed public repository,Project code / walkthrough,included for intended editorial/reviewer review,"Public access to selected project-authored code, documentation and original outputs authorized by the author on 5 October 2026; no blanket reuse license selected; recorded third-party terms retained.",Existing author grant for inspection/execution in editorial review; scope mapped to current package,PUBLIC_ACCESS_NOTICE.txt,2026-10-05
reconstruction_reference/build_hlo_validation_notebook.py,a28f485e7a6e6a12737e0fdf9692d047d4ddd9aa9d58acf021273993c009e0f3,distributed public repository,Project code / walkthrough,included for intended editorial/reviewer review,"Public access to selected project-authored code, documentation and original outputs authorized by the author on 5 October 2026; no blanket reuse license selected; recorded third-party terms retained.",Existing author grant for inspection/execution in editorial review; scope mapped to current package,PUBLIC_ACCESS_NOTICE.txt,2026-10-05
reconstruction_reference/build_niq_notebook.py,c8610cac2f9b548ba708c821034c70e579083cadd32a91377ed339d81c65f82b,distributed public repository,Project code / walkthrough,included for intended editorial/reviewer review,"Public access to selected project-authored code, documentation and original outputs authorized by the author on 5 October 2026; no blanket reuse license selected; recorded third-party terms retained.",Existing author grant for inspection/execution in editorial review; scope mapped to current package,PUBLIC_ACCESS_NOTICE.txt,2026-10-05
reconstruction_reference/build_prior_reproduction_notebook.py,db6fb85529daa3b7fa5e14d34cbf4d0b585e5883fc881327477d4a509a4d0419,distributed public repository,Project code / walkthrough,included for intended editorial/reviewer review,"Public access to selected project-authored code, documentation and original outputs authorized by the author on 5 October 2026; no blanket reuse license selected; recorded third-party terms retained.",Existing author grant for inspection/execution in editorial review; scope mapped to current package,PUBLIC_ACCESS_NOTICE.txt,2026-10-05
reconstruction_reference/build_wdi_bridge_acquisition.py,2802d20f383dc69eac62644c4f87190bd22216d8c46fb61870bccfce91340da5,distributed public repository,Project code / walkthrough,included for intended editorial/reviewer review,"Public access to selected project-authored code, documentation and original outputs authorized by the author on 5 October 2026; no blanket reuse license selected; recorded third-party terms retained.",Existing author grant for inspection/execution in editorial review; scope mapped to current package,PUBLIC_ACCESS_NOTICE.txt,2026-10-05
reconstruction_reference/execute_notebook.py,596195de01afb031e88c77952c38c7f4548010f3b749b3eb95cdfc0bbecdb6a0,distributed public repository,Project code / walkthrough,included for intended editorial/reviewer review,"Public access to selected project-authored code, documentation and original outputs authorized by the author on 5 October 2026; no blanket reuse license selected; recorded third-party terms retained.",Existing author grant for inspection/execution in editorial review; scope mapped to current package,PUBLIC_ACCESS_NOTICE.txt,2026-10-05
reconstruction_reference/rewrite/src/context/build_context.py,76084d0201793e673a7fddf5bfb301c2eed7bef6c6901c9eddda14702037c568,distributed public repository,Project code / walkthrough,included for intended editorial/reviewer review,"Public access to selected project-authored code, documentation and original outputs authorized by the author on 5 October 2026; no blanket reuse license selected; recorded third-party terms retained.",Existing author grant for inspection/execution in editorial review; scope mapped to current package,PUBLIC_ACCESS_NOTICE.txt,2026-10-05
reconstruction_reference/rewrite/src/measurement/build_phase_a_measurement.py,5da40bb8c22275fc27d0f9b368a9f45f1aa6d9a8f0348bab9f3b9de49fee61f1,distributed public repository,Project code / walkthrough,included for intended editorial/reviewer review,"Public access to selected project-authored code, documentation and original outputs authorized by the author on 5 October 2026; no blanket reuse license selected; recorded third-party terms retained.",Existing author grant for inspection/execution in editorial review; scope mapped to current package,PUBLIC_ACCESS_NOTICE.txt,2026-10-05
reconstruction_reference/rewrite/src/phase_b/__init__.py,757eb7f42df5a55bf5b89cd1a24c247ae3ea2c62f8b21734ada6eb2d2da9a022,distributed public repository,Project code / walkthrough,included for intended editorial/reviewer review,"Public access to selected project-authored code, documentation and original outputs authorized by the author on 5 October 2026; no blanket reuse license selected; recorded third-party terms retained.",Existing author grant for inspection/execution in editorial review; scope mapped to current package,PUBLIC_ACCESS_NOTICE.txt,2026-10-05
reconstruction_reference/rewrite/src/phase_b/benchmark.py,f745da4387784d1be9579cf6ea0a2249ecbe91bd7b4c218dcf0e7315145cb9a0,distributed public repository,Project code / walkthrough,included for intended editorial/reviewer review,"Public access to selected project-authored code, documentation and original outputs authorized by the author on 5 October 2026; no blanket reuse license selected; recorded third-party terms retained.",Existing author grant for inspection/execution in editorial review; scope mapped to current package,PUBLIC_ACCESS_NOTICE.txt,2026-10-05
reconstruction_reference/rewrite/src/phase_b/cli.py,ac372c06046d296000a2b781f805a1f4acc21ef2f50188255fe67742f28c3832,distributed public repository,Project code / walkthrough,included for intended editorial/reviewer review,"Public access to selected project-authored code, documentation and original outputs authorized by the author on 5 October 2026; no blanket reuse license selected; recorded third-party terms retained.",Existing author grant for inspection/execution in editorial review; scope mapped to current package,PUBLIC_ACCESS_NOTICE.txt,2026-10-05
reconstruction_reference/rewrite/src/phase_b/engine.py,4136f051855c971b05f17347a023570bc0dca2e2b61882dfb03b5f23ff4b0680,distributed public repository,Project code / walkthrough,included for intended editorial/reviewer review,"Public access to selected project-authored code, documentation and original outputs authorized by the author on 5 October 2026; no blanket reuse license selected; recorded third-party terms retained.",Existing author grant for inspection/execution in editorial review; scope mapped to current package,PUBLIC_ACCESS_NOTICE.txt,2026-10-05
reconstruction_reference/rewrite/src/phase_b/finalize_run.py,6e5c3446b9914caf7260261042cd57265ccdb45238961d8f2c06130280acde6e,distributed public repository,Project code / walkthrough,included for intended editorial/reviewer review,"Public access to selected project-authored code, documentation and original outputs authorized by the author on 5 October 2026; no blanket reuse license selected; recorded third-party terms retained.",Existing author grant for inspection/execution in editorial review; scope mapped to current package,PUBLIC_ACCESS_NOTICE.txt,2026-10-05
reconstruction_reference/rewrite/src/phase_b/gate.py,ba04f466d541901aea3461563bbf8d73c06ae9f3449e64caf06a74c1832e186d,distributed public repository,Project code / walkthrough,included for intended editorial/reviewer review,"Public access to selected project-authored code, documentation and original outputs authorized by the author on 5 October 2026; no blanket reuse license selected; recorded third-party terms retained.",Existing author grant for inspection/execution in editorial review; scope mapped to current package,PUBLIC_ACCESS_NOTICE.txt,2026-10-05
reconstruction_reference/rewrite/src/phase_b/input_lock.py,8e20fbcec3381056e75f9d6835a99170a5aaf2f8c3dc7515acaeca0c2710318d,distributed public repository,Project code / walkthrough,included for intended editorial/reviewer review,"Public access to selected project-authored code, documentation and original outputs authorized by the author on 5 October 2026; no blanket reuse license selected; recorded third-party terms retained.",Existing author grant for inspection/execution in editorial review; scope mapped to current package,PUBLIC_ACCESS_NOTICE.txt,2026-10-05
reconstruction_reference/rewrite/src/phase_b/matrices.py,6c40fefc4a43d75823e7e60c0c87341a2cff78d12cf2b1463bef08948f535e07,distributed public repository,Project code / walkthrough,included for intended editorial/reviewer review,"Public access to selected project-authored code, documentation and original outputs authorized by the author on 5 October 2026; no blanket reuse license selected; recorded third-party terms retained.",Existing author grant for inspection/execution in editorial review; scope mapped to current package,PUBLIC_ACCESS_NOTICE.txt,2026-10-05
reconstruction_reference/rewrite/src/phase_b/orchestrator.py,12ad9432324e4572b531748e0c8c5887bf382128c8ef4700bbc29d1075fa3f6d,distributed public repository,Project code / walkthrough,included for intended editorial/reviewer review,"Public access to selected project-authored code, documentation and original outputs authorized by the author on 5 October 2026; no blanket reuse license selected; recorded third-party terms retained.",Existing author grant for inspection/execution in editorial review; scope mapped to current package,PUBLIC_ACCESS_NOTICE.txt,2026-10-05
reconstruction_reference/rewrite/src/phase_b/plan.py,3c867ae5c48a351c889ddd9faaca0a09b37242828917aa02c47be98a440553e3,distributed public repository,Project code / walkthrough,included for intended editorial/reviewer review,"Public access to selected project-authored code, documentation and original outputs authorized by the author on 5 October 2026; no blanket reuse license selected; recorded third-party terms retained.",Existing author grant for inspection/execution in editorial review; scope mapped to current package,PUBLIC_ACCESS_NOTICE.txt,2026-10-05
reconstruction_reference/rewrite/src/phase_b/ridge_path.py,5dd4f3dafa479b14124beadbb934ca6eaf51dd1cff775a1a966e8613a694b6f9,distributed public repository,Project code / walkthrough,included for intended editorial/reviewer review,"Public access to selected project-authored code, documentation and original outputs authorized by the author on 5 October 2026; no blanket reuse license selected; recorded third-party terms retained.",Existing author grant for inspection/execution in editorial review; scope mapped to current package,PUBLIC_ACCESS_NOTICE.txt,2026-10-05
reconstruction_reference/rewrite/src/phase_b_reporting/__init__.py,df75e8f5290e65fc8b0080164aa5082a23d2dddb0fb752cebb36eb85c85eb1d0,distributed public repository,Project code / walkthrough,included for intended editorial/reviewer review,"Public access to selected project-authored code, documentation and original outputs authorized by the author on 5 October 2026; no blanket reuse license selected; recorded third-party terms retained.",Existing author grant for inspection/execution in editorial review; scope mapped to current package,PUBLIC_ACCESS_NOTICE.txt,2026-10-05
reconstruction_reference/rewrite/src/phase_b_reporting/cli.py,19ea23664679c60ae8c6c72d93b95d05f300d5d66ab3f8689fa1aa7f2587591c,distributed public repository,Project code / walkthrough,included for intended editorial/reviewer review,"Public access to selected project-authored code, documentation and original outputs authorized by the author on 5 October 2026; no blanket reuse license selected; recorded third-party terms retained.",Existing author grant for inspection/execution in editorial review; scope mapped to current package,PUBLIC_ACCESS_NOTICE.txt,2026-10-05
reconstruction_reference/rewrite/src/phase_b_reporting/processor.py,6fa1dc60d7a446512733612b7ca435311182d444947ad43da9816013d450ac10,distributed public repository,Project code / walkthrough,included for intended editorial/reviewer review,"Public access to selected project-authored code, documentation and original outputs authorized by the author on 5 October 2026; no blanket reuse license selected; recorded third-party terms retained.",Existing author grant for inspection/execution in editorial review; scope mapped to current package,PUBLIC_ACCESS_NOTICE.txt,2026-10-05
reconstruction_reference/rewrite/src/phase_b_reporting/schemas.py,76512ad11cfbfe94663e3f46a8b6968f3597b9b914c3370fe0d3d51569f53a2f,distributed public repository,Project code / walkthrough,included for intended editorial/reviewer review,"Public access to selected project-authored code, documentation and original outputs authorized by the author on 5 October 2026; no blanket reuse license selected; recorded third-party terms retained.",Existing author grant for inspection/execution in editorial review; scope mapped to current package,PUBLIC_ACCESS_NOTICE.txt,2026-10-05
reconstruction_reference/rewrite/src/protocol_final/__init__.py,ab24cc7f0272963b5e1305d308cb325c98d611c464dc95d23124982a798fbb39,distributed public repository,Project code / walkthrough,included for intended editorial/reviewer review,"Public access to selected project-authored code, documentation and original outputs authorized by the author on 5 October 2026; no blanket reuse license selected; recorded third-party terms retained.",Existing author grant for inspection/execution in editorial review; scope mapped to current package,PUBLIC_ACCESS_NOTICE.txt,2026-10-05
reconstruction_reference/rewrite/src/protocol_final/build_final_approval_package.py,9b05572069f1e18ff710512e75c5992ec08a7ec3a2172c3d36a23c371da29890,distributed public repository,Project code / walkthrough,included for intended editorial/reviewer review,"Public access to selected project-authored code, documentation and original outputs authorized by the author on 5 October 2026; no blanket reuse license selected; recorded third-party terms retained.",Existing author grant for inspection/execution in editorial review; scope mapped to current package,PUBLIC_ACCESS_NOTICE.txt,2026-10-05
reconstruction_reference/rewrite/src/protocol_final/context_manifest.py,ee5df4a4afb5fdb43f805c22619b14348141bf38d4c1d8cae972100535b7649a,distributed public repository,Project code / walkthrough,included for intended editorial/reviewer review,"Public access to selected project-authored code, documentation and original outputs authorized by the author on 5 October 2026; no blanket reuse license selected; recorded third-party terms retained.",Existing author grant for inspection/execution in editorial review; scope mapped to current package,PUBLIC_ACCESS_NOTICE.txt,2026-10-05
reconstruction_reference/rewrite/src/protocol_final/core.py,fa6b0988cce8b5e0699086bb46eb3000af964bd22f8d564ecd5678660b1a3aa2,distributed public repository,Project code / walkthrough,included for intended editorial/reviewer review,"Public access to selected project-authored code, documentation and original outputs authorized by the author on 5 October 2026; no blanket reuse license selected; recorded third-party terms retained.",Existing author grant for inspection/execution in editorial review; scope mapped to current package,PUBLIC_ACCESS_NOTICE.txt,2026-10-05
reconstruction_reference/rewrite/src/protocol_final/evaluation.py,8611ad58dd7442b6bbbd0ff7e577f2a3ede55182e667f415ca89376e82cf6133,distributed public repository,Project code / walkthrough,included for intended editorial/reviewer review,"Public access to selected project-authored code, documentation and original outputs authorized by the author on 5 October 2026; no blanket reuse license selected; recorded third-party terms retained.",Existing author grant for inspection/execution in editorial review; scope mapped to current package,PUBLIC_ACCESS_NOTICE.txt,2026-10-05
reconstruction_reference/rewrite/src/protocol_final/failures.py,930accbb954676abccc1f87a84170edbcccaee49118d6f75340dafc5f17f3672,distributed public repository,Project code / walkthrough,included for intended editorial/reviewer review,"Public access to selected project-authored code, documentation and original outputs authorized by the author on 5 October 2026; no blanket reuse license selected; recorded third-party terms retained.",Existing author grant for inspection/execution in editorial review; scope mapped to current package,PUBLIC_ACCESS_NOTICE.txt,2026-10-05
reconstruction_reference/rewrite/src/protocol_final/models.py,2ddd220969621e6bb901e08c16bc7e2ae7c23434b488aa69d13d24f41bf64acc,distributed public repository,Project code / walkthrough,included for intended editorial/reviewer review,"Public access to selected project-authored code, documentation and original outputs authorized by the author on 5 October 2026; no blanket reuse license selected; recorded third-party terms retained.",Existing author grant for inspection/execution in editorial review; scope mapped to current package,PUBLIC_ACCESS_NOTICE.txt,2026-10-05
reconstruction_reference/rewrite/src/protocol_final/runtime.py,f51d651ebf4c1598d4ca6ed3b9ca094df3975429196e27da30c0e4187542418f,distributed public repository,Project code / walkthrough,included for intended editorial/reviewer review,"Public access to selected project-authored code, documentation and original outputs authorized by the author on 5 October 2026; no blanket reuse license selected; recorded third-party terms retained.",Existing author grant for inspection/execution in editorial review; scope mapped to current package,PUBLIC_ACCESS_NOTICE.txt,2026-10-05
reconstruction_reference/rewrite/src/protocol_final/scenario.py,ffee94670d5924cef0f39fcdf02b94be709667e97f67b9087dce93c7aa328a66,distributed public repository,Project code / walkthrough,included for intended editorial/reviewer review,"Public access to selected project-authored code, documentation and original outputs authorized by the author on 5 October 2026; no blanket reuse license selected; recorded third-party terms retained.",Existing author grant for inspection/execution in editorial review; scope mapped to current package,PUBLIC_ACCESS_NOTICE.txt,2026-10-05
reconstruction_reference/rewrite/src/protocol_final/synthetic.py,3c2e11e860c720aeb4e98b5cf45414bda2909e8535ee0457f190b8d30a9a5f21,distributed public repository,Project code / walkthrough,included for intended editorial/reviewer review,"Public access to selected project-authored code, documentation and original outputs authorized by the author on 5 October 2026; no blanket reuse license selected; recorded third-party terms retained.",Existing author grant for inspection/execution in editorial review; scope mapped to current package,PUBLIC_ACCESS_NOTICE.txt,2026-10-05
reconstruction_reference/rewrite/src/protocol_final/tuning.py,28a30ae0d544994c469e500c06c3859e7aa5b554913900bc339e01af73d475ff,distributed public repository,Project code / walkthrough,included for intended editorial/reviewer review,"Public access to selected project-authored code, documentation and original outputs authorized by the author on 5 October 2026; no blanket reuse license selected; recorded third-party terms retained.",Existing author grant for inspection/execution in editorial review; scope mapped to current package,PUBLIC_ACCESS_NOTICE.txt,2026-10-05
reconstruction_reference/rewrite/src/reporting/build_phase_a_reporting.py,9ac5a6b0349d4aac30c3561548f0f3b6388edf534c4c836a8a994c4e9b2046c0,distributed public repository,Project code / walkthrough,included for intended editorial/reviewer review,"Public access to selected project-authored code, documentation and original outputs authorized by the author on 5 October 2026; no blanket reuse license selected; recorded third-party terms retained.","Project-authored summary, figure or editorial documentation; existing editorial review grant applies to scripts; current additions await author approval for supplementary publication; no omitted observed source-score column is added",PUBLIC_ACCESS_NOTICE.txt; WDI/HLO notices where applicable,2026-10-05
reproduce_all.py,a913dcc6dbd8c87c53d02a3d8fd835f0c578617e60c784a824101ae6bb764ac1,distributed public repository,Project code / walkthrough,included for intended editorial/reviewer review,"Public access to selected project-authored code, documentation and original outputs authorized by the author on 5 October 2026; no blanket reuse license selected; recorded third-party terms retained.",Existing author grant for inspection/execution in editorial review; scope mapped to current package,PUBLIC_ACCESS_NOTICE.txt,2026-10-05
requirements.txt,35dd6d5ed9a94ca83a65727a80d323f8e6c0ceab52be7293cef5380ef673b0fe,distributed public repository,Original research summaries / plot / replication documentation,included for intended editorial/reviewer review,"Public access to selected project-authored code, documentation and original outputs authorized by the author on 5 October 2026; no blanket reuse license selected; recorded third-party terms retained.",Original research output or descriptive provenance; does not include uncertain observed source-score columns; scholarly/provider attribution retained,DATA_SHARING_REVIEW.md; PUBLIC_ACCESS_NOTICE.txt; WDI/HLO notices where applicable,2026-10-05
requirements_figures.txt,5c576cc532e8943bc21335896a0e0048583843c67a334197fc3c837d4686a64f,distributed public repository,Original research summaries / plot / replication documentation,included for intended editorial/reviewer review,"Public access to selected project-authored code, documentation and original outputs authorized by the author on 5 October 2026; no blanket reuse license selected; recorded third-party terms retained.","Project-authored summary, figure or editorial documentation; existing editorial review grant applies to scripts; current additions await author approval for supplementary publication; no omitted observed source-score column is added",PUBLIC_ACCESS_NOTICE.txt; WDI/HLO notices where applicable,2026-10-05
requirements_notebook.txt,def5815de64a102e622345048567ac38e1de4f2c717956c004fe0f8b647489ae,distributed public repository,Original research summaries / plot / replication documentation,included for intended editorial/reviewer review,"Public access to selected project-authored code, documentation and original outputs authorized by the author on 5 October 2026; no blanket reuse license selected; recorded third-party terms retained.","Project-authored summary, figure or editorial documentation; existing editorial review grant applies to scripts; current additions await author approval for supplementary publication; no omitted observed source-score column is added",PUBLIC_ACCESS_NOTICE.txt; WDI/HLO notices where applicable,2026-10-05
rights_evidence/MHC_LICENSE_PROVENANCE.json,70302e20e79b3d63bcb801a76405ff21f30bcbc97396334b8b800cbb08fd94bd,distributed public repository,Original research summaries / plot / replication documentation,included for intended editorial/reviewer review,"Public access to selected project-authored code, documentation and original outputs authorized by the author on 5 October 2026; no blanket reuse license selected; recorded third-party terms retained.",Original research output or descriptive provenance; does not include uncertain observed source-score columns; scholarly/provider attribution retained,DATA_SHARING_REVIEW.md; PUBLIC_ACCESS_NOTICE.txt; WDI/HLO notices where applicable,2026-10-05
rights_evidence/MHC_LICENSE_at_source_commit.txt,cedf1b06ac6c92234ed46ead5e8101e11d94d4a73550bc0e3dbfe9338daa30e0,distributed public repository,Original research summaries / plot / replication documentation,included for intended editorial/reviewer review,"Public access to selected project-authored code, documentation and original outputs authorized by the author on 5 October 2026; no blanket reuse license selected; recorded third-party terms retained.",Original research output or descriptive provenance; does not include uncertain observed source-score columns; scholarly/provider attribution retained,DATA_SHARING_REVIEW.md; PUBLIC_ACCESS_NOTICE.txt; WDI/HLO notices where applicable,2026-10-05
rights_evidence/MHC_README_at_source_commit.md,844a80ec3af315a7a7b854650de487aaaa50e1ee6c525fdf996cc5c787b71da7,distributed public repository,Original research summaries / plot / replication documentation,included for intended editorial/reviewer review,"Public access to selected project-authored code, documentation and original outputs authorized by the author on 5 October 2026; no blanket reuse license selected; recorded third-party terms retained.",Original research output or descriptive provenance; does not include uncertain observed source-score columns; scholarly/provider attribution retained,DATA_SHARING_REVIEW.md; PUBLIC_ACCESS_NOTICE.txt; WDI/HLO notices where applicable,2026-10-05
runtime_payload/COMPARISON_RULES.csv,732105d7e4408333a97f2f2d774fc53c95f3cd0c447948bb49fccb80bc5965fe,distributed public repository,Original research summaries / plot / replication documentation,included for intended editorial/reviewer review,"Public access to selected project-authored code, documentation and original outputs authorized by the author on 5 October 2026; no blanket reuse license selected; recorded third-party terms retained.",Original research output or descriptive provenance; does not include uncertain observed source-score columns; scholarly/provider attribution retained,DATA_SHARING_REVIEW.md; PUBLIC_ACCESS_NOTICE.txt; WDI/HLO notices where applicable,2026-10-05
runtime_payload/SOURCE_ALLOWLIST.csv,0d37f6cd68689f14cd6ca5fea78b97207e879a6b766b3b795181fcec55689bbc,distributed public repository,Original research summaries / plot / replication documentation,included for intended editorial/reviewer review,"Public access to selected project-authored code, documentation and original outputs authorized by the author on 5 October 2026; no blanket reuse license selected; recorded third-party terms retained.",Original research output or descriptive provenance; does not include uncertain observed source-score columns; scholarly/provider attribution retained,DATA_SHARING_REVIEW.md; PUBLIC_ACCESS_NOTICE.txt; WDI/HLO notices where applicable,2026-10-05
runtime_payload/candidate/DATA_PERMISSIONS.csv,ee0eff0f543baa7594527c03d3a92c8eb8da477282d7e852676f06eddd7addd8,distributed public repository,Original research summaries / plot / replication documentation,included for intended editorial/reviewer review,"Public access to selected project-authored code, documentation and original outputs authorized by the author on 5 October 2026; no blanket reuse license selected; recorded third-party terms retained.",Original research output or descriptive provenance; does not include uncertain observed source-score columns; scholarly/provider attribution retained,DATA_SHARING_REVIEW.md; PUBLIC_ACCESS_NOTICE.txt; WDI/HLO notices where applicable,2026-10-05
runtime_payload/candidate/EXCLUSIONS.csv,161d5e6ff1aee1f153a97a32f75502e740d8aa0650a15387bd6b70c14bb1f68c,distributed public repository,Original research summaries / plot / replication documentation,included for intended editorial/reviewer review,"Public access to selected project-authored code, documentation and original outputs authorized by the author on 5 October 2026; no blanket reuse license selected; recorded third-party terms retained.",Original research output or descriptive provenance; does not include uncertain observed source-score columns; scholarly/provider attribution retained,DATA_SHARING_REVIEW.md; PUBLIC_ACCESS_NOTICE.txt; WDI/HLO notices where applicable,2026-10-05
runtime_payload/candidate/MANIFEST.csv,dce668059e000a874ded712924bed6143e9900dd88f50b820106cafe92369651,distributed public repository,Original research summaries / plot / replication documentation,included for intended editorial/reviewer review,"Public access to selected project-authored code, documentation and original outputs authorized by the author on 5 October 2026; no blanket reuse license selected; recorded third-party terms retained.",Original research output or descriptive provenance; does not include uncertain observed source-score columns; scholarly/provider attribution retained,DATA_SHARING_REVIEW.md; PUBLIC_ACCESS_NOTICE.txt; WDI/HLO notices where applicable,2026-10-05
runtime_payload/candidate/PROTOCOL_STATUS.json,90a875571de5b84f9baac4e2062ef7e19933c7abf9a9b04be53c9225aae88a4c,distributed public repository,Original research summaries / plot / replication documentation,included for intended editorial/reviewer review,"Public access to selected project-authored code, documentation and original outputs authorized by the author on 5 October 2026; no blanket reuse license selected; recorded third-party terms retained.",Original research output or descriptive provenance; does not include uncertain observed source-score columns; scholarly/provider attribution retained,DATA_SHARING_REVIEW.md; PUBLIC_ACCESS_NOTICE.txt; WDI/HLO notices where applicable,2026-10-05
runtime_payload/candidate/README.md,a2f2666d2e6db609d5d3e2c0f3d5e663ada48d66ee2872ee437c0b5ffec7afcb,distributed public repository,Original research summaries / plot / replication documentation,included for intended editorial/reviewer review,"Public access to selected project-authored code, documentation and original outputs authorized by the author on 5 October 2026; no blanket reuse license selected; recorded third-party terms retained.",Original research output or descriptive provenance; does not include uncertain observed source-score columns; scholarly/provider attribution retained,DATA_SHARING_REVIEW.md; PUBLIC_ACCESS_NOTICE.txt; WDI/HLO notices where applicable,2026-10-05
runtime_payload/candidate/RIGHTS_REVIEW.md,8ab3d6bf0dbdfd885f8c7e13aed0571a03f38aeb587534d98a7a15a0b58cafb6,distributed public repository,Original research summaries / plot / replication documentation,included for intended editorial/reviewer review,"Public access to selected project-authored code, documentation and original outputs authorized by the author on 5 October 2026; no blanket reuse license selected; recorded third-party terms retained.",Original research output or descriptive provenance; does not include uncertain observed source-score columns; scholarly/provider attribution retained,DATA_SHARING_REVIEW.md; PUBLIC_ACCESS_NOTICE.txt; WDI/HLO notices where applicable,2026-10-05
runtime_payload/candidate/SOURCE_PROVENANCE.csv,6cc1893e65d5bd4a473b0060578619b8de8957733899ad09ee624f0a26f0353d,distributed public repository,Original research summaries / plot / replication documentation,included for intended editorial/reviewer review,"Public access to selected project-authored code, documentation and original outputs authorized by the author on 5 October 2026; no blanket reuse license selected; recorded third-party terms retained.",Original research output or descriptive provenance; does not include uncertain observed source-score columns; scholarly/provider attribution retained,DATA_SHARING_REVIEW.md; PUBLIC_ACCESS_NOTICE.txt; WDI/HLO notices where applicable,2026-10-05
runtime_payload/candidate/original/code/build_postreview_empirical_inference.py,fdce0bcc9daf3a08b6ff00425e2a4b1867cc3dd72699fbc612f6061afc8c1da5,distributed public repository,Project code / walkthrough,included for intended editorial/reviewer review,"Public access to selected project-authored code, documentation and original outputs authorized by the author on 5 October 2026; no blanket reuse license selected; recorded third-party terms retained.",Existing author grant for inspection/execution in editorial review; scope mapped to current package,PUBLIC_ACCESS_NOTICE.txt,2026-10-05
runtime_payload/candidate/original/code/regenerate_primary_headline.py,4715a952b90d100e79f50eb21aebd2253eb76fff84b8ddf1670710c3b8518409,distributed public repository,Project code / walkthrough,included for intended editorial/reviewer review,"Public access to selected project-authored code, documentation and original outputs authorized by the author on 5 October 2026; no blanket reuse license selected; recorded third-party terms retained.",Existing author grant for inspection/execution in editorial review; scope mapped to current package,PUBLIC_ACCESS_NOTICE.txt,2026-10-05
runtime_payload/candidate/original/code/requirements-phase-b.txt,4fd883ac27984f1a120e5a8796cb7ba164c6d702b0af6a5cb9bc78aa4836c4e0,distributed public repository,Original research summaries / plot / replication documentation,included for intended editorial/reviewer review,"Public access to selected project-authored code, documentation and original outputs authorized by the author on 5 October 2026; no blanket reuse license selected; recorded third-party terms retained.",Original research output or descriptive provenance; does not include uncertain observed source-score columns; scholarly/provider attribution retained,DATA_SHARING_REVIEW.md; PUBLIC_ACCESS_NOTICE.txt; WDI/HLO notices where applicable,2026-10-05
runtime_payload/candidate/original/code/src/phase_b/__init__.py,757eb7f42df5a55bf5b89cd1a24c247ae3ea2c62f8b21734ada6eb2d2da9a022,distributed public repository,Project code / walkthrough,included for intended editorial/reviewer review,"Public access to selected project-authored code, documentation and original outputs authorized by the author on 5 October 2026; no blanket reuse license selected; recorded third-party terms retained.",Existing author grant for inspection/execution in editorial review; scope mapped to current package,PUBLIC_ACCESS_NOTICE.txt,2026-10-05
runtime_payload/candidate/original/code/src/phase_b/benchmark.py,f745da4387784d1be9579cf6ea0a2249ecbe91bd7b4c218dcf0e7315145cb9a0,distributed public repository,Project code / walkthrough,included for intended editorial/reviewer review,"Public access to selected project-authored code, documentation and original outputs authorized by the author on 5 October 2026; no blanket reuse license selected; recorded third-party terms retained.",Existing author grant for inspection/execution in editorial review; scope mapped to current package,PUBLIC_ACCESS_NOTICE.txt,2026-10-05
runtime_payload/candidate/original/code/src/phase_b/cli.py,ac372c06046d296000a2b781f805a1f4acc21ef2f50188255fe67742f28c3832,distributed public repository,Project code / walkthrough,included for intended editorial/reviewer review,"Public access to selected project-authored code, documentation and original outputs authorized by the author on 5 October 2026; no blanket reuse license selected; recorded third-party terms retained.",Existing author grant for inspection/execution in editorial review; scope mapped to current package,PUBLIC_ACCESS_NOTICE.txt,2026-10-05
runtime_payload/candidate/original/code/src/phase_b/engine.py,4136f051855c971b05f17347a023570bc0dca2e2b61882dfb03b5f23ff4b0680,distributed public repository,Project code / walkthrough,included for intended editorial/reviewer review,"Public access to selected project-authored code, documentation and original outputs authorized by the author on 5 October 2026; no blanket reuse license selected; recorded third-party terms retained.",Existing author grant for inspection/execution in editorial review; scope mapped to current package,PUBLIC_ACCESS_NOTICE.txt,2026-10-05
runtime_payload/candidate/original/code/src/phase_b/finalize_run.py,6e5c3446b9914caf7260261042cd57265ccdb45238961d8f2c06130280acde6e,distributed public repository,Project code / walkthrough,included for intended editorial/reviewer review,"Public access to selected project-authored code, documentation and original outputs authorized by the author on 5 October 2026; no blanket reuse license selected; recorded third-party terms retained.",Existing author grant for inspection/execution in editorial review; scope mapped to current package,PUBLIC_ACCESS_NOTICE.txt,2026-10-05
runtime_payload/candidate/original/code/src/phase_b/gate.py,ba04f466d541901aea3461563bbf8d73c06ae9f3449e64caf06a74c1832e186d,distributed public repository,Project code / walkthrough,included for intended editorial/reviewer review,"Public access to selected project-authored code, documentation and original outputs authorized by the author on 5 October 2026; no blanket reuse license selected; recorded third-party terms retained.",Existing author grant for inspection/execution in editorial review; scope mapped to current package,PUBLIC_ACCESS_NOTICE.txt,2026-10-05
runtime_payload/candidate/original/code/src/phase_b/input_lock.py,8e20fbcec3381056e75f9d6835a99170a5aaf2f8c3dc7515acaeca0c2710318d,distributed public repository,Project code / walkthrough,included for intended editorial/reviewer review,"Public access to selected project-authored code, documentation and original outputs authorized by the author on 5 October 2026; no blanket reuse license selected; recorded third-party terms retained.",Existing author grant for inspection/execution in editorial review; scope mapped to current package,PUBLIC_ACCESS_NOTICE.txt,2026-10-05
runtime_payload/candidate/original/code/src/phase_b/matrices.py,6c40fefc4a43d75823e7e60c0c87341a2cff78d12cf2b1463bef08948f535e07,distributed public repository,Project code / walkthrough,included for intended editorial/reviewer review,"Public access to selected project-authored code, documentation and original outputs authorized by the author on 5 October 2026; no blanket reuse license selected; recorded third-party terms retained.",Existing author grant for inspection/execution in editorial review; scope mapped to current package,PUBLIC_ACCESS_NOTICE.txt,2026-10-05
runtime_payload/candidate/original/code/src/phase_b/orchestrator.py,12ad9432324e4572b531748e0c8c5887bf382128c8ef4700bbc29d1075fa3f6d,distributed public repository,Project code / walkthrough,included for intended editorial/reviewer review,"Public access to selected project-authored code, documentation and original outputs authorized by the author on 5 October 2026; no blanket reuse license selected; recorded third-party terms retained.",Existing author grant for inspection/execution in editorial review; scope mapped to current package,PUBLIC_ACCESS_NOTICE.txt,2026-10-05
runtime_payload/candidate/original/code/src/phase_b/plan.py,3c867ae5c48a351c889ddd9faaca0a09b37242828917aa02c47be98a440553e3,distributed public repository,Project code / walkthrough,included for intended editorial/reviewer review,"Public access to selected project-authored code, documentation and original outputs authorized by the author on 5 October 2026; no blanket reuse license selected; recorded third-party terms retained.",Existing author grant for inspection/execution in editorial review; scope mapped to current package,PUBLIC_ACCESS_NOTICE.txt,2026-10-05
runtime_payload/candidate/original/code/src/phase_b/ridge_path.py,5dd4f3dafa479b14124beadbb934ca6eaf51dd1cff775a1a966e8613a694b6f9,distributed public repository,Project code / walkthrough,included for intended editorial/reviewer review,"Public access to selected project-authored code, documentation and original outputs authorized by the author on 5 October 2026; no blanket reuse license selected; recorded third-party terms retained.",Existing author grant for inspection/execution in editorial review; scope mapped to current package,PUBLIC_ACCESS_NOTICE.txt,2026-10-05
runtime_payload/candidate/original/code/src/protocol_final/__init__.py,ab24cc7f0272963b5e1305d308cb325c98d611c464dc95d23124982a798fbb39,distributed public repository,Project code / walkthrough,included for intended editorial/reviewer review,"Public access to selected project-authored code, documentation and original outputs authorized by the author on 5 October 2026; no blanket reuse license selected; recorded third-party terms retained.",Existing author grant for inspection/execution in editorial review; scope mapped to current package,PUBLIC_ACCESS_NOTICE.txt,2026-10-05
runtime_payload/candidate/original/code/src/protocol_final/build_final_approval_package.py,9b05572069f1e18ff710512e75c5992ec08a7ec3a2172c3d36a23c371da29890,distributed public repository,Project code / walkthrough,included for intended editorial/reviewer review,"Public access to selected project-authored code, documentation and original outputs authorized by the author on 5 October 2026; no blanket reuse license selected; recorded third-party terms retained.",Existing author grant for inspection/execution in editorial review; scope mapped to current package,PUBLIC_ACCESS_NOTICE.txt,2026-10-05
runtime_payload/candidate/original/code/src/protocol_final/context_manifest.py,ee5df4a4afb5fdb43f805c22619b14348141bf38d4c1d8cae972100535b7649a,distributed public repository,Project code / walkthrough,included for intended editorial/reviewer review,"Public access to selected project-authored code, documentation and original outputs authorized by the author on 5 October 2026; no blanket reuse license selected; recorded third-party terms retained.",Existing author grant for inspection/execution in editorial review; scope mapped to current package,PUBLIC_ACCESS_NOTICE.txt,2026-10-05
runtime_payload/candidate/original/code/src/protocol_final/core.py,fa6b0988cce8b5e0699086bb46eb3000af964bd22f8d564ecd5678660b1a3aa2,distributed public repository,Project code / walkthrough,included for intended editorial/reviewer review,"Public access to selected project-authored code, documentation and original outputs authorized by the author on 5 October 2026; no blanket reuse license selected; recorded third-party terms retained.",Existing author grant for inspection/execution in editorial review; scope mapped to current package,PUBLIC_ACCESS_NOTICE.txt,2026-10-05
runtime_payload/candidate/original/code/src/protocol_final/evaluation.py,8611ad58dd7442b6bbbd0ff7e577f2a3ede55182e667f415ca89376e82cf6133,distributed public repository,Project code / walkthrough,included for intended editorial/reviewer review,"Public access to selected project-authored code, documentation and original outputs authorized by the author on 5 October 2026; no blanket reuse license selected; recorded third-party terms retained.",Existing author grant for inspection/execution in editorial review; scope mapped to current package,PUBLIC_ACCESS_NOTICE.txt,2026-10-05
runtime_payload/candidate/original/code/src/protocol_final/failures.py,930accbb954676abccc1f87a84170edbcccaee49118d6f75340dafc5f17f3672,distributed public repository,Project code / walkthrough,included for intended editorial/reviewer review,"Public access to selected project-authored code, documentation and original outputs authorized by the author on 5 October 2026; no blanket reuse license selected; recorded third-party terms retained.",Existing author grant for inspection/execution in editorial review; scope mapped to current package,PUBLIC_ACCESS_NOTICE.txt,2026-10-05
runtime_payload/candidate/original/code/src/protocol_final/models.py,2ddd220969621e6bb901e08c16bc7e2ae7c23434b488aa69d13d24f41bf64acc,distributed public repository,Project code / walkthrough,included for intended editorial/reviewer review,"Public access to selected project-authored code, documentation and original outputs authorized by the author on 5 October 2026; no blanket reuse license selected; recorded third-party terms retained.",Existing author grant for inspection/execution in editorial review; scope mapped to current package,PUBLIC_ACCESS_NOTICE.txt,2026-10-05
runtime_payload/candidate/original/code/src/protocol_final/runtime.py,f51d651ebf4c1598d4ca6ed3b9ca094df3975429196e27da30c0e4187542418f,distributed public repository,Project code / walkthrough,included for intended editorial/reviewer review,"Public access to selected project-authored code, documentation and original outputs authorized by the author on 5 October 2026; no blanket reuse license selected; recorded third-party terms retained.",Existing author grant for inspection/execution in editorial review; scope mapped to current package,PUBLIC_ACCESS_NOTICE.txt,2026-10-05
runtime_payload/candidate/original/code/src/protocol_final/scenario.py,ffee94670d5924cef0f39fcdf02b94be709667e97f67b9087dce93c7aa328a66,distributed public repository,Project code / walkthrough,included for intended editorial/reviewer review,"Public access to selected project-authored code, documentation and original outputs authorized by the author on 5 October 2026; no blanket reuse license selected; recorded third-party terms retained.",Existing author grant for inspection/execution in editorial review; scope mapped to current package,PUBLIC_ACCESS_NOTICE.txt,2026-10-05
runtime_payload/candidate/original/code/src/protocol_final/synthetic.py,3c2e11e860c720aeb4e98b5cf45414bda2909e8535ee0457f190b8d30a9a5f21,distributed public repository,Project code / walkthrough,included for intended editorial/reviewer review,"Public access to selected project-authored code, documentation and original outputs authorized by the author on 5 October 2026; no blanket reuse license selected; recorded third-party terms retained.",Existing author grant for inspection/execution in editorial review; scope mapped to current package,PUBLIC_ACCESS_NOTICE.txt,2026-10-05
runtime_payload/candidate/original/code/src/protocol_final/tuning.py,28a30ae0d544994c469e500c06c3859e7aa5b554913900bc339e01af73d475ff,distributed public repository,Project code / walkthrough,included for intended editorial/reviewer review,"Public access to selected project-authored code, documentation and original outputs authorized by the author on 5 October 2026; no blanket reuse license selected; recorded third-party terms retained.",Existing author grant for inspection/execution in editorial review; scope mapped to current package,PUBLIC_ACCESS_NOTICE.txt,2026-10-05
runtime_payload/candidate/original/data/core/core_rank_ledger_dictionary.csv,7df5ae04e12f40571d28cd29394f515550e764248753c729087b9713d1191cd2,distributed public repository,Original research summaries / plot / replication documentation,included for intended editorial/reviewer review,"Public access to selected project-authored code, documentation and original outputs authorized by the author on 5 October 2026; no blanket reuse license selected; recorded third-party terms retained.",Original research output or descriptive provenance; does not include uncertain observed source-score columns; scholarly/provider attribution retained,DATA_SHARING_REVIEW.md; PUBLIC_ACCESS_NOTICE.txt; WDI/HLO notices where applicable,2026-10-05
runtime_payload/candidate/original/data/core/core_reconciliation_dictionary.csv,366ae89ca60ab141e19e0f7bafbec33d1e1266428f3220e50fdbafcc4ae63f99,distributed public repository,Original research summaries / plot / replication documentation,included for intended editorial/reviewer review,"Public access to selected project-authored code, documentation and original outputs authorized by the author on 5 October 2026; no blanket reuse license selected; recorded third-party terms retained.",Original research output or descriptive provenance; does not include uncertain observed source-score columns; scholarly/provider attribution retained,DATA_SHARING_REVIEW.md; PUBLIC_ACCESS_NOTICE.txt; WDI/HLO notices where applicable,2026-10-05
runtime_payload/candidate/original/data/core/core_results.csv,f8d46dd96077081252825321d9c17ee25c1d2cfc2c3946760a769d207be667be,distributed public repository,Original research summaries / plot / replication documentation,included for intended editorial/reviewer review,"Public access to selected project-authored code, documentation and original outputs authorized by the author on 5 October 2026; no blanket reuse license selected; recorded third-party terms retained.",Original research output or descriptive provenance; does not include uncertain observed source-score columns; scholarly/provider attribution retained,DATA_SHARING_REVIEW.md; PUBLIC_ACCESS_NOTICE.txt; WDI/HLO notices where applicable,2026-10-05
runtime_payload/candidate/original/data/core/core_results_dictionary.csv,3799c34efe40f05e7101f8094063246398cf2905686c550859963b88fee2d127,distributed public repository,Original research summaries / plot / replication documentation,included for intended editorial/reviewer review,"Public access to selected project-authored code, documentation and original outputs authorized by the author on 5 October 2026; no blanket reuse license selected; recorded third-party terms retained.",Original research output or descriptive provenance; does not include uncertain observed source-score columns; scholarly/provider attribution retained,DATA_SHARING_REVIEW.md; PUBLIC_ACCESS_NOTICE.txt; WDI/HLO notices where applicable,2026-10-05
runtime_payload/candidate/original/data/core/core_rq1_exact_sample_dictionary.csv,859d648417d7161cca8f6242e6fbf576c7511a3344ad393e4e5f386661fd8a93,distributed public repository,Original research summaries / plot / replication documentation,included for intended editorial/reviewer review,"Public access to selected project-authored code, documentation and original outputs authorized by the author on 5 October 2026; no blanket reuse license selected; recorded third-party terms retained.",Original research output or descriptive provenance; does not include uncertain observed source-score columns; scholarly/provider attribution retained,DATA_SHARING_REVIEW.md; PUBLIC_ACCESS_NOTICE.txt; WDI/HLO notices where applicable,2026-10-05
runtime_payload/candidate/original/data/core/core_rq2_exact_sample_dictionary.csv,96c995b2125a03be01e11aa0095aa62014fc9c28d9612992d818d8ab87c00820,distributed public repository,Original research summaries / plot / replication documentation,included for intended editorial/reviewer review,"Public access to selected project-authored code, documentation and original outputs authorized by the author on 5 October 2026; no blanket reuse license selected; recorded third-party terms retained.",Original research output or descriptive provenance; does not include uncertain observed source-score columns; scholarly/provider attribution retained,DATA_SHARING_REVIEW.md; PUBLIC_ACCESS_NOTICE.txt; WDI/HLO notices where applicable,2026-10-05
runtime_payload/candidate/original/data/prediction/model_matrices_dictionary.csv,26b117f46b79ca64688807f19603d91bc1200d0ec421ba427bee2419c655d6ea,distributed public repository,Original research summaries / plot / replication documentation,included for intended editorial/reviewer review,"Public access to selected project-authored code, documentation and original outputs authorized by the author on 5 October 2026; no blanket reuse license selected; recorded third-party terms retained.",Original research output or descriptive provenance; does not include uncertain observed source-score columns; scholarly/provider attribution retained,DATA_SHARING_REVIEW.md; PUBLIC_ACCESS_NOTICE.txt; WDI/HLO notices where applicable,2026-10-05
runtime_payload/candidate/original/docs/REVIEW_ONLY_LICENSE_v0.6.txt,2f7e15362fe9550f42eac5c2647b736bf28391b314374df1b923fff05ac66e64,distributed public repository,Original research summaries / plot / replication documentation,included for intended editorial/reviewer review,"Public access to selected project-authored code, documentation and original outputs authorized by the author on 5 October 2026; no blanket reuse license selected; recorded third-party terms retained.",Original research output or descriptive provenance; does not include uncertain observed source-score columns; scholarly/provider attribution retained,DATA_SHARING_REVIEW.md; PUBLIC_ACCESS_NOTICE.txt; WDI/HLO notices where applicable,2026-10-05
runtime_payload/candidate/original/docs/Source_Acquisition_v0.6.md,a09aff0e0ef47c66069b8cf69c23bed8817a3b8489523528de6ede4ce7c0ac01,distributed public repository,Original research summaries / plot / replication documentation,included for intended editorial/reviewer review,"Public access to selected project-authored code, documentation and original outputs authorized by the author on 5 October 2026; no blanket reuse license selected; recorded third-party terms retained.",Original research output or descriptive provenance; does not include uncertain observed source-score columns; scholarly/provider attribution retained,DATA_SHARING_REVIEW.md; PUBLIC_ACCESS_NOTICE.txt; WDI/HLO notices where applicable,2026-10-05
runtime_payload/candidate/original/docs/Source_Manifest_v0.6.csv,16ad45832252d55dde4ab4dfc80bc95b98adab746f15a900ad44f7b2970cdb11,distributed public repository,Original research summaries / plot / replication documentation,included for intended editorial/reviewer review,"Public access to selected project-authored code, documentation and original outputs authorized by the author on 5 October 2026; no blanket reuse license selected; recorded third-party terms retained.",Original research output or descriptive provenance; does not include uncertain observed source-score columns; scholarly/provider attribution retained,DATA_SHARING_REVIEW.md; PUBLIC_ACCESS_NOTICE.txt; WDI/HLO notices where applicable,2026-10-05
runtime_payload/candidate/original/docs/THIRD_PARTY_NOTICES_v0.6.md,90887151510c60b93eddda1e9e3bac12a750daaa2433f369b264e7094a61f168,distributed public repository,Original research summaries / plot / replication documentation,included for intended editorial/reviewer review,"Public access to selected project-authored code, documentation and original outputs authorized by the author on 5 October 2026; no blanket reuse license selected; recorded third-party terms retained.",Original research output or descriptive provenance; does not include uncertain observed source-score columns; scholarly/provider attribution retained,DATA_SHARING_REVIEW.md; PUBLIC_ACCESS_NOTICE.txt; WDI/HLO notices where applicable,2026-10-05
runtime_payload/candidate/original/manifests/PRIVACY_AND_REDISTRIBUTION.md,b2ae77a7a543b3ef9d10277d8ab6dc0020b12b1041c4e5b23160defa85cce048,distributed public repository,Original research summaries / plot / replication documentation,included for intended editorial/reviewer review,"Public access to selected project-authored code, documentation and original outputs authorized by the author on 5 October 2026; no blanket reuse license selected; recorded third-party terms retained.",Original research output or descriptive provenance; does not include uncertain observed source-score columns; scholarly/provider attribution retained,DATA_SHARING_REVIEW.md; PUBLIC_ACCESS_NOTICE.txt; WDI/HLO notices where applicable,2026-10-05
runtime_payload/candidate/original/manifests/PUBLIC_PACKAGE_EXCLUSIONS.csv,7498fc4ffaaa22611369854e26f9c3423f9d625a06c13c6cca3143213b130539,distributed public repository,Original research summaries / plot / replication documentation,included for intended editorial/reviewer review,"Public access to selected project-authored code, documentation and original outputs authorized by the author on 5 October 2026; no blanket reuse license selected; recorded third-party terms retained.",Original research output or descriptive provenance; does not include uncertain observed source-score columns; scholarly/provider attribution retained,DATA_SHARING_REVIEW.md; PUBLIC_ACCESS_NOTICE.txt; WDI/HLO notices where applicable,2026-10-05
runtime_payload/candidate/original/manifests/VALIDATION_ATTESTATION.json,772e3ad186cde52cc2964f531b3cb301d1095d7e5aa475394f3016c02dad0f41,distributed public repository,Original research summaries / plot / replication documentation,included for intended editorial/reviewer review,"Public access to selected project-authored code, documentation and original outputs authorized by the author on 5 October 2026; no blanket reuse license selected; recorded third-party terms retained.",Original research output or descriptive provenance; does not include uncertain observed source-score columns; scholarly/provider attribution retained,DATA_SHARING_REVIEW.md; PUBLIC_ACCESS_NOTICE.txt; WDI/HLO notices where applicable,2026-10-05
runtime_payload/candidate/original/protocol/Numerical_Decisions_Addendum.md,94a6a60399827cb769b0bc56597b38dd2d3d82056f6c39970b47b9e879e6fb93,distributed public repository,Original research summaries / plot / replication documentation,included for intended editorial/reviewer review,"Public access to selected project-authored code, documentation and original outputs authorized by the author on 5 October 2026; no blanket reuse license selected; recorded third-party terms retained.",Original research output or descriptive provenance; does not include uncertain observed source-score columns; scholarly/provider attribution retained,DATA_SHARING_REVIEW.md; PUBLIC_ACCESS_NOTICE.txt; WDI/HLO notices where applicable,2026-10-05
runtime_payload/candidate/original/protocol/PROTOCOL_FOR_AUTHOR_APPROVAL.md,629c1114c600b6b65bfb155e0ee94a030713376d508f3f144b486115b5900458,distributed public repository,Original research summaries / plot / replication documentation,included for intended editorial/reviewer review,"Public access to selected project-authored code, documentation and original outputs authorized by the author on 5 October 2026; no blanket reuse license selected; recorded third-party terms retained.",Original research output or descriptive provenance; does not include uncertain observed source-score columns; scholarly/provider attribution retained,DATA_SHARING_REVIEW.md; PUBLIC_ACCESS_NOTICE.txt; WDI/HLO notices where applicable,2026-10-05
runtime_payload/candidate/original/protocol/protocol_for_author_approval.json,9f563c1ef058d95c2acf5ef5b23463e462a84a3a855eb5f3d53dd2a749471750,distributed public repository,Original research summaries / plot / replication documentation,included for intended editorial/reviewer review,"Public access to selected project-authored code, documentation and original outputs authorized by the author on 5 October 2026; no blanket reuse license selected; recorded third-party terms retained.",Original research output or descriptive provenance; does not include uncertain observed source-score columns; scholarly/provider attribution retained,DATA_SHARING_REVIEW.md; PUBLIC_ACCESS_NOTICE.txt; WDI/HLO notices where applicable,2026-10-05
runtime_payload/candidate/original/results/model_runs/phase_b_20260930_13fb5775_v2/COUNTRY_DELETION.csv,d741e5263013b10e54451930452ea365a53dad318cb12065a427c09c7c5bb7b5,distributed public repository,Original research summaries / plot / replication documentation,included for intended editorial/reviewer review,"Public access to selected project-authored code, documentation and original outputs authorized by the author on 5 October 2026; no blanket reuse license selected; recorded third-party terms retained.",Original research output or descriptive provenance; does not include uncertain observed source-score columns; scholarly/provider attribution retained,DATA_SHARING_REVIEW.md; PUBLIC_ACCESS_NOTICE.txt; WDI/HLO notices where applicable,2026-10-05
runtime_payload/candidate/original/results/model_runs/phase_b_20260930_13fb5775_v2/COUNTRY_DELETION_dictionary.csv,6ae213630be243ccb65ad464cf1ce8a67010f909a585660451a300d96bf2e36f,distributed public repository,Original research summaries / plot / replication documentation,included for intended editorial/reviewer review,"Public access to selected project-authored code, documentation and original outputs authorized by the author on 5 October 2026; no blanket reuse license selected; recorded third-party terms retained.",Original research output or descriptive provenance; does not include uncertain observed source-score columns; scholarly/provider attribution retained,DATA_SHARING_REVIEW.md; PUBLIC_ACCESS_NOTICE.txt; WDI/HLO notices where applicable,2026-10-05
runtime_payload/candidate/original/results/model_runs/phase_b_20260930_13fb5775_v2/METRICS.csv,36116c8fe55bd25b6cc86a1bd84c25b43c9d46fa654c7d806f44d7c51b41b048,distributed public repository,Original research summaries / plot / replication documentation,included for intended editorial/reviewer review,"Public access to selected project-authored code, documentation and original outputs authorized by the author on 5 October 2026; no blanket reuse license selected; recorded third-party terms retained.",Original research output or descriptive provenance; does not include uncertain observed source-score columns; scholarly/provider attribution retained,DATA_SHARING_REVIEW.md; PUBLIC_ACCESS_NOTICE.txt; WDI/HLO notices where applicable,2026-10-05
runtime_payload/candidate/original/results/model_runs/phase_b_20260930_13fb5775_v2/METRICS_dictionary.csv,2ed386cb6c6ad385692ef76c8ae27b8101d6ffc967c3bf0bcb1d1a714bb3037d,distributed public repository,Original research summaries / plot / replication documentation,included for intended editorial/reviewer review,"Public access to selected project-authored code, documentation and original outputs authorized by the author on 5 October 2026; no blanket reuse license selected; recorded third-party terms retained.",Original research output or descriptive provenance; does not include uncertain observed source-score columns; scholarly/provider attribution retained,DATA_SHARING_REVIEW.md; PUBLIC_ACCESS_NOTICE.txt; WDI/HLO notices where applicable,2026-10-05
runtime_payload/candidate/original/results/model_runs/phase_b_20260930_13fb5775_v2/RUN_SETTINGS.json,2b66807e5428c4619562495897f586019d1ef2af502bf30c91e2647922d44691,distributed public repository,Original research summaries / plot / replication documentation,included for intended editorial/reviewer review,"Public access to selected project-authored code, documentation and original outputs authorized by the author on 5 October 2026; no blanket reuse license selected; recorded third-party terms retained.",Original research output or descriptive provenance; does not include uncertain observed source-score columns; scholarly/provider attribution retained,DATA_SHARING_REVIEW.md; PUBLIC_ACCESS_NOTICE.txt; WDI/HLO notices where applicable,2026-10-05
runtime_payload/candidate/original/results/model_runs/phase_b_20260930_13fb5775_v2/SENSITIVITIES.csv,ad357bf08d37b532d79d88004155d6be520676e08e77790f6590c9cf9664c072,distributed public repository,Original research summaries / plot / replication documentation,included for intended editorial/reviewer review,"Public access to selected project-authored code, documentation and original outputs authorized by the author on 5 October 2026; no blanket reuse license selected; recorded third-party terms retained.",Original research output or descriptive provenance; does not include uncertain observed source-score columns; scholarly/provider attribution retained,DATA_SHARING_REVIEW.md; PUBLIC_ACCESS_NOTICE.txt; WDI/HLO notices where applicable,2026-10-05
runtime_payload/candidate/original/results/model_runs/phase_b_20260930_13fb5775_v2/SENSITIVITIES_dictionary.csv,680c764e891cb3c45ae7624e131f670f5180034c0cddc6638690cc29ecd90684,distributed public repository,Original research summaries / plot / replication documentation,included for intended editorial/reviewer review,"Public access to selected project-authored code, documentation and original outputs authorized by the author on 5 October 2026; no blanket reuse license selected; recorded third-party terms retained.",Original research output or descriptive provenance; does not include uncertain observed source-score columns; scholarly/provider attribution retained,DATA_SHARING_REVIEW.md; PUBLIC_ACCESS_NOTICE.txt; WDI/HLO notices where applicable,2026-10-05
runtime_payload/candidate/original/source_audit/postreview_table_replication_audit.csv,14e6cc49d6ec70b28759de811b839a58f0fd2f073e89152fa508f0fc84058733,distributed public repository,Original research summaries / plot / replication documentation,included for intended editorial/reviewer review,"Public access to selected project-authored code, documentation and original outputs authorized by the author on 5 October 2026; no blanket reuse license selected; recorded third-party terms retained.",Original research output or descriptive provenance; does not include uncertain observed source-score columns; scholarly/provider attribution retained,DATA_SHARING_REVIEW.md; PUBLIC_ACCESS_NOTICE.txt; WDI/HLO notices where applicable,2026-10-05
runtime_payload/candidate/original/source_audit/prior_niq_hlo_reproduction_results.csv,477745f90617c6924fa8687bd6534f8eb1f35d9e697b1394d4d81203924764ae,distributed public repository,Original research summaries / plot / replication documentation,included for intended editorial/reviewer review,"Public access to selected project-authored code, documentation and original outputs authorized by the author on 5 October 2026; no blanket reuse license selected; recorded third-party terms retained.",Original research output or descriptive provenance; does not include uncertain observed source-score columns; scholarly/provider attribution retained,DATA_SHARING_REVIEW.md; PUBLIC_ACCESS_NOTICE.txt; WDI/HLO notices where applicable,2026-10-05
runtime_payload/candidate/original/source_audit/v06_prior_claim_audit.csv,2fb621f5c4a978b3fd86e1e346b1a721a9efbdf7096c979a5b715dffab91c6ad,distributed public repository,Original research summaries / plot / replication documentation,included for intended editorial/reviewer review,"Public access to selected project-authored code, documentation and original outputs authorized by the author on 5 October 2026; no blanket reuse license selected; recorded third-party terms retained.",Original research output or descriptive provenance; does not include uncertain observed source-score columns; scholarly/provider attribution retained,DATA_SHARING_REVIEW.md; PUBLIC_ACCESS_NOTICE.txt; WDI/HLO notices where applicable,2026-10-05
runtime_payload/candidate/original/tables/T_CORE_SUBSTITUTION_display.md,c9d4ffeae7503f01a0eb9e0f1a8256662b79a213e42febd350acc4f510ea09ef,distributed public repository,Original research summaries / plot / replication documentation,included for intended editorial/reviewer review,"Public access to selected project-authored code, documentation and original outputs authorized by the author on 5 October 2026; no blanket reuse license selected; recorded third-party terms retained.",Original research output or descriptive provenance; does not include uncertain observed source-score columns; scholarly/provider attribution retained,DATA_SHARING_REVIEW.md; PUBLIC_ACCESS_NOTICE.txt; WDI/HLO notices where applicable,2026-10-05
runtime_payload/candidate/original/tables/T_CORE_SUBSTITUTION_source.csv,1f716a4d9e665555dbbaf5cf620260eb07fab6366c2dc7f3b5bd43207305ffea,distributed public repository,Original research summaries / plot / replication documentation,included for intended editorial/reviewer review,"Public access to selected project-authored code, documentation and original outputs authorized by the author on 5 October 2026; no blanket reuse license selected; recorded third-party terms retained.",Original research output or descriptive provenance; does not include uncertain observed source-score columns; scholarly/provider attribution retained,DATA_SHARING_REVIEW.md; PUBLIC_ACCESS_NOTICE.txt; WDI/HLO notices where applicable,2026-10-05
runtime_payload/candidate/original/tables/T_CORE_SUBSTITUTION_source_dictionary.csv,6d10aa68c35d463180a2e2a53d0d7acb84fb3b2a886e477bf000e032c7bf5e76,distributed public repository,Original research summaries / plot / replication documentation,included for intended editorial/reviewer review,"Public access to selected project-authored code, documentation and original outputs authorized by the author on 5 October 2026; no blanket reuse license selected; recorded third-party terms retained.",Original research output or descriptive provenance; does not include uncertain observed source-score columns; scholarly/provider attribution retained,DATA_SHARING_REVIEW.md; PUBLIC_ACCESS_NOTICE.txt; WDI/HLO notices where applicable,2026-10-05
runtime_payload/candidate/original/tables/T_GDP_CONTRAST_display.md,28561eac2a0a8617b3aa791f007987db26f2c58bc79ea36b0599496a6c294bf3,distributed public repository,Original research summaries / plot / replication documentation,included for intended editorial/reviewer review,"Public access to selected project-authored code, documentation and original outputs authorized by the author on 5 October 2026; no blanket reuse license selected; recorded third-party terms retained.",Original research output or descriptive provenance; does not include uncertain observed source-score columns; scholarly/provider attribution retained,DATA_SHARING_REVIEW.md; PUBLIC_ACCESS_NOTICE.txt; WDI/HLO notices where applicable,2026-10-05
runtime_payload/candidate/original/tables/T_GDP_CONTRAST_source.csv,e667c4991f29ad8877c488c6661a15c599bc0132a8c6ba62bf2246aaf684a9cc,distributed public repository,Original research summaries / plot / replication documentation,included for intended editorial/reviewer review,"Public access to selected project-authored code, documentation and original outputs authorized by the author on 5 October 2026; no blanket reuse license selected; recorded third-party terms retained.",Original research output or descriptive provenance; does not include uncertain observed source-score columns; scholarly/provider attribution retained,DATA_SHARING_REVIEW.md; PUBLIC_ACCESS_NOTICE.txt; WDI/HLO notices where applicable,2026-10-05
runtime_payload/candidate/original/tables/T_GDP_CONTRAST_source_dictionary.csv,8562fd254a4941ef468c4ce4ab4b8f49c02234c38a330d0a8e07bddf23594b12,distributed public repository,Original research summaries / plot / replication documentation,included for intended editorial/reviewer review,"Public access to selected project-authored code, documentation and original outputs authorized by the author on 5 October 2026; no blanket reuse license selected; recorded third-party terms retained.",Original research output or descriptive provenance; does not include uncertain observed source-score columns; scholarly/provider attribution retained,DATA_SHARING_REVIEW.md; PUBLIC_ACCESS_NOTICE.txt; WDI/HLO notices where applicable,2026-10-05
runtime_payload/candidate/original/tables/T_INDICATORS_display.md,50c769cc4d9bd4503c14bb9ae0448f66988398de7eb8b23faddec7381bd306ca,distributed public repository,Original research summaries / plot / replication documentation,included for intended editorial/reviewer review,"Public access to selected project-authored code, documentation and original outputs authorized by the author on 5 October 2026; no blanket reuse license selected; recorded third-party terms retained.",Original research output or descriptive provenance; does not include uncertain observed source-score columns; scholarly/provider attribution retained,DATA_SHARING_REVIEW.md; PUBLIC_ACCESS_NOTICE.txt; WDI/HLO notices where applicable,2026-10-05
runtime_payload/candidate/original/tables/T_INDICATORS_source.csv,0b6e7499a30b42e6986a5950ae258494fbb018151a456d2158ebc7b4089cdee7,distributed public repository,Original research summaries / plot / replication documentation,included for intended editorial/reviewer review,"Public access to selected project-authored code, documentation and original outputs authorized by the author on 5 October 2026; no blanket reuse license selected; recorded third-party terms retained.",Original research output or descriptive provenance; does not include uncertain observed source-score columns; scholarly/provider attribution retained,DATA_SHARING_REVIEW.md; PUBLIC_ACCESS_NOTICE.txt; WDI/HLO notices where applicable,2026-10-05
runtime_payload/candidate/original/tables/T_INDICATORS_source_dictionary.csv,1175251a2b41179009d1d541061b72900196db78440ee0e87dde90974b39f5de,distributed public repository,Original research summaries / plot / replication documentation,included for intended editorial/reviewer review,"Public access to selected project-authored code, documentation and original outputs authorized by the author on 5 October 2026; no blanket reuse license selected; recorded third-party terms retained.",Original research output or descriptive provenance; does not include uncertain observed source-score columns; scholarly/provider attribution retained,DATA_SHARING_REVIEW.md; PUBLIC_ACCESS_NOTICE.txt; WDI/HLO notices where applicable,2026-10-05
runtime_payload/candidate/original/tables/T_PREDICTION_display.md,87ef16028ad4c7fe1f0db0722875ae34923b51e43a306ce5944e22a33e120924,distributed public repository,Original research summaries / plot / replication documentation,included for intended editorial/reviewer review,"Public access to selected project-authored code, documentation and original outputs authorized by the author on 5 October 2026; no blanket reuse license selected; recorded third-party terms retained.",Original research output or descriptive provenance; does not include uncertain observed source-score columns; scholarly/provider attribution retained,DATA_SHARING_REVIEW.md; PUBLIC_ACCESS_NOTICE.txt; WDI/HLO notices where applicable,2026-10-05
runtime_payload/candidate/original/tables/T_PREDICTION_source_dictionary.csv,c918010c3a83407690503cd7a4f124866d6cc7863aff343f9cffd0b5db41cef3,distributed public repository,Original research summaries / plot / replication documentation,included for intended editorial/reviewer review,"Public access to selected project-authored code, documentation and original outputs authorized by the author on 5 October 2026; no blanket reuse license selected; recorded third-party terms retained.",Original research output or descriptive provenance; does not include uncertain observed source-score columns; scholarly/provider attribution retained,DATA_SHARING_REVIEW.md; PUBLIC_ACCESS_NOTICE.txt; WDI/HLO notices where applicable,2026-10-05
runtime_payload/candidate/original/tables/T_PREDICTION_supplemental_source_dictionary.csv,636f722824d39863d094b40de106c703be6e63c7434e99be19eb18c040c0a847,distributed public repository,Original research summaries / plot / replication documentation,included for intended editorial/reviewer review,"Public access to selected project-authored code, documentation and original outputs authorized by the author on 5 October 2026; no blanket reuse license selected; recorded third-party terms retained.",Original research output or descriptive provenance; does not include uncertain observed source-score columns; scholarly/provider attribution retained,DATA_SHARING_REVIEW.md; PUBLIC_ACCESS_NOTICE.txt; WDI/HLO notices where applicable,2026-10-05
runtime_payload/candidate/original/tables/T_TEMPORAL_COVERAGE_display.md,4819915a179cbabec1321380029f6fa57efa30db156ba55c50b829791cc80181,distributed public repository,Original research summaries / plot / replication documentation,included for intended editorial/reviewer review,"Public access to selected project-authored code, documentation and original outputs authorized by the author on 5 October 2026; no blanket reuse license selected; recorded third-party terms retained.",Original research output or descriptive provenance; does not include uncertain observed source-score columns; scholarly/provider attribution retained,DATA_SHARING_REVIEW.md; PUBLIC_ACCESS_NOTICE.txt; WDI/HLO notices where applicable,2026-10-05
runtime_payload/candidate/original/tables/T_TEMPORAL_COVERAGE_source.csv,94d7b2d6b01809adb4e075dfd381d4db9515cd7eb8caa4ba54765411b8144d7a,distributed public repository,Original research summaries / plot / replication documentation,included for intended editorial/reviewer review,"Public access to selected project-authored code, documentation and original outputs authorized by the author on 5 October 2026; no blanket reuse license selected; recorded third-party terms retained.",Original research output or descriptive provenance; does not include uncertain observed source-score columns; scholarly/provider attribution retained,DATA_SHARING_REVIEW.md; PUBLIC_ACCESS_NOTICE.txt; WDI/HLO notices where applicable,2026-10-05
runtime_payload/candidate/original/tables/T_TEMPORAL_COVERAGE_source_dictionary.csv,33841a818b533982e526364851077822f7740476e3e212e2d891e3c459c1a5fb,distributed public repository,Original research summaries / plot / replication documentation,included for intended editorial/reviewer review,"Public access to selected project-authored code, documentation and original outputs authorized by the author on 5 October 2026; no blanket reuse license selected; recorded third-party terms retained.",Original research output or descriptive provenance; does not include uncertain observed source-score columns; scholarly/provider attribution retained,DATA_SHARING_REVIEW.md; PUBLIC_ACCESS_NOTICE.txt; WDI/HLO notices where applicable,2026-10-05
runtime_payload/candidate/original/validation/clean_rebuild/FULL_REBUILD_STATUS.json,16ebe0cfbe2504e4ae8610cc67365bbe961dd588f0cf32ae6ca51896f07aa809,distributed public repository,Original research summaries / plot / replication documentation,included for intended editorial/reviewer review,"Public access to selected project-authored code, documentation and original outputs authorized by the author on 5 October 2026; no blanket reuse license selected; recorded third-party terms retained.",Original research output or descriptive provenance; does not include uncertain observed source-score columns; scholarly/provider attribution retained,DATA_SHARING_REVIEW.md; PUBLIC_ACCESS_NOTICE.txt; WDI/HLO notices where applicable,2026-10-05
runtime_payload/candidate/original/validation/clean_rebuild/rebuild_validation/VALIDATION_STATUS.json,a9737e8a1b1f00f6976deb4928e0f0a7778da2022992c5ac117ad977d7ca2d98,distributed public repository,Original research summaries / plot / replication documentation,included for intended editorial/reviewer review,"Public access to selected project-authored code, documentation and original outputs authorized by the author on 5 October 2026; no blanket reuse license selected; recorded third-party terms retained.",Original research output or descriptive provenance; does not include uncertain observed source-score columns; scholarly/provider attribution retained,DATA_SHARING_REVIEW.md; PUBLIC_ACCESS_NOTICE.txt; WDI/HLO notices where applicable,2026-10-05
runtime_payload/candidate/original/validation/clean_rebuild/reporting_baseline/VALIDATION_STATUS.json,7c660dda3d278ee1c3423352af086b23432d6e3372a2973eda27c8090c9af8a1,distributed public repository,Original research summaries / plot / replication documentation,included for intended editorial/reviewer review,"Public access to selected project-authored code, documentation and original outputs authorized by the author on 5 October 2026; no blanket reuse license selected; recorded third-party terms retained.",Original research output or descriptive provenance; does not include uncertain observed source-score columns; scholarly/provider attribution retained,DATA_SHARING_REVIEW.md; PUBLIC_ACCESS_NOTICE.txt; WDI/HLO notices where applicable,2026-10-05
runtime_payload/candidate/reproduce.py,8211fbde4bbf1698e32a8d8729ffddbaff5b9f0f2e16697ec886abfd729017ad,distributed public repository,Project code / walkthrough,included for intended editorial/reviewer review,"Public access to selected project-authored code, documentation and original outputs authorized by the author on 5 October 2026; no blanket reuse license selected; recorded third-party terms retained.",Existing author grant for inspection/execution in editorial review; scope mapped to current package,PUBLIC_ACCESS_NOTICE.txt,2026-10-05
runtime_payload/candidate/requirements.txt,35dd6d5ed9a94ca83a65727a80d323f8e6c0ceab52be7293cef5380ef673b0fe,distributed public repository,Original research summaries / plot / replication documentation,included for intended editorial/reviewer review,"Public access to selected project-authored code, documentation and original outputs authorized by the author on 5 October 2026; no blanket reuse license selected; recorded third-party terms retained.",Original research output or descriptive provenance; does not include uncertain observed source-score columns; scholarly/provider attribution retained,DATA_SHARING_REVIEW.md; PUBLIC_ACCESS_NOTICE.txt; WDI/HLO notices where applicable,2026-10-05
runtime_payload/candidate/verification/BOOTSTRAP_SUMMARY.json,32dc123d0e9a9ffa3c500a23edbb461501f2f9b54338b3d3cb802b42eb580792,distributed public repository,Original research summaries / plot / replication documentation,included for intended editorial/reviewer review,"Public access to selected project-authored code, documentation and original outputs authorized by the author on 5 October 2026; no blanket reuse license selected; recorded third-party terms retained.",Original research output or descriptive provenance; does not include uncertain observed source-score columns; scholarly/provider attribution retained,DATA_SHARING_REVIEW.md; PUBLIC_ACCESS_NOTICE.txt; WDI/HLO notices where applicable,2026-10-05
runtime_payload/candidate/verification/CORE_COMPARISON.csv,7a738ee7e6b82df2b0c143e1f54bfeedc3026dbe9058fc311d0869638587b038,distributed public repository,Original research summaries / plot / replication documentation,included for intended editorial/reviewer review,"Public access to selected project-authored code, documentation and original outputs authorized by the author on 5 October 2026; no blanket reuse license selected; recorded third-party terms retained.",Original research output or descriptive provenance; does not include uncertain observed source-score columns; scholarly/provider attribution retained,DATA_SHARING_REVIEW.md; PUBLIC_ACCESS_NOTICE.txt; WDI/HLO notices where applicable,2026-10-05
runtime_payload/candidate/verification/PREDICTION_COMPARISON.csv,f36679bfe9039b024055d5319820657ce14ba29e172d228980963d1a2a5184ab,distributed public repository,Original research summaries / plot / replication documentation,included for intended editorial/reviewer review,"Public access to selected project-authored code, documentation and original outputs authorized by the author on 5 October 2026; no blanket reuse license selected; recorded third-party terms retained.",Original research output or descriptive provenance; does not include uncertain observed source-score columns; scholarly/provider attribution retained,DATA_SHARING_REVIEW.md; PUBLIC_ACCESS_NOTICE.txt; WDI/HLO notices where applicable,2026-10-05
runtime_payload/candidate/verification/VALIDATION.json,fd302b95b6242bd64256613a2391c1ead4dfd4fcb107903ef80280afd45ba9f5,distributed public repository,Original research summaries / plot / replication documentation,included for intended editorial/reviewer review,"Public access to selected project-authored code, documentation and original outputs authorized by the author on 5 October 2026; no blanket reuse license selected; recorded third-party terms retained.",Original research output or descriptive provenance; does not include uncertain observed source-score columns; scholarly/provider attribution retained,DATA_SHARING_REVIEW.md; PUBLIC_ACCESS_NOTICE.txt; WDI/HLO notices where applicable,2026-10-05
runtime_payload/clean_rebuild_phase_b.py,6d20fec88f81f5329df473a50d32128b4d6a2d5de1ad67fef584ab245785b38e,distributed public repository,Project code / walkthrough,included for intended editorial/reviewer review,"Public access to selected project-authored code, documentation and original outputs authorized by the author on 5 October 2026; no blanket reuse license selected; recorded third-party terms retained.",Existing author grant for inspection/execution in editorial review; scope mapped to current package,PUBLIC_ACCESS_NOTICE.txt,2026-10-05
runtime_payload/expected_empirical/CALIBRATION.csv,ac5dfbccaebfac13dfe855b518409681952fe6d06badee15e99806d7bba1bf2a,distributed public repository,Original research summaries / plot / replication documentation,included for intended editorial/reviewer review,"Public access to selected project-authored code, documentation and original outputs authorized by the author on 5 October 2026; no blanket reuse license selected; recorded third-party terms retained.",Original research output or descriptive provenance; does not include uncertain observed source-score columns; scholarly/provider attribution retained,DATA_SHARING_REVIEW.md; PUBLIC_ACCESS_NOTICE.txt; WDI/HLO notices where applicable,2026-10-05
runtime_payload/expected_empirical/FAILURES.csv,7eb70257593da06f682a3ddda54a9d260d4fc514f645237f5ca74b08f8da61a6,distributed public repository,Original research summaries / plot / replication documentation,included for intended editorial/reviewer review,"Public access to selected project-authored code, documentation and original outputs authorized by the author on 5 October 2026; no blanket reuse license selected; recorded third-party terms retained.",Original research output or descriptive provenance; does not include uncertain observed source-score columns; scholarly/provider attribution retained,DATA_SHARING_REVIEW.md; PUBLIC_ACCESS_NOTICE.txt; WDI/HLO notices where applicable,2026-10-05
runtime_payload/expected_empirical/FITS.json,b1b70e1889f9a86aa724c2751c86aab08a28be4819db695b2a51d5263eb2263d,distributed public repository,Original research summaries / plot / replication documentation,included for intended editorial/reviewer review,"Public access to selected project-authored code, documentation and original outputs authorized by the author on 5 October 2026; no blanket reuse license selected; recorded third-party terms retained.",Original research output or descriptive provenance; does not include uncertain observed source-score columns; scholarly/provider attribution retained,DATA_SHARING_REVIEW.md; PUBLIC_ACCESS_NOTICE.txt; WDI/HLO notices where applicable,2026-10-05
runtime_payload/expected_empirical/MANIFEST.json,f66c7f4c6b741d06eeff8ec695a933f5f3b9766df2e42a8a4d9e048d693d24b1,distributed public repository,Original research summaries / plot / replication documentation,included for intended editorial/reviewer review,"Public access to selected project-authored code, documentation and original outputs authorized by the author on 5 October 2026; no blanket reuse license selected; recorded third-party terms retained.",Original research output or descriptive provenance; does not include uncertain observed source-score columns; scholarly/provider attribution retained,DATA_SHARING_REVIEW.md; PUBLIC_ACCESS_NOTICE.txt; WDI/HLO notices where applicable,2026-10-05
runtime_payload/expected_empirical/METRICS.csv,36116c8fe55bd25b6cc86a1bd84c25b43c9d46fa654c7d806f44d7c51b41b048,distributed public repository,Original research summaries / plot / replication documentation,included for intended editorial/reviewer review,"Public access to selected project-authored code, documentation and original outputs authorized by the author on 5 October 2026; no blanket reuse license selected; recorded third-party terms retained.",Original research output or descriptive provenance; does not include uncertain observed source-score columns; scholarly/provider attribution retained,DATA_SHARING_REVIEW.md; PUBLIC_ACCESS_NOTICE.txt; WDI/HLO notices where applicable,2026-10-05
runtime_payload/expected_empirical/PAIRED_COMPLETENESS.csv,757cc1c34373b7896b49470e9344fd3c608a95d0a8aa2b2a986390c0058e6961,distributed public repository,Original research summaries / plot / replication documentation,included for intended editorial/reviewer review,"Public access to selected project-authored code, documentation and original outputs authorized by the author on 5 October 2026; no blanket reuse license selected; recorded third-party terms retained.",Original research output or descriptive provenance; does not include uncertain observed source-score columns; scholarly/provider attribution retained,DATA_SHARING_REVIEW.md; PUBLIC_ACCESS_NOTICE.txt; WDI/HLO notices where applicable,2026-10-05
runtime_payload/expected_empirical/RANK_LEDGER.csv,0a5eff02afaea548d407f1c30761f9fca70231deaa8317889de5259897b65466,distributed public repository,Original research summaries / plot / replication documentation,included for intended editorial/reviewer review,"Public access to selected project-authored code, documentation and original outputs authorized by the author on 5 October 2026; no blanket reuse license selected; recorded third-party terms retained.",Original research output or descriptive provenance; does not include uncertain observed source-score columns; scholarly/provider attribution retained,DATA_SHARING_REVIEW.md; PUBLIC_ACCESS_NOTICE.txt; WDI/HLO notices where applicable,2026-10-05
runtime_payload/expected_empirical/RUN_SETTINGS.json,2b66807e5428c4619562495897f586019d1ef2af502bf30c91e2647922d44691,distributed public repository,Original research summaries / plot / replication documentation,included for intended editorial/reviewer review,"Public access to selected project-authored code, documentation and original outputs authorized by the author on 5 October 2026; no blanket reuse license selected; recorded third-party terms retained.",Original research output or descriptive provenance; does not include uncertain observed source-score columns; scholarly/provider attribution retained,DATA_SHARING_REVIEW.md; PUBLIC_ACCESS_NOTICE.txt; WDI/HLO notices where applicable,2026-10-05
runtime_payload/expected_empirical/RUN_STATUS.json,ac5ea459b21437214ebc0c3632f021356ae5ec70478a230774c61f99c461da7a,distributed public repository,Original research summaries / plot / replication documentation,included for intended editorial/reviewer review,"Public access to selected project-authored code, documentation and original outputs authorized by the author on 5 October 2026; no blanket reuse license selected; recorded third-party terms retained.",Original research output or descriptive provenance; does not include uncertain observed source-score columns; scholarly/provider attribution retained,DATA_SHARING_REVIEW.md; PUBLIC_ACCESS_NOTICE.txt; WDI/HLO notices where applicable,2026-10-05
runtime_payload/expected_empirical/SPLITS.csv,5b0af4c20a08ea3578040afbdae7852dfac4b49b147eed84edba7ce14ebe562a,distributed public repository,Original research summaries / plot / replication documentation,included for intended editorial/reviewer review,"Public access to selected project-authored code, documentation and original outputs authorized by the author on 5 October 2026; no blanket reuse license selected; recorded third-party terms retained.",Original research output or descriptive provenance; does not include uncertain observed source-score columns; scholarly/provider attribution retained,DATA_SHARING_REVIEW.md; PUBLIC_ACCESS_NOTICE.txt; WDI/HLO notices where applicable,2026-10-05
runtime_payload/expected_empirical/TUNING.csv,4963c953daa6d4b8ff96e82dd721e858db4f97c61e42e3293b3a053b85982d11,distributed public repository,Original research summaries / plot / replication documentation,included for intended editorial/reviewer review,"Public access to selected project-authored code, documentation and original outputs authorized by the author on 5 October 2026; no blanket reuse license selected; recorded third-party terms retained.",Original research output or descriptive provenance; does not include uncertain observed source-score columns; scholarly/provider attribution retained,DATA_SHARING_REVIEW.md; PUBLIC_ACCESS_NOTICE.txt; WDI/HLO notices where applicable,2026-10-05
runtime_payload/expected_empirical/execution_plan.csv,ba8cd7ac5ea5ae641a04a768476b5f1348e5e0f49f8b88b09a22398265bc3ba2,distributed public repository,Original research summaries / plot / replication documentation,included for intended editorial/reviewer review,"Public access to selected project-authored code, documentation and original outputs authorized by the author on 5 October 2026; no blanket reuse license selected; recorded third-party terms retained.",Original research output or descriptive provenance; does not include uncertain observed source-score columns; scholarly/provider attribution retained,DATA_SHARING_REVIEW.md; PUBLIC_ACCESS_NOTICE.txt; WDI/HLO notices where applicable,2026-10-05
runtime_payload/expected_empirical/gate_results.json,5c1e54658dcff3b3b7050a56889c522da9601c1d1e9ea54514e4589104c8cef3,distributed public repository,Original research summaries / plot / replication documentation,included for intended editorial/reviewer review,"Public access to selected project-authored code, documentation and original outputs authorized by the author on 5 October 2026; no blanket reuse license selected; recorded third-party terms retained.",Original research output or descriptive provenance; does not include uncertain observed source-score columns; scholarly/provider attribution retained,DATA_SHARING_REVIEW.md; PUBLIC_ACCESS_NOTICE.txt; WDI/HLO notices where applicable,2026-10-05
runtime_payload/expected_empirical/matrix_manifest.csv,f6f55153cf18cde3da15a6cfc393e558a0c4ac9628165becffc1d12ec78bacf1,distributed public repository,Original research summaries / plot / replication documentation,included for intended editorial/reviewer review,"Public access to selected project-authored code, documentation and original outputs authorized by the author on 5 October 2026; no blanket reuse license selected; recorded third-party terms retained.",Original research output or descriptive provenance; does not include uncertain observed source-score columns; scholarly/provider attribution retained,DATA_SHARING_REVIEW.md; PUBLIC_ACCESS_NOTICE.txt; WDI/HLO notices where applicable,2026-10-05
runtime_payload/expected_empirical/preflight_status.json,296a1d562df0f71074e770c6b35aa5c0c6ebd731766a13e2f7779486d4283c68,distributed public repository,Original research summaries / plot / replication documentation,included for intended editorial/reviewer review,"Public access to selected project-authored code, documentation and original outputs authorized by the author on 5 October 2026; no blanket reuse license selected; recorded third-party terms retained.",Original research output or descriptive provenance; does not include uncertain observed source-score columns; scholarly/provider attribution retained,DATA_SHARING_REVIEW.md; PUBLIC_ACCESS_NOTICE.txt; WDI/HLO notices where applicable,2026-10-05
runtime_payload/reproduce_all.py,d59dfb9145b018811a431606d1d2a2e0ff3525711294642d4b9e9cd15ee978bd,distributed public repository,Project code / walkthrough,included for intended editorial/reviewer review,"Public access to selected project-authored code, documentation and original outputs authorized by the author on 5 October 2026; no blanket reuse license selected; recorded third-party terms retained.",Existing author grant for inspection/execution in editorial review; scope mapped to current package,PUBLIC_ACCESS_NOTICE.txt,2026-10-05
runtime_payload/validate_empirical_run.py,34bb74d098c4dca2670e78dada1b5c5ffe0799b56a1db0773aa373c1ebc56de4,distributed public repository,Project code / walkthrough,included for intended editorial/reviewer review,"Public access to selected project-authored code, documentation and original outputs authorized by the author on 5 October 2026; no blanket reuse license selected; recorded third-party terms retained.",Existing author grant for inspection/execution in editorial review; scope mapped to current package,PUBLIC_ACCESS_NOTICE.txt,2026-10-05
sample_identities/core_countries.csv,d29da6cc9b55e2beadb9834354fee523cd8f52a544285aa5ef65422f459694d7,distributed public repository,Original research summaries / plot / replication documentation,included for intended editorial/reviewer review,"Public access to selected project-authored code, documentation and original outputs authorized by the author on 5 October 2026; no blanket reuse license selected; recorded third-party terms retained.",Original research output or descriptive provenance; does not include uncertain observed source-score columns; scholarly/provider attribution retained,DATA_SHARING_REVIEW.md; PUBLIC_ACCESS_NOTICE.txt; WDI/HLO notices where applicable,2026-10-05
sample_identities/model_cells.csv,175f72bb484481abcef4708a8059a6154051c4addf0cd5fcaab38b0afcd98449,distributed public repository,Original research summaries / plot / replication documentation,included for intended editorial/reviewer review,"Public access to selected project-authored code, documentation and original outputs authorized by the author on 5 October 2026; no blanket reuse license selected; recorded third-party terms retained.",Original research output or descriptive provenance; does not include uncertain observed source-score columns; scholarly/provider attribution retained,DATA_SHARING_REVIEW.md; PUBLIC_ACCESS_NOTICE.txt; WDI/HLO notices where applicable,2026-10-05
tables/Deletion_summary_display.csv,3600491c513a91285e4b9feb5e761a0aa519d14e68e39ac2e07a271e81a95ddd,distributed public repository,Original research summaries / plot / replication documentation,included for intended editorial/reviewer review,"Public access to selected project-authored code, documentation and original outputs authorized by the author on 5 October 2026; no blanket reuse license selected; recorded third-party terms retained.",Original research output or descriptive provenance; does not include uncertain observed source-score columns; scholarly/provider attribution retained,DATA_SHARING_REVIEW.md; PUBLIC_ACCESS_NOTICE.txt; WDI/HLO notices where applicable,2026-10-05
tables/Table_1.csv,39033f13251a513be2813b5dd10edcac6605c469b4c0af56f83d49e0c197a1de,distributed public repository,Original research summaries / plot / replication documentation,included for intended editorial/reviewer review,"Public access to selected project-authored code, documentation and original outputs authorized by the author on 5 October 2026; no blanket reuse license selected; recorded third-party terms retained.",Original research output or descriptive provenance; does not include uncertain observed source-score columns; scholarly/provider attribution retained,DATA_SHARING_REVIEW.md; PUBLIC_ACCESS_NOTICE.txt; WDI/HLO notices where applicable,2026-10-05
tables/Table_2.csv,8c9f45da452b030394466c4f2c772577c7cd873e9f8e7bacf2f1980af3c76479,distributed public repository,Original research summaries / plot / replication documentation,included for intended editorial/reviewer review,"Public access to selected project-authored code, documentation and original outputs authorized by the author on 5 October 2026; no blanket reuse license selected; recorded third-party terms retained.",Original research output or descriptive provenance; does not include uncertain observed source-score columns; scholarly/provider attribution retained,DATA_SHARING_REVIEW.md; PUBLIC_ACCESS_NOTICE.txt; WDI/HLO notices where applicable,2026-10-05
tables/Table_3.csv,d46f6fe7961e0bc2ced7d09efd4a4c5a5ea7e6cd8e71cb4d9987aa8996bf29b0,distributed public repository,Original research summaries / plot / replication documentation,included for intended editorial/reviewer review,"Public access to selected project-authored code, documentation and original outputs authorized by the author on 5 October 2026; no blanket reuse license selected; recorded third-party terms retained.",Original research output or descriptive provenance; does not include uncertain observed source-score columns; scholarly/provider attribution retained,DATA_SHARING_REVIEW.md; PUBLIC_ACCESS_NOTICE.txt; WDI/HLO notices where applicable,2026-10-05
tables/Table_4.csv,6eba2157055053241adf3ac77565aac7c1745e30ae2206426df2ff542c1cd247,distributed public repository,Original research summaries / plot / replication documentation,included for intended editorial/reviewer review,"Public access to selected project-authored code, documentation and original outputs authorized by the author on 5 October 2026; no blanket reuse license selected; recorded third-party terms retained.",Original research output or descriptive provenance; does not include uncertain observed source-score columns; scholarly/provider attribution retained,DATA_SHARING_REVIEW.md; PUBLIC_ACCESS_NOTICE.txt; WDI/HLO notices where applicable,2026-10-05
tables/archived/GDP_FRAME_SAMPLE_FLOW.csv,bd23c6faaa3dde80b9ecec591698df74b2426d41b2ca220dad6cbc1f7d3db2a0,distributed public repository,Frozen WDI extract and original source-presence/sample flags,included for intended editorial/reviewer review,"Public access to selected project-authored code, documentation and original outputs authorized by the author on 5 October 2026; no blanket reuse license selected; recorded third-party terms retained.","World Bank frozen GDP/population values, CC BY 4.0 attribution and raw archive hashes in WDI_FROZEN_ATTRIBUTION.csv; NIQ presence is a Boolean flag, not an observed score",PUBLIC_ACCESS_NOTICE.txt; WDI/HLO notices where applicable,2026-10-05
tables/archived/GDP_FRAME_SUMMARY.csv,b33a0157fd70b192dc34e18ea7602c001d6d43273fe9b1f45312da94fe61d59c,distributed public repository,Original research summaries / plot / replication documentation,included for intended editorial/reviewer review,"Public access to selected project-authored code, documentation and original outputs authorized by the author on 5 October 2026; no blanket reuse license selected; recorded third-party terms retained.","Project-authored summary, figure or editorial documentation; existing editorial review grant applies to scripts; current additions await author approval for supplementary publication; no omitted observed source-score column is added",PUBLIC_ACCESS_NOTICE.txt; WDI/HLO notices where applicable,2026-10-05
tables/archived/PHASE_B_CALIBRATION_SOURCE.csv,31a4e608f36162245e18d8761515d54d7b155900faf8b2407839a0b60cbdf291,distributed public repository,Original research summaries / plot / replication documentation,included for intended editorial/reviewer review,"Public access to selected project-authored code, documentation and original outputs authorized by the author on 5 October 2026; no blanket reuse license selected; recorded third-party terms retained.",Original research output or descriptive provenance; does not include uncertain observed source-score columns; scholarly/provider attribution retained,DATA_SHARING_REVIEW.md; PUBLIC_ACCESS_NOTICE.txt; WDI/HLO notices where applicable,2026-10-05
tables/archived/PHASE_B_METRICS_SOURCE.csv,dba62868ce233eba4102fafe6910459ff3b33067c12ef6eb218fccd2547bfc9b,distributed public repository,Original research summaries / plot / replication documentation,included for intended editorial/reviewer review,"Public access to selected project-authored code, documentation and original outputs authorized by the author on 5 October 2026; no blanket reuse license selected; recorded third-party terms retained.",Original research output or descriptive provenance; does not include uncertain observed source-score columns; scholarly/provider attribution retained,DATA_SHARING_REVIEW.md; PUBLIC_ACCESS_NOTICE.txt; WDI/HLO notices where applicable,2026-10-05
tables/archived/PHASE_B_RANK_SOURCE.csv,0e025cbe6c903d2212ff4302cc643ecbf8b42a2d7a5d41f8f13c35b3bb68249c,distributed public repository,Original research summaries / plot / replication documentation,included for intended editorial/reviewer review,"Public access to selected project-authored code, documentation and original outputs authorized by the author on 5 October 2026; no blanket reuse license selected; recorded third-party terms retained.",Original research output or descriptive provenance; does not include uncertain observed source-score columns; scholarly/provider attribution retained,DATA_SHARING_REVIEW.md; PUBLIC_ACCESS_NOTICE.txt; WDI/HLO notices where applicable,2026-10-05
tables/archived/PHASE_B_RANK_SUMMARY_SOURCE.csv,9faad395b8afd713f100e0b44297b2cb1452d1eeae73b681cb8d0f4a2302d8c1,distributed public repository,Original research summaries / plot / replication documentation,included for intended editorial/reviewer review,"Public access to selected project-authored code, documentation and original outputs authorized by the author on 5 October 2026; no blanket reuse license selected; recorded third-party terms retained.",Original research output or descriptive provenance; does not include uncertain observed source-score columns; scholarly/provider attribution retained,DATA_SHARING_REVIEW.md; PUBLIC_ACCESS_NOTICE.txt; WDI/HLO notices where applicable,2026-10-05
tables/archived/TAIL_SUMMARIES.csv,4e3197a5cdf272906146800d90e5fc2ec6445ca8d34c8e569e14e07a267f59ef,distributed public repository,Original research summaries / plot / replication documentation,included for intended editorial/reviewer review,"Public access to selected project-authored code, documentation and original outputs authorized by the author on 5 October 2026; no blanket reuse license selected; recorded third-party terms retained.",Original research output or descriptive provenance; does not include uncertain observed source-score columns; scholarly/provider attribution retained,DATA_SHARING_REVIEW.md; PUBLIC_ACCESS_NOTICE.txt; WDI/HLO notices where applicable,2026-10-05
tables/archived/T_CORE_SUBSTITUTION_source.csv,1f716a4d9e665555dbbaf5cf620260eb07fab6366c2dc7f3b5bd43207305ffea,distributed public repository,Original research summaries / plot / replication documentation,included for intended editorial/reviewer review,"Public access to selected project-authored code, documentation and original outputs authorized by the author on 5 October 2026; no blanket reuse license selected; recorded third-party terms retained.",Original research output or descriptive provenance; does not include uncertain observed source-score columns; scholarly/provider attribution retained,DATA_SHARING_REVIEW.md; PUBLIC_ACCESS_NOTICE.txt; WDI/HLO notices where applicable,2026-10-05
tables/archived/T_CORE_SUBSTITUTION_source_dictionary.csv,6d10aa68c35d463180a2e2a53d0d7acb84fb3b2a886e477bf000e032c7bf5e76,distributed public repository,Original research summaries / plot / replication documentation,included for intended editorial/reviewer review,"Public access to selected project-authored code, documentation and original outputs authorized by the author on 5 October 2026; no blanket reuse license selected; recorded third-party terms retained.",Original research output or descriptive provenance; does not include uncertain observed source-score columns; scholarly/provider attribution retained,DATA_SHARING_REVIEW.md; PUBLIC_ACCESS_NOTICE.txt; WDI/HLO notices where applicable,2026-10-05
tables/archived/T_GDP_CONTRAST_source.csv,e667c4991f29ad8877c488c6661a15c599bc0132a8c6ba62bf2246aaf684a9cc,distributed public repository,Original research summaries / plot / replication documentation,included for intended editorial/reviewer review,"Public access to selected project-authored code, documentation and original outputs authorized by the author on 5 October 2026; no blanket reuse license selected; recorded third-party terms retained.",Original research output or descriptive provenance; does not include uncertain observed source-score columns; scholarly/provider attribution retained,DATA_SHARING_REVIEW.md; PUBLIC_ACCESS_NOTICE.txt; WDI/HLO notices where applicable,2026-10-05
tables/archived/T_GDP_CONTRAST_source_dictionary.csv,8562fd254a4941ef468c4ce4ab4b8f49c02234c38a330d0a8e07bddf23594b12,distributed public repository,Original research summaries / plot / replication documentation,included for intended editorial/reviewer review,"Public access to selected project-authored code, documentation and original outputs authorized by the author on 5 October 2026; no blanket reuse license selected; recorded third-party terms retained.",Original research output or descriptive provenance; does not include uncertain observed source-score columns; scholarly/provider attribution retained,DATA_SHARING_REVIEW.md; PUBLIC_ACCESS_NOTICE.txt; WDI/HLO notices where applicable,2026-10-05
tables/archived/T_INDICATORS_source.csv,0b6e7499a30b42e6986a5950ae258494fbb018151a456d2158ebc7b4089cdee7,distributed public repository,Original research summaries / plot / replication documentation,included for intended editorial/reviewer review,"Public access to selected project-authored code, documentation and original outputs authorized by the author on 5 October 2026; no blanket reuse license selected; recorded third-party terms retained.",Original research output or descriptive provenance; does not include uncertain observed source-score columns; scholarly/provider attribution retained,DATA_SHARING_REVIEW.md; PUBLIC_ACCESS_NOTICE.txt; WDI/HLO notices where applicable,2026-10-05
tables/archived/T_INDICATORS_source_dictionary.csv,1175251a2b41179009d1d541061b72900196db78440ee0e87dde90974b39f5de,distributed public repository,Original research summaries / plot / replication documentation,included for intended editorial/reviewer review,"Public access to selected project-authored code, documentation and original outputs authorized by the author on 5 October 2026; no blanket reuse license selected; recorded third-party terms retained.",Original research output or descriptive provenance; does not include uncertain observed source-score columns; scholarly/provider attribution retained,DATA_SHARING_REVIEW.md; PUBLIC_ACCESS_NOTICE.txt; WDI/HLO notices where applicable,2026-10-05
tables/archived/T_PREDICTION_dictionary.csv,117e4306e55026cc575d8ebb0957139166fe570adf6213ce9eb8011ee9df55a5,distributed public repository,Original research summaries / plot / replication documentation,included for intended editorial/reviewer review,"Public access to selected project-authored code, documentation and original outputs authorized by the author on 5 October 2026; no blanket reuse license selected; recorded third-party terms retained.",Original research output or descriptive provenance; does not include uncertain observed source-score columns; scholarly/provider attribution retained,DATA_SHARING_REVIEW.md; PUBLIC_ACCESS_NOTICE.txt; WDI/HLO notices where applicable,2026-10-05
tables/archived/T_PREDICTION_source.csv,8a953e3d3be5bac5b30f99ce71fefd1b72d311e4eaeb66526b1062e0edfc8b33,distributed public repository,Original research summaries / plot / replication documentation,included for intended editorial/reviewer review,"Public access to selected project-authored code, documentation and original outputs authorized by the author on 5 October 2026; no blanket reuse license selected; recorded third-party terms retained.",Original research output or descriptive provenance; does not include uncertain observed source-score columns; scholarly/provider attribution retained,DATA_SHARING_REVIEW.md; PUBLIC_ACCESS_NOTICE.txt; WDI/HLO notices where applicable,2026-10-05
tables/archived/T_PREDICTION_source_dictionary.csv,c918010c3a83407690503cd7a4f124866d6cc7863aff343f9cffd0b5db41cef3,distributed public repository,Original research summaries / plot / replication documentation,included for intended editorial/reviewer review,"Public access to selected project-authored code, documentation and original outputs authorized by the author on 5 October 2026; no blanket reuse license selected; recorded third-party terms retained.",Original research output or descriptive provenance; does not include uncertain observed source-score columns; scholarly/provider attribution retained,DATA_SHARING_REVIEW.md; PUBLIC_ACCESS_NOTICE.txt; WDI/HLO notices where applicable,2026-10-05
tables/archived/T_PREDICTION_supplemental_source.csv,abf5c273067bec54e0d58f1255ed27a9957d44db51e8c5088d8272a9c0505b4d,distributed public repository,Original research summaries / plot / replication documentation,included for intended editorial/reviewer review,"Public access to selected project-authored code, documentation and original outputs authorized by the author on 5 October 2026; no blanket reuse license selected; recorded third-party terms retained.",Original research output or descriptive provenance; does not include uncertain observed source-score columns; scholarly/provider attribution retained,DATA_SHARING_REVIEW.md; PUBLIC_ACCESS_NOTICE.txt; WDI/HLO notices where applicable,2026-10-05
tables/archived/T_PREDICTION_supplemental_source_dictionary.csv,636f722824d39863d094b40de106c703be6e63c7434e99be19eb18c040c0a847,distributed public repository,Original research summaries / plot / replication documentation,included for intended editorial/reviewer review,"Public access to selected project-authored code, documentation and original outputs authorized by the author on 5 October 2026; no blanket reuse license selected; recorded third-party terms retained.",Original research output or descriptive provenance; does not include uncertain observed source-score columns; scholarly/provider attribution retained,DATA_SHARING_REVIEW.md; PUBLIC_ACCESS_NOTICE.txt; WDI/HLO notices where applicable,2026-10-05
tables/archived/T_TEMPORAL_COVERAGE_source.csv,94d7b2d6b01809adb4e075dfd381d4db9515cd7eb8caa4ba54765411b8144d7a,distributed public repository,Original research summaries / plot / replication documentation,included for intended editorial/reviewer review,"Public access to selected project-authored code, documentation and original outputs authorized by the author on 5 October 2026; no blanket reuse license selected; recorded third-party terms retained.",Original research output or descriptive provenance; does not include uncertain observed source-score columns; scholarly/provider attribution retained,DATA_SHARING_REVIEW.md; PUBLIC_ACCESS_NOTICE.txt; WDI/HLO notices where applicable,2026-10-05
tables/archived/T_TEMPORAL_COVERAGE_source_dictionary.csv,33841a818b533982e526364851077822f7740476e3e212e2d891e3c459c1a5fb,distributed public repository,Original research summaries / plot / replication documentation,included for intended editorial/reviewer review,"Public access to selected project-authored code, documentation and original outputs authorized by the author on 5 October 2026; no blanket reuse license selected; recorded third-party terms retained.",Original research output or descriptive provenance; does not include uncertain observed source-score columns; scholarly/provider attribution retained,DATA_SHARING_REVIEW.md; PUBLIC_ACCESS_NOTICE.txt; WDI/HLO notices where applicable,2026-10-05
tables/archived/posthoc_rq2_paired_leave_one_economy.csv,788c56d5fde53a2833625a5f9a84f82282371d4737e7c63a10e0e641bb8fd859,distributed public repository,Original research summaries / plot / replication documentation,included for intended editorial/reviewer review,"Public access to selected project-authored code, documentation and original outputs authorized by the author on 5 October 2026; no blanket reuse license selected; recorded third-party terms retained.","Project-authored summary, figure or editorial documentation; existing editorial review grant applies to scripts; current additions await author approval for supplementary publication; no omitted observed source-score column is added",PUBLIC_ACCESS_NOTICE.txt; WDI/HLO notices where applicable,2026-10-05
tables/archived/posthoc_rq2_paired_leave_one_region.csv,3d26a6e708c2f61dcb2eeddd0672fe6196004479753f37ec4567440fe7d67dc4,distributed public repository,Original research summaries / plot / replication documentation,included for intended editorial/reviewer review,"Public access to selected project-authored code, documentation and original outputs authorized by the author on 5 October 2026; no blanket reuse license selected; recorded third-party terms retained.","Project-authored summary, figure or editorial documentation; existing editorial review grant applies to scripts; current additions await author approval for supplementary publication; no omitted observed source-score column is added",PUBLIC_ACCESS_NOTICE.txt; WDI/HLO notices where applicable,2026-10-05
tables/archived/v06_sensitivity_coverage_changing.csv,e73a6766e9dc19c5f9ae525a9532d3baf89f5510b0e7378733c52e4108bbf6a5,distributed public repository,Original research summaries / plot / replication documentation,included for intended editorial/reviewer review,"Public access to selected project-authored code, documentation and original outputs authorized by the author on 5 October 2026; no blanket reuse license selected; recorded third-party terms retained.","Project-authored summary, figure or editorial documentation; existing editorial review grant applies to scripts; current additions await author approval for supplementary publication; no omitted observed source-score column is added",PUBLIC_ACCESS_NOTICE.txt; WDI/HLO notices where applicable,2026-10-05
tables/archived/v06_sensitivity_fixed_sample.csv,36bad5b5869a687604b3ecd03f5d020d6bb3ed33916e4a7a6acbed8b4cf0c481,distributed public repository,Original research summaries / plot / replication documentation,included for intended editorial/reviewer review,"Public access to selected project-authored code, documentation and original outputs authorized by the author on 5 October 2026; no blanket reuse license selected; recorded third-party terms retained.","Project-authored summary, figure or editorial documentation; existing editorial review grant applies to scripts; current additions await author approval for supplementary publication; no omitted observed source-score column is added",PUBLIC_ACCESS_NOTICE.txt; WDI/HLO notices where applicable,2026-10-05
tables/archived/v06_sensitivity_weighting_estimand.csv,19c58fe6a17b3ef5cf8b9e21d696cc3d1c881577c44193849930a39eb4622e71,distributed public repository,Original research summaries / plot / replication documentation,included for intended editorial/reviewer review,"Public access to selected project-authored code, documentation and original outputs authorized by the author on 5 October 2026; no blanket reuse license selected; recorded third-party terms retained.","Project-authored summary, figure or editorial documentation; existing editorial review grant applies to scripts; current additions await author approval for supplementary publication; no omitted observed source-score column is added",PUBLIC_ACCESS_NOTICE.txt; WDI/HLO notices where applicable,2026-10-05
validation/upstream/fresh_validation/CORE_COMPARISON.csv,d6b7562cbbb13585ac06531ac18ffc811fdbc04f96ece7bca43bd64b4aa15b6a,distributed public repository,Original research summaries / plot / replication documentation,included for intended editorial/reviewer review,"Public access to selected project-authored code, documentation and original outputs authorized by the author on 5 October 2026; no blanket reuse license selected; recorded third-party terms retained.",Original research output or descriptive provenance; does not include uncertain observed source-score columns; scholarly/provider attribution retained,DATA_SHARING_REVIEW.md; PUBLIC_ACCESS_NOTICE.txt; WDI/HLO notices where applicable,2026-10-05
validation/upstream/fresh_validation/PREDICTION_COMPARISON.csv,8374bb2b9b3d909134dd9b5416a8d6333711d3a2e7bd797e19db8a81d42b5b84,distributed public repository,Original research summaries / plot / replication documentation,included for intended editorial/reviewer review,"Public access to selected project-authored code, documentation and original outputs authorized by the author on 5 October 2026; no blanket reuse license selected; recorded third-party terms retained.",Original research output or descriptive provenance; does not include uncertain observed source-score columns; scholarly/provider attribution retained,DATA_SHARING_REVIEW.md; PUBLIC_ACCESS_NOTICE.txt; WDI/HLO notices where applicable,2026-10-05
validation/upstream/fresh_validation/VALIDATION.json,a535b5af3984f65b1af94ebf95cfac22fa9cbaefaa3b8837b7fb28f5d69b1790,distributed public repository,Original research summaries / plot / replication documentation,included for intended editorial/reviewer review,"Public access to selected project-authored code, documentation and original outputs authorized by the author on 5 October 2026; no blanket reuse license selected; recorded third-party terms retained.",Original research output or descriptive provenance; does not include uncertain observed source-score columns; scholarly/provider attribution retained,DATA_SHARING_REVIEW.md; PUBLIC_ACCESS_NOTICE.txt; WDI/HLO notices where applicable,2026-10-05
