job_id,metric,rebuilt,archived,absolute_difference,status
PRIMARY__HLO_to_P__primary_5y__M0__reference__none,mae,7.768410797840264,7.768410797840263,1.7763568394002505e-15,PASS
PRIMARY__HLO_to_P__primary_5y__M0__reference__none,mse,110.08619449472673,110.08619449472673,0.0,PASS
PRIMARY__HLO_to_P__primary_5y__M0__reference__none,rmse,10.492196838352143,10.492196838352143,0.0,PASS
PRIMARY__HLO_to_P__primary_5y__M0__reference__none,bias_pred_minus_observed,2.942091015256665e-15,2.05391259555654e-15,8.881784197001248e-16,PASS
PRIMARY__HLO_to_P__primary_5y__M1__ridge__none,mae,5.78889191464086,5.78889191464086,0.0,PASS
PRIMARY__HLO_to_P__primary_5y__M1__ridge__none,mse,51.973664388535774,51.97366438853577,7.105427357601002e-15,PASS
PRIMARY__HLO_to_P__primary_5y__M1__ridge__none,rmse,7.2092762735614295,7.209276273561429,8.881784197001252e-16,PASS
PRIMARY__HLO_to_P__primary_5y__M1__ridge__none,bias_pred_minus_observed,0.11969767690597288,0.1196976769059722,6.800116025829084e-16,PASS
PRIMARY__HLO_to_P__primary_5y__M2__ridge__none,mae,5.933662898767556,5.933662898767555,1.7763568394002505e-15,PASS
PRIMARY__HLO_to_P__primary_5y__M2__ridge__none,mse,64.22291173902723,64.22291173902723,0.0,PASS
PRIMARY__HLO_to_P__primary_5y__M2__ridge__none,rmse,8.013919873509295,8.013919873509295,0.0,PASS
PRIMARY__HLO_to_P__primary_5y__M2__ridge__none,bias_pred_minus_observed,0.3569187480434455,0.3569187480434412,4.274358644806853e-15,PASS
PRIMARY__HLO_to_P__primary_5y__M3__ridge__none,mae,5.728193909171192,5.728193909171189,2.6645352591003757e-15,PASS
PRIMARY__HLO_to_P__primary_5y__M3__ridge__none,mse,61.79543193200993,61.79543193200988,4.973799150320701e-14,PASS
PRIMARY__HLO_to_P__primary_5y__M3__ridge__none,rmse,7.861007055842777,7.861007055842774,3.552713678800501e-15,PASS
PRIMARY__HLO_to_P__primary_5y__M3__ridge__none,bias_pred_minus_observed,0.40816517385237144,0.4081651738523721,6.661338147750939e-16,PASS
PRIMARY__HLO_to_P__primary_5y__M1__ols__none,mae,5.605703776981785,5.605703776981785,0.0,PASS
PRIMARY__HLO_to_P__primary_5y__M1__ols__none,mse,48.45576780979392,48.455767809793926,7.105427357601002e-15,PASS
PRIMARY__HLO_to_P__primary_5y__M1__ols__none,rmse,6.961017728018937,6.961017728018938,8.881784197001252e-16,PASS
PRIMARY__HLO_to_P__primary_5y__M1__ols__none,bias_pred_minus_observed,0.009066008738943185,0.0090660087389425,6.852157730108388e-16,PASS
PRIMARY__HLO_to_P__primary_5y__M2__ols__none,mae,6.0174569725911375,6.01745697259114,2.6645352591003757e-15,PASS
PRIMARY__HLO_to_P__primary_5y__M2__ols__none,mse,65.08736028205249,65.0873602820525,1.4210854715202004e-14,PASS
PRIMARY__HLO_to_P__primary_5y__M2__ols__none,rmse,8.067673783814792,8.067673783814794,1.7763568394002505e-15,PASS
PRIMARY__HLO_to_P__primary_5y__M2__ols__none,bias_pred_minus_observed,0.1948279482024534,0.1948279482024526,7.771561172376096e-16,PASS
PRIMARY__HLO_to_P__primary_5y__M3__ols__none,mae,5.6423171938580206,5.64231719385802,8.881784197001252e-16,PASS
PRIMARY__HLO_to_P__primary_5y__M3__ols__none,mse,58.82867660139949,58.828676601399486,7.105427357601002e-15,PASS
PRIMARY__HLO_to_P__primary_5y__M3__ols__none,rmse,7.669985436844029,7.669985436844029,0.0,PASS
PRIMARY__HLO_to_P__primary_5y__M3__ols__none,bias_pred_minus_observed,0.0750719738683702,0.0750719738683677,2.4980018054066022e-15,PASS
PRIMARY__HLO_to_P__primary_5y__M1__lasso__none,mae,5.702043106498177,5.70204310649818,2.6645352591003757e-15,PASS
PRIMARY__HLO_to_P__primary_5y__M1__lasso__none,mse,50.377353060728055,50.377353060728055,0.0,PASS
PRIMARY__HLO_to_P__primary_5y__M1__lasso__none,rmse,7.097700547411679,7.097700547411679,0.0,PASS
PRIMARY__HLO_to_P__primary_5y__M1__lasso__none,bias_pred_minus_observed,0.08469068391715465,0.0846906839171547,5.551115123125783e-17,PASS
PRIMARY__HLO_to_P__primary_5y__M2__lasso__none,mae,5.7782697631967785,5.77826976319678,1.7763568394002505e-15,PASS
PRIMARY__HLO_to_P__primary_5y__M2__lasso__none,mse,60.47782000058167,60.47782000058168,7.105427357601002e-15,PASS
PRIMARY__HLO_to_P__primary_5y__M2__lasso__none,rmse,7.7767486779875865,7.776748677987586,8.881784197001252e-16,PASS
PRIMARY__HLO_to_P__primary_5y__M2__lasso__none,bias_pred_minus_observed,0.19744505044972743,0.1974450504497264,1.0269562977782698e-15,PASS
PRIMARY__HLO_to_P__primary_5y__M3__lasso__none,mae,5.218441348934988,5.218441348934988,0.0,PASS
PRIMARY__HLO_to_P__primary_5y__M3__lasso__none,mse,48.83725424396492,48.83725424396494,2.1316282072803006e-14,PASS
PRIMARY__HLO_to_P__primary_5y__M3__lasso__none,rmse,6.9883656346791785,6.98836563467918,1.7763568394002505e-15,PASS
PRIMARY__HLO_to_P__primary_5y__M3__lasso__none,bias_pred_minus_observed,0.189974338664618,0.1899743386646168,1.1934897514720433e-15,PASS
PRIMARY__P_to_HLO__primary_5y__M0__reference__none,mae,63.97243503082028,63.97243503082028,0.0,PASS
PRIMARY__P_to_HLO__primary_5y__M0__reference__none,mse,5682.208626213241,5682.208626213242,9.094947017729282e-13,PASS
PRIMARY__P_to_HLO__primary_5y__M0__reference__none,rmse,75.38042601506866,75.38042601506866,0.0,PASS
PRIMARY__P_to_HLO__primary_5y__M0__reference__none,bias_pred_minus_observed,6.061817714453355e-14,6.195044477408373e-14,1.3322676295501878e-15,PASS
PRIMARY__P_to_HLO__primary_5y__M1__ridge__none,mae,38.75408016615279,38.75408016615279,0.0,PASS
PRIMARY__P_to_HLO__primary_5y__M1__ridge__none,mse,2408.480858542958,2408.4808585429582,4.547473508864641e-13,PASS
PRIMARY__P_to_HLO__primary_5y__M1__ridge__none,rmse,49.07627592373893,49.07627592373894,7.105427357601002e-15,PASS
PRIMARY__P_to_HLO__primary_5y__M1__ridge__none,bias_pred_minus_observed,0.05756432142529548,0.0575643214252999,4.4200754167889045e-15,PASS
PRIMARY__P_to_HLO__primary_5y__M2__ridge__none,mae,28.09958618351608,28.099586183516085,3.552713678800501e-15,PASS
PRIMARY__P_to_HLO__primary_5y__M2__ridge__none,mse,1299.3421473946669,1299.342147394667,2.2737367544323206e-13,PASS
PRIMARY__P_to_HLO__primary_5y__M2__ridge__none,rmse,36.04638882599291,36.04638882599292,7.105427357601002e-15,PASS
PRIMARY__P_to_HLO__primary_5y__M2__ridge__none,bias_pred_minus_observed,0.7380278180478462,0.7380278180478279,1.8318679906315083e-14,PASS
PRIMARY__P_to_HLO__primary_5y__M3__ridge__none,mae,26.64975766017677,26.649757660176764,7.105427357601002e-15,PASS
PRIMARY__P_to_HLO__primary_5y__M3__ridge__none,mse,1130.5237107859455,1130.523710785945,4.547473508864641e-13,PASS
PRIMARY__P_to_HLO__primary_5y__M3__ridge__none,rmse,33.62326145373089,33.62326145373088,7.105427357601002e-15,PASS
PRIMARY__P_to_HLO__primary_5y__M3__ridge__none,bias_pred_minus_observed,0.5315974129590032,0.5315974129589949,8.326672684688674e-15,PASS
PRIMARY__P_to_HLO__primary_5y__M1__ols__none,mae,38.66817131726701,38.66817131726702,7.105427357601002e-15,PASS
PRIMARY__P_to_HLO__primary_5y__M1__ols__none,mse,2399.5998704502085,2399.5998704502085,0.0,PASS
PRIMARY__P_to_HLO__primary_5y__M1__ols__none,rmse,48.985710880319054,48.985710880319054,0.0,PASS
PRIMARY__P_to_HLO__primary_5y__M1__ols__none,bias_pred_minus_observed,0.002784350395636459,0.0027843503956335,2.9590045691474387e-15,PASS
PRIMARY__P_to_HLO__primary_5y__M2__ols__none,mae,31.691502237034534,31.691502237034545,1.0658141036401503e-14,PASS
PRIMARY__P_to_HLO__primary_5y__M2__ols__none,mse,1421.0689735751064,1421.068973575108,1.5916157281026244e-12,PASS
PRIMARY__P_to_HLO__primary_5y__M2__ols__none,rmse,37.69706850107985,37.69706850107987,2.1316282072803006e-14,PASS
PRIMARY__P_to_HLO__primary_5y__M2__ols__none,bias_pred_minus_observed,1.1169025788811258,1.1169025788811393,1.354472090042691e-14,PASS
PRIMARY__P_to_HLO__primary_5y__M3__ols__none,mae,28.551197349619464,28.551197349619493,2.842170943040401e-14,PASS
PRIMARY__P_to_HLO__primary_5y__M3__ols__none,mse,1256.0980954206213,1256.0980954206227,1.3642420526593924e-12,PASS
PRIMARY__P_to_HLO__primary_5y__M3__ols__none,rmse,35.44147422752927,35.44147422752929,2.1316282072803006e-14,PASS
PRIMARY__P_to_HLO__primary_5y__M3__ols__none,bias_pred_minus_observed,0.5946213183088571,0.5946213183089077,5.062616992290714e-14,PASS
PRIMARY__P_to_HLO__primary_5y__M1__lasso__none,mae,38.71009913790661,38.71009913790661,0.0,PASS
PRIMARY__P_to_HLO__primary_5y__M1__lasso__none,mse,2405.3468106961604,2405.3468106961604,0.0,PASS
PRIMARY__P_to_HLO__primary_5y__M1__lasso__none,rmse,49.044335153982466,49.04433515398247,7.105427357601002e-15,PASS
PRIMARY__P_to_HLO__primary_5y__M1__lasso__none,bias_pred_minus_observed,0.04638607323487182,0.0463860732348801,8.278100427361323e-15,PASS
PRIMARY__P_to_HLO__primary_5y__M2__lasso__none,mae,28.765038462078092,28.76503846207808,1.0658141036401503e-14,PASS
PRIMARY__P_to_HLO__primary_5y__M2__lasso__none,mse,1305.575394746861,1305.5753947468602,9.094947017729282e-13,PASS
PRIMARY__P_to_HLO__primary_5y__M2__lasso__none,rmse,36.13274684751854,36.132746847518526,1.4210854715202004e-14,PASS
PRIMARY__P_to_HLO__primary_5y__M2__lasso__none,bias_pred_minus_observed,0.47403058176964835,0.4740305817696548,6.439293542825908e-15,PASS
PRIMARY__P_to_HLO__primary_5y__M3__lasso__none,mae,26.775896335480674,26.77589633548068,7.105427357601002e-15,PASS
PRIMARY__P_to_HLO__primary_5y__M3__lasso__none,mse,1143.6845758643085,1143.6845758643087,2.2737367544323206e-13,PASS
PRIMARY__P_to_HLO__primary_5y__M3__lasso__none,rmse,33.81840587408443,33.81840587408443,0.0,PASS
PRIMARY__P_to_HLO__primary_5y__M3__lasso__none,bias_pred_minus_observed,-0.188301996035942,-0.18830199603594,1.9984014443252818e-15,PASS
S10__HLO_to_P__alternative_10y__M0__reference__none,mae,7.659378647303587,7.659378647303589,1.7763568394002505e-15,PASS
S10__HLO_to_P__alternative_10y__M0__reference__none,mse,105.57388802921315,105.57388802921317,1.4210854715202004e-14,PASS
S10__HLO_to_P__alternative_10y__M0__reference__none,rmse,10.274915475526461,10.27491547552646,1.7763568394002505e-15,PASS
S10__HLO_to_P__alternative_10y__M0__reference__none,bias_pred_minus_observed,7.771561172376096e-15,8.215650382226158e-15,4.440892098500626e-16,PASS
S10__HLO_to_P__alternative_10y__M1__ridge__none,mae,5.762926698407025,5.762926698407027,1.7763568394002505e-15,PASS
S10__HLO_to_P__alternative_10y__M1__ridge__none,mse,49.72928615779485,49.72928615779488,2.842170943040401e-14,PASS
S10__HLO_to_P__alternative_10y__M1__ridge__none,rmse,7.051899471617194,7.051899471617195,8.881784197001252e-16,PASS
S10__HLO_to_P__alternative_10y__M1__ridge__none,bias_pred_minus_observed,-0.01962967136238658,-0.019629671362386,5.793976409762536e-16,PASS
S10__HLO_to_P__alternative_10y__M2__ridge__none,mae,5.516169952392955,5.516169952392955,0.0,PASS
S10__HLO_to_P__alternative_10y__M2__ridge__none,mse,54.25690158884044,54.25690158884044,0.0,PASS
S10__HLO_to_P__alternative_10y__M2__ridge__none,rmse,7.365928426806796,7.3659284268067955,8.881784197001252e-16,PASS
S10__HLO_to_P__alternative_10y__M2__ridge__none,bias_pred_minus_observed,-0.03395059395499256,-0.0339505939549946,2.040034807748725e-15,PASS
S10__HLO_to_P__alternative_10y__M3__ridge__none,mae,5.534736330253336,5.534736330253338,1.7763568394002505e-15,PASS
S10__HLO_to_P__alternative_10y__M3__ridge__none,mse,50.92444504533836,50.92444504533835,7.105427357601002e-15,PASS
S10__HLO_to_P__alternative_10y__M3__ridge__none,rmse,7.136136562968674,7.136136562968673,8.881784197001252e-16,PASS
S10__HLO_to_P__alternative_10y__M3__ridge__none,bias_pred_minus_observed,-0.12310228224796449,-0.1231022822479657,1.2073675392798577e-15,PASS
S10__HLO_to_P__primary_5y_matched__M0__reference__none,mae,7.659378647303587,7.659378647303589,1.7763568394002505e-15,PASS
S10__HLO_to_P__primary_5y_matched__M0__reference__none,mse,105.57388802921315,105.57388802921317,1.4210854715202004e-14,PASS
S10__HLO_to_P__primary_5y_matched__M0__reference__none,rmse,10.274915475526461,10.27491547552646,1.7763568394002505e-15,PASS
S10__HLO_to_P__primary_5y_matched__M0__reference__none,bias_pred_minus_observed,7.771561172376096e-15,8.215650382226158e-15,4.440892098500626e-16,PASS
S10__HLO_to_P__primary_5y_matched__M1__ridge__none,mae,5.762926698407025,5.762926698407027,1.7763568394002505e-15,PASS
S10__HLO_to_P__primary_5y_matched__M1__ridge__none,mse,49.72928615779485,49.72928615779488,2.842170943040401e-14,PASS
S10__HLO_to_P__primary_5y_matched__M1__ridge__none,rmse,7.051899471617194,7.051899471617195,8.881784197001252e-16,PASS
S10__HLO_to_P__primary_5y_matched__M1__ridge__none,bias_pred_minus_observed,-0.01962967136238658,-0.019629671362386,5.793976409762536e-16,PASS
S10__HLO_to_P__primary_5y_matched__M2__ridge__none,mae,5.716194753150273,5.716194753150271,1.7763568394002505e-15,PASS
S10__HLO_to_P__primary_5y_matched__M2__ridge__none,mse,58.72623651407859,58.72623651407854,4.973799150320701e-14,PASS
S10__HLO_to_P__primary_5y_matched__M2__ridge__none,rmse,7.663304542694267,7.663304542694264,3.552713678800501e-15,PASS
S10__HLO_to_P__primary_5y_matched__M2__ridge__none,bias_pred_minus_observed,0.10185120709426926,0.1018512070942667,2.55351295663786e-15,PASS
S10__HLO_to_P__primary_5y_matched__M3__ridge__none,mae,5.765619740438974,5.765619740438975,8.881784197001252e-16,PASS
S10__HLO_to_P__primary_5y_matched__M3__ridge__none,mse,58.66199624931909,58.6619962493191,1.4210854715202004e-14,PASS
S10__HLO_to_P__primary_5y_matched__M3__ridge__none,rmse,7.659111975243546,7.659111975243547,8.881784197001252e-16,PASS
S10__HLO_to_P__primary_5y_matched__M3__ridge__none,bias_pred_minus_observed,0.02590763546212027,0.025907635462117,3.271688475692258e-15,PASS
S10__P_to_HLO__alternative_10y__M0__reference__none,mae,63.2101249484127,63.2101249484127,0.0,PASS
S10__P_to_HLO__alternative_10y__M0__reference__none,mse,5556.842485446921,5556.842485446921,0.0,PASS
S10__P_to_HLO__alternative_10y__M0__reference__none,rmse,74.54423173825673,74.54423173825673,0.0,PASS
S10__P_to_HLO__alternative_10y__M0__reference__none,bias_pred_minus_observed,3.9968028886505635e-15,3.996802888650564e-15,7.888609052210118e-31,PASS
S10__P_to_HLO__alternative_10y__M1__ridge__none,mae,39.62624503717593,39.626245037175934,7.105427357601002e-15,PASS
S10__P_to_HLO__alternative_10y__M1__ridge__none,mse,2506.5976525962983,2506.5976525962988,4.547473508864641e-13,PASS
S10__P_to_HLO__alternative_10y__M1__ridge__none,rmse,50.06593305428651,50.06593305428651,0.0,PASS
S10__P_to_HLO__alternative_10y__M1__ridge__none,bias_pred_minus_observed,0.07648216052717771,0.0764821605271892,1.149080830487037e-14,PASS
S10__P_to_HLO__alternative_10y__M2__ridge__none,mae,27.01043751007166,27.010437510071664,3.552713678800501e-15,PASS
S10__P_to_HLO__alternative_10y__M2__ridge__none,mse,1096.479513423321,1096.4795134233204,4.547473508864641e-13,PASS
S10__P_to_HLO__alternative_10y__M2__ridge__none,rmse,33.113132038865196,33.11313203886519,7.105427357601002e-15,PASS
S10__P_to_HLO__alternative_10y__M2__ridge__none,bias_pred_minus_observed,1.1396550935957444,1.139655093595738,6.439293542825908e-15,PASS
S10__P_to_HLO__alternative_10y__M3__ridge__none,mae,23.97056373893308,23.970563738933087,7.105427357601002e-15,PASS
S10__P_to_HLO__alternative_10y__M3__ridge__none,mse,1005.228503504972,1005.2285035049724,4.547473508864641e-13,PASS
S10__P_to_HLO__alternative_10y__M3__ridge__none,rmse,31.705338722445024,31.705338722445035,1.0658141036401503e-14,PASS
S10__P_to_HLO__alternative_10y__M3__ridge__none,bias_pred_minus_observed,0.6621796982521868,0.6621796982521762,1.0658141036401503e-14,PASS
S10__P_to_HLO__primary_5y_matched__M0__reference__none,mae,63.2101249484127,63.2101249484127,0.0,PASS
S10__P_to_HLO__primary_5y_matched__M0__reference__none,mse,5556.842485446921,5556.842485446921,0.0,PASS
S10__P_to_HLO__primary_5y_matched__M0__reference__none,rmse,74.54423173825673,74.54423173825673,0.0,PASS
S10__P_to_HLO__primary_5y_matched__M0__reference__none,bias_pred_minus_observed,3.9968028886505635e-15,3.996802888650564e-15,7.888609052210118e-31,PASS
S10__P_to_HLO__primary_5y_matched__M1__ridge__none,mae,39.62624503717593,39.626245037175934,7.105427357601002e-15,PASS
S10__P_to_HLO__primary_5y_matched__M1__ridge__none,mse,2506.5976525962983,2506.5976525962988,4.547473508864641e-13,PASS
S10__P_to_HLO__primary_5y_matched__M1__ridge__none,rmse,50.06593305428651,50.06593305428651,0.0,PASS
S10__P_to_HLO__primary_5y_matched__M1__ridge__none,bias_pred_minus_observed,0.07648216052717771,0.0764821605271892,1.149080830487037e-14,PASS
S10__P_to_HLO__primary_5y_matched__M2__ridge__none,mae,26.537119564917038,26.537119564917028,1.0658141036401503e-14,PASS
S10__P_to_HLO__primary_5y_matched__M2__ridge__none,mse,1204.476878830883,1204.4768788308816,1.3642420526593924e-12,PASS
S10__P_to_HLO__primary_5y_matched__M2__ridge__none,rmse,34.70557417520827,34.70557417520825,2.1316282072803006e-14,PASS
S10__P_to_HLO__primary_5y_matched__M2__ridge__none,bias_pred_minus_observed,1.2149869145280765,1.214986914528085,8.43769498715119e-15,PASS
S10__P_to_HLO__primary_5y_matched__M3__ridge__none,mae,26.11843278369995,26.11843278369996,7.105427357601002e-15,PASS
S10__P_to_HLO__primary_5y_matched__M3__ridge__none,mse,1125.5685423034245,1125.5685423034247,2.2737367544323206e-13,PASS
S10__P_to_HLO__primary_5y_matched__M3__ridge__none,rmse,33.54949392022813,33.54949392022814,7.105427357601002e-15,PASS
S10__P_to_HLO__primary_5y_matched__M3__ridge__none,bias_pred_minus_observed,0.4386076908206329,0.4386076908206444,1.149080830487037e-14,PASS
S12__HLO_to_P__alternative_12y__M0__reference__none,mae,8.614589915784514,8.614589915784515,1.7763568394002505e-15,PASS
S12__HLO_to_P__alternative_12y__M0__reference__none,mse,122.09155158830234,122.09155158830237,2.842170943040401e-14,PASS
S12__HLO_to_P__alternative_12y__M0__reference__none,rmse,11.049504585650089,11.049504585650087,1.7763568394002505e-15,PASS
S12__HLO_to_P__alternative_12y__M0__reference__none,bias_pred_minus_observed,-2.609024107869118e-15,-2.1649348980190556e-15,4.440892098500622e-16,PASS
S12__HLO_to_P__alternative_12y__M1__ridge__none,mae,6.073864882846282,6.073864882846282,0.0,PASS
S12__HLO_to_P__alternative_12y__M1__ridge__none,mse,53.020608776127695,53.020608776127695,0.0,PASS
S12__HLO_to_P__alternative_12y__M1__ridge__none,rmse,7.281525168268506,7.281525168268506,0.0,PASS
S12__HLO_to_P__alternative_12y__M1__ridge__none,bias_pred_minus_observed,-0.010717450007707519,-0.0107174500077087,1.1813466871402056e-15,PASS
S12__HLO_to_P__alternative_12y__M2__ridge__none,mae,5.951972869970001,5.951972869970002,8.881784197001252e-16,PASS
S12__HLO_to_P__alternative_12y__M2__ridge__none,mse,56.35860206526106,56.35860206526108,2.1316282072803006e-14,PASS
S12__HLO_to_P__alternative_12y__M2__ridge__none,rmse,7.507236646413983,7.507236646413984,1.7763568394002505e-15,PASS
S12__HLO_to_P__alternative_12y__M2__ridge__none,bias_pred_minus_observed,-0.15805064917695816,-0.1580506491769532,4.9682480351975755e-15,PASS
S12__HLO_to_P__alternative_12y__M3__ridge__none,mae,5.850871853720428,5.850871853720427,8.881784197001252e-16,PASS
S12__HLO_to_P__alternative_12y__M3__ridge__none,mse,52.97004147921829,52.970041479218295,7.105427357601002e-15,PASS
S12__HLO_to_P__alternative_12y__M3__ridge__none,rmse,7.278052038781963,7.278052038781963,0.0,PASS
S12__HLO_to_P__alternative_12y__M3__ridge__none,bias_pred_minus_observed,-0.0906185957753482,-0.0906185957753516,3.400058012914542e-15,PASS
S12__HLO_to_P__primary_5y_matched__M0__reference__none,mae,8.614589915784514,8.614589915784515,1.7763568394002505e-15,PASS
S12__HLO_to_P__primary_5y_matched__M0__reference__none,mse,122.09155158830234,122.09155158830237,2.842170943040401e-14,PASS
S12__HLO_to_P__primary_5y_matched__M0__reference__none,rmse,11.049504585650089,11.049504585650087,1.7763568394002505e-15,PASS
S12__HLO_to_P__primary_5y_matched__M0__reference__none,bias_pred_minus_observed,-2.609024107869118e-15,-2.1649348980190556e-15,4.440892098500622e-16,PASS
S12__HLO_to_P__primary_5y_matched__M1__ridge__none,mae,6.073864882846282,6.073864882846282,0.0,PASS
S12__HLO_to_P__primary_5y_matched__M1__ridge__none,mse,53.020608776127695,53.020608776127695,0.0,PASS
S12__HLO_to_P__primary_5y_matched__M1__ridge__none,rmse,7.281525168268506,7.281525168268506,0.0,PASS
S12__HLO_to_P__primary_5y_matched__M1__ridge__none,bias_pred_minus_observed,-0.010717450007707519,-0.0107174500077087,1.1813466871402056e-15,PASS
S12__HLO_to_P__primary_5y_matched__M2__ridge__none,mae,6.521444803290349,6.521444803290351,2.6645352591003757e-15,PASS
S12__HLO_to_P__primary_5y_matched__M2__ridge__none,mse,73.92035539456641,73.92035539456647,5.684341886080802e-14,PASS
S12__HLO_to_P__primary_5y_matched__M2__ridge__none,rmse,8.59769477212156,8.597694772121564,3.552713678800501e-15,PASS
S12__HLO_to_P__primary_5y_matched__M2__ridge__none,bias_pred_minus_observed,0.4408345296086646,0.440834529608665,3.885780586188048e-16,PASS
S12__HLO_to_P__primary_5y_matched__M3__ridge__none,mae,6.45570899440119,6.455708994401191,8.881784197001252e-16,PASS
S12__HLO_to_P__primary_5y_matched__M3__ridge__none,mse,69.50824486420163,69.50824486420164,1.4210854715202004e-14,PASS
S12__HLO_to_P__primary_5y_matched__M3__ridge__none,rmse,8.337160479695807,8.33716047969581,1.7763568394002505e-15,PASS
S12__HLO_to_P__primary_5y_matched__M3__ridge__none,bias_pred_minus_observed,0.5408623162847429,0.5408623162847441,1.2212453270876722e-15,PASS
S12__P_to_HLO__alternative_12y__M0__reference__none,mae,64.87535715909091,64.87535715909091,0.0,PASS
S12__P_to_HLO__alternative_12y__M0__reference__none,mse,5791.428525593279,5791.428525593279,0.0,PASS
S12__P_to_HLO__alternative_12y__M0__reference__none,rmse,76.10143576564951,76.10143576564951,0.0,PASS
S12__P_to_HLO__alternative_12y__M0__reference__none,bias_pred_minus_observed,1.4654943925052066e-14,1.7763568394002505e-14,3.1086244689504383e-15,PASS
S12__P_to_HLO__alternative_12y__M1__ridge__none,mae,39.084972217317365,39.084972217317365,0.0,PASS
S12__P_to_HLO__alternative_12y__M1__ridge__none,mse,2444.6480109653317,2444.648010965332,4.547473508864641e-13,PASS
S12__P_to_HLO__alternative_12y__M1__ridge__none,rmse,49.44338187225194,49.44338187225194,0.0,PASS
S12__P_to_HLO__alternative_12y__M1__ridge__none,bias_pred_minus_observed,-0.05849426044722689,-0.0584942604472321,5.2111093218343285e-15,PASS
S12__P_to_HLO__alternative_12y__M2__ridge__none,mae,24.754756014111965,24.75475601411195,1.4210854715202004e-14,PASS
S12__P_to_HLO__alternative_12y__M2__ridge__none,mse,997.5087882788781,997.5087882788772,9.094947017729282e-13,PASS
S12__P_to_HLO__alternative_12y__M2__ridge__none,rmse,31.58336252331088,31.583362523310868,1.0658141036401503e-14,PASS
S12__P_to_HLO__alternative_12y__M2__ridge__none,bias_pred_minus_observed,0.3716794889627814,0.3716794889627989,1.7486012637846216e-14,PASS
S12__P_to_HLO__alternative_12y__M3__ridge__none,mae,26.68448821365007,26.68448821365006,1.0658141036401503e-14,PASS
S12__P_to_HLO__alternative_12y__M3__ridge__none,mse,1146.1110716651094,1146.1110716651092,2.2737367544323206e-13,PASS
S12__P_to_HLO__alternative_12y__M3__ridge__none,rmse,33.85426223779082,33.85426223779081,7.105427357601002e-15,PASS
S12__P_to_HLO__alternative_12y__M3__ridge__none,bias_pred_minus_observed,-0.7138104532422574,-0.7138104532422695,1.2101430968414206e-14,PASS
S12__P_to_HLO__primary_5y_matched__M0__reference__none,mae,64.87535715909091,64.87535715909091,0.0,PASS
S12__P_to_HLO__primary_5y_matched__M0__reference__none,mse,5791.428525593279,5791.428525593279,0.0,PASS
S12__P_to_HLO__primary_5y_matched__M0__reference__none,rmse,76.10143576564951,76.10143576564951,0.0,PASS
S12__P_to_HLO__primary_5y_matched__M0__reference__none,bias_pred_minus_observed,1.4654943925052066e-14,1.7763568394002505e-14,3.1086244689504383e-15,PASS
S12__P_to_HLO__primary_5y_matched__M1__ridge__none,mae,39.084972217317365,39.084972217317365,0.0,PASS
S12__P_to_HLO__primary_5y_matched__M1__ridge__none,mse,2444.6480109653317,2444.648010965332,4.547473508864641e-13,PASS
S12__P_to_HLO__primary_5y_matched__M1__ridge__none,rmse,49.44338187225194,49.44338187225194,0.0,PASS
S12__P_to_HLO__primary_5y_matched__M1__ridge__none,bias_pred_minus_observed,-0.05849426044722689,-0.0584942604472321,5.2111093218343285e-15,PASS
S12__P_to_HLO__primary_5y_matched__M2__ridge__none,mae,25.75979013617266,25.759790136172672,1.0658141036401503e-14,PASS
S12__P_to_HLO__primary_5y_matched__M2__ridge__none,mse,1151.8474912274726,1151.8474912274726,0.0,PASS
S12__P_to_HLO__primary_5y_matched__M2__ridge__none,rmse,33.938878756191585,33.938878756191585,0.0,PASS
S12__P_to_HLO__primary_5y_matched__M2__ridge__none,bias_pred_minus_observed,1.1712952766250848,1.1712952766251032,1.84297022087776e-14,PASS
S12__P_to_HLO__primary_5y_matched__M3__ridge__none,mae,25.543361402140523,25.543361402140523,0.0,PASS
S12__P_to_HLO__primary_5y_matched__M3__ridge__none,mse,1060.9163382715972,1060.9163382715972,0.0,PASS
S12__P_to_HLO__primary_5y_matched__M3__ridge__none,rmse,32.571710705328286,32.571710705328286,0.0,PASS
S12__P_to_HLO__primary_5y_matched__M3__ridge__none,bias_pred_minus_observed,0.33927203586557075,0.3392720358655783,7.549516567451064e-15,PASS
S4__HLO_to_P__four_year_preceding_5y__M0__reference__none,mae,8.132036502624468,8.132036502624468,0.0,PASS
S4__HLO_to_P__four_year_preceding_5y__M0__reference__none,mse,113.63354053247895,113.63354053247896,1.4210854715202004e-14,PASS
S4__HLO_to_P__four_year_preceding_5y__M0__reference__none,rmse,10.65990340164858,10.65990340164858,0.0,PASS
S4__HLO_to_P__four_year_preceding_5y__M0__reference__none,bias_pred_minus_observed,-4.218847493575595e-15,-4.218847493575595e-15,0.0,PASS
S4__HLO_to_P__four_year_preceding_5y__M1__ridge__none,mae,6.046830410941178,6.04683041094118,1.7763568394002505e-15,PASS
S4__HLO_to_P__four_year_preceding_5y__M1__ridge__none,mse,54.968226718158974,54.968226718159,2.842170943040401e-14,PASS
S4__HLO_to_P__four_year_preceding_5y__M1__ridge__none,rmse,7.414056023403045,7.414056023403046,8.881784197001252e-16,PASS
S4__HLO_to_P__four_year_preceding_5y__M1__ridge__none,bias_pred_minus_observed,0.01653738753590933,0.0165373875359091,2.3245294578089215e-16,PASS
S4__HLO_to_P__four_year_preceding_5y__M2__ridge__none,mae,6.685305388350297,6.685305388350296,8.881784197001252e-16,PASS
S4__HLO_to_P__four_year_preceding_5y__M2__ridge__none,mse,79.56374848302859,79.56374848302859,0.0,PASS
S4__HLO_to_P__four_year_preceding_5y__M2__ridge__none,rmse,8.919851371128814,8.919851371128814,0.0,PASS
S4__HLO_to_P__four_year_preceding_5y__M2__ridge__none,bias_pred_minus_observed,0.20186196810013024,0.2018619681001295,7.494005416219807e-16,PASS
S4__HLO_to_P__four_year_preceding_5y__M3__ridge__none,mae,6.433286321586011,6.433286321586008,2.6645352591003757e-15,PASS
S4__HLO_to_P__four_year_preceding_5y__M3__ridge__none,mse,72.15728218797132,72.15728218797128,4.263256414560601e-14,PASS
S4__HLO_to_P__four_year_preceding_5y__M3__ridge__none,rmse,8.494544260169071,8.49454426016907,1.7763568394002505e-15,PASS
S4__HLO_to_P__four_year_preceding_5y__M3__ridge__none,bias_pred_minus_observed,0.19985930295692178,0.1998593029569215,2.7755575615628914e-16,PASS
S4__P_to_HLO__four_year_preceding_5y__M0__reference__none,mae,59.21831139204546,59.21831139204546,0.0,PASS
S4__P_to_HLO__four_year_preceding_5y__M0__reference__none,mse,4776.458331655494,4776.458331655495,1.8189894035458565e-12,PASS
S4__P_to_HLO__four_year_preceding_5y__M0__reference__none,rmse,69.11192611738942,69.11192611738943,1.4210854715202004e-14,PASS
S4__P_to_HLO__four_year_preceding_5y__M0__reference__none,bias_pred_minus_observed,4.973799150320701e-14,5.329070518200752e-14,3.552713678800507e-15,PASS
S4__P_to_HLO__four_year_preceding_5y__M1__ridge__none,mae,35.586769735211284,35.58676973521129,7.105427357601002e-15,PASS
S4__P_to_HLO__four_year_preceding_5y__M1__ridge__none,mse,2184.0040760179572,2184.0040760179577,4.547473508864641e-13,PASS
S4__P_to_HLO__four_year_preceding_5y__M1__ridge__none,rmse,46.73332939153765,46.73332939153766,7.105427357601002e-15,PASS
S4__P_to_HLO__four_year_preceding_5y__M1__ridge__none,bias_pred_minus_observed,0.17384253482030831,0.1738425348203123,3.9968028886505635e-15,PASS
S4__P_to_HLO__four_year_preceding_5y__M2__ridge__none,mae,29.137675589665236,29.13767558966525,1.4210854715202004e-14,PASS
S4__P_to_HLO__four_year_preceding_5y__M2__ridge__none,mse,1225.1824071021472,1225.1824071021483,1.1368683772161603e-12,PASS
S4__P_to_HLO__four_year_preceding_5y__M2__ridge__none,rmse,35.00260571874824,35.002605718748256,1.4210854715202004e-14,PASS
S4__P_to_HLO__four_year_preceding_5y__M2__ridge__none,bias_pred_minus_observed,0.828076073904486,0.8280760739044786,7.438494264988549e-15,PASS
S4__P_to_HLO__four_year_preceding_5y__M3__ridge__none,mae,26.876573881548808,26.87657388154881,3.552713678800501e-15,PASS
S4__P_to_HLO__four_year_preceding_5y__M3__ridge__none,mse,1056.780814188566,1056.7808141885662,2.2737367544323206e-13,PASS
S4__P_to_HLO__four_year_preceding_5y__M3__ridge__none,rmse,32.50816534639514,32.508165346395145,7.105427357601002e-15,PASS
S4__P_to_HLO__four_year_preceding_5y__M3__ridge__none,bias_pred_minus_observed,0.6138795736514229,0.6138795736514169,5.995204332975845e-15,PASS
SA5__HLO_to_P__assessment_specific_5y_fixed__M0__reference__none,mae,8.013867406583703,8.013867406583703,0.0,PASS
SA5__HLO_to_P__assessment_specific_5y_fixed__M0__reference__none,mse,115.60713466933689,115.60713466933689,0.0,PASS
SA5__HLO_to_P__assessment_specific_5y_fixed__M0__reference__none,rmse,10.752075830709941,10.75207583070994,1.7763568394002505e-15,PASS
SA5__HLO_to_P__assessment_specific_5y_fixed__M0__reference__none,bias_pred_minus_observed,-4.6629367034256575e-15,-4.329869796038111e-15,3.3306690738754617e-16,PASS
SA5__HLO_to_P__assessment_specific_5y_fixed__M1__ridge__none,mae,5.778770284143138,5.778770284143139,8.881784197001252e-16,PASS
SA5__HLO_to_P__assessment_specific_5y_fixed__M1__ridge__none,mse,50.95001663040289,50.9500166304029,7.105427357601002e-15,PASS
SA5__HLO_to_P__assessment_specific_5y_fixed__M1__ridge__none,rmse,7.137928034829358,7.137928034829358,0.0,PASS
SA5__HLO_to_P__assessment_specific_5y_fixed__M1__ridge__none,bias_pred_minus_observed,0.012126565824647037,0.0121265658246463,7.37257477290143e-16,PASS
SA5__HLO_to_P__assessment_specific_5y_fixed__M2__ridge__none,mae,6.4274166439620295,6.427416643962028,1.7763568394002505e-15,PASS
SA5__HLO_to_P__assessment_specific_5y_fixed__M2__ridge__none,mse,70.9804473207624,70.9804473207624,0.0,PASS
SA5__HLO_to_P__assessment_specific_5y_fixed__M2__ridge__none,rmse,8.424989455231525,8.424989455231525,0.0,PASS
SA5__HLO_to_P__assessment_specific_5y_fixed__M2__ridge__none,bias_pred_minus_observed,0.5496347715406635,0.5496347715406605,2.9976021664879227e-15,PASS
SA5__HLO_to_P__assessment_specific_5y_fixed__M3__ridge__none,mae,6.109677302586835,6.109677302586837,1.7763568394002505e-15,PASS
SA5__HLO_to_P__assessment_specific_5y_fixed__M3__ridge__none,mse,65.64722026754019,65.64722026754025,5.684341886080802e-14,PASS
SA5__HLO_to_P__assessment_specific_5y_fixed__M3__ridge__none,rmse,8.102297221624259,8.102297221624262,3.552713678800501e-15,PASS
SA5__HLO_to_P__assessment_specific_5y_fixed__M3__ridge__none,bias_pred_minus_observed,0.41529823634823837,0.4152982363482361,2.275957200481571e-15,PASS
SA5__HLO_to_P__primary_5y_matched__M0__reference__none,mae,8.013867406583703,8.013867406583703,0.0,PASS
SA5__HLO_to_P__primary_5y_matched__M0__reference__none,mse,115.60713466933689,115.60713466933689,0.0,PASS
SA5__HLO_to_P__primary_5y_matched__M0__reference__none,rmse,10.752075830709941,10.75207583070994,1.7763568394002505e-15,PASS
SA5__HLO_to_P__primary_5y_matched__M0__reference__none,bias_pred_minus_observed,-4.6629367034256575e-15,-4.329869796038111e-15,3.3306690738754617e-16,PASS
SA5__HLO_to_P__primary_5y_matched__M1__ridge__none,mae,5.778770284143138,5.778770284143139,8.881784197001252e-16,PASS
SA5__HLO_to_P__primary_5y_matched__M1__ridge__none,mse,50.95001663040289,50.9500166304029,7.105427357601002e-15,PASS
SA5__HLO_to_P__primary_5y_matched__M1__ridge__none,rmse,7.137928034829358,7.137928034829358,0.0,PASS
SA5__HLO_to_P__primary_5y_matched__M1__ridge__none,bias_pred_minus_observed,0.012126565824647037,0.0121265658246463,7.37257477290143e-16,PASS
SA5__HLO_to_P__primary_5y_matched__M2__ridge__none,mae,6.244382945910894,6.244382945910893,1.7763568394002505e-15,PASS
SA5__HLO_to_P__primary_5y_matched__M2__ridge__none,mse,71.7892279260647,71.78922792606464,5.684341886080802e-14,PASS
SA5__HLO_to_P__primary_5y_matched__M2__ridge__none,rmse,8.472852407900465,8.472852407900461,3.552713678800501e-15,PASS
SA5__HLO_to_P__primary_5y_matched__M2__ridge__none,bias_pred_minus_observed,0.5557335972247232,0.5557335972247238,6.661338147750939e-16,PASS
SA5__HLO_to_P__primary_5y_matched__M3__ridge__none,mae,6.027427197831286,6.027427197831287,8.881784197001252e-16,PASS
SA5__HLO_to_P__primary_5y_matched__M3__ridge__none,mse,65.21361327662962,65.2136132766296,1.4210854715202004e-14,PASS
SA5__HLO_to_P__primary_5y_matched__M3__ridge__none,rmse,8.075494614983631,8.07549461498363,1.7763568394002505e-15,PASS
SA5__HLO_to_P__primary_5y_matched__M3__ridge__none,bias_pred_minus_observed,0.30747387218040767,0.3074738721804098,2.1094237467877974e-15,PASS
SA5__P_to_HLO__assessment_specific_5y_fixed__M0__reference__none,mae,64.21833261111111,64.21833261111111,0.0,PASS
SA5__P_to_HLO__assessment_specific_5y_fixed__M0__reference__none,mse,5779.426854494362,5779.426854494361,9.094947017729282e-13,PASS
SA5__P_to_HLO__assessment_specific_5y_fixed__M0__reference__none,rmse,76.02254175239317,76.02254175239315,1.4210854715202004e-14,PASS
SA5__P_to_HLO__assessment_specific_5y_fixed__M0__reference__none,bias_pred_minus_observed,-1.5765166949677223e-14,-6.8833827526759706e-15,8.881784197001252e-15,PASS
SA5__P_to_HLO__assessment_specific_5y_fixed__M1__ridge__none,mae,38.79335083947251,38.79335083947251,0.0,PASS
SA5__P_to_HLO__assessment_specific_5y_fixed__M1__ridge__none,mse,2441.205225728533,2441.2052257285327,4.547473508864641e-13,PASS
SA5__P_to_HLO__assessment_specific_5y_fixed__M1__ridge__none,rmse,49.40855417565397,49.40855417565396,7.105427357601002e-15,PASS
SA5__P_to_HLO__assessment_specific_5y_fixed__M1__ridge__none,bias_pred_minus_observed,0.1152913141242147,0.1152913141242117,2.9976021664879227e-15,PASS
SA5__P_to_HLO__assessment_specific_5y_fixed__M2__ridge__none,mae,26.2061797228806,26.20617972288061,1.0658141036401503e-14,PASS
SA5__P_to_HLO__assessment_specific_5y_fixed__M2__ridge__none,mse,1195.2785702510632,1195.278570251064,6.821210263296962e-13,PASS
SA5__P_to_HLO__assessment_specific_5y_fixed__M2__ridge__none,rmse,34.57280101830141,34.572801018301426,1.4210854715202004e-14,PASS
SA5__P_to_HLO__assessment_specific_5y_fixed__M2__ridge__none,bias_pred_minus_observed,0.8542218235504297,0.8542218235504244,5.329070518200751e-15,PASS
SA5__P_to_HLO__assessment_specific_5y_fixed__M3__ridge__none,mae,25.773358910170522,25.77335891017052,3.552713678800501e-15,PASS
SA5__P_to_HLO__assessment_specific_5y_fixed__M3__ridge__none,mse,1082.763132952554,1082.7631329525543,2.2737367544323206e-13,PASS
SA5__P_to_HLO__assessment_specific_5y_fixed__M3__ridge__none,rmse,32.90536632454582,32.905366324545824,7.105427357601002e-15,PASS
SA5__P_to_HLO__assessment_specific_5y_fixed__M3__ridge__none,bias_pred_minus_observed,0.5460581335770786,0.5460581335770636,1.4988010832439613e-14,PASS
SA5__P_to_HLO__primary_5y_matched__M0__reference__none,mae,64.21833261111111,64.21833261111111,0.0,PASS
SA5__P_to_HLO__primary_5y_matched__M0__reference__none,mse,5779.426854494362,5779.426854494361,9.094947017729282e-13,PASS
SA5__P_to_HLO__primary_5y_matched__M0__reference__none,rmse,76.02254175239317,76.02254175239315,1.4210854715202004e-14,PASS
SA5__P_to_HLO__primary_5y_matched__M0__reference__none,bias_pred_minus_observed,-1.5765166949677223e-14,-6.8833827526759706e-15,8.881784197001252e-15,PASS
SA5__P_to_HLO__primary_5y_matched__M1__ridge__none,mae,38.79335083947251,38.79335083947251,0.0,PASS
SA5__P_to_HLO__primary_5y_matched__M1__ridge__none,mse,2441.205225728533,2441.2052257285327,4.547473508864641e-13,PASS
SA5__P_to_HLO__primary_5y_matched__M1__ridge__none,rmse,49.40855417565397,49.40855417565396,7.105427357601002e-15,PASS
SA5__P_to_HLO__primary_5y_matched__M1__ridge__none,bias_pred_minus_observed,0.1152913141242147,0.1152913141242117,2.9976021664879227e-15,PASS
SA5__P_to_HLO__primary_5y_matched__M2__ridge__none,mae,27.025441473288762,27.025441473288765,3.552713678800501e-15,PASS
SA5__P_to_HLO__primary_5y_matched__M2__ridge__none,mse,1259.0915683672315,1259.0915683672315,0.0,PASS
SA5__P_to_HLO__primary_5y_matched__M2__ridge__none,rmse,35.483680310351566,35.483680310351566,0.0,PASS
SA5__P_to_HLO__primary_5y_matched__M2__ridge__none,bias_pred_minus_observed,1.7033563365322217,1.7033563365322144,7.327471962526033e-15,PASS
SA5__P_to_HLO__primary_5y_matched__M3__ridge__none,mae,24.961392670620445,24.96139267062044,3.552713678800501e-15,PASS
SA5__P_to_HLO__primary_5y_matched__M3__ridge__none,mse,1048.4436415044183,1048.4436415044183,0.0,PASS
SA5__P_to_HLO__primary_5y_matched__M3__ridge__none,rmse,32.379679453392036,32.37967945339204,7.105427357601002e-15,PASS
SA5__P_to_HLO__primary_5y_matched__M3__ridge__none,bias_pred_minus_observed,0.550697364172485,0.5506973641724803,4.773959005888173e-15,PASS
SCC__HLO_to_P__restricted_primary_5y__M0__reference__none,mae,7.894836899786388,7.894836899786386,2.6645352591003757e-15,PASS
SCC__HLO_to_P__restricted_primary_5y__M0__reference__none,mse,103.19637766708577,103.19637766708571,5.684341886080802e-14,PASS
SCC__HLO_to_P__restricted_primary_5y__M0__reference__none,rmse,10.158561791271724,10.15856179127172,3.552713678800501e-15,PASS
SCC__HLO_to_P__restricted_primary_5y__M0__reference__none,bias_pred_minus_observed,3.1086244689504383e-15,4.551914400963142e-15,1.4432899320127035e-15,PASS
SCC__HLO_to_P__restricted_primary_5y__M1__ridge__none,mae,5.392957168327001,5.392957168327,8.881784197001252e-16,PASS
SCC__HLO_to_P__restricted_primary_5y__M1__ridge__none,mse,43.49049658577252,43.49049658577248,3.552713678800501e-14,PASS
SCC__HLO_to_P__restricted_primary_5y__M1__ridge__none,rmse,6.594732487809685,6.594732487809682,2.6645352591003757e-15,PASS
SCC__HLO_to_P__restricted_primary_5y__M1__ridge__none,bias_pred_minus_observed,0.17276465334845212,0.1727646533484522,8.326672684688674e-17,PASS
SCC__HLO_to_P__restricted_primary_5y__M2__ridge__none,mae,6.954660621164043,6.954660621164045,1.7763568394002505e-15,PASS
SCC__HLO_to_P__restricted_primary_5y__M2__ridge__none,mse,71.40644572271731,71.40644572271732,1.4210854715202004e-14,PASS
SCC__HLO_to_P__restricted_primary_5y__M2__ridge__none,rmse,8.45023347149162,8.45023347149162,0.0,PASS
SCC__HLO_to_P__restricted_primary_5y__M2__ridge__none,bias_pred_minus_observed,0.9181758071769226,0.9181758071769216,9.992007221626409e-16,PASS
SCC__HLO_to_P__restricted_primary_5y__M3__ridge__none,mae,5.770895819853951,5.770895819853955,3.552713678800501e-15,PASS
SCC__HLO_to_P__restricted_primary_5y__M3__ridge__none,mse,58.21134380330464,58.211343803304665,2.1316282072803006e-14,PASS
SCC__HLO_to_P__restricted_primary_5y__M3__ridge__none,rmse,7.629635889300658,7.629635889300659,8.881784197001252e-16,PASS
SCC__HLO_to_P__restricted_primary_5y__M3__ridge__none,bias_pred_minus_observed,0.6886285479487577,0.688628547948759,1.3322676295501878e-15,PASS
SCC__P_to_HLO__restricted_primary_5y__M0__reference__none,mae,62.67215535573123,62.67215535573124,1.4210854715202004e-14,PASS
SCC__P_to_HLO__restricted_primary_5y__M0__reference__none,mse,5654.914018849134,5654.914018849132,1.8189894035458565e-12,PASS
SCC__P_to_HLO__restricted_primary_5y__M0__reference__none,rmse,75.19916235470401,75.199162354704,1.4210854715202004e-14,PASS
SCC__P_to_HLO__restricted_primary_5y__M0__reference__none,bias_pred_minus_observed,-1.8207657603852567e-14,-8.437694987151191e-15,9.769962616701376e-15,PASS
SCC__P_to_HLO__restricted_primary_5y__M1__ridge__none,mae,36.925642278190374,36.92564227819037,7.105427357601002e-15,PASS
SCC__P_to_HLO__restricted_primary_5y__M1__ridge__none,mse,2387.859463035194,2387.859463035194,0.0,PASS
SCC__P_to_HLO__restricted_primary_5y__M1__ridge__none,rmse,48.865728921558045,48.865728921558045,0.0,PASS
SCC__P_to_HLO__restricted_primary_5y__M1__ridge__none,bias_pred_minus_observed,0.561989411516405,0.561989411516405,0.0,PASS
SCC__P_to_HLO__restricted_primary_5y__M2__ridge__none,mae,25.730213480915634,25.73021348091565,1.7763568394002505e-14,PASS
SCC__P_to_HLO__restricted_primary_5y__M2__ridge__none,mse,1379.0514991325288,1379.05149913253,1.1368683772161603e-12,PASS
SCC__P_to_HLO__restricted_primary_5y__M2__ridge__none,rmse,37.13558265508337,37.13558265508339,2.1316282072803006e-14,PASS
SCC__P_to_HLO__restricted_primary_5y__M2__ridge__none,bias_pred_minus_observed,1.2965439776857643,1.2965439776857726,8.215650382226158e-15,PASS
SCC__P_to_HLO__restricted_primary_5y__M3__ridge__none,mae,23.956573081715423,23.956573081715405,1.7763568394002505e-14,PASS
SCC__P_to_HLO__restricted_primary_5y__M3__ridge__none,mse,1116.9947180483007,1116.9947180483011,4.547473508864641e-13,PASS
SCC__P_to_HLO__restricted_primary_5y__M3__ridge__none,rmse,33.42147091389457,33.421470913894574,7.105427357601002e-15,PASS
SCC__P_to_HLO__restricted_primary_5y__M3__ridge__none,bias_pred_minus_observed,0.9556628247807284,0.9556628247807252,3.219646771412954e-15,PASS
SCOMP__HLO_to_P__restricted_primary_5y__M0__reference__none,mae,8.102436060473835,8.102436060473833,1.7763568394002505e-15,PASS
SCOMP__HLO_to_P__restricted_primary_5y__M0__reference__none,mse,113.96815591068277,113.9681559106828,2.842170943040401e-14,PASS
SCOMP__HLO_to_P__restricted_primary_5y__M0__reference__none,rmse,10.67558691176662,10.675586911766622,1.7763568394002505e-15,PASS
SCOMP__HLO_to_P__restricted_primary_5y__M0__reference__none,bias_pred_minus_observed,-1.6209256159527285e-14,-1.532107773982716e-14,8.881784197001252e-16,PASS
SCOMP__HLO_to_P__restricted_primary_5y__M1__ridge__none,mae,5.934742513898639,5.934742513898639,0.0,PASS
SCOMP__HLO_to_P__restricted_primary_5y__M1__ridge__none,mse,53.03567522742932,53.03567522742931,1.4210854715202004e-14,PASS
SCOMP__HLO_to_P__restricted_primary_5y__M1__ridge__none,rmse,7.2825596617830275,7.282559661783027,8.881784197001252e-16,PASS
SCOMP__HLO_to_P__restricted_primary_5y__M1__ridge__none,bias_pred_minus_observed,0.018494858395058156,0.0184948583950578,3.5735303605122226e-16,PASS
SCOMP__HLO_to_P__restricted_primary_5y__M2__ridge__none,mae,6.626051932896029,6.62605193289603,8.881784197001252e-16,PASS
SCOMP__HLO_to_P__restricted_primary_5y__M2__ridge__none,mse,74.01426866848709,74.01426866848706,2.842170943040401e-14,PASS
SCOMP__HLO_to_P__restricted_primary_5y__M2__ridge__none,rmse,8.603154576577541,8.60315457657754,1.7763568394002505e-15,PASS
SCOMP__HLO_to_P__restricted_primary_5y__M2__ridge__none,bias_pred_minus_observed,0.43839993543891964,0.4383999354389203,6.661338147750939e-16,PASS
SCOMP__HLO_to_P__restricted_primary_5y__M3__ridge__none,mae,6.200872705656005,6.200872705656005,0.0,PASS
SCOMP__HLO_to_P__restricted_primary_5y__M3__ridge__none,mse,67.70481897979076,67.70481897979073,2.842170943040401e-14,PASS
SCOMP__HLO_to_P__restricted_primary_5y__M3__ridge__none,rmse,8.228293807332767,8.228293807332765,1.7763568394002505e-15,PASS
SCOMP__HLO_to_P__restricted_primary_5y__M3__ridge__none,bias_pred_minus_observed,0.3510796751557115,0.3510796751557126,1.1102230246251565e-15,PASS
SCOMP__P_to_HLO__restricted_primary_5y__M0__reference__none,mae,67.4418494858871,67.4418494858871,0.0,PASS
SCOMP__P_to_HLO__restricted_primary_5y__M0__reference__none,mse,6108.053739956616,6108.0537399566165,9.094947017729282e-13,PASS
SCOMP__P_to_HLO__restricted_primary_5y__M0__reference__none,rmse,78.15403853900716,78.15403853900716,0.0,PASS
SCOMP__P_to_HLO__restricted_primary_5y__M0__reference__none,bias_pred_minus_observed,-1.234568003383174e-13,-1.1901590823981678e-13,4.440892098500626e-15,PASS
SCOMP__P_to_HLO__restricted_primary_5y__M1__ridge__none,mae,41.32640942596453,41.32640942596453,0.0,PASS
SCOMP__P_to_HLO__restricted_primary_5y__M1__ridge__none,mse,2704.1607487402753,2704.1607487402757,4.547473508864641e-13,PASS
SCOMP__P_to_HLO__restricted_primary_5y__M1__ridge__none,rmse,52.00154563799306,52.00154563799306,0.0,PASS
SCOMP__P_to_HLO__restricted_primary_5y__M1__ridge__none,bias_pred_minus_observed,-0.03450874184727315,-0.0345087418472775,4.350686477749832e-15,PASS
SCOMP__P_to_HLO__restricted_primary_5y__M2__ridge__none,mae,27.716818056129938,27.71681805612994,3.552713678800501e-15,PASS
SCOMP__P_to_HLO__restricted_primary_5y__M2__ridge__none,mse,1263.1561455971728,1263.1561455971726,2.2737367544323206e-13,PASS
SCOMP__P_to_HLO__restricted_primary_5y__M2__ridge__none,rmse,35.54090805814017,35.54090805814017,0.0,PASS
SCOMP__P_to_HLO__restricted_primary_5y__M2__ridge__none,bias_pred_minus_observed,0.9876448537843519,0.9876448537843608,8.992806499463768e-15,PASS
SCOMP__P_to_HLO__restricted_primary_5y__M3__ridge__none,mae,26.163364702268098,26.163364702268098,0.0,PASS
SCOMP__P_to_HLO__restricted_primary_5y__M3__ridge__none,mse,1061.8291325600096,1061.8291325600098,2.2737367544323206e-13,PASS
SCOMP__P_to_HLO__restricted_primary_5y__M3__ridge__none,rmse,32.585719764338634,32.58571976433864,7.105427357601002e-15,PASS
SCOMP__P_to_HLO__restricted_primary_5y__M3__ridge__none,bias_pred_minus_observed,-0.12477342107934808,-0.1247734210793614,1.3322676295501878e-14,PASS
STERM__HLO_to_P__restricted_primary_5y__M0__reference__none,mae,8.287471117829003,8.287471117829003,0.0,PASS
STERM__HLO_to_P__restricted_primary_5y__M0__reference__none,mse,116.54055694871502,116.54055694871502,0.0,PASS
STERM__HLO_to_P__restricted_primary_5y__M0__reference__none,rmse,10.795395173346598,10.795395173346598,0.0,PASS
STERM__HLO_to_P__restricted_primary_5y__M0__reference__none,bias_pred_minus_observed,8.548717289613705e-15,8.548717289613705e-15,0.0,PASS
STERM__HLO_to_P__restricted_primary_5y__M1__ridge__none,mae,5.556004505524385,5.556004505524385,0.0,PASS
STERM__HLO_to_P__restricted_primary_5y__M1__ridge__none,mse,47.29641195320914,47.29641195320913,7.105427357601002e-15,PASS
STERM__HLO_to_P__restricted_primary_5y__M1__ridge__none,rmse,6.8772386866539055,6.8772386866539055,0.0,PASS
STERM__HLO_to_P__restricted_primary_5y__M1__ridge__none,bias_pred_minus_observed,9.866227410558481e-05,9.866227410824936e-05,2.6645488116275318e-15,PASS
STERM__HLO_to_P__restricted_primary_5y__M2__ridge__none,mae,6.260307817352127,6.260307817352128,8.881784197001252e-16,PASS
STERM__HLO_to_P__restricted_primary_5y__M2__ridge__none,mse,76.42018289120767,76.4201828912077,2.842170943040401e-14,PASS
STERM__HLO_to_P__restricted_primary_5y__M2__ridge__none,rmse,8.741863811064988,8.74186381106499,1.7763568394002505e-15,PASS
STERM__HLO_to_P__restricted_primary_5y__M2__ridge__none,bias_pred_minus_observed,0.4679284589345252,0.4679284589345251,1.1102230246251565e-16,PASS
STERM__HLO_to_P__restricted_primary_5y__M3__ridge__none,mae,5.947487454981224,5.947487454981223,8.881784197001252e-16,PASS
STERM__HLO_to_P__restricted_primary_5y__M3__ridge__none,mse,67.8921506441216,67.89215064412157,2.842170943040401e-14,PASS
STERM__HLO_to_P__restricted_primary_5y__M3__ridge__none,rmse,8.239669328566626,8.239669328566624,1.7763568394002505e-15,PASS
STERM__HLO_to_P__restricted_primary_5y__M3__ridge__none,bias_pred_minus_observed,0.43540036486990663,0.4354003648699076,9.43689570931383e-16,PASS
STERM__P_to_HLO__restricted_primary_5y__M0__reference__none,mae,63.24889001782529,63.248890017825296,7.105427357601002e-15,PASS
STERM__P_to_HLO__restricted_primary_5y__M0__reference__none,mse,5570.285775260162,5570.285775260162,0.0,PASS
STERM__P_to_HLO__restricted_primary_5y__M0__reference__none,rmse,74.6343471550476,74.6343471550476,0.0,PASS
STERM__P_to_HLO__restricted_primary_5y__M0__reference__none,bias_pred_minus_observed,1.1857181902996672e-13,1.167954621905665e-13,1.7763568394002252e-15,PASS
STERM__P_to_HLO__restricted_primary_5y__M1__ridge__none,mae,36.30006625150387,36.30006625150387,0.0,PASS
STERM__P_to_HLO__restricted_primary_5y__M1__ridge__none,mse,2154.026769963621,2154.026769963621,0.0,PASS
STERM__P_to_HLO__restricted_primary_5y__M1__ridge__none,rmse,46.41149394238049,46.41149394238049,0.0,PASS
STERM__P_to_HLO__restricted_primary_5y__M1__ridge__none,bias_pred_minus_observed,0.08475926088595107,0.0847592608859519,8.326672684688674e-16,PASS
STERM__P_to_HLO__restricted_primary_5y__M2__ridge__none,mae,26.158348437374805,26.158348437374837,3.197442310920451e-14,PASS
STERM__P_to_HLO__restricted_primary_5y__M2__ridge__none,mse,1279.1173050480977,1279.1173050480988,1.1368683772161603e-12,PASS
STERM__P_to_HLO__restricted_primary_5y__M2__ridge__none,rmse,35.764749475539425,35.764749475539446,2.1316282072803006e-14,PASS
STERM__P_to_HLO__restricted_primary_5y__M2__ridge__none,bias_pred_minus_observed,0.925002584035767,0.925002584035768,9.992007221626409e-16,PASS
STERM__P_to_HLO__restricted_primary_5y__M3__ridge__none,mae,25.226628514078186,25.22662851407821,2.4868995751603507e-14,PASS
STERM__P_to_HLO__restricted_primary_5y__M3__ridge__none,mse,1085.810721069708,1085.8107210697094,1.3642420526593924e-12,PASS
STERM__P_to_HLO__restricted_primary_5y__M3__ridge__none,rmse,32.95164216044032,32.95164216044034,2.1316282072803006e-14,PASS
STERM__P_to_HLO__restricted_primary_5y__M3__ridge__none,bias_pred_minus_observed,0.4490224335637231,0.4490224335637266,3.497202527569243e-15,PASS
PRIMARY_DELETE__HLO_to_P__primary_5y__M0__reference__AUS,mae,7.807778952606468,7.807778952606467,8.881784197001252e-16,PASS
PRIMARY_DELETE__HLO_to_P__primary_5y__M0__reference__AUS,mse,111.76173066157747,111.76173066157745,2.842170943040401e-14,PASS
PRIMARY_DELETE__HLO_to_P__primary_5y__M0__reference__AUS,rmse,10.571742082626566,10.571742082626564,1.7763568394002505e-15,PASS
PRIMARY_DELETE__HLO_to_P__primary_5y__M0__reference__AUS,bias_pred_minus_observed,-7.077671781985373e-15,-7.521760991835436e-15,4.440892098500626e-16,PASS
PRIMARY_DELETE__HLO_to_P__primary_5y__M1__ridge__AUS,mae,5.883053880967927,5.883053880967927,0.0,PASS
PRIMARY_DELETE__HLO_to_P__primary_5y__M1__ridge__AUS,mse,52.27446387557881,52.27446387557881,0.0,PASS
PRIMARY_DELETE__HLO_to_P__primary_5y__M1__ridge__AUS,rmse,7.230108151029196,7.230108151029196,0.0,PASS
PRIMARY_DELETE__HLO_to_P__primary_5y__M1__ridge__AUS,bias_pred_minus_observed,0.12322201097531041,0.1232220109753107,2.914335439641036e-16,PASS
PRIMARY_DELETE__HLO_to_P__primary_5y__M2__ridge__AUS,mae,5.8827477859730815,5.88274778597308,1.7763568394002505e-15,PASS
PRIMARY_DELETE__HLO_to_P__primary_5y__M2__ridge__AUS,mse,62.64425114687516,62.64425114687512,4.263256414560601e-14,PASS
PRIMARY_DELETE__HLO_to_P__primary_5y__M2__ridge__AUS,rmse,7.9148121359180195,7.914812135918017,2.6645352591003757e-15,PASS
PRIMARY_DELETE__HLO_to_P__primary_5y__M2__ridge__AUS,bias_pred_minus_observed,0.1638756690231848,0.1638756690231843,4.996003610813204e-16,PASS
PRIMARY_DELETE__HLO_to_P__primary_5y__M3__ridge__AUS,mae,5.617395518548187,5.617395518548188,8.881784197001252e-16,PASS
PRIMARY_DELETE__HLO_to_P__primary_5y__M3__ridge__AUS,mse,58.87888192761963,58.87888192761967,4.263256414560601e-14,PASS
PRIMARY_DELETE__HLO_to_P__primary_5y__M3__ridge__AUS,rmse,7.673257582514719,7.673257582514721,2.6645352591003757e-15,PASS
PRIMARY_DELETE__HLO_to_P__primary_5y__M3__ridge__AUS,bias_pred_minus_observed,0.15210681091638423,0.1521068109163842,2.7755575615628914e-17,PASS
PRIMARY_DELETE__HLO_to_P__primary_5y__M0__reference__AUT,mae,7.6853154374728225,7.6853154374728225,0.0,PASS
PRIMARY_DELETE__HLO_to_P__primary_5y__M0__reference__AUT,mse,109.04008249883807,109.04008249883807,0.0,PASS
PRIMARY_DELETE__HLO_to_P__primary_5y__M0__reference__AUT,rmse,10.442225936017573,10.442225936017572,1.7763568394002505e-15,PASS
PRIMARY_DELETE__HLO_to_P__primary_5y__M0__reference__AUT,bias_pred_minus_observed,-9.020562075079397e-15,-9.020562075079395e-15,1.5777218104420236e-30,PASS
PRIMARY_DELETE__HLO_to_P__primary_5y__M1__ridge__AUT,mae,5.768817483761676,5.768817483761677,8.881784197001252e-16,PASS
PRIMARY_DELETE__HLO_to_P__primary_5y__M1__ridge__AUT,mse,52.42282718220892,52.42282718220892,0.0,PASS
PRIMARY_DELETE__HLO_to_P__primary_5y__M1__ridge__AUT,rmse,7.2403609842471885,7.240360984247187,1.7763568394002505e-15,PASS
PRIMARY_DELETE__HLO_to_P__primary_5y__M1__ridge__AUT,bias_pred_minus_observed,0.18007041080792635,0.1800704108079263,5.551115123125783e-17,PASS
PRIMARY_DELETE__HLO_to_P__primary_5y__M2__ridge__AUT,mae,5.749235302373433,5.749235302373431,1.7763568394002505e-15,PASS
PRIMARY_DELETE__HLO_to_P__primary_5y__M2__ridge__AUT,mse,62.58447052384339,62.584470523843386,7.105427357601002e-15,PASS
PRIMARY_DELETE__HLO_to_P__primary_5y__M2__ridge__AUT,rmse,7.91103473155335,7.91103473155335,0.0,PASS
PRIMARY_DELETE__HLO_to_P__primary_5y__M2__ridge__AUT,bias_pred_minus_observed,0.16624412216770387,0.1662441221677058,1.915134717478395e-15,PASS
PRIMARY_DELETE__HLO_to_P__primary_5y__M3__ridge__AUT,mae,5.617343224683333,5.617343224683335,1.7763568394002505e-15,PASS
PRIMARY_DELETE__HLO_to_P__primary_5y__M3__ridge__AUT,mse,60.74795572534393,60.74795572534396,2.842170943040401e-14,PASS
PRIMARY_DELETE__HLO_to_P__primary_5y__M3__ridge__AUT,rmse,7.79409749267636,7.794097492676363,2.6645352591003757e-15,PASS
PRIMARY_DELETE__HLO_to_P__primary_5y__M3__ridge__AUT,bias_pred_minus_observed,0.33066358392962014,0.3306635839296218,1.6653345369377348e-15,PASS
PRIMARY_DELETE__HLO_to_P__primary_5y__M0__reference__BHR,mae,7.882667543412702,7.882667543412704,1.7763568394002505e-15,PASS
PRIMARY_DELETE__HLO_to_P__primary_5y__M0__reference__BHR,mse,112.92099607544485,112.92099607544488,2.842170943040401e-14,PASS
PRIMARY_DELETE__HLO_to_P__primary_5y__M0__reference__BHR,rmse,10.626429130966095,10.626429130966097,1.7763568394002505e-15,PASS
PRIMARY_DELETE__HLO_to_P__primary_5y__M0__reference__BHR,bias_pred_minus_observed,-7.743805596760467e-15,-6.078471059822732e-15,1.6653345369377348e-15,PASS
PRIMARY_DELETE__HLO_to_P__primary_5y__M1__ridge__BHR,mae,5.766638956529166,5.766638956529167,1.7763568394002505e-15,PASS
PRIMARY_DELETE__HLO_to_P__primary_5y__M1__ridge__BHR,mse,51.07107469605472,51.07107469605472,0.0,PASS
PRIMARY_DELETE__HLO_to_P__primary_5y__M1__ridge__BHR,rmse,7.146402920074877,7.146402920074877,0.0,PASS
PRIMARY_DELETE__HLO_to_P__primary_5y__M1__ridge__BHR,bias_pred_minus_observed,0.10090454187085238,0.1009045418708531,7.216449660063518e-16,PASS
PRIMARY_DELETE__HLO_to_P__primary_5y__M2__ridge__BHR,mae,5.522380187735854,5.522380187735855,1.7763568394002505e-15,PASS
PRIMARY_DELETE__HLO_to_P__primary_5y__M2__ridge__BHR,mse,60.52023387866995,60.52023387866996,1.4210854715202004e-14,PASS
PRIMARY_DELETE__HLO_to_P__primary_5y__M2__ridge__BHR,rmse,7.7794751673020945,7.779475167302095,8.881784197001252e-16,PASS
PRIMARY_DELETE__HLO_to_P__primary_5y__M2__ridge__BHR,bias_pred_minus_observed,0.037845003281962254,0.037845003281962,2.5673907444456745e-16,PASS
PRIMARY_DELETE__HLO_to_P__primary_5y__M3__ridge__BHR,mae,5.625883066488222,5.625883066488226,3.552713678800501e-15,PASS
PRIMARY_DELETE__HLO_to_P__primary_5y__M3__ridge__BHR,mse,60.813925991091956,60.81392599109201,5.684341886080802e-14,PASS
PRIMARY_DELETE__HLO_to_P__primary_5y__M3__ridge__BHR,rmse,7.798328410056347,7.798328410056351,4.440892098500626e-15,PASS
PRIMARY_DELETE__HLO_to_P__primary_5y__M3__ridge__BHR,bias_pred_minus_observed,0.3044944632167814,0.3044944632167841,2.6645352591003757e-15,PASS
PRIMARY_DELETE__HLO_to_P__primary_5y__M0__reference__BRA,mae,7.944887982712983,7.944887982712982,8.881784197001252e-16,PASS
PRIMARY_DELETE__HLO_to_P__primary_5y__M0__reference__BRA,mse,113.159181859104,113.15918185910397,2.842170943040401e-14,PASS
PRIMARY_DELETE__HLO_to_P__primary_5y__M0__reference__BRA,rmse,10.63763046261262,10.63763046261262,0.0,PASS
PRIMARY_DELETE__HLO_to_P__primary_5y__M0__reference__BRA,bias_pred_minus_observed,-5.856426454897701e-15,-6.161737786669619e-15,3.0531133177191805e-16,PASS
PRIMARY_DELETE__HLO_to_P__primary_5y__M1__ridge__BRA,mae,5.955304140718811,5.95530414071881,8.881784197001252e-16,PASS
PRIMARY_DELETE__HLO_to_P__primary_5y__M1__ridge__BRA,mse,54.11428523085272,54.11428523085273,7.105427357601002e-15,PASS
PRIMARY_DELETE__HLO_to_P__primary_5y__M1__ridge__BRA,rmse,7.3562412433832485,7.356241243383249,8.881784197001252e-16,PASS
PRIMARY_DELETE__HLO_to_P__primary_5y__M1__ridge__BRA,bias_pred_minus_observed,-0.05450415030266756,-0.0545041503026655,2.060851489460447e-15,PASS
PRIMARY_DELETE__HLO_to_P__primary_5y__M2__ridge__BRA,mae,6.037110618505508,6.037110618505508,0.0,PASS
PRIMARY_DELETE__HLO_to_P__primary_5y__M2__ridge__BRA,mse,65.80132812317416,65.80132812317412,4.263256414560601e-14,PASS
PRIMARY_DELETE__HLO_to_P__primary_5y__M2__ridge__BRA,rmse,8.11180178031824,8.111801780318237,3.552713678800501e-15,PASS
PRIMARY_DELETE__HLO_to_P__primary_5y__M2__ridge__BRA,bias_pred_minus_observed,0.3652874615756041,0.3652874615756029,1.2212453270876722e-15,PASS
PRIMARY_DELETE__HLO_to_P__primary_5y__M3__ridge__BRA,mae,5.501009865174698,5.501009865174698,0.0,PASS
PRIMARY_DELETE__HLO_to_P__primary_5y__M3__ridge__BRA,mse,57.90914802400372,57.90914802400369,2.842170943040401e-14,PASS
PRIMARY_DELETE__HLO_to_P__primary_5y__M3__ridge__BRA,rmse,7.60980604378349,7.609806043783488,1.7763568394002505e-15,PASS
PRIMARY_DELETE__HLO_to_P__primary_5y__M3__ridge__BRA,bias_pred_minus_observed,0.1328168280699199,0.1328168280699214,1.4988010832439613e-15,PASS
PRIMARY_DELETE__HLO_to_P__primary_5y__M0__reference__CHL,mae,7.720112812691379,7.72011281269138,8.881784197001252e-16,PASS
PRIMARY_DELETE__HLO_to_P__primary_5y__M0__reference__CHL,mse,110.17318679116894,110.17318679116896,1.4210854715202004e-14,PASS
PRIMARY_DELETE__HLO_to_P__primary_5y__M0__reference__CHL,rmse,10.496341590819581,10.496341590819585,3.552713678800501e-15,PASS
PRIMARY_DELETE__HLO_to_P__primary_5y__M0__reference__CHL,bias_pred_minus_observed,-2.248201624865942e-15,-1.1379786002407857e-15,1.1102230246251563e-15,PASS
PRIMARY_DELETE__HLO_to_P__primary_5y__M1__ridge__CHL,mae,5.706818814103493,5.706818814103495,1.7763568394002505e-15,PASS
PRIMARY_DELETE__HLO_to_P__primary_5y__M1__ridge__CHL,mse,49.56200893797062,49.56200893797066,4.263256414560601e-14,PASS
PRIMARY_DELETE__HLO_to_P__primary_5y__M1__ridge__CHL,rmse,7.040029043830048,7.040029043830051,3.552713678800501e-15,PASS
PRIMARY_DELETE__HLO_to_P__primary_5y__M1__ridge__CHL,bias_pred_minus_observed,0.13440161212506535,0.1344016121250668,1.4432899320127035e-15,PASS
PRIMARY_DELETE__HLO_to_P__primary_5y__M2__ridge__CHL,mae,5.639140644031853,5.639140644031849,4.440892098500626e-15,PASS
PRIMARY_DELETE__HLO_to_P__primary_5y__M2__ridge__CHL,mse,59.02946080748669,59.02946080748665,4.263256414560601e-14,PASS
PRIMARY_DELETE__HLO_to_P__primary_5y__M2__ridge__CHL,rmse,7.683063243751589,7.683063243751587,2.6645352591003757e-15,PASS
PRIMARY_DELETE__HLO_to_P__primary_5y__M2__ridge__CHL,bias_pred_minus_observed,0.1536637539503235,0.1536637539503222,1.304512053934559e-15,PASS
PRIMARY_DELETE__HLO_to_P__primary_5y__M3__ridge__CHL,mae,5.6881157201594155,5.688115720159415,8.881784197001252e-16,PASS
PRIMARY_DELETE__HLO_to_P__primary_5y__M3__ridge__CHL,mse,61.42396760605715,61.42396760605715,0.0,PASS
PRIMARY_DELETE__HLO_to_P__primary_5y__M3__ridge__CHL,rmse,7.837344423084719,7.837344423084719,0.0,PASS
PRIMARY_DELETE__HLO_to_P__primary_5y__M3__ridge__CHL,bias_pred_minus_observed,0.4763408019524718,0.4763408019524731,1.27675647831893e-15,PASS
PRIMARY_DELETE__HLO_to_P__primary_5y__M0__reference__COL,mae,7.910404199518711,7.910404199518712,1.7763568394002505e-15,PASS
PRIMARY_DELETE__HLO_to_P__primary_5y__M0__reference__COL,mse,113.05946394154537,113.05946394154536,1.4210854715202004e-14,PASS
PRIMARY_DELETE__HLO_to_P__primary_5y__M0__reference__COL,rmse,10.63294239340858,10.63294239340858,0.0,PASS
PRIMARY_DELETE__HLO_to_P__primary_5y__M0__reference__COL,bias_pred_minus_observed,-1.4960255256823984e-14,-1.4710455076283324e-14,2.498001805406602e-16,PASS
PRIMARY_DELETE__HLO_to_P__primary_5y__M1__ridge__COL,mae,5.718242140419393,5.718242140419394,1.7763568394002505e-15,PASS
PRIMARY_DELETE__HLO_to_P__primary_5y__M1__ridge__COL,mse,49.77178044769125,49.77178044769127,2.1316282072803006e-14,PASS
PRIMARY_DELETE__HLO_to_P__primary_5y__M1__ridge__COL,rmse,7.054911795883153,7.054911795883154,8.881784197001252e-16,PASS
PRIMARY_DELETE__HLO_to_P__primary_5y__M1__ridge__COL,bias_pred_minus_observed,0.032492722073648644,0.032492722073649,3.5388358909926865e-16,PASS
PRIMARY_DELETE__HLO_to_P__primary_5y__M2__ridge__COL,mae,6.193136751768196,6.193136751768194,1.7763568394002505e-15,PASS
PRIMARY_DELETE__HLO_to_P__primary_5y__M2__ridge__COL,mse,69.5739758444128,69.57397584441277,2.842170943040401e-14,PASS
PRIMARY_DELETE__HLO_to_P__primary_5y__M2__ridge__COL,rmse,8.341101596576605,8.341101596576603,1.7763568394002505e-15,PASS
PRIMARY_DELETE__HLO_to_P__primary_5y__M2__ridge__COL,bias_pred_minus_observed,0.4290178216298927,0.4290178216298936,8.881784197001252e-16,PASS
PRIMARY_DELETE__HLO_to_P__primary_5y__M3__ridge__COL,mae,5.980237263654932,5.980237263654934,1.7763568394002505e-15,PASS
PRIMARY_DELETE__HLO_to_P__primary_5y__M3__ridge__COL,mse,65.13235830366143,65.13235830366145,1.4210854715202004e-14,PASS
PRIMARY_DELETE__HLO_to_P__primary_5y__M3__ridge__COL,rmse,8.070462087369064,8.070462087369066,1.7763568394002505e-15,PASS
PRIMARY_DELETE__HLO_to_P__primary_5y__M3__ridge__COL,bias_pred_minus_observed,0.32234389989315954,0.3223438998931592,3.3306690738754696e-16,PASS
PRIMARY_DELETE__HLO_to_P__primary_5y__M0__reference__CRI,mae,7.9556426492096755,7.9556426492096755,0.0,PASS
PRIMARY_DELETE__HLO_to_P__primary_5y__M0__reference__CRI,mse,113.19096567705591,113.19096567705589,2.842170943040401e-14,PASS
PRIMARY_DELETE__HLO_to_P__primary_5y__M0__reference__CRI,rmse,10.639124290892362,10.639124290892362,0.0,PASS
PRIMARY_DELETE__HLO_to_P__primary_5y__M0__reference__CRI,bias_pred_minus_observed,-1.4405143744511406e-14,-1.4627188349436434e-14,2.2204460492502815e-16,PASS
PRIMARY_DELETE__HLO_to_P__primary_5y__M1__ridge__CRI,mae,5.830997525298097,5.830997525298097,0.0,PASS
PRIMARY_DELETE__HLO_to_P__primary_5y__M1__ridge__CRI,mse,51.12967533911547,51.129675339115465,7.105427357601002e-15,PASS
PRIMARY_DELETE__HLO_to_P__primary_5y__M1__ridge__CRI,rmse,7.150501754360701,7.150501754360701,0.0,PASS
PRIMARY_DELETE__HLO_to_P__primary_5y__M1__ridge__CRI,bias_pred_minus_observed,0.1048658530908265,0.1048658530908277,1.2073675392798577e-15,PASS
PRIMARY_DELETE__HLO_to_P__primary_5y__M2__ridge__CRI,mae,6.097841387932915,6.097841387932916,8.881784197001252e-16,PASS
PRIMARY_DELETE__HLO_to_P__primary_5y__M2__ridge__CRI,mse,67.57602158050462,67.57602158050462,0.0,PASS
PRIMARY_DELETE__HLO_to_P__primary_5y__M2__ridge__CRI,rmse,8.22046358671484,8.22046358671484,0.0,PASS
PRIMARY_DELETE__HLO_to_P__primary_5y__M2__ridge__CRI,bias_pred_minus_observed,0.4234278975788474,0.4234278975788476,1.6653345369377348e-16,PASS
PRIMARY_DELETE__HLO_to_P__primary_5y__M3__ridge__CRI,mae,5.846914349229231,5.846914349229231,0.0,PASS
PRIMARY_DELETE__HLO_to_P__primary_5y__M3__ridge__CRI,mse,63.59864503150422,63.59864503150422,0.0,PASS
PRIMARY_DELETE__HLO_to_P__primary_5y__M3__ridge__CRI,rmse,7.974875863078009,7.974875863078009,0.0,PASS
PRIMARY_DELETE__HLO_to_P__primary_5y__M3__ridge__CRI,bias_pred_minus_observed,0.4253022516505754,0.4253022516505743,1.1102230246251565e-15,PASS
PRIMARY_DELETE__HLO_to_P__primary_5y__M0__reference__DEU,mae,7.738580464475022,7.738580464475023,8.881784197001252e-16,PASS
PRIMARY_DELETE__HLO_to_P__primary_5y__M0__reference__DEU,mse,110.24533338731145,110.24533338731148,2.842170943040401e-14,PASS
PRIMARY_DELETE__HLO_to_P__primary_5y__M0__reference__DEU,rmse,10.499777777996611,10.499777777996613,1.7763568394002505e-15,PASS
PRIMARY_DELETE__HLO_to_P__primary_5y__M0__reference__DEU,bias_pred_minus_observed,-3.497202527569243e-15,-2.609024107869118e-15,8.881784197001252e-16,PASS
PRIMARY_DELETE__HLO_to_P__primary_5y__M1__ridge__DEU,mae,5.981315593502262,5.98131559350226,1.7763568394002505e-15,PASS
PRIMARY_DELETE__HLO_to_P__primary_5y__M1__ridge__DEU,mse,55.031920291969534,55.03192029196951,2.1316282072803006e-14,PASS
PRIMARY_DELETE__HLO_to_P__primary_5y__M1__ridge__DEU,rmse,7.418350240583787,7.418350240583786,8.881784197001252e-16,PASS
PRIMARY_DELETE__HLO_to_P__primary_5y__M1__ridge__DEU,bias_pred_minus_observed,0.048234846751991356,0.0482348467519921,7.424616477180734e-16,PASS
PRIMARY_DELETE__HLO_to_P__primary_5y__M2__ridge__DEU,mae,6.0341266350683185,6.034126635068319,8.881784197001252e-16,PASS
PRIMARY_DELETE__HLO_to_P__primary_5y__M2__ridge__DEU,mse,66.09349815483361,66.09349815483364,2.842170943040401e-14,PASS
PRIMARY_DELETE__HLO_to_P__primary_5y__M2__ridge__DEU,rmse,8.12979078173809,8.129790781738091,1.7763568394002505e-15,PASS
PRIMARY_DELETE__HLO_to_P__primary_5y__M2__ridge__DEU,bias_pred_minus_observed,0.34476366147170273,0.344763661471701,1.7208456881689926e-15,PASS
PRIMARY_DELETE__HLO_to_P__primary_5y__M3__ridge__DEU,mae,5.739771759388326,5.739771759388326,0.0,PASS
PRIMARY_DELETE__HLO_to_P__primary_5y__M3__ridge__DEU,mse,61.50392248995743,61.50392248995743,0.0,PASS
PRIMARY_DELETE__HLO_to_P__primary_5y__M3__ridge__DEU,rmse,7.8424436555169095,7.842443655516909,8.881784197001252e-16,PASS
PRIMARY_DELETE__HLO_to_P__primary_5y__M3__ridge__DEU,bias_pred_minus_observed,0.3356439312599888,0.335643931259992,3.164135620181696e-15,PASS
PRIMARY_DELETE__HLO_to_P__primary_5y__M0__reference__EGY,mae,7.967230351842465,7.967230351842465,0.0,PASS
PRIMARY_DELETE__HLO_to_P__primary_5y__M0__reference__EGY,mse,113.20583227063813,113.20583227063813,0.0,PASS
PRIMARY_DELETE__HLO_to_P__primary_5y__M0__reference__EGY,rmse,10.639822943575618,10.639822943575618,0.0,PASS
PRIMARY_DELETE__HLO_to_P__primary_5y__M0__reference__EGY,bias_pred_minus_observed,-1.4016565685892601e-14,-1.4460654895742664e-14,4.440892098500626e-16,PASS
PRIMARY_DELETE__HLO_to_P__primary_5y__M1__ridge__EGY,mae,5.540592115543873,5.540592115543872,8.881784197001252e-16,PASS
PRIMARY_DELETE__HLO_to_P__primary_5y__M1__ridge__EGY,mse,47.460754608163526,47.46075460816352,7.105427357601002e-15,PASS
PRIMARY_DELETE__HLO_to_P__primary_5y__M1__ridge__EGY,rmse,6.889176627737419,6.889176627737419,0.0,PASS
PRIMARY_DELETE__HLO_to_P__primary_5y__M1__ridge__EGY,bias_pred_minus_observed,0.10186594018180076,0.1018659401818013,5.412337245047638e-16,PASS
PRIMARY_DELETE__HLO_to_P__primary_5y__M2__ridge__EGY,mae,5.9837781129667595,5.98377811296676,8.881784197001252e-16,PASS
PRIMARY_DELETE__HLO_to_P__primary_5y__M2__ridge__EGY,mse,68.20201971085167,68.20201971085167,0.0,PASS
PRIMARY_DELETE__HLO_to_P__primary_5y__M2__ridge__EGY,rmse,8.258451411181861,8.258451411181861,0.0,PASS
PRIMARY_DELETE__HLO_to_P__primary_5y__M2__ridge__EGY,bias_pred_minus_observed,0.435301029426139,0.4353010294261377,1.3322676295501878e-15,PASS
PRIMARY_DELETE__HLO_to_P__primary_5y__M3__ridge__EGY,mae,5.657450396787618,5.657450396787618,0.0,PASS
PRIMARY_DELETE__HLO_to_P__primary_5y__M3__ridge__EGY,mse,62.05069980003282,62.05069980003282,0.0,PASS
PRIMARY_DELETE__HLO_to_P__primary_5y__M3__ridge__EGY,rmse,7.877226656637018,7.877226656637018,0.0,PASS
PRIMARY_DELETE__HLO_to_P__primary_5y__M3__ridge__EGY,bias_pred_minus_observed,0.44538806283689963,0.4453880628369019,2.275957200481571e-15,PASS
PRIMARY_DELETE__HLO_to_P__primary_5y__M0__reference__ESP,mae,7.910349610524982,7.910349610524983,8.881784197001252e-16,PASS
PRIMARY_DELETE__HLO_to_P__primary_5y__M0__reference__ESP,mse,112.96058678813509,112.9605867881351,1.4210854715202004e-14,PASS
PRIMARY_DELETE__HLO_to_P__primary_5y__M0__reference__ESP,rmse,10.628291809511776,10.628291809511776,0.0,PASS
PRIMARY_DELETE__HLO_to_P__primary_5y__M0__reference__ESP,bias_pred_minus_observed,-1.1934897514720433e-14,-1.1185496973098452e-14,7.494005416219807e-16,PASS
PRIMARY_DELETE__HLO_to_P__primary_5y__M1__ridge__ESP,mae,5.955515993926228,5.955515993926226,1.7763568394002505e-15,PASS
PRIMARY_DELETE__HLO_to_P__primary_5y__M1__ridge__ESP,mse,53.84312511686916,53.84312511686913,2.842170943040401e-14,PASS
PRIMARY_DELETE__HLO_to_P__primary_5y__M1__ridge__ESP,rmse,7.337787481037398,7.337787481037396,1.7763568394002505e-15,PASS
PRIMARY_DELETE__HLO_to_P__primary_5y__M1__ridge__ESP,bias_pred_minus_observed,0.01575514338265377,0.015755143382652,1.7694179454963432e-15,PASS
PRIMARY_DELETE__HLO_to_P__primary_5y__M2__ridge__ESP,mae,5.9404685892967874,5.940468589296785,2.6645352591003757e-15,PASS
PRIMARY_DELETE__HLO_to_P__primary_5y__M2__ridge__ESP,mse,65.14004920081464,65.14004920081467,2.842170943040401e-14,PASS
PRIMARY_DELETE__HLO_to_P__primary_5y__M2__ridge__ESP,rmse,8.070938557616124,8.070938557616126,1.7763568394002505e-15,PASS
PRIMARY_DELETE__HLO_to_P__primary_5y__M2__ridge__ESP,bias_pred_minus_observed,0.3890545635942468,0.3890545635942471,3.3306690738754696e-16,PASS
PRIMARY_DELETE__HLO_to_P__primary_5y__M3__ridge__ESP,mae,5.7491105602227295,5.749110560222729,8.881784197001252e-16,PASS
PRIMARY_DELETE__HLO_to_P__primary_5y__M3__ridge__ESP,mse,61.17425952804183,61.17425952804182,7.105427357601002e-15,PASS
PRIMARY_DELETE__HLO_to_P__primary_5y__M3__ridge__ESP,rmse,7.821397543153131,7.821397543153131,0.0,PASS
PRIMARY_DELETE__HLO_to_P__primary_5y__M3__ridge__ESP,bias_pred_minus_observed,0.3818847185362928,0.3818847185362919,8.881784197001252e-16,PASS
PRIMARY_DELETE__HLO_to_P__primary_5y__M0__reference__FIN,mae,7.720595001177084,7.720595001177083,8.881784197001252e-16,PASS
PRIMARY_DELETE__HLO_to_P__primary_5y__M0__reference__FIN,mse,109.96814988869431,109.96814988869428,2.842170943040401e-14,PASS
PRIMARY_DELETE__HLO_to_P__primary_5y__M0__reference__FIN,rmse,10.486569977294497,10.486569977294495,1.7763568394002505e-15,PASS
PRIMARY_DELETE__HLO_to_P__primary_5y__M0__reference__FIN,bias_pred_minus_observed,-1.329492071988625e-14,-1.3711254354120683e-14,4.163336342344337e-16,PASS
PRIMARY_DELETE__HLO_to_P__primary_5y__M1__ridge__FIN,mae,5.876248304869111,5.876248304869111,0.0,PASS
PRIMARY_DELETE__HLO_to_P__primary_5y__M1__ridge__FIN,mse,53.24778540798306,53.24778540798305,7.105427357601002e-15,PASS
PRIMARY_DELETE__HLO_to_P__primary_5y__M1__ridge__FIN,rmse,7.297108016740815,7.297108016740814,8.881784197001252e-16,PASS
PRIMARY_DELETE__HLO_to_P__primary_5y__M1__ridge__FIN,bias_pred_minus_observed,0.05252172374803539,0.0525217237480341,1.2906342661267445e-15,PASS
PRIMARY_DELETE__HLO_to_P__primary_5y__M2__ridge__FIN,mae,6.087915383451234,6.087915383451236,1.7763568394002505e-15,PASS
PRIMARY_DELETE__HLO_to_P__primary_5y__M2__ridge__FIN,mse,66.22607782288156,66.22607782288156,0.0,PASS
PRIMARY_DELETE__HLO_to_P__primary_5y__M2__ridge__FIN,rmse,8.137940637709368,8.137940637709368,0.0,PASS
PRIMARY_DELETE__HLO_to_P__primary_5y__M2__ridge__FIN,bias_pred_minus_observed,0.35812639537593194,0.3581263953759328,8.881784197001252e-16,PASS
PRIMARY_DELETE__HLO_to_P__primary_5y__M3__ridge__FIN,mae,5.890326134617627,5.890326134617627,0.0,PASS
PRIMARY_DELETE__HLO_to_P__primary_5y__M3__ridge__FIN,mse,63.81510337336596,63.81510337336597,1.4210854715202004e-14,PASS
PRIMARY_DELETE__HLO_to_P__primary_5y__M3__ridge__FIN,rmse,7.988435602379602,7.988435602379603,8.881784197001252e-16,PASS
PRIMARY_DELETE__HLO_to_P__primary_5y__M3__ridge__FIN,bias_pred_minus_observed,0.4101269464434057,0.4101269464434057,0.0,PASS
PRIMARY_DELETE__HLO_to_P__primary_5y__M0__reference__GHA,mae,7.209371685960485,7.209371685960487,1.7763568394002505e-15,PASS
PRIMARY_DELETE__HLO_to_P__primary_5y__M0__reference__GHA,mse,94.68524834689977,94.68524834689975,1.4210854715202004e-14,PASS
PRIMARY_DELETE__HLO_to_P__primary_5y__M0__reference__GHA,rmse,9.730634529510384,9.730634529510384,0.0,PASS
PRIMARY_DELETE__HLO_to_P__primary_5y__M0__reference__GHA,bias_pred_minus_observed,-1.3572476476042539e-14,-1.1907141939104804e-14,1.6653345369377348e-15,PASS
PRIMARY_DELETE__HLO_to_P__primary_5y__M1__ridge__GHA,mae,5.5525190730739515,5.552519073073953,1.7763568394002505e-15,PASS
PRIMARY_DELETE__HLO_to_P__primary_5y__M1__ridge__GHA,mse,50.48569071837077,50.48569071837076,7.105427357601002e-15,PASS
PRIMARY_DELETE__HLO_to_P__primary_5y__M1__ridge__GHA,rmse,7.105328332904171,7.105328332904171,0.0,PASS
PRIMARY_DELETE__HLO_to_P__primary_5y__M1__ridge__GHA,bias_pred_minus_observed,-0.0381018272042956,-0.0381018272042962,6.036837696399289e-16,PASS
PRIMARY_DELETE__HLO_to_P__primary_5y__M2__ridge__GHA,mae,6.29818640211754,6.298186402117535,5.329070518200751e-15,PASS
PRIMARY_DELETE__HLO_to_P__primary_5y__M2__ridge__GHA,mse,70.77630996498172,70.77630996498168,4.263256414560601e-14,PASS
PRIMARY_DELETE__HLO_to_P__primary_5y__M2__ridge__GHA,rmse,8.412865740339717,8.412865740339713,3.552713678800501e-15,PASS
PRIMARY_DELETE__HLO_to_P__primary_5y__M2__ridge__GHA,bias_pred_minus_observed,0.08658719895275051,0.0865871989527505,1.3877787807814457e-17,PASS
PRIMARY_DELETE__HLO_to_P__primary_5y__M3__ridge__GHA,mae,5.676412613184339,5.676412613184341,1.7763568394002505e-15,PASS
PRIMARY_DELETE__HLO_to_P__primary_5y__M3__ridge__GHA,mse,58.210460966095525,58.21046096609554,1.4210854715202004e-14,PASS
PRIMARY_DELETE__HLO_to_P__primary_5y__M3__ridge__GHA,rmse,7.629578033292242,7.629578033292243,8.881784197001252e-16,PASS
PRIMARY_DELETE__HLO_to_P__primary_5y__M3__ridge__GHA,bias_pred_minus_observed,-0.16113676023769755,-0.1611367602377017,4.163336342344337e-15,PASS
PRIMARY_DELETE__HLO_to_P__primary_5y__M0__reference__HRV,mae,7.978004594080336,7.978004594080335,1.7763568394002505e-15,PASS
PRIMARY_DELETE__HLO_to_P__primary_5y__M0__reference__HRV,mse,113.21213949830012,113.21213949830008,4.263256414560601e-14,PASS
PRIMARY_DELETE__HLO_to_P__primary_5y__M0__reference__HRV,rmse,10.640119336656902,10.640119336656902,0.0,PASS
PRIMARY_DELETE__HLO_to_P__primary_5y__M0__reference__HRV,bias_pred_minus_observed,-1.3156142841808105e-14,-1.3156142841808103e-14,1.5777218104420236e-30,PASS
PRIMARY_DELETE__HLO_to_P__primary_5y__M1__ridge__HRV,mae,5.7146484244744595,5.71464842447446,8.881784197001252e-16,PASS
PRIMARY_DELETE__HLO_to_P__primary_5y__M1__ridge__HRV,mse,50.56302107729467,50.56302107729467,0.0,PASS
PRIMARY_DELETE__HLO_to_P__primary_5y__M1__ridge__HRV,rmse,7.110767966773678,7.110767966773678,0.0,PASS
PRIMARY_DELETE__HLO_to_P__primary_5y__M1__ridge__HRV,bias_pred_minus_observed,0.10123199456992746,0.1012319945699273,1.5265566588595902e-16,PASS
PRIMARY_DELETE__HLO_to_P__primary_5y__M2__ridge__HRV,mae,5.72214896669318,5.72214896669318,0.0,PASS
PRIMARY_DELETE__HLO_to_P__primary_5y__M2__ridge__HRV,mse,60.63673815400387,60.63673815400392,4.973799150320701e-14,PASS
PRIMARY_DELETE__HLO_to_P__primary_5y__M2__ridge__HRV,rmse,7.786959493538147,7.786959493538149,2.6645352591003757e-15,PASS
PRIMARY_DELETE__HLO_to_P__primary_5y__M2__ridge__HRV,bias_pred_minus_observed,0.15749017040044744,0.1574901704004446,2.831068712794149e-15,PASS
PRIMARY_DELETE__HLO_to_P__primary_5y__M3__ridge__HRV,mae,5.7783463367376084,5.778346336737608,8.881784197001252e-16,PASS
PRIMARY_DELETE__HLO_to_P__primary_5y__M3__ridge__HRV,mse,61.89541343033201,61.89541343033203,1.4210854715202004e-14,PASS
PRIMARY_DELETE__HLO_to_P__primary_5y__M3__ridge__HRV,rmse,7.867363817082061,7.867363817082062,8.881784197001252e-16,PASS
PRIMARY_DELETE__HLO_to_P__primary_5y__M3__ridge__HRV,bias_pred_minus_observed,0.41737843302482047,0.4173784330248206,1.1102230246251565e-16,PASS
PRIMARY_DELETE__HLO_to_P__primary_5y__M0__reference__IDN,mae,7.7079407864952705,7.707940786495269,1.7763568394002505e-15,PASS
PRIMARY_DELETE__HLO_to_P__primary_5y__M0__reference__IDN,mse,110.07650424744128,110.0765042474413,2.842170943040401e-14,PASS
PRIMARY_DELETE__HLO_to_P__primary_5y__M0__reference__IDN,rmse,10.491735044664503,10.491735044664503,0.0,PASS
PRIMARY_DELETE__HLO_to_P__primary_5y__M0__reference__IDN,bias_pred_minus_observed,-2.581268532253489e-15,-2.692290834716005e-15,1.1102230246251605e-16,PASS
PRIMARY_DELETE__HLO_to_P__primary_5y__M1__ridge__IDN,mae,5.71990250578502,5.71990250578502,0.0,PASS
PRIMARY_DELETE__HLO_to_P__primary_5y__M1__ridge__IDN,mse,51.112924393189736,51.112924393189736,0.0,PASS
PRIMARY_DELETE__HLO_to_P__primary_5y__M1__ridge__IDN,rmse,7.149330345786921,7.149330345786921,0.0,PASS
PRIMARY_DELETE__HLO_to_P__primary_5y__M1__ridge__IDN,bias_pred_minus_observed,0.13533046181362549,0.1353304618136245,9.992007221626409e-16,PASS
PRIMARY_DELETE__HLO_to_P__primary_5y__M2__ridge__IDN,mae,6.043273519347116,6.043273519347116,0.0,PASS
PRIMARY_DELETE__HLO_to_P__primary_5y__M2__ridge__IDN,mse,67.15086989298351,67.1508698929835,1.4210854715202004e-14,PASS
PRIMARY_DELETE__HLO_to_P__primary_5y__M2__ridge__IDN,rmse,8.19456343516746,8.194563435167458,1.7763568394002505e-15,PASS
PRIMARY_DELETE__HLO_to_P__primary_5y__M2__ridge__IDN,bias_pred_minus_observed,0.3562653461411766,0.3562653461411758,8.326672684688674e-16,PASS
PRIMARY_DELETE__HLO_to_P__primary_5y__M3__ridge__IDN,mae,5.649393783409203,5.6493937834092,3.552713678800501e-15,PASS
PRIMARY_DELETE__HLO_to_P__primary_5y__M3__ridge__IDN,mse,59.60267971493272,59.60267971493269,2.842170943040401e-14,PASS
PRIMARY_DELETE__HLO_to_P__primary_5y__M3__ridge__IDN,rmse,7.720277178633726,7.720277178633724,1.7763568394002505e-15,PASS
PRIMARY_DELETE__HLO_to_P__primary_5y__M3__ridge__IDN,bias_pred_minus_observed,0.250865382349985,0.2508653823499847,3.3306690738754696e-16,PASS
PRIMARY_DELETE__HLO_to_P__primary_5y__M0__reference__IRN,mae,7.597948694799676,7.597948694799678,1.7763568394002505e-15,PASS
PRIMARY_DELETE__HLO_to_P__primary_5y__M0__reference__IRN,mse,108.84000611191139,108.84000611191144,4.263256414560601e-14,PASS
PRIMARY_DELETE__HLO_to_P__primary_5y__M0__reference__IRN,rmse,10.432641377518515,10.432641377518516,1.7763568394002505e-15,PASS
PRIMARY_DELETE__HLO_to_P__primary_5y__M0__reference__IRN,bias_pred_minus_observed,-1.1796119636642288e-14,-1.1129985821867194e-14,6.661338147750939e-16,PASS
PRIMARY_DELETE__HLO_to_P__primary_5y__M1__ridge__IRN,mae,5.612627327344947,5.612627327344948,8.881784197001252e-16,PASS
PRIMARY_DELETE__HLO_to_P__primary_5y__M1__ridge__IRN,mse,49.268583646564906,49.26858364656493,2.1316282072803006e-14,PASS
PRIMARY_DELETE__HLO_to_P__primary_5y__M1__ridge__IRN,rmse,7.019158328928398,7.0191583289284,1.7763568394002505e-15,PASS
PRIMARY_DELETE__HLO_to_P__primary_5y__M1__ridge__IRN,bias_pred_minus_observed,0.10549158988594388,0.1054915898859436,2.7755575615628914e-16,PASS
PRIMARY_DELETE__HLO_to_P__primary_5y__M2__ridge__IRN,mae,5.741710045990293,5.74171004599029,2.6645352591003757e-15,PASS
PRIMARY_DELETE__HLO_to_P__primary_5y__M2__ridge__IRN,mse,62.062420523395865,62.06242052339584,2.1316282072803006e-14,PASS
PRIMARY_DELETE__HLO_to_P__primary_5y__M2__ridge__IRN,rmse,7.877970584065154,7.877970584065152,1.7763568394002505e-15,PASS
PRIMARY_DELETE__HLO_to_P__primary_5y__M2__ridge__IRN,bias_pred_minus_observed,0.13339283163714213,0.1333928316371428,6.661338147750939e-16,PASS
PRIMARY_DELETE__HLO_to_P__primary_5y__M3__ridge__IRN,mae,5.814047703786713,5.814047703786714,8.881784197001252e-16,PASS
PRIMARY_DELETE__HLO_to_P__primary_5y__M3__ridge__IRN,mse,64.72436883020139,64.7243688302014,1.4210854715202004e-14,PASS
PRIMARY_DELETE__HLO_to_P__primary_5y__M3__ridge__IRN,rmse,8.04514566867508,8.04514566867508,0.0,PASS
PRIMARY_DELETE__HLO_to_P__primary_5y__M3__ridge__IRN,bias_pred_minus_observed,0.48171297756509024,0.4817129775650886,1.6653345369377348e-15,PASS
PRIMARY_DELETE__HLO_to_P__primary_5y__M0__reference__ISL,mae,7.720628750360153,7.720628750360153,0.0,PASS
PRIMARY_DELETE__HLO_to_P__primary_5y__M0__reference__ISL,mse,109.96898189812785,109.9689818981278,5.684341886080802e-14,PASS
PRIMARY_DELETE__HLO_to_P__primary_5y__M0__reference__ISL,rmse,10.486609647456506,10.486609647456504,1.7763568394002505e-15,PASS
PRIMARY_DELETE__HLO_to_P__primary_5y__M0__reference__ISL,bias_pred_minus_observed,-1.2628786905111156e-14,-1.351696532481128e-14,8.881784197001237e-16,PASS
PRIMARY_DELETE__HLO_to_P__primary_5y__M1__ridge__ISL,mae,5.761658723667965,5.761658723667964,8.881784197001252e-16,PASS
PRIMARY_DELETE__HLO_to_P__primary_5y__M1__ridge__ISL,mse,52.53159416251899,52.531594162519,7.105427357601002e-15,PASS
PRIMARY_DELETE__HLO_to_P__primary_5y__M1__ridge__ISL,rmse,7.247868249528201,7.247868249528202,8.881784197001252e-16,PASS
PRIMARY_DELETE__HLO_to_P__primary_5y__M1__ridge__ISL,bias_pred_minus_observed,0.06386829924891413,0.0638682992489148,6.661338147750939e-16,PASS
PRIMARY_DELETE__HLO_to_P__primary_5y__M2__ridge__ISL,mae,5.916651092094757,5.916651092094758,1.7763568394002505e-15,PASS
PRIMARY_DELETE__HLO_to_P__primary_5y__M2__ridge__ISL,mse,63.48999936042382,63.48999936042386,3.552713678800501e-14,PASS
PRIMARY_DELETE__HLO_to_P__primary_5y__M2__ridge__ISL,rmse,7.968061204610807,7.968061204610809,1.7763568394002505e-15,PASS
PRIMARY_DELETE__HLO_to_P__primary_5y__M2__ridge__ISL,bias_pred_minus_observed,0.3687534072781983,0.3687534072781951,3.164135620181696e-15,PASS
PRIMARY_DELETE__HLO_to_P__primary_5y__M3__ridge__ISL,mae,5.742135986707033,5.742135986707032,8.881784197001252e-16,PASS
PRIMARY_DELETE__HLO_to_P__primary_5y__M3__ridge__ISL,mse,62.35780795479484,62.357807954794815,2.842170943040401e-14,PASS
PRIMARY_DELETE__HLO_to_P__primary_5y__M3__ridge__ISL,rmse,7.896696015093581,7.896696015093579,1.7763568394002505e-15,PASS
PRIMARY_DELETE__HLO_to_P__primary_5y__M3__ridge__ISL,bias_pred_minus_observed,0.4142191010661515,0.4142191010661541,2.609024107869118e-15,PASS
PRIMARY_DELETE__HLO_to_P__primary_5y__M0__reference__ITA,mae,7.954362804085796,7.954362804085797,8.881784197001252e-16,PASS
PRIMARY_DELETE__HLO_to_P__primary_5y__M0__reference__ITA,mse,113.17713751003858,113.17713751003856,1.4210854715202004e-14,PASS
PRIMARY_DELETE__HLO_to_P__primary_5y__M0__reference__ITA,rmse,10.63847439767745,10.638474397677449,1.7763568394002505e-15,PASS
PRIMARY_DELETE__HLO_to_P__primary_5y__M0__reference__ITA,bias_pred_minus_observed,-6.827871601444713e-15,-7.049916206369744e-15,2.220446049250313e-16,PASS
PRIMARY_DELETE__HLO_to_P__primary_5y__M1__ridge__ITA,mae,5.738877266997311,5.738877266997311,0.0,PASS
PRIMARY_DELETE__HLO_to_P__primary_5y__M1__ridge__ITA,mse,52.031303764307914,52.0313037643079,1.4210854715202004e-14,PASS
PRIMARY_DELETE__HLO_to_P__primary_5y__M1__ridge__ITA,rmse,7.213272749890158,7.213272749890156,1.7763568394002505e-15,PASS
PRIMARY_DELETE__HLO_to_P__primary_5y__M1__ridge__ITA,bias_pred_minus_observed,0.05952967563096011,0.0595296756309612,1.0894063429134349e-15,PASS
PRIMARY_DELETE__HLO_to_P__primary_5y__M2__ridge__ITA,mae,5.659015151696879,5.659015151696881,1.7763568394002505e-15,PASS
PRIMARY_DELETE__HLO_to_P__primary_5y__M2__ridge__ITA,mse,60.66155380080325,60.66155380080328,3.552713678800501e-14,PASS
PRIMARY_DELETE__HLO_to_P__primary_5y__M2__ridge__ITA,rmse,7.7885527410940245,7.788552741094026,1.7763568394002505e-15,PASS
PRIMARY_DELETE__HLO_to_P__primary_5y__M2__ridge__ITA,bias_pred_minus_observed,0.08990207615706494,0.0899020761570664,1.457167719820518e-15,PASS
PRIMARY_DELETE__HLO_to_P__primary_5y__M3__ridge__ITA,mae,5.699440919765136,5.699440919765138,1.7763568394002505e-15,PASS
PRIMARY_DELETE__HLO_to_P__primary_5y__M3__ridge__ITA,mse,60.02716307407805,60.02716307407805,0.0,PASS
PRIMARY_DELETE__HLO_to_P__primary_5y__M3__ridge__ITA,rmse,7.747719862906638,7.747719862906638,0.0,PASS
PRIMARY_DELETE__HLO_to_P__primary_5y__M3__ridge__ITA,bias_pred_minus_observed,0.35685325023236464,0.3568532502323632,1.4432899320127035e-15,PASS
PRIMARY_DELETE__HLO_to_P__primary_5y__M0__reference__JOR,mae,7.450987638885324,7.450987638885323,8.881784197001252e-16,PASS
PRIMARY_DELETE__HLO_to_P__primary_5y__M0__reference__JOR,mse,104.71304406037247,104.71304406037252,5.684341886080802e-14,PASS
PRIMARY_DELETE__HLO_to_P__primary_5y__M0__reference__JOR,rmse,10.23293917016868,10.232939170168684,5.329070518200751e-15,PASS
PRIMARY_DELETE__HLO_to_P__primary_5y__M0__reference__JOR,bias_pred_minus_observed,-1.1934897514720433e-14,-1.126876369994534e-14,6.661338147750923e-16,PASS
PRIMARY_DELETE__HLO_to_P__primary_5y__M1__ridge__JOR,mae,5.633480817111407,5.633480817111404,2.6645352591003757e-15,PASS
PRIMARY_DELETE__HLO_to_P__primary_5y__M1__ridge__JOR,mse,50.97892590191589,50.97892590191588,1.4210854715202004e-14,PASS
PRIMARY_DELETE__HLO_to_P__primary_5y__M1__ridge__JOR,rmse,7.1399527940957634,7.139952794095762,1.7763568394002505e-15,PASS
PRIMARY_DELETE__HLO_to_P__primary_5y__M1__ridge__JOR,bias_pred_minus_observed,0.07446699709499845,0.0744669970949975,9.43689570931383e-16,PASS
PRIMARY_DELETE__HLO_to_P__primary_5y__M2__ridge__JOR,mae,5.7230740878644,5.723074087864403,3.552713678800501e-15,PASS
PRIMARY_DELETE__HLO_to_P__primary_5y__M2__ridge__JOR,mse,60.60918367110747,60.60918367110752,4.973799150320701e-14,PASS
PRIMARY_DELETE__HLO_to_P__primary_5y__M2__ridge__JOR,rmse,7.785190021515691,7.785190021515693,2.6645352591003757e-15,PASS
PRIMARY_DELETE__HLO_to_P__primary_5y__M2__ridge__JOR,bias_pred_minus_observed,0.35237513994832476,0.3523751399483252,4.440892098500626e-16,PASS
PRIMARY_DELETE__HLO_to_P__primary_5y__M3__ridge__JOR,mae,5.093952695304598,5.093952695304597,8.881784197001252e-16,PASS
PRIMARY_DELETE__HLO_to_P__primary_5y__M3__ridge__JOR,mse,48.37285718933858,48.372857189338575,7.105427357601002e-15,PASS
PRIMARY_DELETE__HLO_to_P__primary_5y__M3__ridge__JOR,rmse,6.955059826438489,6.955059826438489,0.0,PASS
PRIMARY_DELETE__HLO_to_P__primary_5y__M3__ridge__JOR,bias_pred_minus_observed,-0.038267034334191256,-0.038267034334192,7.424616477180734e-16,PASS
PRIMARY_DELETE__HLO_to_P__primary_5y__M0__reference__JPN,mae,7.519333810111018,7.519333810111018,0.0,PASS
PRIMARY_DELETE__HLO_to_P__primary_5y__M0__reference__JPN,mse,103.02294616216714,103.02294616216714,0.0,PASS
PRIMARY_DELETE__HLO_to_P__primary_5y__M0__reference__JPN,rmse,10.150021978408084,10.150021978408084,0.0,PASS
PRIMARY_DELETE__HLO_to_P__primary_5y__M0__reference__JPN,bias_pred_minus_observed,-9.797718192317006e-15,-9.797718192317006e-15,0.0,PASS
PRIMARY_DELETE__HLO_to_P__primary_5y__M1__ridge__JPN,mae,5.682696024348682,5.682696024348681,8.881784197001252e-16,PASS
PRIMARY_DELETE__HLO_to_P__primary_5y__M1__ridge__JPN,mse,51.45171644928519,51.4517164492852,7.105427357601002e-15,PASS
PRIMARY_DELETE__HLO_to_P__primary_5y__M1__ridge__JPN,rmse,7.172985183958294,7.172985183958294,0.0,PASS
PRIMARY_DELETE__HLO_to_P__primary_5y__M1__ridge__JPN,bias_pred_minus_observed,0.14396077744774893,0.1439607774477493,3.608224830031759e-16,PASS
PRIMARY_DELETE__HLO_to_P__primary_5y__M2__ridge__JPN,mae,5.5362748176151975,5.5362748176151975,0.0,PASS
PRIMARY_DELETE__HLO_to_P__primary_5y__M2__ridge__JPN,mse,55.08620535867473,55.08620535867475,2.1316282072803006e-14,PASS
PRIMARY_DELETE__HLO_to_P__primary_5y__M2__ridge__JPN,rmse,7.422008175600101,7.422008175600101,0.0,PASS
PRIMARY_DELETE__HLO_to_P__primary_5y__M2__ridge__JPN,bias_pred_minus_observed,0.11692229851591895,0.1169222985159178,1.1518563880486e-15,PASS
PRIMARY_DELETE__HLO_to_P__primary_5y__M3__ridge__JPN,mae,5.414925447089686,5.414925447089686,0.0,PASS
PRIMARY_DELETE__HLO_to_P__primary_5y__M3__ridge__JPN,mse,53.92183499275473,53.92183499275472,1.4210854715202004e-14,PASS
PRIMARY_DELETE__HLO_to_P__primary_5y__M3__ridge__JPN,rmse,7.343148847242219,7.343148847242218,8.881784197001252e-16,PASS
PRIMARY_DELETE__HLO_to_P__primary_5y__M3__ridge__JPN,bias_pred_minus_observed,0.26696612214317456,0.2669661221431749,3.3306690738754696e-16,PASS
PRIMARY_DELETE__HLO_to_P__primary_5y__M0__reference__KAZ,mae,7.819698078395711,7.819698078395709,1.7763568394002505e-15,PASS
PRIMARY_DELETE__HLO_to_P__primary_5y__M0__reference__KAZ,mse,112.4434167299163,112.44341672991628,1.4210854715202004e-14,PASS
PRIMARY_DELETE__HLO_to_P__primary_5y__M0__reference__KAZ,rmse,10.603934021386417,10.603934021386417,0.0,PASS
PRIMARY_DELETE__HLO_to_P__primary_5y__M0__reference__KAZ,bias_pred_minus_observed,-1.1601830607332886e-14,-1.1712852909795402e-14,1.1102230246251565e-16,PASS
PRIMARY_DELETE__HLO_to_P__primary_5y__M1__ridge__KAZ,mae,5.6089755699977335,5.608975569997735,1.7763568394002505e-15,PASS
PRIMARY_DELETE__HLO_to_P__primary_5y__M1__ridge__KAZ,mse,48.94111989712009,48.94111989712011,2.1316282072803006e-14,PASS
PRIMARY_DELETE__HLO_to_P__primary_5y__M1__ridge__KAZ,rmse,6.995793014170737,6.995793014170739,1.7763568394002505e-15,PASS
PRIMARY_DELETE__HLO_to_P__primary_5y__M1__ridge__KAZ,bias_pred_minus_observed,0.01868304794408325,0.0186830479440832,5.204170427930421e-17,PASS
PRIMARY_DELETE__HLO_to_P__primary_5y__M2__ridge__KAZ,mae,6.170715146067613,6.1707151460676135,8.881784197001252e-16,PASS
PRIMARY_DELETE__HLO_to_P__primary_5y__M2__ridge__KAZ,mse,69.06061260630217,69.06061260630217,0.0,PASS
PRIMARY_DELETE__HLO_to_P__primary_5y__M2__ridge__KAZ,rmse,8.310271512189129,8.310271512189129,0.0,PASS
PRIMARY_DELETE__HLO_to_P__primary_5y__M2__ridge__KAZ,bias_pred_minus_observed,0.4062009038625493,0.4062009038625498,4.996003610813204e-16,PASS
PRIMARY_DELETE__HLO_to_P__primary_5y__M3__ridge__KAZ,mae,5.744179922580089,5.744179922580089,0.0,PASS
PRIMARY_DELETE__HLO_to_P__primary_5y__M3__ridge__KAZ,mse,61.16094787924175,61.16094787924173,2.1316282072803006e-14,PASS
PRIMARY_DELETE__HLO_to_P__primary_5y__M3__ridge__KAZ,rmse,7.820546520495978,7.820546520495977,8.881784197001252e-16,PASS
PRIMARY_DELETE__HLO_to_P__primary_5y__M3__ridge__KAZ,bias_pred_minus_observed,0.3173508566370513,0.3173508566370527,1.3877787807814457e-15,PASS
PRIMARY_DELETE__HLO_to_P__primary_5y__M0__reference__KOR,mae,7.767070047652129,7.767070047652129,0.0,PASS
PRIMARY_DELETE__HLO_to_P__primary_5y__M0__reference__KOR,mse,111.01283252101221,111.01283252101224,2.842170943040401e-14,PASS
PRIMARY_DELETE__HLO_to_P__primary_5y__M0__reference__KOR,rmse,10.536262739748484,10.536262739748484,0.0,PASS
PRIMARY_DELETE__HLO_to_P__primary_5y__M0__reference__KOR,bias_pred_minus_observed,-1.1463052729254741e-14,-1.101896351940468e-14,4.4408920985006104e-16,PASS
PRIMARY_DELETE__HLO_to_P__primary_5y__M1__ridge__KOR,mae,5.840464201898776,5.840464201898776,0.0,PASS
PRIMARY_DELETE__HLO_to_P__primary_5y__M1__ridge__KOR,mse,52.269516091845205,52.26951609184519,1.4210854715202004e-14,PASS
PRIMARY_DELETE__HLO_to_P__primary_5y__M1__ridge__KOR,rmse,7.229765977667964,7.229765977667962,1.7763568394002505e-15,PASS
PRIMARY_DELETE__HLO_to_P__primary_5y__M1__ridge__KOR,bias_pred_minus_observed,0.06025867945095521,0.0602586794509549,3.122502256758253e-16,PASS
PRIMARY_DELETE__HLO_to_P__primary_5y__M2__ridge__KOR,mae,6.204374082269051,6.20437408226905,8.881784197001252e-16,PASS
PRIMARY_DELETE__HLO_to_P__primary_5y__M2__ridge__KOR,mse,69.42058686288152,69.42058686288152,0.0,PASS
PRIMARY_DELETE__HLO_to_P__primary_5y__M2__ridge__KOR,rmse,8.331901755474648,8.331901755474648,0.0,PASS
PRIMARY_DELETE__HLO_to_P__primary_5y__M2__ridge__KOR,bias_pred_minus_observed,0.4784516758940138,0.4784516758940151,1.3322676295501878e-15,PASS
PRIMARY_DELETE__HLO_to_P__primary_5y__M3__ridge__KOR,mae,5.897058160352024,5.897058160352026,2.6645352591003757e-15,PASS
PRIMARY_DELETE__HLO_to_P__primary_5y__M3__ridge__KOR,mse,63.82871456223955,63.828714562239576,2.842170943040401e-14,PASS
PRIMARY_DELETE__HLO_to_P__primary_5y__M3__ridge__KOR,rmse,7.9892874877700795,7.989287487770081,1.7763568394002505e-15,PASS
PRIMARY_DELETE__HLO_to_P__primary_5y__M3__ridge__KOR,bias_pred_minus_observed,0.4189627575699658,0.4189627575699688,2.9976021664879227e-15,PASS
PRIMARY_DELETE__HLO_to_P__primary_5y__M0__reference__LTU,mae,7.867240259144354,7.867240259144354,0.0,PASS
PRIMARY_DELETE__HLO_to_P__primary_5y__M0__reference__LTU,mse,112.57673535917793,112.57673535917796,2.842170943040401e-14,PASS
PRIMARY_DELETE__HLO_to_P__primary_5y__M0__reference__LTU,rmse,10.610218440690932,10.610218440690934,1.7763568394002505e-15,PASS
PRIMARY_DELETE__HLO_to_P__primary_5y__M0__reference__LTU,bias_pred_minus_observed,-1.149080830487037e-14,-1.1518563880485999e-14,2.7755575615628914e-17,PASS
PRIMARY_DELETE__HLO_to_P__primary_5y__M1__ridge__LTU,mae,5.717782834812415,5.717782834812416,8.881784197001252e-16,PASS
PRIMARY_DELETE__HLO_to_P__primary_5y__M1__ridge__LTU,mse,49.78736845678957,49.78736845678959,2.1316282072803006e-14,PASS
PRIMARY_DELETE__HLO_to_P__primary_5y__M1__ridge__LTU,rmse,7.056016472258945,7.056016472258946,8.881784197001252e-16,PASS
PRIMARY_DELETE__HLO_to_P__primary_5y__M1__ridge__LTU,bias_pred_minus_observed,0.02237521859615403,0.0223752185961548,7.7021722333370235e-16,PASS
PRIMARY_DELETE__HLO_to_P__primary_5y__M2__ridge__LTU,mae,5.953320506369806,5.953320506369806,0.0,PASS
PRIMARY_DELETE__HLO_to_P__primary_5y__M2__ridge__LTU,mse,65.63669063214867,65.63669063214867,0.0,PASS
PRIMARY_DELETE__HLO_to_P__primary_5y__M2__ridge__LTU,rmse,8.101647402358898,8.101647402358898,0.0,PASS
PRIMARY_DELETE__HLO_to_P__primary_5y__M2__ridge__LTU,bias_pred_minus_observed,0.3668734161771957,0.3668734161771984,2.6645352591003757e-15,PASS
PRIMARY_DELETE__HLO_to_P__primary_5y__M3__ridge__LTU,mae,5.737320541065013,5.73732054106501,2.6645352591003757e-15,PASS
PRIMARY_DELETE__HLO_to_P__primary_5y__M3__ridge__LTU,mse,60.77011095742563,60.77011095742558,4.973799150320701e-14,PASS
PRIMARY_DELETE__HLO_to_P__primary_5y__M3__ridge__LTU,rmse,7.7955186458263075,7.795518645826305,2.6645352591003757e-15,PASS
PRIMARY_DELETE__HLO_to_P__primary_5y__M3__ridge__LTU,bias_pred_minus_observed,0.33283053613959546,0.3328305361395935,1.942890293094024e-15,PASS
PRIMARY_DELETE__HLO_to_P__primary_5y__M0__reference__MAR,mae,7.267419973942098,7.267419973942095,2.6645352591003757e-15,PASS
PRIMARY_DELETE__HLO_to_P__primary_5y__M0__reference__MAR,mse,97.39005919793169,97.39005919793163,5.684341886080802e-14,PASS
PRIMARY_DELETE__HLO_to_P__primary_5y__M0__reference__MAR,rmse,9.868640189911257,9.868640189911254,3.552713678800501e-15,PASS
PRIMARY_DELETE__HLO_to_P__primary_5y__M0__reference__MAR,bias_pred_minus_observed,-1.226796442210798e-14,-1.174060848541103e-14,5.273559366969494e-16,PASS
PRIMARY_DELETE__HLO_to_P__primary_5y__M1__ridge__MAR,mae,5.691262364562054,5.691262364562054,0.0,PASS
PRIMARY_DELETE__HLO_to_P__primary_5y__M1__ridge__MAR,mse,50.34463316327416,50.34463316327415,7.105427357601002e-15,PASS
PRIMARY_DELETE__HLO_to_P__primary_5y__M1__ridge__MAR,rmse,7.095395208392142,7.095395208392141,8.881784197001252e-16,PASS
PRIMARY_DELETE__HLO_to_P__primary_5y__M1__ridge__MAR,bias_pred_minus_observed,-0.03730654462262499,-0.0373065446226252,2.0816681711721685e-16,PASS
PRIMARY_DELETE__HLO_to_P__primary_5y__M2__ridge__MAR,mae,5.830132203803437,5.830132203803438,8.881784197001252e-16,PASS
PRIMARY_DELETE__HLO_to_P__primary_5y__M2__ridge__MAR,mse,61.38058154312039,61.380581543120414,2.1316282072803006e-14,PASS
PRIMARY_DELETE__HLO_to_P__primary_5y__M2__ridge__MAR,rmse,7.83457602829409,7.834576028294091,8.881784197001252e-16,PASS
PRIMARY_DELETE__HLO_to_P__primary_5y__M2__ridge__MAR,bias_pred_minus_observed,0.42922804916022533,0.4292280491602261,7.771561172376096e-16,PASS
PRIMARY_DELETE__HLO_to_P__primary_5y__M3__ridge__MAR,mae,5.434009804823813,5.434009804823813,0.0,PASS
PRIMARY_DELETE__HLO_to_P__primary_5y__M3__ridge__MAR,mse,52.05560209813332,52.05560209813332,0.0,PASS
PRIMARY_DELETE__HLO_to_P__primary_5y__M3__ridge__MAR,rmse,7.214956832728337,7.214956832728337,0.0,PASS
PRIMARY_DELETE__HLO_to_P__primary_5y__M3__ridge__MAR,bias_pred_minus_observed,0.1080016957899513,0.1080016957899498,1.4988010832439613e-15,PASS
PRIMARY_DELETE__HLO_to_P__primary_5y__M0__reference__MEX,mae,7.954629392528434,7.954629392528435,8.881784197001252e-16,PASS
PRIMARY_DELETE__HLO_to_P__primary_5y__M0__reference__MEX,mse,113.17368731123437,113.17368731123436,1.4210854715202004e-14,PASS
PRIMARY_DELETE__HLO_to_P__primary_5y__M0__reference__MEX,rmse,10.638312239788526,10.638312239788526,0.0,PASS
PRIMARY_DELETE__HLO_to_P__primary_5y__M0__reference__MEX,bias_pred_minus_observed,-1.2823075934420558e-14,-1.2490009027033011e-14,3.3306690738754696e-16,PASS
PRIMARY_DELETE__HLO_to_P__primary_5y__M1__ridge__MEX,mae,5.755889527508605,5.755889527508603,1.7763568394002505e-15,PASS
PRIMARY_DELETE__HLO_to_P__primary_5y__M1__ridge__MEX,mse,50.90520653906703,50.90520653906703,0.0,PASS
PRIMARY_DELETE__HLO_to_P__primary_5y__M1__ridge__MEX,rmse,7.134788471921717,7.134788471921717,0.0,PASS
PRIMARY_DELETE__HLO_to_P__primary_5y__M1__ridge__MEX,bias_pred_minus_observed,0.10184988760210584,0.1018498876021049,9.43689570931383e-16,PASS
PRIMARY_DELETE__HLO_to_P__primary_5y__M2__ridge__MEX,mae,5.687668653938246,5.687668653938244,1.7763568394002505e-15,PASS
PRIMARY_DELETE__HLO_to_P__primary_5y__M2__ridge__MEX,mse,61.374613210326096,61.37461321032608,1.4210854715202004e-14,PASS
PRIMARY_DELETE__HLO_to_P__primary_5y__M2__ridge__MEX,rmse,7.834195122048346,7.834195122048345,8.881784197001252e-16,PASS
PRIMARY_DELETE__HLO_to_P__primary_5y__M2__ridge__MEX,bias_pred_minus_observed,0.08565273489878733,0.0856527348987873,2.7755575615628914e-17,PASS
PRIMARY_DELETE__HLO_to_P__primary_5y__M3__ridge__MEX,mae,5.772449146361108,5.77244914636111,1.7763568394002505e-15,PASS
PRIMARY_DELETE__HLO_to_P__primary_5y__M3__ridge__MEX,mse,63.27481325974682,63.27481325974684,2.1316282072803006e-14,PASS
PRIMARY_DELETE__HLO_to_P__primary_5y__M3__ridge__MEX,rmse,7.954546703599572,7.954546703599574,1.7763568394002505e-15,PASS
PRIMARY_DELETE__HLO_to_P__primary_5y__M3__ridge__MEX,bias_pred_minus_observed,0.41189324776670494,0.4118932477667041,8.326672684688674e-16,PASS
PRIMARY_DELETE__HLO_to_P__primary_5y__M0__reference__NLD,mae,7.777525533726685,7.777525533726684,8.881784197001252e-16,PASS
PRIMARY_DELETE__HLO_to_P__primary_5y__M0__reference__NLD,mse,110.91396287180166,110.91396287180164,1.4210854715202004e-14,PASS
PRIMARY_DELETE__HLO_to_P__primary_5y__M0__reference__NLD,rmse,10.531569819917715,10.531569819917715,0.0,PASS
PRIMARY_DELETE__HLO_to_P__primary_5y__M0__reference__NLD,bias_pred_minus_observed,-1.1352030426792226e-14,-1.1685097334179771e-14,3.330669073875454e-16,PASS
PRIMARY_DELETE__HLO_to_P__primary_5y__M1__ridge__NLD,mae,5.742383529778069,5.742383529778068,8.881784197001252e-16,PASS
PRIMARY_DELETE__HLO_to_P__primary_5y__M1__ridge__NLD,mse,50.922587947794796,50.92258794779477,2.842170943040401e-14,PASS
PRIMARY_DELETE__HLO_to_P__primary_5y__M1__ridge__NLD,rmse,7.136006442527557,7.136006442527555,1.7763568394002505e-15,PASS
PRIMARY_DELETE__HLO_to_P__primary_5y__M1__ridge__NLD,bias_pred_minus_observed,0.0978037857569587,0.0978037857569592,4.996003610813204e-16,PASS
PRIMARY_DELETE__HLO_to_P__primary_5y__M2__ridge__NLD,mae,6.059174971717612,6.059174971717613,8.881784197001252e-16,PASS
PRIMARY_DELETE__HLO_to_P__primary_5y__M2__ridge__NLD,mse,67.59686955412582,67.59686955412579,2.842170943040401e-14,PASS
PRIMARY_DELETE__HLO_to_P__primary_5y__M2__ridge__NLD,rmse,8.221731542328891,8.22173154232889,1.7763568394002505e-15,PASS
PRIMARY_DELETE__HLO_to_P__primary_5y__M2__ridge__NLD,bias_pred_minus_observed,0.4082632893745733,0.4082632893745716,1.6653345369377348e-15,PASS
PRIMARY_DELETE__HLO_to_P__primary_5y__M3__ridge__NLD,mae,5.8099161462077396,5.80991614620774,8.881784197001252e-16,PASS
PRIMARY_DELETE__HLO_to_P__primary_5y__M3__ridge__NLD,mse,63.1875132744717,63.18751327447168,2.1316282072803006e-14,PASS
PRIMARY_DELETE__HLO_to_P__primary_5y__M3__ridge__NLD,rmse,7.949057382763802,7.949057382763801,8.881784197001252e-16,PASS
PRIMARY_DELETE__HLO_to_P__primary_5y__M3__ridge__NLD,bias_pred_minus_observed,0.40638337206594427,0.4063833720659447,4.440892098500626e-16,PASS
PRIMARY_DELETE__HLO_to_P__primary_5y__M0__reference__NOR,mae,7.711144543844755,7.711144543844755,0.0,PASS
PRIMARY_DELETE__HLO_to_P__primary_5y__M0__reference__NOR,mse,108.96672257106391,108.96672257106388,2.842170943040401e-14,PASS
PRIMARY_DELETE__HLO_to_P__primary_5y__M0__reference__NOR,rmse,10.438712687446854,10.438712687446852,1.7763568394002505e-15,PASS
PRIMARY_DELETE__HLO_to_P__primary_5y__M0__reference__NOR,bias_pred_minus_observed,-6.522560269672795e-15,-7.382983113757291e-15,8.604228440844963e-16,PASS
PRIMARY_DELETE__HLO_to_P__primary_5y__M1__ridge__NOR,mae,5.625831930599393,5.625831930599392,8.881784197001252e-16,PASS
PRIMARY_DELETE__HLO_to_P__primary_5y__M1__ridge__NOR,mse,48.7101015871828,48.7101015871828,0.0,PASS
PRIMARY_DELETE__HLO_to_P__primary_5y__M1__ridge__NOR,rmse,6.979262252357537,6.979262252357537,0.0,PASS
PRIMARY_DELETE__HLO_to_P__primary_5y__M1__ridge__NOR,bias_pred_minus_observed,0.09001111036756684,0.0900111103675668,4.163336342344337e-17,PASS
PRIMARY_DELETE__HLO_to_P__primary_5y__M2__ridge__NOR,mae,5.648166844678524,5.6481668446785225,1.7763568394002505e-15,PASS
PRIMARY_DELETE__HLO_to_P__primary_5y__M2__ridge__NOR,mse,59.840086049203734,59.84008604920372,1.4210854715202004e-14,PASS
PRIMARY_DELETE__HLO_to_P__primary_5y__M2__ridge__NOR,rmse,7.735637404196485,7.735637404196484,8.881784197001252e-16,PASS
PRIMARY_DELETE__HLO_to_P__primary_5y__M2__ridge__NOR,bias_pred_minus_observed,0.11752374393618985,0.1175237439361886,1.2490009027033011e-15,PASS
PRIMARY_DELETE__HLO_to_P__primary_5y__M3__ridge__NOR,mae,5.663894822176556,5.663894822176555,8.881784197001252e-16,PASS
PRIMARY_DELETE__HLO_to_P__primary_5y__M3__ridge__NOR,mse,58.72703700384413,58.72703700384411,2.1316282072803006e-14,PASS
PRIMARY_DELETE__HLO_to_P__primary_5y__M3__ridge__NOR,rmse,7.663356771274852,7.663356771274851,8.881784197001252e-16,PASS
PRIMARY_DELETE__HLO_to_P__primary_5y__M3__ridge__NOR,bias_pred_minus_observed,0.37547277286145236,0.3754727728614514,9.43689570931383e-16,PASS
PRIMARY_DELETE__HLO_to_P__primary_5y__M0__reference__OMN,mae,7.911816547648175,7.911816547648176,8.881784197001252e-16,PASS
PRIMARY_DELETE__HLO_to_P__primary_5y__M0__reference__OMN,mse,113.06533825891135,113.0653382589114,4.263256414560601e-14,PASS
PRIMARY_DELETE__HLO_to_P__primary_5y__M0__reference__OMN,rmse,10.6332186217961,10.633218621796102,1.7763568394002505e-15,PASS
PRIMARY_DELETE__HLO_to_P__primary_5y__M0__reference__OMN,bias_pred_minus_observed,-1.4127587988355117e-14,-1.2573275753879898e-14,1.5543122344752192e-15,PASS
PRIMARY_DELETE__HLO_to_P__primary_5y__M1__ridge__OMN,mae,5.622339972750443,5.622339972750443,0.0,PASS
PRIMARY_DELETE__HLO_to_P__primary_5y__M1__ridge__OMN,mse,49.401725056226354,49.401725056226354,0.0,PASS
PRIMARY_DELETE__HLO_to_P__primary_5y__M1__ridge__OMN,rmse,7.028636073679327,7.028636073679327,0.0,PASS
PRIMARY_DELETE__HLO_to_P__primary_5y__M1__ridge__OMN,bias_pred_minus_observed,0.014392117341261834,0.0143921173412619,6.591949208711867e-17,PASS
PRIMARY_DELETE__HLO_to_P__primary_5y__M2__ridge__OMN,mae,6.145633620608701,6.145633620608701,0.0,PASS
PRIMARY_DELETE__HLO_to_P__primary_5y__M2__ridge__OMN,mse,68.22378937684313,68.22378937684311,1.4210854715202004e-14,PASS
PRIMARY_DELETE__HLO_to_P__primary_5y__M2__ridge__OMN,rmse,8.259769329517813,8.25976932951781,1.7763568394002505e-15,PASS
PRIMARY_DELETE__HLO_to_P__primary_5y__M2__ridge__OMN,bias_pred_minus_observed,0.42845592861838266,0.428455928618384,1.3322676295501878e-15,PASS
PRIMARY_DELETE__HLO_to_P__primary_5y__M3__ridge__OMN,mae,5.881913086117482,5.881913086117482,0.0,PASS
PRIMARY_DELETE__HLO_to_P__primary_5y__M3__ridge__OMN,mse,64.23913680062194,64.2391368006219,2.842170943040401e-14,PASS
PRIMARY_DELETE__HLO_to_P__primary_5y__M3__ridge__OMN,rmse,8.014932114536089,8.014932114536087,1.7763568394002505e-15,PASS
PRIMARY_DELETE__HLO_to_P__primary_5y__M3__ridge__OMN,bias_pred_minus_observed,0.41845823941797317,0.4184582394179715,1.6653345369377348e-15,PASS
PRIMARY_DELETE__HLO_to_P__primary_5y__M0__reference__PER,mae,7.897391735411317,7.897391735411316,8.881784197001252e-16,PASS
PRIMARY_DELETE__HLO_to_P__primary_5y__M0__reference__PER,mse,112.86350058752649,112.86350058752646,2.842170943040401e-14,PASS
PRIMARY_DELETE__HLO_to_P__primary_5y__M0__reference__PER,rmse,10.623723480377606,10.623723480377606,0.0,PASS
PRIMARY_DELETE__HLO_to_P__primary_5y__M0__reference__PER,bias_pred_minus_observed,-1.2601031329495527e-14,-1.3489209749195652e-14,8.881784197001252e-16,PASS
PRIMARY_DELETE__HLO_to_P__primary_5y__M1__ridge__PER,mae,5.5455724761126906,5.545572476112691,8.881784197001252e-16,PASS
PRIMARY_DELETE__HLO_to_P__primary_5y__M1__ridge__PER,mse,47.83691684380854,47.83691684380854,0.0,PASS
PRIMARY_DELETE__HLO_to_P__primary_5y__M1__ridge__PER,rmse,6.916423703317238,6.916423703317238,0.0,PASS
PRIMARY_DELETE__HLO_to_P__primary_5y__M1__ridge__PER,bias_pred_minus_observed,0.10323835829953784,0.1032383582995386,7.632783294297951e-16,PASS
PRIMARY_DELETE__HLO_to_P__primary_5y__M2__ridge__PER,mae,5.415024750749856,5.415024750749854,1.7763568394002505e-15,PASS
PRIMARY_DELETE__HLO_to_P__primary_5y__M2__ridge__PER,mse,56.16126037307123,56.16126037307121,2.1316282072803006e-14,PASS
PRIMARY_DELETE__HLO_to_P__primary_5y__M2__ridge__PER,rmse,7.494081689778357,7.494081689778355,1.7763568394002505e-15,PASS
PRIMARY_DELETE__HLO_to_P__primary_5y__M2__ridge__PER,bias_pred_minus_observed,0.1068375676267796,0.1068375676267778,1.790234627208065e-15,PASS
PRIMARY_DELETE__HLO_to_P__primary_5y__M3__ridge__PER,mae,5.344910771552883,5.344910771552883,0.0,PASS
PRIMARY_DELETE__HLO_to_P__primary_5y__M3__ridge__PER,mse,52.69465371372032,52.69465371372032,0.0,PASS
PRIMARY_DELETE__HLO_to_P__primary_5y__M3__ridge__PER,rmse,7.259108327730089,7.259108327730088,8.881784197001252e-16,PASS
PRIMARY_DELETE__HLO_to_P__primary_5y__M3__ridge__PER,bias_pred_minus_observed,0.19407428660786605,0.1940742866078667,6.38378239159465e-16,PASS
PRIMARY_DELETE__HLO_to_P__primary_5y__M0__reference__PHL,mae,7.9169163224984045,7.916916322498405,8.881784197001252e-16,PASS
PRIMARY_DELETE__HLO_to_P__primary_5y__M0__reference__PHL,mse,113.0037846575514,113.00378465755142,1.4210854715202004e-14,PASS
PRIMARY_DELETE__HLO_to_P__primary_5y__M0__reference__PHL,rmse,10.630323826561042,10.630323826561042,0.0,PASS
PRIMARY_DELETE__HLO_to_P__primary_5y__M0__reference__PHL,bias_pred_minus_observed,-1.2573275753879898e-14,-1.2129186544029835e-14,4.440892098500626e-16,PASS
PRIMARY_DELETE__HLO_to_P__primary_5y__M1__ridge__PHL,mae,5.457585584278356,5.457585584278355,8.881784197001252e-16,PASS
PRIMARY_DELETE__HLO_to_P__primary_5y__M1__ridge__PHL,mse,45.225760877108314,45.2257608771083,1.4210854715202004e-14,PASS
PRIMARY_DELETE__HLO_to_P__primary_5y__M1__ridge__PHL,rmse,6.725010102379647,6.725010102379646,8.881784197001252e-16,PASS
PRIMARY_DELETE__HLO_to_P__primary_5y__M1__ridge__PHL,bias_pred_minus_observed,0.10593190319111899,0.1059319031911171,1.887379141862766e-15,PASS
PRIMARY_DELETE__HLO_to_P__primary_5y__M2__ridge__PHL,mae,5.1287086916697096,5.1287086916697096,0.0,PASS
PRIMARY_DELETE__HLO_to_P__primary_5y__M2__ridge__PHL,mse,50.8726925129902,50.872692512990206,7.105427357601002e-15,PASS
PRIMARY_DELETE__HLO_to_P__primary_5y__M2__ridge__PHL,rmse,7.132509552253695,7.132509552253695,0.0,PASS
PRIMARY_DELETE__HLO_to_P__primary_5y__M2__ridge__PHL,bias_pred_minus_observed,0.06993228560958038,0.0699322856095823,1.915134717478395e-15,PASS
PRIMARY_DELETE__HLO_to_P__primary_5y__M3__ridge__PHL,mae,5.135586840310276,5.135586840310276,0.0,PASS
PRIMARY_DELETE__HLO_to_P__primary_5y__M3__ridge__PHL,mse,50.35304258989778,50.35304258989777,1.4210854715202004e-14,PASS
PRIMARY_DELETE__HLO_to_P__primary_5y__M3__ridge__PHL,rmse,7.095987781126584,7.095987781126583,8.881784197001252e-16,PASS
PRIMARY_DELETE__HLO_to_P__primary_5y__M3__ridge__PHL,bias_pred_minus_observed,0.3079129746350624,0.307912974635062,3.885780586188048e-16,PASS
PRIMARY_DELETE__HLO_to_P__primary_5y__M0__reference__POL,mae,7.730929703578493,7.730929703578493,0.0,PASS
PRIMARY_DELETE__HLO_to_P__primary_5y__M0__reference__POL,mse,108.47944857116192,108.47944857116195,2.842170943040401e-14,PASS
PRIMARY_DELETE__HLO_to_P__primary_5y__M0__reference__POL,rmse,10.41534678112841,10.415346781128411,1.7763568394002505e-15,PASS
PRIMARY_DELETE__HLO_to_P__primary_5y__M0__reference__POL,bias_pred_minus_observed,1.304512053934559e-15,1.7486012637846217e-15,4.440892098500628e-16,PASS
PRIMARY_DELETE__HLO_to_P__primary_5y__M1__ridge__POL,mae,5.690590663545098,5.690590663545098,0.0,PASS
PRIMARY_DELETE__HLO_to_P__primary_5y__M1__ridge__POL,mse,49.58445872599812,49.58445872599812,0.0,PASS
PRIMARY_DELETE__HLO_to_P__primary_5y__M1__ridge__POL,rmse,7.041623301909732,7.041623301909732,0.0,PASS
PRIMARY_DELETE__HLO_to_P__primary_5y__M1__ridge__POL,bias_pred_minus_observed,0.09994896701419723,0.0999489670141988,1.5681900222830336e-15,PASS
PRIMARY_DELETE__HLO_to_P__primary_5y__M2__ridge__POL,mae,6.011435686320908,6.0114356863209055,2.6645352591003757e-15,PASS
PRIMARY_DELETE__HLO_to_P__primary_5y__M2__ridge__POL,mse,66.03220435450477,66.03220435450474,2.842170943040401e-14,PASS
PRIMARY_DELETE__HLO_to_P__primary_5y__M2__ridge__POL,rmse,8.126020203919307,8.126020203919305,1.7763568394002505e-15,PASS
PRIMARY_DELETE__HLO_to_P__primary_5y__M2__ridge__POL,bias_pred_minus_observed,0.3798733918370229,0.3798733918370237,7.771561172376096e-16,PASS
PRIMARY_DELETE__HLO_to_P__primary_5y__M3__ridge__POL,mae,5.655963236135267,5.6559632361352685,1.7763568394002505e-15,PASS
PRIMARY_DELETE__HLO_to_P__primary_5y__M3__ridge__POL,mse,60.15271758465096,60.152717584650986,2.842170943040401e-14,PASS
PRIMARY_DELETE__HLO_to_P__primary_5y__M3__ridge__POL,rmse,7.755818305288679,7.755818305288681,1.7763568394002505e-15,PASS
PRIMARY_DELETE__HLO_to_P__primary_5y__M3__ridge__POL,bias_pred_minus_observed,0.3302516676491932,0.3302516676491939,6.661338147750939e-16,PASS
PRIMARY_DELETE__HLO_to_P__primary_5y__M0__reference__QAT,mae,7.842853538561539,7.842853538561539,0.0,PASS
PRIMARY_DELETE__HLO_to_P__primary_5y__M0__reference__QAT,mse,112.64537974026499,112.645379740265,1.4210854715202004e-14,PASS
PRIMARY_DELETE__HLO_to_P__primary_5y__M0__reference__QAT,rmse,10.6134527718488,10.6134527718488,0.0,PASS
PRIMARY_DELETE__HLO_to_P__primary_5y__M0__reference__QAT,bias_pred_minus_observed,-1.0907941216942163e-14,-1.1046719095020308e-14,1.3877787807814457e-16,PASS
PRIMARY_DELETE__HLO_to_P__primary_5y__M1__ridge__QAT,mae,5.578164432552813,5.578164432552812,8.881784197001252e-16,PASS
PRIMARY_DELETE__HLO_to_P__primary_5y__M1__ridge__QAT,mse,48.42790158746752,48.42790158746752,0.0,PASS
PRIMARY_DELETE__HLO_to_P__primary_5y__M1__ridge__QAT,rmse,6.959015849059946,6.959015849059946,0.0,PASS
PRIMARY_DELETE__HLO_to_P__primary_5y__M1__ridge__QAT,bias_pred_minus_observed,0.09814587754457872,0.0981458775445777,1.0269562977782698e-15,PASS
PRIMARY_DELETE__HLO_to_P__primary_5y__M2__ridge__QAT,mae,6.141797152696409,6.141797152696409,0.0,PASS
PRIMARY_DELETE__HLO_to_P__primary_5y__M2__ridge__QAT,mse,67.0699659351648,67.06996593516475,5.684341886080802e-14,PASS
PRIMARY_DELETE__HLO_to_P__primary_5y__M2__ridge__QAT,rmse,8.189625506405333,8.18962550640533,3.552713678800501e-15,PASS
PRIMARY_DELETE__HLO_to_P__primary_5y__M2__ridge__QAT,bias_pred_minus_observed,0.38554679882444576,0.3855467988244436,2.1649348980190553e-15,PASS
PRIMARY_DELETE__HLO_to_P__primary_5y__M3__ridge__QAT,mae,5.510531910820909,5.510531910820911,2.6645352591003757e-15,PASS
PRIMARY_DELETE__HLO_to_P__primary_5y__M3__ridge__QAT,mse,56.81593012375261,56.81593012375264,3.552713678800501e-14,PASS
PRIMARY_DELETE__HLO_to_P__primary_5y__M3__ridge__QAT,rmse,7.537634252452994,7.537634252452996,1.7763568394002505e-15,PASS
PRIMARY_DELETE__HLO_to_P__primary_5y__M3__ridge__QAT,bias_pred_minus_observed,0.17310883752160222,0.1731088375216027,4.718447854656915e-16,PASS
PRIMARY_DELETE__HLO_to_P__primary_5y__M0__reference__RUS,mae,7.808514505763255,7.808514505763255,0.0,PASS
PRIMARY_DELETE__HLO_to_P__primary_5y__M0__reference__RUS,mse,111.77383492390659,111.77383492390662,2.842170943040401e-14,PASS
PRIMARY_DELETE__HLO_to_P__primary_5y__M0__reference__RUS,rmse,10.572314549043014,10.572314549043016,1.7763568394002505e-15,PASS
PRIMARY_DELETE__HLO_to_P__primary_5y__M0__reference__RUS,bias_pred_minus_observed,-1.1601830607332886e-14,-1.0935696792557792e-14,6.661338147750939e-16,PASS
PRIMARY_DELETE__HLO_to_P__primary_5y__M1__ridge__RUS,mae,5.774444429672113,5.774444429672113,0.0,PASS
PRIMARY_DELETE__HLO_to_P__primary_5y__M1__ridge__RUS,mse,51.04500594120484,51.04500594120484,0.0,PASS
PRIMARY_DELETE__HLO_to_P__primary_5y__M1__ridge__RUS,rmse,7.14457877983054,7.14457877983054,0.0,PASS
PRIMARY_DELETE__HLO_to_P__primary_5y__M1__ridge__RUS,bias_pred_minus_observed,0.09477621697623076,0.094776216976232,1.2351231148954867e-15,PASS
PRIMARY_DELETE__HLO_to_P__primary_5y__M2__ridge__RUS,mae,5.8097059790458685,5.809705979045868,8.881784197001252e-16,PASS
PRIMARY_DELETE__HLO_to_P__primary_5y__M2__ridge__RUS,mse,63.18860435976289,63.18860435976287,2.1316282072803006e-14,PASS
PRIMARY_DELETE__HLO_to_P__primary_5y__M2__ridge__RUS,rmse,7.949126012321285,7.949126012321283,1.7763568394002505e-15,PASS
PRIMARY_DELETE__HLO_to_P__primary_5y__M2__ridge__RUS,bias_pred_minus_observed,0.11801928240202217,0.1180192824020205,1.6653345369377348e-15,PASS
PRIMARY_DELETE__HLO_to_P__primary_5y__M3__ridge__RUS,mae,5.721381831716252,5.721381831716253,8.881784197001252e-16,PASS
PRIMARY_DELETE__HLO_to_P__primary_5y__M3__ridge__RUS,mse,58.9713154957815,58.97131549578153,3.552713678800501e-14,PASS
PRIMARY_DELETE__HLO_to_P__primary_5y__M3__ridge__RUS,rmse,7.679278318682133,7.679278318682136,2.6645352591003757e-15,PASS
PRIMARY_DELETE__HLO_to_P__primary_5y__M3__ridge__RUS,bias_pred_minus_observed,0.24725080415155015,0.2472508041515503,1.3877787807814457e-16,PASS
PRIMARY_DELETE__HLO_to_P__primary_5y__M0__reference__SAU,mae,7.732236392570388,7.732236392570388,0.0,PASS
PRIMARY_DELETE__HLO_to_P__primary_5y__M0__reference__SAU,mse,110.41587649229005,110.41587649229004,1.4210854715202004e-14,PASS
PRIMARY_DELETE__HLO_to_P__primary_5y__M0__reference__SAU,rmse,10.5078959117556,10.5078959117556,0.0,PASS
PRIMARY_DELETE__HLO_to_P__primary_5y__M0__reference__SAU,bias_pred_minus_observed,-6.6058269965196814e-15,-7.494005416219807e-15,8.881784197001252e-16,PASS
PRIMARY_DELETE__HLO_to_P__primary_5y__M1__ridge__SAU,mae,5.636643935881503,5.6366439358815015,1.7763568394002505e-15,PASS
PRIMARY_DELETE__HLO_to_P__primary_5y__M1__ridge__SAU,mse,49.77257402422916,49.77257402422914,2.1316282072803006e-14,PASS
PRIMARY_DELETE__HLO_to_P__primary_5y__M1__ridge__SAU,rmse,7.0549680384980595,7.054968038498059,8.881784197001252e-16,PASS
PRIMARY_DELETE__HLO_to_P__primary_5y__M1__ridge__SAU,bias_pred_minus_observed,0.13267489609799232,0.1326748960979942,1.887379141862766e-15,PASS
PRIMARY_DELETE__HLO_to_P__primary_5y__M2__ridge__SAU,mae,5.732427268804592,5.732427268804596,3.552713678800501e-15,PASS
PRIMARY_DELETE__HLO_to_P__primary_5y__M2__ridge__SAU,mse,59.64440039637659,59.64440039637661,2.1316282072803006e-14,PASS
PRIMARY_DELETE__HLO_to_P__primary_5y__M2__ridge__SAU,rmse,7.722978725619837,7.722978725619837,0.0,PASS
PRIMARY_DELETE__HLO_to_P__primary_5y__M2__ridge__SAU,bias_pred_minus_observed,0.16773918548460554,0.1677391854846078,2.275957200481571e-15,PASS
PRIMARY_DELETE__HLO_to_P__primary_5y__M3__ridge__SAU,mae,5.747163703720042,5.747163703720043,8.881784197001252e-16,PASS
PRIMARY_DELETE__HLO_to_P__primary_5y__M3__ridge__SAU,mse,61.008572070264364,61.0085720702644,3.552713678800501e-14,PASS
PRIMARY_DELETE__HLO_to_P__primary_5y__M3__ridge__SAU,rmse,7.810798427194518,7.810798427194521,2.6645352591003757e-15,PASS
PRIMARY_DELETE__HLO_to_P__primary_5y__M3__ridge__SAU,bias_pred_minus_observed,0.5008710222747247,0.5008710222747251,4.440892098500626e-16,PASS
PRIMARY_DELETE__HLO_to_P__primary_5y__M0__reference__SRB,mae,7.903309812040526,7.903309812040526,0.0,PASS
PRIMARY_DELETE__HLO_to_P__primary_5y__M0__reference__SRB,mse,112.9097920763453,112.9097920763453,0.0,PASS
PRIMARY_DELETE__HLO_to_P__primary_5y__M0__reference__SRB,rmse,10.625901941781004,10.625901941781004,0.0,PASS
PRIMARY_DELETE__HLO_to_P__primary_5y__M0__reference__SRB,bias_pred_minus_observed,-1.1518563880485999e-14,-1.1629586182948516e-14,1.1102230246251723e-16,PASS
PRIMARY_DELETE__HLO_to_P__primary_5y__M1__ridge__SRB,mae,5.995578676080199,5.995578676080201,1.7763568394002505e-15,PASS
PRIMARY_DELETE__HLO_to_P__primary_5y__M1__ridge__SRB,mse,53.9374600571128,53.93746005711282,2.1316282072803006e-14,PASS
PRIMARY_DELETE__HLO_to_P__primary_5y__M1__ridge__SRB,rmse,7.344212691440302,7.344212691440303,8.881784197001252e-16,PASS
PRIMARY_DELETE__HLO_to_P__primary_5y__M1__ridge__SRB,bias_pred_minus_observed,0.016545458122105755,0.0165454581221057,5.551115123125783e-17,PASS
PRIMARY_DELETE__HLO_to_P__primary_5y__M2__ridge__SRB,mae,6.087119212744038,6.087119212744038,0.0,PASS
PRIMARY_DELETE__HLO_to_P__primary_5y__M2__ridge__SRB,mse,66.07618768822427,66.07618768822427,0.0,PASS
PRIMARY_DELETE__HLO_to_P__primary_5y__M2__ridge__SRB,rmse,8.128726080280002,8.128726080280002,0.0,PASS
PRIMARY_DELETE__HLO_to_P__primary_5y__M2__ridge__SRB,bias_pred_minus_observed,0.3701004865131258,0.3701004865131265,6.661338147750939e-16,PASS
PRIMARY_DELETE__HLO_to_P__primary_5y__M3__ridge__SRB,mae,5.633479331712668,5.63347933171267,1.7763568394002505e-15,PASS
PRIMARY_DELETE__HLO_to_P__primary_5y__M3__ridge__SRB,mse,58.81946826107356,58.819468261073546,1.4210854715202004e-14,PASS
PRIMARY_DELETE__HLO_to_P__primary_5y__M3__ridge__SRB,rmse,7.669385129270375,7.669385129270373,1.7763568394002505e-15,PASS
PRIMARY_DELETE__HLO_to_P__primary_5y__M3__ridge__SRB,bias_pred_minus_observed,0.16825343020935196,0.1682534302093535,1.5265566588595902e-15,PASS
PRIMARY_DELETE__HLO_to_P__primary_5y__M0__reference__SVN,mae,7.808443548993337,7.808443548993336,8.881784197001252e-16,PASS
PRIMARY_DELETE__HLO_to_P__primary_5y__M0__reference__SVN,mse,111.77266946725122,111.7726694672512,1.4210854715202004e-14,PASS
PRIMARY_DELETE__HLO_to_P__primary_5y__M0__reference__SVN,rmse,10.572259430568813,10.572259430568812,1.7763568394002505e-15,PASS
PRIMARY_DELETE__HLO_to_P__primary_5y__M0__reference__SVN,bias_pred_minus_observed,-1.1018963519404679e-14,-1.1907141939104804e-14,8.881784197001252e-16,PASS
PRIMARY_DELETE__HLO_to_P__primary_5y__M1__ridge__SVN,mae,5.900253948910371,5.900253948910373,1.7763568394002505e-15,PASS
PRIMARY_DELETE__HLO_to_P__primary_5y__M1__ridge__SVN,mse,52.95730822375687,52.95730822375687,0.0,PASS
PRIMARY_DELETE__HLO_to_P__primary_5y__M1__ridge__SVN,rmse,7.2771772153601475,7.2771772153601475,0.0,PASS
PRIMARY_DELETE__HLO_to_P__primary_5y__M1__ridge__SVN,bias_pred_minus_observed,0.07083055419324363,0.0708305541932442,5.689893001203927e-16,PASS
PRIMARY_DELETE__HLO_to_P__primary_5y__M2__ridge__SVN,mae,6.204724702612798,6.204724702612799,8.881784197001252e-16,PASS
PRIMARY_DELETE__HLO_to_P__primary_5y__M2__ridge__SVN,mse,69.15165365734711,69.15165365734711,0.0,PASS
PRIMARY_DELETE__HLO_to_P__primary_5y__M2__ridge__SVN,rmse,8.31574733005682,8.31574733005682,0.0,PASS
PRIMARY_DELETE__HLO_to_P__primary_5y__M2__ridge__SVN,bias_pred_minus_observed,0.4879206425532252,0.4879206425532261,8.881784197001252e-16,PASS
PRIMARY_DELETE__HLO_to_P__primary_5y__M3__ridge__SVN,mae,5.893539346082151,5.893539346082151,0.0,PASS
PRIMARY_DELETE__HLO_to_P__primary_5y__M3__ridge__SVN,mse,63.75736432631089,63.75736432631093,3.552713678800501e-14,PASS
PRIMARY_DELETE__HLO_to_P__primary_5y__M3__ridge__SVN,rmse,7.984820870020247,7.984820870020249,1.7763568394002505e-15,PASS
PRIMARY_DELETE__HLO_to_P__primary_5y__M3__ridge__SVN,bias_pred_minus_observed,0.4168360549788326,0.4168360549788306,1.9984014443252818e-15,PASS
PRIMARY_DELETE__HLO_to_P__primary_5y__M0__reference__UKR,mae,7.939926406525716,7.939926406525717,8.881784197001252e-16,PASS
PRIMARY_DELETE__HLO_to_P__primary_5y__M0__reference__UKR,mse,113.15853968594543,113.15853968594544,1.4210854715202004e-14,PASS
PRIMARY_DELETE__HLO_to_P__primary_5y__M0__reference__UKR,rmse,10.637600278537704,10.637600278537704,0.0,PASS
PRIMARY_DELETE__HLO_to_P__primary_5y__M0__reference__UKR,bias_pred_minus_observed,-1.2073675392798577e-14,-1.1962653090336062e-14,1.1102230246251565e-16,PASS
PRIMARY_DELETE__HLO_to_P__primary_5y__M1__ridge__UKR,mae,5.877589568452778,5.87758956845278,2.6645352591003757e-15,PASS
PRIMARY_DELETE__HLO_to_P__primary_5y__M1__ridge__UKR,mse,53.2184642340029,53.21846423400291,7.105427357601002e-15,PASS
PRIMARY_DELETE__HLO_to_P__primary_5y__M1__ridge__UKR,rmse,7.295098644569715,7.295098644569716,8.881784197001252e-16,PASS
PRIMARY_DELETE__HLO_to_P__primary_5y__M1__ridge__UKR,bias_pred_minus_observed,0.052390652698496576,0.0523906526984987,2.123301534595612e-15,PASS
PRIMARY_DELETE__HLO_to_P__primary_5y__M2__ridge__UKR,mae,6.057812935047185,6.057812935047186,8.881784197001252e-16,PASS
PRIMARY_DELETE__HLO_to_P__primary_5y__M2__ridge__UKR,mse,66.16857020625649,66.16857020625649,0.0,PASS
PRIMARY_DELETE__HLO_to_P__primary_5y__M2__ridge__UKR,rmse,8.134406567553437,8.134406567553437,0.0,PASS
PRIMARY_DELETE__HLO_to_P__primary_5y__M2__ridge__UKR,bias_pred_minus_observed,0.36702678095166646,0.3670267809516656,8.881784197001252e-16,PASS
PRIMARY_DELETE__HLO_to_P__primary_5y__M3__ridge__UKR,mae,5.816126858765623,5.816126858765624,8.881784197001252e-16,PASS
PRIMARY_DELETE__HLO_to_P__primary_5y__M3__ridge__UKR,mse,62.10147961126447,62.10147961126445,2.1316282072803006e-14,PASS
PRIMARY_DELETE__HLO_to_P__primary_5y__M3__ridge__UKR,rmse,7.880449201109317,7.8804492011093155,1.7763568394002505e-15,PASS
PRIMARY_DELETE__HLO_to_P__primary_5y__M3__ridge__UKR,bias_pred_minus_observed,0.36923990437531695,0.3692399043753166,3.3306690738754696e-16,PASS
PRIMARY_DELETE__HLO_to_P__primary_5y__M0__reference__USA,mae,7.9134343009599135,7.9134343009599135,0.0,PASS
PRIMARY_DELETE__HLO_to_P__primary_5y__M0__reference__USA,mse,112.98138172871585,112.98138172871586,1.4210854715202004e-14,PASS
PRIMARY_DELETE__HLO_to_P__primary_5y__M0__reference__USA,rmse,10.629270046843097,10.629270046843097,0.0,PASS
PRIMARY_DELETE__HLO_to_P__primary_5y__M0__reference__USA,bias_pred_minus_observed,-1.1907141939104804e-14,-1.146305272925474e-14,4.440892098500642e-16,PASS
PRIMARY_DELETE__HLO_to_P__primary_5y__M1__ridge__USA,mae,5.7394748395383175,5.739474839538317,8.881784197001252e-16,PASS
PRIMARY_DELETE__HLO_to_P__primary_5y__M1__ridge__USA,mse,50.76510724186115,50.76510724186115,0.0,PASS
PRIMARY_DELETE__HLO_to_P__primary_5y__M1__ridge__USA,rmse,7.124963666002877,7.124963666002877,0.0,PASS
PRIMARY_DELETE__HLO_to_P__primary_5y__M1__ridge__USA,bias_pred_minus_observed,0.09739202077307034,0.0973920207730709,5.551115123125783e-16,PASS
PRIMARY_DELETE__HLO_to_P__primary_5y__M2__ridge__USA,mae,5.829799340328344,5.829799340328342,1.7763568394002505e-15,PASS
PRIMARY_DELETE__HLO_to_P__primary_5y__M2__ridge__USA,mse,63.12871154485091,63.1287115448509,7.105427357601002e-15,PASS
PRIMARY_DELETE__HLO_to_P__primary_5y__M2__ridge__USA,rmse,7.945357861345888,7.945357861345887,1.7763568394002505e-15,PASS
PRIMARY_DELETE__HLO_to_P__primary_5y__M2__ridge__USA,bias_pred_minus_observed,0.14650209326425204,0.1465020932642536,1.5543122344752192e-15,PASS
PRIMARY_DELETE__HLO_to_P__primary_5y__M3__ridge__USA,mae,5.837646818058407,5.837646818058409,1.7763568394002505e-15,PASS
PRIMARY_DELETE__HLO_to_P__primary_5y__M3__ridge__USA,mse,63.60173041865758,63.6017304186576,2.1316282072803006e-14,PASS
PRIMARY_DELETE__HLO_to_P__primary_5y__M3__ridge__USA,rmse,7.97506930494385,7.975069304943851,8.881784197001252e-16,PASS
PRIMARY_DELETE__HLO_to_P__primary_5y__M3__ridge__USA,bias_pred_minus_observed,0.42759047446729187,0.4275904744672905,1.3877787807814457e-15,PASS
PRIMARY_DELETE__HLO_to_P__primary_5y__M0__reference__ZAF,mae,7.342437375603304,7.342437375603304,0.0,PASS
PRIMARY_DELETE__HLO_to_P__primary_5y__M0__reference__ZAF,mse,99.16271110027553,99.16271110027552,1.4210854715202004e-14,PASS
PRIMARY_DELETE__HLO_to_P__primary_5y__M0__reference__ZAF,rmse,9.95804755463015,9.95804755463015,0.0,PASS
PRIMARY_DELETE__HLO_to_P__primary_5y__M0__reference__ZAF,bias_pred_minus_observed,3.969047313034935e-15,2.3037127760972002e-15,1.6653345369377344e-15,PASS
PRIMARY_DELETE__HLO_to_P__primary_5y__M1__ridge__ZAF,mae,5.7329389141074625,5.732938914107465,2.6645352591003757e-15,PASS
PRIMARY_DELETE__HLO_to_P__primary_5y__M1__ridge__ZAF,mse,52.00799848403786,52.00799848403789,2.842170943040401e-14,PASS
PRIMARY_DELETE__HLO_to_P__primary_5y__M1__ridge__ZAF,rmse,7.211657124686244,7.211657124686245,8.881784197001252e-16,PASS
PRIMARY_DELETE__HLO_to_P__primary_5y__M1__ridge__ZAF,bias_pred_minus_observed,-0.04724883524351642,-0.0472488352435163,1.1796119636642288e-16,PASS
PRIMARY_DELETE__HLO_to_P__primary_5y__M2__ridge__ZAF,mae,5.903140233774373,5.903140233774375,1.7763568394002505e-15,PASS
PRIMARY_DELETE__HLO_to_P__primary_5y__M2__ridge__ZAF,mse,61.213018879995886,61.21301887999592,3.552713678800501e-14,PASS
PRIMARY_DELETE__HLO_to_P__primary_5y__M2__ridge__ZAF,rmse,7.823874927425405,7.823874927425407,1.7763568394002505e-15,PASS
PRIMARY_DELETE__HLO_to_P__primary_5y__M2__ridge__ZAF,bias_pred_minus_observed,0.2994829224446585,0.2994829224446585,0.0,PASS
PRIMARY_DELETE__HLO_to_P__primary_5y__M3__ridge__ZAF,mae,5.767063278256446,5.767063278256445,8.881784197001252e-16,PASS
PRIMARY_DELETE__HLO_to_P__primary_5y__M3__ridge__ZAF,mse,61.493003454037385,61.49300345403736,2.842170943040401e-14,PASS
PRIMARY_DELETE__HLO_to_P__primary_5y__M3__ridge__ZAF,rmse,7.841747474513406,7.841747474513404,1.7763568394002505e-15,PASS
PRIMARY_DELETE__HLO_to_P__primary_5y__M3__ridge__ZAF,bias_pred_minus_observed,0.4073384197774041,0.407338419777402,2.1094237467877974e-15,PASS
