job_id,scenario_id,direction,construction_role,model_id,estimator,deleted_country,intercept,slope,undefined_reason,period
PRIMARY_DELETE__HLO_to_P__primary_5y__M0__reference__AUS,PRIMARY_DELETE,HLO_to_P,primary_5y,M0,reference,AUS,3322.1842779369717,-36.00000000000049,,
PRIMARY_DELETE__HLO_to_P__primary_5y__M0__reference__AUS,PRIMARY_DELETE,HLO_to_P,primary_5y,M0,reference,AUS,4235.0669035841265,-46.18506176313058,,2000_2004
PRIMARY_DELETE__HLO_to_P__primary_5y__M0__reference__AUS,PRIMARY_DELETE,HLO_to_P,primary_5y,M0,reference,AUS,3130.753791310431,-33.87345172391708,,2005_2009
PRIMARY_DELETE__HLO_to_P__primary_5y__M0__reference__AUS,PRIMARY_DELETE,HLO_to_P,primary_5y,M0,reference,AUS,3036.1022704744128,-32.827813596690845,,2010_2014
PRIMARY_DELETE__HLO_to_P__primary_5y__M0__reference__AUS,PRIMARY_DELETE,HLO_to_P,primary_5y,M0,reference,AUS,2969.241242868025,-32.01675946875385,,2015_2017
PRIMARY_DELETE__HLO_to_P__primary_5y__M0__reference__AUT,PRIMARY_DELETE,HLO_to_P,primary_5y,M0,reference,AUT,3317.2906358722203,-36.00000000000038,,
PRIMARY_DELETE__HLO_to_P__primary_5y__M0__reference__AUT,PRIMARY_DELETE,HLO_to_P,primary_5y,M0,reference,AUT,4228.788760222832,-46.18506176313061,,2000_2004
PRIMARY_DELETE__HLO_to_P__primary_5y__M0__reference__AUT,PRIMARY_DELETE,HLO_to_P,primary_5y,M0,reference,AUT,3098.781867524169,-33.568968704033914,,2005_2009
PRIMARY_DELETE__HLO_to_P__primary_5y__M0__reference__AUT,PRIMARY_DELETE,HLO_to_P,primary_5y,M0,reference,AUT,3031.6398379880056,-32.82781359669073,,2010_2014
PRIMARY_DELETE__HLO_to_P__primary_5y__M0__reference__AUT,PRIMARY_DELETE,HLO_to_P,primary_5y,M0,reference,AUT,2900.0746463049118,-31.29773010689157,,2015_2017
PRIMARY_DELETE__HLO_to_P__primary_5y__M0__reference__BHR,PRIMARY_DELETE,HLO_to_P,primary_5y,M0,reference,BHR,3332.3813109706834,-36.00000000000072,,
PRIMARY_DELETE__HLO_to_P__primary_5y__M0__reference__BHR,PRIMARY_DELETE,HLO_to_P,primary_5y,M0,reference,BHR,4248.148864708098,-46.18506176313097,,2000_2004
PRIMARY_DELETE__HLO_to_P__primary_5y__M0__reference__BHR,PRIMARY_DELETE,HLO_to_P,primary_5y,M0,reference,BHR,3140.348477593593,-33.87345172391704,,2005_2009
PRIMARY_DELETE__HLO_to_P__primary_5y__M0__reference__BHR,PRIMARY_DELETE,HLO_to_P,primary_5y,M0,reference,BHR,3045.4007787985634,-32.82781359669091,,2010_2014
PRIMARY_DELETE__HLO_to_P__primary_5y__M0__reference__BHR,PRIMARY_DELETE,HLO_to_P,primary_5y,M0,reference,BHR,2688.775415089503,-28.79571463271992,,2015_2017
PRIMARY_DELETE__HLO_to_P__primary_5y__M0__reference__BRA,PRIMARY_DELETE,HLO_to_P,primary_5y,M0,reference,BRA,3330.4388666312357,-36.000000000000256,,
PRIMARY_DELETE__HLO_to_P__primary_5y__M0__reference__BRA,PRIMARY_DELETE,HLO_to_P,primary_5y,M0,reference,BRA,4245.6568671584255,-46.18506176313056,,2000_2004
PRIMARY_DELETE__HLO_to_P__primary_5y__M0__reference__BRA,PRIMARY_DELETE,HLO_to_P,primary_5y,M0,reference,BRA,3137.538965800544,-33.86239275150154,,2005_2009
PRIMARY_DELETE__HLO_to_P__primary_5y__M0__reference__BRA,PRIMARY_DELETE,HLO_to_P,primary_5y,M0,reference,BRA,3036.883674248337,-32.754011955644756,,2010_2014
PRIMARY_DELETE__HLO_to_P__primary_5y__M0__reference__BRA,PRIMARY_DELETE,HLO_to_P,primary_5y,M0,reference,BRA,2911.505473462742,-31.297730106892416,,2015_2017
PRIMARY_DELETE__HLO_to_P__primary_5y__M0__reference__CHL,PRIMARY_DELETE,HLO_to_P,primary_5y,M0,reference,CHL,3337.4560664703245,-36.0,,
PRIMARY_DELETE__HLO_to_P__primary_5y__M0__reference__CHL,PRIMARY_DELETE,HLO_to_P,primary_5y,M0,reference,CHL,4254.659361824292,-46.18506176312984,,2000_2004
PRIMARY_DELETE__HLO_to_P__primary_5y__M0__reference__CHL,PRIMARY_DELETE,HLO_to_P,primary_5y,M0,reference,CHL,3266.9325646161847,-35.22883703273571,,2005_2009
PRIMARY_DELETE__HLO_to_P__primary_5y__M0__reference__CHL,PRIMARY_DELETE,HLO_to_P,primary_5y,M0,reference,CHL,3009.515168149964,-32.37585061640811,,2010_2014
PRIMARY_DELETE__HLO_to_P__primary_5y__M0__reference__CHL,PRIMARY_DELETE,HLO_to_P,primary_5y,M0,reference,CHL,2917.6060964257326,-31.297730106891493,,2015_2017
PRIMARY_DELETE__HLO_to_P__primary_5y__M0__reference__COL,PRIMARY_DELETE,HLO_to_P,primary_5y,M0,reference,COL,3331.5154072378473,-36.000000000000426,,
PRIMARY_DELETE__HLO_to_P__primary_5y__M0__reference__COL,PRIMARY_DELETE,HLO_to_P,primary_5y,M0,reference,COL,4247.037980891754,-46.185061763128616,,2000_2004
PRIMARY_DELETE__HLO_to_P__primary_5y__M0__reference__COL,PRIMARY_DELETE,HLO_to_P,primary_5y,M0,reference,COL,3139.5337234743834,-33.87345172391686,,2005_2009
PRIMARY_DELETE__HLO_to_P__primary_5y__M0__reference__COL,PRIMARY_DELETE,HLO_to_P,primary_5y,M0,reference,COL,3042.388578310432,-32.80378248077667,,2010_2014
PRIMARY_DELETE__HLO_to_P__primary_5y__M0__reference__COL,PRIMARY_DELETE,HLO_to_P,primary_5y,M0,reference,COL,2912.441397833579,-31.297730106891116,,2015_2017
PRIMARY_DELETE__HLO_to_P__primary_5y__M0__reference__CRI,PRIMARY_DELETE,HLO_to_P,primary_5y,M0,reference,CRI,3330.1031193865524,-36.00000000000036,,
PRIMARY_DELETE__HLO_to_P__primary_5y__M0__reference__CRI,PRIMARY_DELETE,HLO_to_P,primary_5y,M0,reference,CRI,4245.226130846221,-46.185061763128594,,2000_2004
PRIMARY_DELETE__HLO_to_P__primary_5y__M0__reference__CRI,PRIMARY_DELETE,HLO_to_P,primary_5y,M0,reference,CRI,3139.990000686008,-33.89360606309733,,2005_2009
PRIMARY_DELETE__HLO_to_P__primary_5y__M0__reference__CRI,PRIMARY_DELETE,HLO_to_P,primary_5y,M0,reference,CRI,3043.323333002384,-32.82781359669024,,2010_2014
PRIMARY_DELETE__HLO_to_P__primary_5y__M0__reference__CRI,PRIMARY_DELETE,HLO_to_P,primary_5y,M0,reference,CRI,2911.2135810557734,-31.2977301068917,,2015_2017
PRIMARY_DELETE__HLO_to_P__primary_5y__M0__reference__DEU,PRIMARY_DELETE,HLO_to_P,primary_5y,M0,reference,DEU,3319.4191063512167,-36.00000000000022,,
PRIMARY_DELETE__HLO_to_P__primary_5y__M0__reference__DEU,PRIMARY_DELETE,HLO_to_P,primary_5y,M0,reference,DEU,4231.519414126583,-46.185061763130946,,2000_2004
PRIMARY_DELETE__HLO_to_P__primary_5y__M0__reference__DEU,PRIMARY_DELETE,HLO_to_P,primary_5y,M0,reference,DEU,3117.870772404633,-33.7592241133826,,2005_2009
PRIMARY_DELETE__HLO_to_P__primary_5y__M0__reference__DEU,PRIMARY_DELETE,HLO_to_P,primary_5y,M0,reference,DEU,3044.2802686752,-32.946647241180436,,2010_2014
PRIMARY_DELETE__HLO_to_P__primary_5y__M0__reference__DEU,PRIMARY_DELETE,HLO_to_P,primary_5y,M0,reference,DEU,2899.5454749450305,-31.27126489377399,,2015_2017
PRIMARY_DELETE__HLO_to_P__primary_5y__M0__reference__EGY,PRIMARY_DELETE,HLO_to_P,primary_5y,M0,reference,EGY,3329.7413657949787,-36.00000000000029,,
PRIMARY_DELETE__HLO_to_P__primary_5y__M0__reference__EGY,PRIMARY_DELETE,HLO_to_P,primary_5y,M0,reference,EGY,4244.762030513771,-46.18506176312901,,2000_2004
PRIMARY_DELETE__HLO_to_P__primary_5y__M0__reference__EGY,PRIMARY_DELETE,HLO_to_P,primary_5y,M0,reference,EGY,3137.8644760529687,-33.87345172391683,,2005_2009
PRIMARY_DELETE__HLO_to_P__primary_5y__M0__reference__EGY,PRIMARY_DELETE,HLO_to_P,primary_5y,M0,reference,EGY,3042.993455794838,-32.82781359669032,,2010_2014
PRIMARY_DELETE__HLO_to_P__primary_5y__M0__reference__EGY,PRIMARY_DELETE,HLO_to_P,primary_5y,M0,reference,EGY,2788.0903544016505,-29.92506639517551,,2015_2017
PRIMARY_DELETE__HLO_to_P__primary_5y__M0__reference__ESP,PRIMARY_DELETE,HLO_to_P,primary_5y,M0,reference,ESP,3326.2830014273236,-35.999999999999694,,
PRIMARY_DELETE__HLO_to_P__primary_5y__M0__reference__ESP,PRIMARY_DELETE,HLO_to_P,primary_5y,M0,reference,ESP,4240.325231293932,-46.1850617631299,,2000_2004
PRIMARY_DELETE__HLO_to_P__primary_5y__M0__reference__ESP,PRIMARY_DELETE,HLO_to_P,primary_5y,M0,reference,ESP,3134.610399984804,-33.87345172391551,,2005_2009
PRIMARY_DELETE__HLO_to_P__primary_5y__M0__reference__ESP,PRIMARY_DELETE,HLO_to_P,primary_5y,M0,reference,ESP,3024.087483490535,-32.65369695503403,,2010_2014
PRIMARY_DELETE__HLO_to_P__primary_5y__M0__reference__ESP,PRIMARY_DELETE,HLO_to_P,primary_5y,M0,reference,ESP,2907.8924415873325,-31.297730106891297,,2015_2017
PRIMARY_DELETE__HLO_to_P__primary_5y__M0__reference__FIN,PRIMARY_DELETE,HLO_to_P,primary_5y,M0,reference,FIN,3318.7004072378427,-36.00000000000037,,
PRIMARY_DELETE__HLO_to_P__primary_5y__M0__reference__FIN,PRIMARY_DELETE,HLO_to_P,primary_5y,M0,reference,FIN,4230.5973818225675,-46.185061763129795,,2000_2004
PRIMARY_DELETE__HLO_to_P__primary_5y__M0__reference__FIN,PRIMARY_DELETE,HLO_to_P,primary_5y,M0,reference,FIN,3127.475715589849,-33.87345172391646,,2005_2009
PRIMARY_DELETE__HLO_to_P__primary_5y__M0__reference__FIN,PRIMARY_DELETE,HLO_to_P,primary_5y,M0,reference,FIN,2980.3899210150266,-32.24412544400702,,2010_2014
PRIMARY_DELETE__HLO_to_P__primary_5y__M0__reference__FIN,PRIMARY_DELETE,HLO_to_P,primary_5y,M0,reference,FIN,2901.3002752970037,-31.297730106892075,,2015_2017
PRIMARY_DELETE__HLO_to_P__primary_5y__M0__reference__GHA,PRIMARY_DELETE,HLO_to_P,primary_5y,M0,reference,GHA,3354.359462237796,-35.99999999999985,,
PRIMARY_DELETE__HLO_to_P__primary_5y__M0__reference__GHA,PRIMARY_DELETE,HLO_to_P,primary_5y,M0,reference,GHA,4276.345038977676,-46.18506176312798,,2000_2004
PRIMARY_DELETE__HLO_to_P__primary_5y__M0__reference__GHA,PRIMARY_DELETE,HLO_to_P,primary_5y,M0,reference,GHA,3161.0283622026927,-33.87345172391627,,2005_2009
PRIMARY_DELETE__HLO_to_P__primary_5y__M0__reference__GHA,PRIMARY_DELETE,HLO_to_P,primary_5y,M0,reference,GHA,3025.39372888699,-32.38594139625443,,2010_2014
PRIMARY_DELETE__HLO_to_P__primary_5y__M0__reference__GHA,PRIMARY_DELETE,HLO_to_P,primary_5y,M0,reference,GHA,2932.3015941651456,-31.297730106890945,,2015_2017
PRIMARY_DELETE__HLO_to_P__primary_5y__M0__reference__HRV,PRIMARY_DELETE,HLO_to_P,primary_5y,M0,reference,HRV,3328.9864945702707,-36.000000000000526,,
PRIMARY_DELETE__HLO_to_P__primary_5y__M0__reference__HRV,PRIMARY_DELETE,HLO_to_P,primary_5y,M0,reference,HRV,4243.793592343276,-46.185061763128864,,2000_2004
PRIMARY_DELETE__HLO_to_P__primary_5y__M0__reference__HRV,PRIMARY_DELETE,HLO_to_P,primary_5y,M0,reference,HRV,3137.1541956643628,-33.87345172391645,,2005_2009
PRIMARY_DELETE__HLO_to_P__primary_5y__M0__reference__HRV,PRIMARY_DELETE,HLO_to_P,primary_5y,M0,reference,HRV,3034.5619613683566,-32.74260897698688,,2010_2014
PRIMARY_DELETE__HLO_to_P__primary_5y__M0__reference__HRV,PRIMARY_DELETE,HLO_to_P,primary_5y,M0,reference,HRV,2910.2428082187516,-31.297730106891187,,2015_2017
PRIMARY_DELETE__HLO_to_P__primary_5y__M0__reference__IDN,PRIMARY_DELETE,HLO_to_P,primary_5y,M0,reference,IDN,3337.319561561229,-36.00000000000011,,
PRIMARY_DELETE__HLO_to_P__primary_5y__M0__reference__IDN,PRIMARY_DELETE,HLO_to_P,primary_5y,M0,reference,IDN,4254.484237167053,-46.18506176312902,,2000_2004
PRIMARY_DELETE__HLO_to_P__primary_5y__M0__reference__IDN,PRIMARY_DELETE,HLO_to_P,primary_5y,M0,reference,IDN,3063.159710214311,-32.962775926972014,,2005_2009
PRIMARY_DELETE__HLO_to_P__primary_5y__M0__reference__IDN,PRIMARY_DELETE,HLO_to_P,primary_5y,M0,reference,IDN,3018.076899896568,-32.47265767383296,,2010_2014
PRIMARY_DELETE__HLO_to_P__primary_5y__M0__reference__IDN,PRIMARY_DELETE,HLO_to_P,primary_5y,M0,reference,IDN,3324.5272440496756,-35.8234319175613,,2015_2017
PRIMARY_DELETE__HLO_to_P__primary_5y__M0__reference__IRN,PRIMARY_DELETE,HLO_to_P,primary_5y,M0,reference,IRN,3341.434882877793,-35.99999999999982,,
PRIMARY_DELETE__HLO_to_P__primary_5y__M0__reference__IRN,PRIMARY_DELETE,HLO_to_P,primary_5y,M0,reference,IRN,4259.76385853323,-46.18506176312919,,2000_2004
PRIMARY_DELETE__HLO_to_P__primary_5y__M0__reference__IRN,PRIMARY_DELETE,HLO_to_P,primary_5y,M0,reference,IRN,3142.3838952612973,-33.80147173106572,,2005_2009
PRIMARY_DELETE__HLO_to_P__primary_5y__M0__reference__IRN,PRIMARY_DELETE,HLO_to_P,primary_5y,M0,reference,IRN,3053.6565835471724,-32.82781359668979,,2010_2014
PRIMARY_DELETE__HLO_to_P__primary_5y__M0__reference__IRN,PRIMARY_DELETE,HLO_to_P,primary_5y,M0,reference,IRN,2921.0652053719787,-31.297730106891045,,2015_2017
PRIMARY_DELETE__HLO_to_P__primary_5y__M0__reference__ISL,PRIMARY_DELETE,HLO_to_P,primary_5y,M0,reference,ISL,3318.701755855239,-36.000000000000824,,
PRIMARY_DELETE__HLO_to_P__primary_5y__M0__reference__ISL,PRIMARY_DELETE,HLO_to_P,primary_5y,M0,reference,ISL,4295.498953907072,-46.90639351572018,,2000_2004
PRIMARY_DELETE__HLO_to_P__primary_5y__M0__reference__ISL,PRIMARY_DELETE,HLO_to_P,primary_5y,M0,reference,ISL,3127.4769845433184,-33.873451723916475,,2005_2009
PRIMARY_DELETE__HLO_to_P__primary_5y__M0__reference__ISL,PRIMARY_DELETE,HLO_to_P,primary_5y,M0,reference,ISL,3032.926615314774,-32.827813596690696,,2010_2014
PRIMARY_DELETE__HLO_to_P__primary_5y__M0__reference__ISL,PRIMARY_DELETE,HLO_to_P,primary_5y,M0,reference,ISL,2901.301447759739,-31.297730106890988,,2015_2017
PRIMARY_DELETE__HLO_to_P__primary_5y__M0__reference__ITA,PRIMARY_DELETE,HLO_to_P,primary_5y,M0,reference,ITA,3329.754240883828,-36.000000000000334,,
PRIMARY_DELETE__HLO_to_P__primary_5y__M0__reference__ITA,PRIMARY_DELETE,HLO_to_P,primary_5y,M0,reference,ITA,4244.778548201882,-46.18506176312852,,2000_2004
PRIMARY_DELETE__HLO_to_P__primary_5y__M0__reference__ITA,PRIMARY_DELETE,HLO_to_P,primary_5y,M0,reference,ITA,3142.7779483063323,-33.92897400213754,,2005_2009
PRIMARY_DELETE__HLO_to_P__primary_5y__M0__reference__ITA,PRIMARY_DELETE,HLO_to_P,primary_5y,M0,reference,ITA,3042.0372753064607,-32.817188627900414,,2010_2014
PRIMARY_DELETE__HLO_to_P__primary_5y__M0__reference__ITA,PRIMARY_DELETE,HLO_to_P,primary_5y,M0,reference,ITA,2910.9102725774205,-31.297730106890963,,2015_2017
PRIMARY_DELETE__HLO_to_P__primary_5y__M0__reference__JOR,PRIMARY_DELETE,HLO_to_P,primary_5y,M0,reference,JOR,3346.2484597584557,-36.00000000000046,,
PRIMARY_DELETE__HLO_to_P__primary_5y__M0__reference__JOR,PRIMARY_DELETE,HLO_to_P,primary_5y,M0,reference,JOR,4265.939284798163,-46.185061763130804,,2000_2004
PRIMARY_DELETE__HLO_to_P__primary_5y__M0__reference__JOR,PRIMARY_DELETE,HLO_to_P,primary_5y,M0,reference,JOR,3153.396483010472,-33.8734517239158,,2005_2009
PRIMARY_DELETE__HLO_to_P__primary_5y__M0__reference__JOR,PRIMARY_DELETE,HLO_to_P,primary_5y,M0,reference,JOR,3052.9058733213574,-32.77090435015882,,2010_2014
PRIMARY_DELETE__HLO_to_P__primary_5y__M0__reference__JOR,PRIMARY_DELETE,HLO_to_P,primary_5y,M0,reference,JOR,2925.250039540306,-31.297730106891617,,2015_2017
PRIMARY_DELETE__HLO_to_P__primary_5y__M0__reference__JPN,PRIMARY_DELETE,HLO_to_P,primary_5y,M0,reference,JPN,3310.6580100428237,-36.00000000000015,,
PRIMARY_DELETE__HLO_to_P__primary_5y__M0__reference__JPN,PRIMARY_DELETE,HLO_to_P,primary_5y,M0,reference,JPN,4220.279642623358,-46.18506176313077,,2000_2004
PRIMARY_DELETE__HLO_to_P__primary_5y__M0__reference__JPN,PRIMARY_DELETE,HLO_to_P,primary_5y,M0,reference,JPN,3127.9636466127918,-33.963358573710515,,2005_2009
PRIMARY_DELETE__HLO_to_P__primary_5y__M0__reference__JPN,PRIMARY_DELETE,HLO_to_P,primary_5y,M0,reference,JPN,3025.59165453289,-32.82781359669049,,2010_2014
PRIMARY_DELETE__HLO_to_P__primary_5y__M0__reference__JPN,PRIMARY_DELETE,HLO_to_P,primary_5y,M0,reference,JPN,2911.010160435197,-31.484382176104294,,2015_2017
PRIMARY_DELETE__HLO_to_P__primary_5y__M0__reference__KAZ,PRIMARY_DELETE,HLO_to_P,primary_5y,M0,reference,KAZ,3334.3471389566807,-36.000000000000696,,
PRIMARY_DELETE__HLO_to_P__primary_5y__M0__reference__KAZ,PRIMARY_DELETE,HLO_to_P,primary_5y,M0,reference,KAZ,4250.6708615677435,-46.18506176313042,,2000_2004
PRIMARY_DELETE__HLO_to_P__primary_5y__M0__reference__KAZ,PRIMARY_DELETE,HLO_to_P,primary_5y,M0,reference,KAZ,3142.1981825764024,-33.873451723917,,2005_2009
PRIMARY_DELETE__HLO_to_P__primary_5y__M0__reference__KAZ,PRIMARY_DELETE,HLO_to_P,primary_5y,M0,reference,KAZ,3049.05547573048,-32.84893175724257,,2010_2014
PRIMARY_DELETE__HLO_to_P__primary_5y__M0__reference__KAZ,PRIMARY_DELETE,HLO_to_P,primary_5y,M0,reference,KAZ,2914.903252696631,-31.297730106890953,,2015_2017
PRIMARY_DELETE__HLO_to_P__primary_5y__M0__reference__KOR,PRIMARY_DELETE,HLO_to_P,primary_5y,M0,reference,KOR,3320.5575500949762,-36.00000000000026,,
PRIMARY_DELETE__HLO_to_P__primary_5y__M0__reference__KOR,PRIMARY_DELETE,HLO_to_P,primary_5y,M0,reference,KOR,4232.979944532417,-46.18506176312808,,2000_2004
PRIMARY_DELETE__HLO_to_P__primary_5y__M0__reference__KOR,PRIMARY_DELETE,HLO_to_P,primary_5y,M0,reference,KOR,3129.2231555597577,-33.87345172391672,,2005_2009
PRIMARY_DELETE__HLO_to_P__primary_5y__M0__reference__KOR,PRIMARY_DELETE,HLO_to_P,primary_5y,M0,reference,KOR,2993.396604230869,-32.37024968263177,,2010_2014
PRIMARY_DELETE__HLO_to_P__primary_5y__M0__reference__KOR,PRIMARY_DELETE,HLO_to_P,primary_5y,M0,reference,KOR,2902.9148407390044,-31.29773010689183,,2015_2017
PRIMARY_DELETE__HLO_to_P__primary_5y__M0__reference__LTU,PRIMARY_DELETE,HLO_to_P,primary_5y,M0,reference,LTU,3324.5603517462177,-36.0000000000004,,
PRIMARY_DELETE__HLO_to_P__primary_5y__M0__reference__LTU,PRIMARY_DELETE,HLO_to_P,primary_5y,M0,reference,LTU,4235.50847986317,-46.156490040098255,,2000_2004
PRIMARY_DELETE__HLO_to_P__primary_5y__M0__reference__LTU,PRIMARY_DELETE,HLO_to_P,primary_5y,M0,reference,LTU,3132.9895085734656,-33.87345172391678,,2005_2009
PRIMARY_DELETE__HLO_to_P__primary_5y__M0__reference__LTU,PRIMARY_DELETE,HLO_to_P,primary_5y,M0,reference,LTU,3038.268973477232,-32.827813596690646,,2010_2014
PRIMARY_DELETE__HLO_to_P__primary_5y__M0__reference__LTU,PRIMARY_DELETE,HLO_to_P,primary_5y,M0,reference,LTU,2906.3948020099747,-31.297730106892867,,2015_2017
PRIMARY_DELETE__HLO_to_P__primary_5y__M0__reference__MAR,PRIMARY_DELETE,HLO_to_P,primary_5y,M0,reference,MAR,3352.410210483425,-36.00000000000027,,
PRIMARY_DELETE__HLO_to_P__primary_5y__M0__reference__MAR,PRIMARY_DELETE,HLO_to_P,primary_5y,M0,reference,MAR,4273.844308070254,-46.18506176312858,,2000_2004
PRIMARY_DELETE__HLO_to_P__primary_5y__M0__reference__MAR,PRIMARY_DELETE,HLO_to_P,primary_5y,M0,reference,MAR,2984.860829003181,-31.946539753338616,,2005_2009
PRIMARY_DELETE__HLO_to_P__primary_5y__M0__reference__MAR,PRIMARY_DELETE,HLO_to_P,primary_5y,M0,reference,MAR,3088.8533958038647,-33.10593968511046,,2010_2014
PRIMARY_DELETE__HLO_to_P__primary_5y__M0__reference__MAR,PRIMARY_DELETE,HLO_to_P,primary_5y,M0,reference,MAR,2930.606950961832,-31.297730106891112,,2015_2017
PRIMARY_DELETE__HLO_to_P__primary_5y__M0__reference__MEX,PRIMARY_DELETE,HLO_to_P,primary_5y,M0,reference,MEX,3328.0524215162577,-36.00000000000054,,
PRIMARY_DELETE__HLO_to_P__primary_5y__M0__reference__MEX,PRIMARY_DELETE,HLO_to_P,primary_5y,M0,reference,MEX,4242.5952528519265,-46.185061763129575,,2000_2004
PRIMARY_DELETE__HLO_to_P__primary_5y__M0__reference__MEX,PRIMARY_DELETE,HLO_to_P,primary_5y,M0,reference,MEX,3136.2752990393183,-33.87345172391651,,2005_2009
PRIMARY_DELETE__HLO_to_P__primary_5y__M0__reference__MEX,PRIMARY_DELETE,HLO_to_P,primary_5y,M0,reference,MEX,3031.199551480403,-32.71475446367068,,2010_2014
PRIMARY_DELETE__HLO_to_P__primary_5y__M0__reference__MEX,PRIMARY_DELETE,HLO_to_P,primary_5y,M0,reference,MEX,2909.430742486902,-31.297730106890594,,2015_2017
PRIMARY_DELETE__HLO_to_P__primary_5y__M0__reference__NLD,PRIMARY_DELETE,HLO_to_P,primary_5y,M0,reference,NLD,3320.9753513185237,-36.00000000000036,,
PRIMARY_DELETE__HLO_to_P__primary_5y__M0__reference__NLD,PRIMARY_DELETE,HLO_to_P,primary_5y,M0,reference,NLD,4361.487181488777,-47.604054674533224,,2000_2004
PRIMARY_DELETE__HLO_to_P__primary_5y__M0__reference__NLD,PRIMARY_DELETE,HLO_to_P,primary_5y,M0,reference,NLD,3067.1660595578137,-33.18050270608314,,2005_2009
PRIMARY_DELETE__HLO_to_P__primary_5y__M0__reference__NLD,PRIMARY_DELETE,HLO_to_P,primary_5y,M0,reference,NLD,3034.9998699831694,-32.82781359669004,,2010_2014
PRIMARY_DELETE__HLO_to_P__primary_5y__M0__reference__NLD,PRIMARY_DELETE,HLO_to_P,primary_5y,M0,reference,NLD,2903.278069348165,-31.29773010689096,,2015_2017
PRIMARY_DELETE__HLO_to_P__primary_5y__M0__reference__NOR,PRIMARY_DELETE,HLO_to_P,primary_5y,M0,reference,NOR,3318.3227669628172,-36.00000000000008,,
PRIMARY_DELETE__HLO_to_P__primary_5y__M0__reference__NOR,PRIMARY_DELETE,HLO_to_P,primary_5y,M0,reference,NOR,4044.4138884681333,-44.12047638629893,,2000_2004
PRIMARY_DELETE__HLO_to_P__primary_5y__M0__reference__NOR,PRIMARY_DELETE,HLO_to_P,primary_5y,M0,reference,NOR,3211.585801556793,-34.812600246490504,,2005_2009
PRIMARY_DELETE__HLO_to_P__primary_5y__M0__reference__NOR,PRIMARY_DELETE,HLO_to_P,primary_5y,M0,reference,NOR,3032.5810215171405,-32.82781359669028,,2010_2014
PRIMARY_DELETE__HLO_to_P__primary_5y__M0__reference__NOR,PRIMARY_DELETE,HLO_to_P,primary_5y,M0,reference,NOR,2900.9719618690124,-31.297730106891073,,2015_2017
PRIMARY_DELETE__HLO_to_P__primary_5y__M0__reference__OMN,PRIMARY_DELETE,HLO_to_P,primary_5y,M0,reference,OMN,3331.471315494675,-36.00000000000035,,
PRIMARY_DELETE__HLO_to_P__primary_5y__M0__reference__OMN,PRIMARY_DELETE,HLO_to_P,primary_5y,M0,reference,OMN,4246.981414784043,-46.18506176312978,,2000_2004
PRIMARY_DELETE__HLO_to_P__primary_5y__M0__reference__OMN,PRIMARY_DELETE,HLO_to_P,primary_5y,M0,reference,OMN,3139.492236265067,-33.87345172391629,,2005_2009
PRIMARY_DELETE__HLO_to_P__primary_5y__M0__reference__OMN,PRIMARY_DELETE,HLO_to_P,primary_5y,M0,reference,OMN,3042.267564041297,-32.80288800881388,,2010_2014
PRIMARY_DELETE__HLO_to_P__primary_5y__M0__reference__OMN,PRIMARY_DELETE,HLO_to_P,primary_5y,M0,reference,OMN,2912.4030652926012,-31.297730106891855,,2015_2017
PRIMARY_DELETE__HLO_to_P__primary_5y__M0__reference__PER,PRIMARY_DELETE,HLO_to_P,primary_5y,M0,reference,PER,3325.7652047378456,-36.000000000000405,,
PRIMARY_DELETE__HLO_to_P__primary_5y__M0__reference__PER,PRIMARY_DELETE,HLO_to_P,primary_5y,M0,reference,PER,4239.660940402474,-46.18506176312828,,2000_2004
PRIMARY_DELETE__HLO_to_P__primary_5y__M0__reference__PER,PRIMARY_DELETE,HLO_to_P,primary_5y,M0,reference,PER,3130.906002342175,-33.83813818324214,,2005_2009
PRIMARY_DELETE__HLO_to_P__primary_5y__M0__reference__PER,PRIMARY_DELETE,HLO_to_P,primary_5y,M0,reference,PER,3039.3676592944666,-32.82781359669061,,2010_2014
PRIMARY_DELETE__HLO_to_P__primary_5y__M0__reference__PER,PRIMARY_DELETE,HLO_to_P,primary_5y,M0,reference,PER,2907.4422787806893,-31.297730106891407,,2015_2017
PRIMARY_DELETE__HLO_to_P__primary_5y__M0__reference__PHL,PRIMARY_DELETE,HLO_to_P,primary_5y,M0,reference,PHL,3326.5454072378334,-36.00000000000026,,
PRIMARY_DELETE__HLO_to_P__primary_5y__M0__reference__PHL,PRIMARY_DELETE,HLO_to_P,primary_5y,M0,reference,PHL,4240.782341164839,-46.18790674611993,,2000_2004
PRIMARY_DELETE__HLO_to_P__primary_5y__M0__reference__PHL,PRIMARY_DELETE,HLO_to_P,primary_5y,M0,reference,PHL,3134.8573052779866,-33.8734517239161,,2005_2009
PRIMARY_DELETE__HLO_to_P__primary_5y__M0__reference__PHL,PRIMARY_DELETE,HLO_to_P,primary_5y,M0,reference,PHL,3040.0791132454738,-32.827813596690184,,2010_2014
PRIMARY_DELETE__HLO_to_P__primary_5y__M0__reference__PHL,PRIMARY_DELETE,HLO_to_P,primary_5y,M0,reference,PHL,2908.120572316081,-31.29773010689153,,2015_2017
PRIMARY_DELETE__HLO_to_P__primary_5y__M0__reference__POL,PRIMARY_DELETE,HLO_to_P,primary_5y,M0,reference,POL,3319.1133819458264,-36.000000000000625,,
PRIMARY_DELETE__HLO_to_P__primary_5y__M0__reference__POL,PRIMARY_DELETE,HLO_to_P,primary_5y,M0,reference,POL,4231.127194667123,-46.18506176313294,,2000_2004
PRIMARY_DELETE__HLO_to_P__primary_5y__M0__reference__POL,PRIMARY_DELETE,HLO_to_P,primary_5y,M0,reference,POL,3224.2376498092653,-34.94442967170506,,2005_2009
PRIMARY_DELETE__HLO_to_P__primary_5y__M0__reference__POL,PRIMARY_DELETE,HLO_to_P,primary_5y,M0,reference,POL,3098.479217762796,-33.55181127772489,,2010_2014
PRIMARY_DELETE__HLO_to_P__primary_5y__M0__reference__POL,PRIMARY_DELETE,HLO_to_P,primary_5y,M0,reference,POL,2569.7245100495334,-27.605087654423365,,2015_2017
PRIMARY_DELETE__HLO_to_P__primary_5y__M0__reference__QAT,PRIMARY_DELETE,HLO_to_P,primary_5y,M0,reference,QAT,3333.6242544345914,-36.00000000000027,,
PRIMARY_DELETE__HLO_to_P__primary_5y__M0__reference__QAT,PRIMARY_DELETE,HLO_to_P,primary_5y,M0,reference,QAT,4249.743459726182,-46.18506176313114,,2000_2004
PRIMARY_DELETE__HLO_to_P__primary_5y__M0__reference__QAT,PRIMARY_DELETE,HLO_to_P,primary_5y,M0,reference,QAT,3144.1964017313435,-33.90335981667954,,2005_2009
PRIMARY_DELETE__HLO_to_P__primary_5y__M0__reference__QAT,PRIMARY_DELETE,HLO_to_P,primary_5y,M0,reference,QAT,3046.53419869703,-32.8278135966906,,2010_2014
PRIMARY_DELETE__HLO_to_P__primary_5y__M0__reference__QAT,PRIMARY_DELETE,HLO_to_P,primary_5y,M0,reference,QAT,2914.2747903447225,-31.297730106891237,,2015_2017
PRIMARY_DELETE__HLO_to_P__primary_5y__M0__reference__RUS,PRIMARY_DELETE,HLO_to_P,primary_5y,M0,reference,RUS,3322.213670641048,-35.99999999999972,,
PRIMARY_DELETE__HLO_to_P__primary_5y__M0__reference__RUS,PRIMARY_DELETE,HLO_to_P,primary_5y,M0,reference,RUS,4235.1046120245555,-46.18506176313032,,2000_2004
PRIMARY_DELETE__HLO_to_P__primary_5y__M0__reference__RUS,PRIMARY_DELETE,HLO_to_P,primary_5y,M0,reference,RUS,3130.781447764352,-33.87345172391592,,2005_2009
PRIMARY_DELETE__HLO_to_P__primary_5y__M0__reference__RUS,PRIMARY_DELETE,HLO_to_P,primary_5y,M0,reference,RUS,3036.129073202474,-32.82781359669006,,2010_2014
PRIMARY_DELETE__HLO_to_P__primary_5y__M0__reference__RUS,PRIMARY_DELETE,HLO_to_P,primary_5y,M0,reference,RUS,2968.70299659217,-32.010461950632354,,2015_2017
PRIMARY_DELETE__HLO_to_P__primary_5y__M0__reference__SAU,PRIMARY_DELETE,HLO_to_P,primary_5y,M0,reference,SAU,3334.3759175974646,-35.99999999999991,,
PRIMARY_DELETE__HLO_to_P__primary_5y__M0__reference__SAU,PRIMARY_DELETE,HLO_to_P,primary_5y,M0,reference,SAU,4250.707782214973,-46.185061763128864,,2000_2004
PRIMARY_DELETE__HLO_to_P__primary_5y__M0__reference__SAU,PRIMARY_DELETE,HLO_to_P,primary_5y,M0,reference,SAU,3142.225261240294,-33.87345172391652,,2005_2009
PRIMARY_DELETE__HLO_to_P__primary_5y__M0__reference__SAU,PRIMARY_DELETE,HLO_to_P,primary_5y,M0,reference,SAU,3029.1126055696623,-32.62255083350034,,2010_2014
PRIMARY_DELETE__HLO_to_P__primary_5y__M0__reference__SAU,PRIMARY_DELETE,HLO_to_P,primary_5y,M0,reference,SAU,3151.360522846874,-33.930373922081216,,2015_2017
PRIMARY_DELETE__HLO_to_P__primary_5y__M0__reference__SRB,PRIMARY_DELETE,HLO_to_P,primary_5y,M0,reference,SRB,3326.0016910799422,-36.00000000000034,,
PRIMARY_DELETE__HLO_to_P__primary_5y__M0__reference__SRB,PRIMARY_DELETE,HLO_to_P,primary_5y,M0,reference,SRB,4239.964333078142,-46.18506176313071,,2000_2004
PRIMARY_DELETE__HLO_to_P__primary_5y__M0__reference__SRB,PRIMARY_DELETE,HLO_to_P,primary_5y,M0,reference,SRB,3134.3457068606613,-33.87345172391681,,2005_2009
PRIMARY_DELETE__HLO_to_P__primary_5y__M0__reference__SRB,PRIMARY_DELETE,HLO_to_P,primary_5y,M0,reference,SRB,3022.8633244616967,-32.64294559695326,,2010_2014
PRIMARY_DELETE__HLO_to_P__primary_5y__M0__reference__SRB,PRIMARY_DELETE,HLO_to_P,primary_5y,M0,reference,SRB,2907.647875605868,-31.297730106890594,,2015_2017
PRIMARY_DELETE__HLO_to_P__primary_5y__M0__reference__SVN,PRIMARY_DELETE,HLO_to_P,primary_5y,M0,reference,SVN,3322.210835208582,-36.00000000000039,,
PRIMARY_DELETE__HLO_to_P__primary_5y__M0__reference__SVN,PRIMARY_DELETE,HLO_to_P,primary_5y,M0,reference,SVN,4235.100974396057,-46.18506176313041,,2000_2004
PRIMARY_DELETE__HLO_to_P__primary_5y__M0__reference__SVN,PRIMARY_DELETE,HLO_to_P,primary_5y,M0,reference,SVN,3120.0294280595963,-33.75433523839179,,2005_2009
PRIMARY_DELETE__HLO_to_P__primary_5y__M0__reference__SVN,PRIMARY_DELETE,HLO_to_P,primary_5y,M0,reference,SVN,3036.126487617838,-32.82781359669116,,2010_2014
PRIMARY_DELETE__HLO_to_P__primary_5y__M0__reference__SVN,PRIMARY_DELETE,HLO_to_P,primary_5y,M0,reference,SVN,2904.3521760521508,-31.297730106891283,,2015_2017
PRIMARY_DELETE__HLO_to_P__primary_5y__M0__reference__UKR,PRIMARY_DELETE,HLO_to_P,primary_5y,M0,reference,UKR,3330.5937608378285,-36.00000000000022,,
PRIMARY_DELETE__HLO_to_P__primary_5y__M0__reference__UKR,PRIMARY_DELETE,HLO_to_P,primary_5y,M0,reference,UKR,4245.855583783382,-46.18506176313057,,2000_2004
PRIMARY_DELETE__HLO_to_P__primary_5y__M0__reference__UKR,PRIMARY_DELETE,HLO_to_P,primary_5y,M0,reference,UKR,3140.745581641653,-33.896849589820434,,2005_2009
PRIMARY_DELETE__HLO_to_P__primary_5y__M0__reference__UKR,PRIMARY_DELETE,HLO_to_P,primary_5y,M0,reference,UKR,3043.770740949812,-32.82781359669075,,2010_2014
PRIMARY_DELETE__HLO_to_P__primary_5y__M0__reference__UKR,PRIMARY_DELETE,HLO_to_P,primary_5y,M0,reference,UKR,2911.640135603598,-31.297730106891695,,2015_2017
PRIMARY_DELETE__HLO_to_P__primary_5y__M0__reference__USA,PRIMARY_DELETE,HLO_to_P,primary_5y,M0,reference,USA,3326.406265657165,-36.00000000000037,,
PRIMARY_DELETE__HLO_to_P__primary_5y__M0__reference__USA,PRIMARY_DELETE,HLO_to_P,primary_5y,M0,reference,USA,4240.027074477687,-46.181412894471286,,2000_2004
PRIMARY_DELETE__HLO_to_P__primary_5y__M0__reference__USA,PRIMARY_DELETE,HLO_to_P,primary_5y,M0,reference,USA,3134.7263828998125,-33.8734517239166,,2005_2009
PRIMARY_DELETE__HLO_to_P__primary_5y__M0__reference__USA,PRIMARY_DELETE,HLO_to_P,primary_5y,M0,reference,USA,3039.9522323045876,-32.827813596690845,,2010_2014
PRIMARY_DELETE__HLO_to_P__primary_5y__M0__reference__USA,PRIMARY_DELETE,HLO_to_P,primary_5y,M0,reference,USA,2907.9996052149345,-31.297730106890736,,2015_2017
PRIMARY_DELETE__HLO_to_P__primary_5y__M0__reference__ZAF,PRIMARY_DELETE,HLO_to_P,primary_5y,M0,reference,ZAF,3349.89113874358,-35.99999999999994,,
PRIMARY_DELETE__HLO_to_P__primary_5y__M0__reference__ZAF,PRIMARY_DELETE,HLO_to_P,primary_5y,M0,reference,ZAF,4151.5837292283195,-44.86774336235547,,2000_2004
PRIMARY_DELETE__HLO_to_P__primary_5y__M0__reference__ZAF,PRIMARY_DELETE,HLO_to_P,primary_5y,M0,reference,ZAF,3156.823986086897,-33.873451723916205,,2005_2009
PRIMARY_DELETE__HLO_to_P__primary_5y__M0__reference__ZAF,PRIMARY_DELETE,HLO_to_P,primary_5y,M0,reference,ZAF,3273.104317686585,-35.168167828042435,,2010_2014
PRIMARY_DELETE__HLO_to_P__primary_5y__M0__reference__ZAF,PRIMARY_DELETE,HLO_to_P,primary_5y,M0,reference,ZAF,2928.4169168664894,-31.297730106891212,,2015_2017
PRIMARY_DELETE__HLO_to_P__primary_5y__M1__ridge__AUS,PRIMARY_DELETE,HLO_to_P,primary_5y,M1,ridge,AUS,1.1913049993337628,0.9853798468401962,,
PRIMARY_DELETE__HLO_to_P__primary_5y__M1__ridge__AUS,PRIMARY_DELETE,HLO_to_P,primary_5y,M1,ridge,AUS,-3.484578118022393,1.0495339481497228,,2000_2004
PRIMARY_DELETE__HLO_to_P__primary_5y__M1__ridge__AUS,PRIMARY_DELETE,HLO_to_P,primary_5y,M1,ridge,AUS,-14.305681449015395,1.162903849556743,,2005_2009
PRIMARY_DELETE__HLO_to_P__primary_5y__M1__ridge__AUS,PRIMARY_DELETE,HLO_to_P,primary_5y,M1,ridge,AUS,-23.399103852716017,1.2169365307082716,,2010_2014
PRIMARY_DELETE__HLO_to_P__primary_5y__M1__ridge__AUS,PRIMARY_DELETE,HLO_to_P,primary_5y,M1,ridge,AUS,21.497645471923164,0.83772080532508,,2015_2017
PRIMARY_DELETE__HLO_to_P__primary_5y__M1__ridge__AUT,PRIMARY_DELETE,HLO_to_P,primary_5y,M1,ridge,AUT,1.2899872173445388,0.9836363124578443,,
PRIMARY_DELETE__HLO_to_P__primary_5y__M1__ridge__AUT,PRIMARY_DELETE,HLO_to_P,primary_5y,M1,ridge,AUT,-4.627540102364051,1.06401707613046,,2000_2004
PRIMARY_DELETE__HLO_to_P__primary_5y__M1__ridge__AUT,PRIMARY_DELETE,HLO_to_P,primary_5y,M1,ridge,AUT,-11.937982541432374,1.133254458923755,,2005_2009
PRIMARY_DELETE__HLO_to_P__primary_5y__M1__ridge__AUT,PRIMARY_DELETE,HLO_to_P,primary_5y,M1,ridge,AUT,-27.01667586789865,1.2577355942957944,,2010_2014
PRIMARY_DELETE__HLO_to_P__primary_5y__M1__ridge__AUT,PRIMARY_DELETE,HLO_to_P,primary_5y,M1,ridge,AUT,23.88192664203503,0.8071790339204465,,2015_2017
PRIMARY_DELETE__HLO_to_P__primary_5y__M1__ridge__BHR,PRIMARY_DELETE,HLO_to_P,primary_5y,M1,ridge,BHR,1.6421763671674279,0.9806679332377872,,
PRIMARY_DELETE__HLO_to_P__primary_5y__M1__ridge__BHR,PRIMARY_DELETE,HLO_to_P,primary_5y,M1,ridge,BHR,-2.1582153667773296,1.0377706372864102,,2000_2004
PRIMARY_DELETE__HLO_to_P__primary_5y__M1__ridge__BHR,PRIMARY_DELETE,HLO_to_P,primary_5y,M1,ridge,BHR,-13.513181998781578,1.1518983088971482,,2005_2009
PRIMARY_DELETE__HLO_to_P__primary_5y__M1__ridge__BHR,PRIMARY_DELETE,HLO_to_P,primary_5y,M1,ridge,BHR,-22.122623172367284,1.201244007907172,,2010_2014
PRIMARY_DELETE__HLO_to_P__primary_5y__M1__ridge__BHR,PRIMARY_DELETE,HLO_to_P,primary_5y,M1,ridge,BHR,30.38356245250092,0.7457784307462921,,2015_2017
PRIMARY_DELETE__HLO_to_P__primary_5y__M1__ridge__BRA,PRIMARY_DELETE,HLO_to_P,primary_5y,M1,ridge,BRA,-0.175556559413274,1.0025574418491936,,
PRIMARY_DELETE__HLO_to_P__primary_5y__M1__ridge__BRA,PRIMARY_DELETE,HLO_to_P,primary_5y,M1,ridge,BRA,-3.397051032609234,1.0514484066775043,,2000_2004
PRIMARY_DELETE__HLO_to_P__primary_5y__M1__ridge__BRA,PRIMARY_DELETE,HLO_to_P,primary_5y,M1,ridge,BRA,-17.994293925095025,1.2052934451945452,,2005_2009
PRIMARY_DELETE__HLO_to_P__primary_5y__M1__ridge__BRA,PRIMARY_DELETE,HLO_to_P,primary_5y,M1,ridge,BRA,-28.528557160349347,1.2720664815452702,,2010_2014
PRIMARY_DELETE__HLO_to_P__primary_5y__M1__ridge__BRA,PRIMARY_DELETE,HLO_to_P,primary_5y,M1,ridge,BRA,24.36291807453051,0.8027960619672037,,2015_2017
PRIMARY_DELETE__HLO_to_P__primary_5y__M1__ridge__CHL,PRIMARY_DELETE,HLO_to_P,primary_5y,M1,ridge,CHL,1.2292120173738341,0.98490507789195,,
PRIMARY_DELETE__HLO_to_P__primary_5y__M1__ridge__CHL,PRIMARY_DELETE,HLO_to_P,primary_5y,M1,ridge,CHL,-3.17309057892785,1.0471076418251937,,2000_2004
PRIMARY_DELETE__HLO_to_P__primary_5y__M1__ridge__CHL,PRIMARY_DELETE,HLO_to_P,primary_5y,M1,ridge,CHL,-13.48745920944348,1.150055994365361,,2005_2009
PRIMARY_DELETE__HLO_to_P__primary_5y__M1__ridge__CHL,PRIMARY_DELETE,HLO_to_P,primary_5y,M1,ridge,CHL,-24.48310631695677,1.2315922927365888,,2010_2014
PRIMARY_DELETE__HLO_to_P__primary_5y__M1__ridge__CHL,PRIMARY_DELETE,HLO_to_P,primary_5y,M1,ridge,CHL,24.74207755781293,0.7941130641519479,,2015_2017
PRIMARY_DELETE__HLO_to_P__primary_5y__M1__ridge__COL,PRIMARY_DELETE,HLO_to_P,primary_5y,M1,ridge,COL,2.0683972615527457,0.9766758130035034,,
PRIMARY_DELETE__HLO_to_P__primary_5y__M1__ridge__COL,PRIMARY_DELETE,HLO_to_P,primary_5y,M1,ridge,COL,-2.5626190757829717,1.0435500111746323,,2000_2004
PRIMARY_DELETE__HLO_to_P__primary_5y__M1__ridge__COL,PRIMARY_DELETE,HLO_to_P,primary_5y,M1,ridge,COL,-13.146016422765797,1.1494260179408433,,2005_2009
PRIMARY_DELETE__HLO_to_P__primary_5y__M1__ridge__COL,PRIMARY_DELETE,HLO_to_P,primary_5y,M1,ridge,COL,-19.752090712458795,1.1746698489553586,,2010_2014
PRIMARY_DELETE__HLO_to_P__primary_5y__M1__ridge__COL,PRIMARY_DELETE,HLO_to_P,primary_5y,M1,ridge,COL,25.166372013570566,0.7904841446712768,,2015_2017
PRIMARY_DELETE__HLO_to_P__primary_5y__M1__ridge__CRI,PRIMARY_DELETE,HLO_to_P,primary_5y,M1,ridge,CRI,1.395272514919608,0.9833517096457691,,
PRIMARY_DELETE__HLO_to_P__primary_5y__M1__ridge__CRI,PRIMARY_DELETE,HLO_to_P,primary_5y,M1,ridge,CRI,-2.9103948183854738,1.046673080856653,,2000_2004
PRIMARY_DELETE__HLO_to_P__primary_5y__M1__ridge__CRI,PRIMARY_DELETE,HLO_to_P,primary_5y,M1,ridge,CRI,-13.332797710700738,1.1510436145351988,,2005_2009
PRIMARY_DELETE__HLO_to_P__primary_5y__M1__ridge__CRI,PRIMARY_DELETE,HLO_to_P,primary_5y,M1,ridge,CRI,-22.09258050692625,1.201939157352269,,2010_2014
PRIMARY_DELETE__HLO_to_P__primary_5y__M1__ridge__CRI,PRIMARY_DELETE,HLO_to_P,primary_5y,M1,ridge,CRI,25.647255857304643,0.7852379234291769,,2015_2017
PRIMARY_DELETE__HLO_to_P__primary_5y__M1__ridge__DEU,PRIMARY_DELETE,HLO_to_P,primary_5y,M1,ridge,DEU,-0.5435982454155243,1.0055186152004245,,
PRIMARY_DELETE__HLO_to_P__primary_5y__M1__ridge__DEU,PRIMARY_DELETE,HLO_to_P,primary_5y,M1,ridge,DEU,-4.7778098436187975,1.0668966104101458,,2000_2004
PRIMARY_DELETE__HLO_to_P__primary_5y__M1__ridge__DEU,PRIMARY_DELETE,HLO_to_P,primary_5y,M1,ridge,DEU,-15.991712304789631,1.1813168112808443,,2005_2009
PRIMARY_DELETE__HLO_to_P__primary_5y__M1__ridge__DEU,PRIMARY_DELETE,HLO_to_P,primary_5y,M1,ridge,DEU,-27.63327917486831,1.2619066961796706,,2010_2014
PRIMARY_DELETE__HLO_to_P__primary_5y__M1__ridge__DEU,PRIMARY_DELETE,HLO_to_P,primary_5y,M1,ridge,DEU,20.552150895666205,0.8414417515774537,,2015_2017
PRIMARY_DELETE__HLO_to_P__primary_5y__M1__ridge__EGY,PRIMARY_DELETE,HLO_to_P,primary_5y,M1,ridge,EGY,0.1653627982449061,0.9970339185666763,,
PRIMARY_DELETE__HLO_to_P__primary_5y__M1__ridge__EGY,PRIMARY_DELETE,HLO_to_P,primary_5y,M1,ridge,EGY,2.3435601156447903,0.9922974189127924,,2000_2004
PRIMARY_DELETE__HLO_to_P__primary_5y__M1__ridge__EGY,PRIMARY_DELETE,HLO_to_P,primary_5y,M1,ridge,EGY,-7.471956678192359,1.0897602523560306,,2005_2009
PRIMARY_DELETE__HLO_to_P__primary_5y__M1__ridge__EGY,PRIMARY_DELETE,HLO_to_P,primary_5y,M1,ridge,EGY,-16.043441632186088,1.138741583083591,,2010_2014
PRIMARY_DELETE__HLO_to_P__primary_5y__M1__ridge__EGY,PRIMARY_DELETE,HLO_to_P,primary_5y,M1,ridge,EGY,18.23226004581279,0.8623055268346618,,2015_2017
PRIMARY_DELETE__HLO_to_P__primary_5y__M1__ridge__ESP,PRIMARY_DELETE,HLO_to_P,primary_5y,M1,ridge,ESP,-0.030612583709914078,1.0001652381856485,,
PRIMARY_DELETE__HLO_to_P__primary_5y__M1__ridge__ESP,PRIMARY_DELETE,HLO_to_P,primary_5y,M1,ridge,ESP,-3.442791000268764,1.0545054321343326,,2000_2004
PRIMARY_DELETE__HLO_to_P__primary_5y__M1__ridge__ESP,PRIMARY_DELETE,HLO_to_P,primary_5y,M1,ridge,ESP,-16.38295450023991,1.1853494529197834,,2005_2009
PRIMARY_DELETE__HLO_to_P__primary_5y__M1__ridge__ESP,PRIMARY_DELETE,HLO_to_P,primary_5y,M1,ridge,ESP,-26.354737031504534,1.2484593778004216,,2010_2014
PRIMARY_DELETE__HLO_to_P__primary_5y__M1__ridge__ESP,PRIMARY_DELETE,HLO_to_P,primary_5y,M1,ridge,ESP,24.117937247072348,0.8044457838611867,,2015_2017
PRIMARY_DELETE__HLO_to_P__primary_5y__M1__ridge__FIN,PRIMARY_DELETE,HLO_to_P,primary_5y,M1,ridge,FIN,-0.3992823591444218,1.0038637519186717,,
PRIMARY_DELETE__HLO_to_P__primary_5y__M1__ridge__FIN,PRIMARY_DELETE,HLO_to_P,primary_5y,M1,ridge,FIN,-3.722143870107441,1.0527959527946031,,2000_2004
PRIMARY_DELETE__HLO_to_P__primary_5y__M1__ridge__FIN,PRIMARY_DELETE,HLO_to_P,primary_5y,M1,ridge,FIN,-15.383758466171649,1.174398090506568,,2005_2009
PRIMARY_DELETE__HLO_to_P__primary_5y__M1__ridge__FIN,PRIMARY_DELETE,HLO_to_P,primary_5y,M1,ridge,FIN,-26.77368221532196,1.2539185226912326,,2010_2014
PRIMARY_DELETE__HLO_to_P__primary_5y__M1__ridge__FIN,PRIMARY_DELETE,HLO_to_P,primary_5y,M1,ridge,FIN,24.56282913548003,0.7985668528731216,,2015_2017
PRIMARY_DELETE__HLO_to_P__primary_5y__M1__ridge__GHA,PRIMARY_DELETE,HLO_to_P,primary_5y,M1,ridge,GHA,-8.826841395174705,1.0978251775602905,,
PRIMARY_DELETE__HLO_to_P__primary_5y__M1__ridge__GHA,PRIMARY_DELETE,HLO_to_P,primary_5y,M1,ridge,GHA,-23.940839121178577,1.2758568956001208,,2000_2004
PRIMARY_DELETE__HLO_to_P__primary_5y__M1__ridge__GHA,PRIMARY_DELETE,HLO_to_P,primary_5y,M1,ridge,GHA,-39.13941021152805,1.433920607795404,,2005_2009
PRIMARY_DELETE__HLO_to_P__primary_5y__M1__ridge__GHA,PRIMARY_DELETE,HLO_to_P,primary_5y,M1,ridge,GHA,-39.54810458141754,1.3943305109517103,,2010_2014
PRIMARY_DELETE__HLO_to_P__primary_5y__M1__ridge__GHA,PRIMARY_DELETE,HLO_to_P,primary_5y,M1,ridge,GHA,6.7317309750872845,0.9930987507412388,,2015_2017
PRIMARY_DELETE__HLO_to_P__primary_5y__M1__ridge__HRV,PRIMARY_DELETE,HLO_to_P,primary_5y,M1,ridge,HRV,1.5669809367018157,0.9814794957993577,,
PRIMARY_DELETE__HLO_to_P__primary_5y__M1__ridge__HRV,PRIMARY_DELETE,HLO_to_P,primary_5y,M1,ridge,HRV,-1.026918249335648,1.0245369235457888,,2000_2004
PRIMARY_DELETE__HLO_to_P__primary_5y__M1__ridge__HRV,PRIMARY_DELETE,HLO_to_P,primary_5y,M1,ridge,HRV,-12.387867590131654,1.1386330225869261,,2005_2009
PRIMARY_DELETE__HLO_to_P__primary_5y__M1__ridge__HRV,PRIMARY_DELETE,HLO_to_P,primary_5y,M1,ridge,HRV,-21.944584028617193,1.199960934993318,,2010_2014
PRIMARY_DELETE__HLO_to_P__primary_5y__M1__ridge__HRV,PRIMARY_DELETE,HLO_to_P,primary_5y,M1,ridge,HRV,26.384480531312633,0.7758145890282973,,2015_2017
PRIMARY_DELETE__HLO_to_P__primary_5y__M1__ridge__IDN,PRIMARY_DELETE,HLO_to_P,primary_5y,M1,ridge,IDN,1.2024349649465005,0.9851907596354029,,
PRIMARY_DELETE__HLO_to_P__primary_5y__M1__ridge__IDN,PRIMARY_DELETE,HLO_to_P,primary_5y,M1,ridge,IDN,-3.82210894095765,1.0518491854509804,,2000_2004
PRIMARY_DELETE__HLO_to_P__primary_5y__M1__ridge__IDN,PRIMARY_DELETE,HLO_to_P,primary_5y,M1,ridge,IDN,-9.165300706431779,1.1092562423577514,,2005_2009
PRIMARY_DELETE__HLO_to_P__primary_5y__M1__ridge__IDN,PRIMARY_DELETE,HLO_to_P,primary_5y,M1,ridge,IDN,-22.82426923760243,1.2108589828689764,,2010_2014
PRIMARY_DELETE__HLO_to_P__primary_5y__M1__ridge__IDN,PRIMARY_DELETE,HLO_to_P,primary_5y,M1,ridge,IDN,25.59013570675493,0.7871742703717939,,2015_2017
PRIMARY_DELETE__HLO_to_P__primary_5y__M1__ridge__IRN,PRIMARY_DELETE,HLO_to_P,primary_5y,M1,ridge,IRN,1.7128222045292831,0.9798891445494171,,
PRIMARY_DELETE__HLO_to_P__primary_5y__M1__ridge__IRN,PRIMARY_DELETE,HLO_to_P,primary_5y,M1,ridge,IRN,-3.5736381170899127,1.0515023103472338,,2000_2004
PRIMARY_DELETE__HLO_to_P__primary_5y__M1__ridge__IRN,PRIMARY_DELETE,HLO_to_P,primary_5y,M1,ridge,IRN,-10.329409175655057,1.1207616271940333,,2005_2009
PRIMARY_DELETE__HLO_to_P__primary_5y__M1__ridge__IRN,PRIMARY_DELETE,HLO_to_P,primary_5y,M1,ridge,IRN,-24.061585991071635,1.2204028074241358,,2010_2014
PRIMARY_DELETE__HLO_to_P__primary_5y__M1__ridge__IRN,PRIMARY_DELETE,HLO_to_P,primary_5y,M1,ridge,IRN,24.458578218535425,0.7963142265318893,,2015_2017
PRIMARY_DELETE__HLO_to_P__primary_5y__M1__ridge__ISL,PRIMARY_DELETE,HLO_to_P,primary_5y,M1,ridge,ISL,-0.3741446504281702,1.0034567903363318,,
PRIMARY_DELETE__HLO_to_P__primary_5y__M1__ridge__ISL,PRIMARY_DELETE,HLO_to_P,primary_5y,M1,ridge,ISL,-0.9197337825741736,1.0156697287671426,,2000_2004
PRIMARY_DELETE__HLO_to_P__primary_5y__M1__ridge__ISL,PRIMARY_DELETE,HLO_to_P,primary_5y,M1,ridge,ISL,-16.142450652867158,1.184044785658561,,2005_2009
PRIMARY_DELETE__HLO_to_P__primary_5y__M1__ridge__ISL,PRIMARY_DELETE,HLO_to_P,primary_5y,M1,ridge,ISL,-30.37682193833559,1.2971255018260182,,2010_2014
PRIMARY_DELETE__HLO_to_P__primary_5y__M1__ridge__ISL,PRIMARY_DELETE,HLO_to_P,primary_5y,M1,ridge,ISL,24.125353859605045,0.8041406263817915,,2015_2017
PRIMARY_DELETE__HLO_to_P__primary_5y__M1__ridge__ITA,PRIMARY_DELETE,HLO_to_P,primary_5y,M1,ridge,ITA,-0.9230091210776443,1.0095885814332,,
PRIMARY_DELETE__HLO_to_P__primary_5y__M1__ridge__ITA,PRIMARY_DELETE,HLO_to_P,primary_5y,M1,ridge,ITA,-2.194784426954545,1.0333350470966571,,2000_2004
PRIMARY_DELETE__HLO_to_P__primary_5y__M1__ridge__ITA,PRIMARY_DELETE,HLO_to_P,primary_5y,M1,ridge,ITA,-18.14502705996229,1.2065804120783459,,2005_2009
PRIMARY_DELETE__HLO_to_P__primary_5y__M1__ridge__ITA,PRIMARY_DELETE,HLO_to_P,primary_5y,M1,ridge,ITA,-30.806626307151248,1.3011005279294212,,2010_2014
PRIMARY_DELETE__HLO_to_P__primary_5y__M1__ridge__ITA,PRIMARY_DELETE,HLO_to_P,primary_5y,M1,ridge,ITA,25.79553812243911,0.782988213873497,,2015_2017
PRIMARY_DELETE__HLO_to_P__primary_5y__M1__ridge__JOR,PRIMARY_DELETE,HLO_to_P,primary_5y,M1,ridge,JOR,0.04946987286517437,0.998630737811486,,
PRIMARY_DELETE__HLO_to_P__primary_5y__M1__ridge__JOR,PRIMARY_DELETE,HLO_to_P,primary_5y,M1,ridge,JOR,-6.582911085872106,1.0807054218152627,,2000_2004
PRIMARY_DELETE__HLO_to_P__primary_5y__M1__ridge__JOR,PRIMARY_DELETE,HLO_to_P,primary_5y,M1,ridge,JOR,-18.41364618148295,1.203617515934081,,2005_2009
PRIMARY_DELETE__HLO_to_P__primary_5y__M1__ridge__JOR,PRIMARY_DELETE,HLO_to_P,primary_5y,M1,ridge,JOR,-30.516275192016455,1.294531914893965,,2010_2014
PRIMARY_DELETE__HLO_to_P__primary_5y__M1__ridge__JOR,PRIMARY_DELETE,HLO_to_P,primary_5y,M1,ridge,JOR,22.23349823590186,0.8216153546513775,,2015_2017
PRIMARY_DELETE__HLO_to_P__primary_5y__M1__ridge__JPN,PRIMARY_DELETE,HLO_to_P,primary_5y,M1,ridge,JPN,1.4644923479650274,0.982052761529849,,
PRIMARY_DELETE__HLO_to_P__primary_5y__M1__ridge__JPN,PRIMARY_DELETE,HLO_to_P,primary_5y,M1,ridge,JPN,-6.806679050271111,1.0890366020785016,,2000_2004
PRIMARY_DELETE__HLO_to_P__primary_5y__M1__ridge__JPN,PRIMARY_DELETE,HLO_to_P,primary_5y,M1,ridge,JPN,-10.136571645089989,1.1132847114873292,,2005_2009
PRIMARY_DELETE__HLO_to_P__primary_5y__M1__ridge__JPN,PRIMARY_DELETE,HLO_to_P,primary_5y,M1,ridge,JPN,-30.503692999501343,1.298376690845772,,2010_2014
PRIMARY_DELETE__HLO_to_P__primary_5y__M1__ridge__JPN,PRIMARY_DELETE,HLO_to_P,primary_5y,M1,ridge,JPN,33.16446098671104,0.697965508025324,,2015_2017
PRIMARY_DELETE__HLO_to_P__primary_5y__M1__ridge__KAZ,PRIMARY_DELETE,HLO_to_P,primary_5y,M1,ridge,KAZ,2.60598672498306,0.9708810605428938,,
PRIMARY_DELETE__HLO_to_P__primary_5y__M1__ridge__KAZ,PRIMARY_DELETE,HLO_to_P,primary_5y,M1,ridge,KAZ,-1.880207048747154,1.033514514747741,,2000_2004
PRIMARY_DELETE__HLO_to_P__primary_5y__M1__ridge__KAZ,PRIMARY_DELETE,HLO_to_P,primary_5y,M1,ridge,KAZ,-12.540792528552318,1.140077144623753,,2005_2009
PRIMARY_DELETE__HLO_to_P__primary_5y__M1__ridge__KAZ,PRIMARY_DELETE,HLO_to_P,primary_5y,M1,ridge,KAZ,-18.32866633350597,1.161296514566224,,2010_2014
PRIMARY_DELETE__HLO_to_P__primary_5y__M1__ridge__KAZ,PRIMARY_DELETE,HLO_to_P,primary_5y,M1,ridge,KAZ,25.74137581759352,0.782569369897223,,2015_2017
PRIMARY_DELETE__HLO_to_P__primary_5y__M1__ridge__KOR,PRIMARY_DELETE,HLO_to_P,primary_5y,M1,ridge,KOR,-0.35191260124916446,1.0032476336017948,,
PRIMARY_DELETE__HLO_to_P__primary_5y__M1__ridge__KOR,PRIMARY_DELETE,HLO_to_P,primary_5y,M1,ridge,KOR,-1.7784642805177442,1.0314321543240792,,2000_2004
PRIMARY_DELETE__HLO_to_P__primary_5y__M1__ridge__KOR,PRIMARY_DELETE,HLO_to_P,primary_5y,M1,ridge,KOR,-12.97250636619408,1.146400322471992,,2005_2009
PRIMARY_DELETE__HLO_to_P__primary_5y__M1__ridge__KOR,PRIMARY_DELETE,HLO_to_P,primary_5y,M1,ridge,KOR,-27.986317996981413,1.26920799081658,,2010_2014
PRIMARY_DELETE__HLO_to_P__primary_5y__M1__ridge__KOR,PRIMARY_DELETE,HLO_to_P,primary_5y,M1,ridge,KOR,26.074518300313713,0.7794510367848099,,2015_2017
PRIMARY_DELETE__HLO_to_P__primary_5y__M1__ridge__LTU,PRIMARY_DELETE,HLO_to_P,primary_5y,M1,ridge,LTU,2.3181463813814025,0.9739581386942969,,
PRIMARY_DELETE__HLO_to_P__primary_5y__M1__ridge__LTU,PRIMARY_DELETE,HLO_to_P,primary_5y,M1,ridge,LTU,-6.23915595483558,1.0898512403132448,,2000_2004
PRIMARY_DELETE__HLO_to_P__primary_5y__M1__ridge__LTU,PRIMARY_DELETE,HLO_to_P,primary_5y,M1,ridge,LTU,-12.233392800361823,1.1383500889048697,,2005_2009
PRIMARY_DELETE__HLO_to_P__primary_5y__M1__ridge__LTU,PRIMARY_DELETE,HLO_to_P,primary_5y,M1,ridge,LTU,-17.478660443677054,1.1516928869598235,,2010_2014
PRIMARY_DELETE__HLO_to_P__primary_5y__M1__ridge__LTU,PRIMARY_DELETE,HLO_to_P,primary_5y,M1,ridge,LTU,25.502622991369147,0.7860834414236596,,2015_2017
PRIMARY_DELETE__HLO_to_P__primary_5y__M1__ridge__MAR,PRIMARY_DELETE,HLO_to_P,primary_5y,M1,ridge,MAR,0.6571877484284622,0.9931556549950329,,
PRIMARY_DELETE__HLO_to_P__primary_5y__M1__ridge__MAR,PRIMARY_DELETE,HLO_to_P,primary_5y,M1,ridge,MAR,-10.117534746535055,1.1207016255793147,,2000_2004
PRIMARY_DELETE__HLO_to_P__primary_5y__M1__ridge__MAR,PRIMARY_DELETE,HLO_to_P,primary_5y,M1,ridge,MAR,0.680671129168415,1.0065093503953928,,2005_2009
PRIMARY_DELETE__HLO_to_P__primary_5y__M1__ridge__MAR,PRIMARY_DELETE,HLO_to_P,primary_5y,M1,ridge,MAR,-30.634700055687365,1.294586014679672,,2010_2014
PRIMARY_DELETE__HLO_to_P__primary_5y__M1__ridge__MAR,PRIMARY_DELETE,HLO_to_P,primary_5y,M1,ridge,MAR,16.676437873819832,0.8827683656937296,,2015_2017
PRIMARY_DELETE__HLO_to_P__primary_5y__M1__ridge__MEX,PRIMARY_DELETE,HLO_to_P,primary_5y,M1,ridge,MEX,1.4201572276698313,0.9830980519340696,,
PRIMARY_DELETE__HLO_to_P__primary_5y__M1__ridge__MEX,PRIMARY_DELETE,HLO_to_P,primary_5y,M1,ridge,MEX,-2.6379718361416638,1.0445680714828027,,2000_2004
PRIMARY_DELETE__HLO_to_P__primary_5y__M1__ridge__MEX,PRIMARY_DELETE,HLO_to_P,primary_5y,M1,ridge,MEX,-12.207188153217361,1.139595020151176,,2005_2009
PRIMARY_DELETE__HLO_to_P__primary_5y__M1__ridge__MEX,PRIMARY_DELETE,HLO_to_P,primary_5y,M1,ridge,MEX,-22.80878337222857,1.2069048508130509,,2010_2014
PRIMARY_DELETE__HLO_to_P__primary_5y__M1__ridge__MEX,PRIMARY_DELETE,HLO_to_P,primary_5y,M1,ridge,MEX,25.379019668971,0.7886058637493351,,2015_2017
PRIMARY_DELETE__HLO_to_P__primary_5y__M1__ridge__NLD,PRIMARY_DELETE,HLO_to_P,primary_5y,M1,ridge,NLD,1.710261675543125,0.9798777173305683,,
PRIMARY_DELETE__HLO_to_P__primary_5y__M1__ridge__NLD,PRIMARY_DELETE,HLO_to_P,primary_5y,M1,ridge,NLD,-10.574914598330501,1.1431324425015004,,2000_2004
PRIMARY_DELETE__HLO_to_P__primary_5y__M1__ridge__NLD,PRIMARY_DELETE,HLO_to_P,primary_5y,M1,ridge,NLD,-11.0719382166126,1.1242257754838785,,2005_2009
PRIMARY_DELETE__HLO_to_P__primary_5y__M1__ridge__NLD,PRIMARY_DELETE,HLO_to_P,primary_5y,M1,ridge,NLD,-21.875905018261143,1.1995753869823984,,2010_2014
PRIMARY_DELETE__HLO_to_P__primary_5y__M1__ridge__NLD,PRIMARY_DELETE,HLO_to_P,primary_5y,M1,ridge,NLD,25.69257857832414,0.7847872028734374,,2015_2017
PRIMARY_DELETE__HLO_to_P__primary_5y__M1__ridge__NOR,PRIMARY_DELETE,HLO_to_P,primary_5y,M1,ridge,NOR,1.523975408943325,0.9820217530206977,,
PRIMARY_DELETE__HLO_to_P__primary_5y__M1__ridge__NOR,PRIMARY_DELETE,HLO_to_P,primary_5y,M1,ridge,NOR,0.022140834442559716,0.9945890819120518,,2000_2004
PRIMARY_DELETE__HLO_to_P__primary_5y__M1__ridge__NOR,PRIMARY_DELETE,HLO_to_P,primary_5y,M1,ridge,NOR,-13.857673758321907,1.158529502347719,,2005_2009
PRIMARY_DELETE__HLO_to_P__primary_5y__M1__ridge__NOR,PRIMARY_DELETE,HLO_to_P,primary_5y,M1,ridge,NOR,-23.25005238741024,1.2179390224619748,,2010_2014
PRIMARY_DELETE__HLO_to_P__primary_5y__M1__ridge__NOR,PRIMARY_DELETE,HLO_to_P,primary_5y,M1,ridge,NOR,25.041947251350212,0.7939567725191157,,2015_2017
PRIMARY_DELETE__HLO_to_P__primary_5y__M1__ridge__OMN,PRIMARY_DELETE,HLO_to_P,primary_5y,M1,ridge,OMN,2.8558775748183423,0.9681272938973904,,
PRIMARY_DELETE__HLO_to_P__primary_5y__M1__ridge__OMN,PRIMARY_DELETE,HLO_to_P,primary_5y,M1,ridge,OMN,-0.03177045510724633,1.016854785356351,,2000_2004
PRIMARY_DELETE__HLO_to_P__primary_5y__M1__ridge__OMN,PRIMARY_DELETE,HLO_to_P,primary_5y,M1,ridge,OMN,-10.24803819680103,1.1187572957381027,,2005_2009
PRIMARY_DELETE__HLO_to_P__primary_5y__M1__ridge__OMN,PRIMARY_DELETE,HLO_to_P,primary_5y,M1,ridge,OMN,-22.694018043102197,1.2063438547767884,,2010_2014
PRIMARY_DELETE__HLO_to_P__primary_5y__M1__ridge__OMN,PRIMARY_DELETE,HLO_to_P,primary_5y,M1,ridge,OMN,27.189603686800204,0.7694765222805301,,2015_2017
PRIMARY_DELETE__HLO_to_P__primary_5y__M1__ridge__PER,PRIMARY_DELETE,HLO_to_P,primary_5y,M1,ridge,PER,0.9975736025149899,0.9877672315749216,,
PRIMARY_DELETE__HLO_to_P__primary_5y__M1__ridge__PER,PRIMARY_DELETE,HLO_to_P,primary_5y,M1,ridge,PER,0.3945616033110251,1.0133467479231553,,2000_2004
PRIMARY_DELETE__HLO_to_P__primary_5y__M1__ridge__PER,PRIMARY_DELETE,HLO_to_P,primary_5y,M1,ridge,PER,-22.207269233996726,1.244457261666083,,2005_2009
PRIMARY_DELETE__HLO_to_P__primary_5y__M1__ridge__PER,PRIMARY_DELETE,HLO_to_P,primary_5y,M1,ridge,PER,-18.122000750553585,1.1617335414733971,,2010_2014
PRIMARY_DELETE__HLO_to_P__primary_5y__M1__ridge__PER,PRIMARY_DELETE,HLO_to_P,primary_5y,M1,ridge,PER,28.121116351330215,0.7602416371566459,,2015_2017
PRIMARY_DELETE__HLO_to_P__primary_5y__M1__ridge__PHL,PRIMARY_DELETE,HLO_to_P,primary_5y,M1,ridge,PHL,-0.24378582171776494,1.001531496399914,,
PRIMARY_DELETE__HLO_to_P__primary_5y__M1__ridge__PHL,PRIMARY_DELETE,HLO_to_P,primary_5y,M1,ridge,PHL,-40.21600886896254,1.4301299484873782,,2000_2004
PRIMARY_DELETE__HLO_to_P__primary_5y__M1__ridge__PHL,PRIMARY_DELETE,HLO_to_P,primary_5y,M1,ridge,PHL,-6.794530232057037,1.0830090773279129,,2005_2009
PRIMARY_DELETE__HLO_to_P__primary_5y__M1__ridge__PHL,PRIMARY_DELETE,HLO_to_P,primary_5y,M1,ridge,PHL,-14.901470991077899,1.1270326085242128,,2010_2014
PRIMARY_DELETE__HLO_to_P__primary_5y__M1__ridge__PHL,PRIMARY_DELETE,HLO_to_P,primary_5y,M1,ridge,PHL,29.41846639312212,0.7462284060249276,,2015_2017
PRIMARY_DELETE__HLO_to_P__primary_5y__M1__ridge__POL,PRIMARY_DELETE,HLO_to_P,primary_5y,M1,ridge,POL,1.748364680092681,0.9794187527423398,,
PRIMARY_DELETE__HLO_to_P__primary_5y__M1__ridge__POL,PRIMARY_DELETE,HLO_to_P,primary_5y,M1,ridge,POL,-3.158900395378249,1.0509373398413726,,2000_2004
PRIMARY_DELETE__HLO_to_P__primary_5y__M1__ridge__POL,PRIMARY_DELETE,HLO_to_P,primary_5y,M1,ridge,POL,-17.090316319404096,1.1963519665101459,,2005_2009
PRIMARY_DELETE__HLO_to_P__primary_5y__M1__ridge__POL,PRIMARY_DELETE,HLO_to_P,primary_5y,M1,ridge,POL,-22.48333057012129,1.2064447218164638,,2010_2014
PRIMARY_DELETE__HLO_to_P__primary_5y__M1__ridge__POL,PRIMARY_DELETE,HLO_to_P,primary_5y,M1,ridge,POL,34.332947200318145,0.678344596434699,,2015_2017
PRIMARY_DELETE__HLO_to_P__primary_5y__M1__ridge__QAT,PRIMARY_DELETE,HLO_to_P,primary_5y,M1,ridge,QAT,-0.19711941179506054,1.001097315024451,,
PRIMARY_DELETE__HLO_to_P__primary_5y__M1__ridge__QAT,PRIMARY_DELETE,HLO_to_P,primary_5y,M1,ridge,QAT,2.258554241633898,0.9930522623725129,,2000_2004
PRIMARY_DELETE__HLO_to_P__primary_5y__M1__ridge__QAT,PRIMARY_DELETE,HLO_to_P,primary_5y,M1,ridge,QAT,-37.990828701075166,1.4169164174478452,,2005_2009
PRIMARY_DELETE__HLO_to_P__primary_5y__M1__ridge__QAT,PRIMARY_DELETE,HLO_to_P,primary_5y,M1,ridge,QAT,-16.12294860300636,1.1391573047657282,,2010_2014
PRIMARY_DELETE__HLO_to_P__primary_5y__M1__ridge__QAT,PRIMARY_DELETE,HLO_to_P,primary_5y,M1,ridge,QAT,28.650674646608714,0.7540619203642084,,2015_2017
PRIMARY_DELETE__HLO_to_P__primary_5y__M1__ridge__RUS,PRIMARY_DELETE,HLO_to_P,primary_5y,M1,ridge,RUS,1.6219071407790282,0.9809011952973705,,
PRIMARY_DELETE__HLO_to_P__primary_5y__M1__ridge__RUS,PRIMARY_DELETE,HLO_to_P,primary_5y,M1,ridge,RUS,-1.079427124149912,1.0258729182232857,,2000_2004
PRIMARY_DELETE__HLO_to_P__primary_5y__M1__ridge__RUS,PRIMARY_DELETE,HLO_to_P,primary_5y,M1,ridge,RUS,-12.336691351755606,1.1389823548704776,,2005_2009
PRIMARY_DELETE__HLO_to_P__primary_5y__M1__ridge__RUS,PRIMARY_DELETE,HLO_to_P,primary_5y,M1,ridge,RUS,-20.658692124978415,1.1851427785705935,,2010_2014
PRIMARY_DELETE__HLO_to_P__primary_5y__M1__ridge__RUS,PRIMARY_DELETE,HLO_to_P,primary_5y,M1,ridge,RUS,15.813860241756595,0.9022620648498013,,2015_2017
PRIMARY_DELETE__HLO_to_P__primary_5y__M1__ridge__SAU,PRIMARY_DELETE,HLO_to_P,primary_5y,M1,ridge,SAU,1.2731041129086083,0.9844236640280589,,
PRIMARY_DELETE__HLO_to_P__primary_5y__M1__ridge__SAU,PRIMARY_DELETE,HLO_to_P,primary_5y,M1,ridge,SAU,-2.0596699430555683,1.0374416376328293,,2000_2004
PRIMARY_DELETE__HLO_to_P__primary_5y__M1__ridge__SAU,PRIMARY_DELETE,HLO_to_P,primary_5y,M1,ridge,SAU,-12.350352202519499,1.1398218335593175,,2005_2009
PRIMARY_DELETE__HLO_to_P__primary_5y__M1__ridge__SAU,PRIMARY_DELETE,HLO_to_P,primary_5y,M1,ridge,SAU,-21.154146143966795,1.1939055262598897,,2010_2014
PRIMARY_DELETE__HLO_to_P__primary_5y__M1__ridge__SAU,PRIMARY_DELETE,HLO_to_P,primary_5y,M1,ridge,SAU,19.248664884601666,0.8511608994163784,,2015_2017
PRIMARY_DELETE__HLO_to_P__primary_5y__M1__ridge__SRB,PRIMARY_DELETE,HLO_to_P,primary_5y,M1,ridge,SRB,0.019313144213680647,0.9996011655283528,,
PRIMARY_DELETE__HLO_to_P__primary_5y__M1__ridge__SRB,PRIMARY_DELETE,HLO_to_P,primary_5y,M1,ridge,SRB,-3.6984649896945077,1.0578592528458604,,2000_2004
PRIMARY_DELETE__HLO_to_P__primary_5y__M1__ridge__SRB,PRIMARY_DELETE,HLO_to_P,primary_5y,M1,ridge,SRB,-16.65066857164199,1.1888817027333445,,2005_2009
PRIMARY_DELETE__HLO_to_P__primary_5y__M1__ridge__SRB,PRIMARY_DELETE,HLO_to_P,primary_5y,M1,ridge,SRB,-26.221001251565884,1.246365600412718,,2010_2014
PRIMARY_DELETE__HLO_to_P__primary_5y__M1__ridge__SRB,PRIMARY_DELETE,HLO_to_P,primary_5y,M1,ridge,SRB,23.91755459537283,0.8070622230994428,,2015_2017
PRIMARY_DELETE__HLO_to_P__primary_5y__M1__ridge__SVN,PRIMARY_DELETE,HLO_to_P,primary_5y,M1,ridge,SVN,0.3068162571524244,0.99579740153941,,
PRIMARY_DELETE__HLO_to_P__primary_5y__M1__ridge__SVN,PRIMARY_DELETE,HLO_to_P,primary_5y,M1,ridge,SVN,-3.964540464364367,1.0612726654720304,,2000_2004
PRIMARY_DELETE__HLO_to_P__primary_5y__M1__ridge__SVN,PRIMARY_DELETE,HLO_to_P,primary_5y,M1,ridge,SVN,-15.020893831414247,1.1697891352406704,,2005_2009
PRIMARY_DELETE__HLO_to_P__primary_5y__M1__ridge__SVN,PRIMARY_DELETE,HLO_to_P,primary_5y,M1,ridge,SVN,-26.374260836216575,1.2499877508839599,,2010_2014
PRIMARY_DELETE__HLO_to_P__primary_5y__M1__ridge__SVN,PRIMARY_DELETE,HLO_to_P,primary_5y,M1,ridge,SVN,24.12734562623573,0.8024414746511319,,2015_2017
PRIMARY_DELETE__HLO_to_P__primary_5y__M1__ridge__UKR,PRIMARY_DELETE,HLO_to_P,primary_5y,M1,ridge,UKR,0.5784565886010002,0.992995912290628,,
PRIMARY_DELETE__HLO_to_P__primary_5y__M1__ridge__UKR,PRIMARY_DELETE,HLO_to_P,primary_5y,M1,ridge,UKR,-3.6161754595448015,1.0559944918170556,,2000_2004
PRIMARY_DELETE__HLO_to_P__primary_5y__M1__ridge__UKR,PRIMARY_DELETE,HLO_to_P,primary_5y,M1,ridge,UKR,-15.61788217388827,1.1780723262521282,,2005_2009
PRIMARY_DELETE__HLO_to_P__primary_5y__M1__ridge__UKR,PRIMARY_DELETE,HLO_to_P,primary_5y,M1,ridge,UKR,-25.06137230825456,1.2332796978919562,,2010_2014
PRIMARY_DELETE__HLO_to_P__primary_5y__M1__ridge__UKR,PRIMARY_DELETE,HLO_to_P,primary_5y,M1,ridge,UKR,23.979100200360033,0.805641315697795,,2015_2017
PRIMARY_DELETE__HLO_to_P__primary_5y__M1__ridge__USA,PRIMARY_DELETE,HLO_to_P,primary_5y,M1,ridge,USA,1.553523627390442,0.9816565466190091,,
PRIMARY_DELETE__HLO_to_P__primary_5y__M1__ridge__USA,PRIMARY_DELETE,HLO_to_P,primary_5y,M1,ridge,USA,-7.300120335522313,1.1052791456067599,,2000_2004
PRIMARY_DELETE__HLO_to_P__primary_5y__M1__ridge__USA,PRIMARY_DELETE,HLO_to_P,primary_5y,M1,ridge,USA,-12.352199259390796,1.1386587390989629,,2005_2009
PRIMARY_DELETE__HLO_to_P__primary_5y__M1__ridge__USA,PRIMARY_DELETE,HLO_to_P,primary_5y,M1,ridge,USA,-20.659536459662228,1.1846768515470885,,2010_2014
PRIMARY_DELETE__HLO_to_P__primary_5y__M1__ridge__USA,PRIMARY_DELETE,HLO_to_P,primary_5y,M1,ridge,USA,26.370300850382634,0.7762541851407653,,2015_2017
PRIMARY_DELETE__HLO_to_P__primary_5y__M1__ridge__ZAF,PRIMARY_DELETE,HLO_to_P,primary_5y,M1,ridge,ZAF,-0.005871995149606901,1.0005870331000075,,
PRIMARY_DELETE__HLO_to_P__primary_5y__M1__ridge__ZAF,PRIMARY_DELETE,HLO_to_P,primary_5y,M1,ridge,ZAF,86.14431175966895,0.11608882699091681,,2000_2004
PRIMARY_DELETE__HLO_to_P__primary_5y__M1__ridge__ZAF,PRIMARY_DELETE,HLO_to_P,primary_5y,M1,ridge,ZAF,-22.596967022878257,1.2510595007565706,,2005_2009
PRIMARY_DELETE__HLO_to_P__primary_5y__M1__ridge__ZAF,PRIMARY_DELETE,HLO_to_P,primary_5y,M1,ridge,ZAF,-40.23991111785792,1.399938880304788,,2010_2014
PRIMARY_DELETE__HLO_to_P__primary_5y__M1__ridge__ZAF,PRIMARY_DELETE,HLO_to_P,primary_5y,M1,ridge,ZAF,17.458280181002536,0.876066123799248,,2015_2017
PRIMARY_DELETE__HLO_to_P__primary_5y__M2__ridge__AUS,PRIMARY_DELETE,HLO_to_P,primary_5y,M2,ridge,AUS,8.67090862107971,0.9017840466246164,,
PRIMARY_DELETE__HLO_to_P__primary_5y__M2__ridge__AUS,PRIMARY_DELETE,HLO_to_P,primary_5y,M2,ridge,AUS,3.3572370345208107,1.010595920484099,,2000_2004
PRIMARY_DELETE__HLO_to_P__primary_5y__M2__ridge__AUS,PRIMARY_DELETE,HLO_to_P,primary_5y,M2,ridge,AUS,-6.376881965247729,1.0731184343273321,,2005_2009
PRIMARY_DELETE__HLO_to_P__primary_5y__M2__ridge__AUS,PRIMARY_DELETE,HLO_to_P,primary_5y,M2,ridge,AUS,-7.764355523952324,1.0358643888595258,,2010_2014
PRIMARY_DELETE__HLO_to_P__primary_5y__M2__ridge__AUS,PRIMARY_DELETE,HLO_to_P,primary_5y,M2,ridge,AUS,17.23583815523774,0.8692154691256488,,2015_2017
PRIMARY_DELETE__HLO_to_P__primary_5y__M2__ridge__AUT,PRIMARY_DELETE,HLO_to_P,primary_5y,M2,ridge,AUT,9.16103967511546,0.896159001741585,,
PRIMARY_DELETE__HLO_to_P__primary_5y__M2__ridge__AUT,PRIMARY_DELETE,HLO_to_P,primary_5y,M2,ridge,AUT,1.7108843281039452,1.032434991060578,,2000_2004
PRIMARY_DELETE__HLO_to_P__primary_5y__M2__ridge__AUT,PRIMARY_DELETE,HLO_to_P,primary_5y,M2,ridge,AUT,-6.838946377057126,1.0760627560118246,,2005_2009
PRIMARY_DELETE__HLO_to_P__primary_5y__M2__ridge__AUT,PRIMARY_DELETE,HLO_to_P,primary_5y,M2,ridge,AUT,-7.8790297656071075,1.0378810221049324,,2010_2014
PRIMARY_DELETE__HLO_to_P__primary_5y__M2__ridge__AUT,PRIMARY_DELETE,HLO_to_P,primary_5y,M2,ridge,AUT,21.18144195608625,0.823703657405256,,2015_2017
PRIMARY_DELETE__HLO_to_P__primary_5y__M2__ridge__BHR,PRIMARY_DELETE,HLO_to_P,primary_5y,M2,ridge,BHR,7.281694569268068,0.9187640347746426,,
PRIMARY_DELETE__HLO_to_P__primary_5y__M2__ridge__BHR,PRIMARY_DELETE,HLO_to_P,primary_5y,M2,ridge,BHR,5.366757148592414,0.9925765060033066,,2000_2004
PRIMARY_DELETE__HLO_to_P__primary_5y__M2__ridge__BHR,PRIMARY_DELETE,HLO_to_P,primary_5y,M2,ridge,BHR,-16.451012342128426,1.1847422826618466,,2005_2009
PRIMARY_DELETE__HLO_to_P__primary_5y__M2__ridge__BHR,PRIMARY_DELETE,HLO_to_P,primary_5y,M2,ridge,BHR,-3.4993209511336154,0.9848084809117946,,2010_2014
PRIMARY_DELETE__HLO_to_P__primary_5y__M2__ridge__BHR,PRIMARY_DELETE,HLO_to_P,primary_5y,M2,ridge,BHR,12.413598119121525,0.9269313183027434,,2015_2017
PRIMARY_DELETE__HLO_to_P__primary_5y__M2__ridge__BRA,PRIMARY_DELETE,HLO_to_P,primary_5y,M2,ridge,BRA,2.659971082395919,0.9665262891476993,,
PRIMARY_DELETE__HLO_to_P__primary_5y__M2__ridge__BRA,PRIMARY_DELETE,HLO_to_P,primary_5y,M2,ridge,BRA,1.6493855532481965,1.0312161735817584,,2000_2004
PRIMARY_DELETE__HLO_to_P__primary_5y__M2__ridge__BRA,PRIMARY_DELETE,HLO_to_P,primary_5y,M2,ridge,BRA,-11.68607199744468,1.1311452382574065,,2005_2009
PRIMARY_DELETE__HLO_to_P__primary_5y__M2__ridge__BRA,PRIMARY_DELETE,HLO_to_P,primary_5y,M2,ridge,BRA,-24.93229092429457,1.216956955901695,,2010_2014
PRIMARY_DELETE__HLO_to_P__primary_5y__M2__ridge__BRA,PRIMARY_DELETE,HLO_to_P,primary_5y,M2,ridge,BRA,18.16322633196911,0.8546201557349654,,2015_2017
PRIMARY_DELETE__HLO_to_P__primary_5y__M2__ridge__CHL,PRIMARY_DELETE,HLO_to_P,primary_5y,M2,ridge,CHL,8.588426125218032,0.9032474953872855,,
PRIMARY_DELETE__HLO_to_P__primary_5y__M2__ridge__CHL,PRIMARY_DELETE,HLO_to_P,primary_5y,M2,ridge,CHL,6.060490493155934,0.9781735884944278,,2000_2004
PRIMARY_DELETE__HLO_to_P__primary_5y__M2__ridge__CHL,PRIMARY_DELETE,HLO_to_P,primary_5y,M2,ridge,CHL,-13.339600077474937,1.147744687875159,,2005_2009
PRIMARY_DELETE__HLO_to_P__primary_5y__M2__ridge__CHL,PRIMARY_DELETE,HLO_to_P,primary_5y,M2,ridge,CHL,-6.520032590632489,1.0267529001775824,,2010_2014
PRIMARY_DELETE__HLO_to_P__primary_5y__M2__ridge__CHL,PRIMARY_DELETE,HLO_to_P,primary_5y,M2,ridge,CHL,26.418874707764765,0.7621942205251916,,2015_2017
PRIMARY_DELETE__HLO_to_P__primary_5y__M2__ridge__COL,PRIMARY_DELETE,HLO_to_P,primary_5y,M2,ridge,COL,6.552769100919029,0.9228275796473957,,
PRIMARY_DELETE__HLO_to_P__primary_5y__M2__ridge__COL,PRIMARY_DELETE,HLO_to_P,primary_5y,M2,ridge,COL,3.4663129785556914,1.0086174784888062,,2000_2004
PRIMARY_DELETE__HLO_to_P__primary_5y__M2__ridge__COL,PRIMARY_DELETE,HLO_to_P,primary_5y,M2,ridge,COL,-7.31609906414189,1.081956180489573,,2005_2009
PRIMARY_DELETE__HLO_to_P__primary_5y__M2__ridge__COL,PRIMARY_DELETE,HLO_to_P,primary_5y,M2,ridge,COL,-20.44209938691459,1.1657229437116199,,2010_2014
PRIMARY_DELETE__HLO_to_P__primary_5y__M2__ridge__COL,PRIMARY_DELETE,HLO_to_P,primary_5y,M2,ridge,COL,26.27820921224223,0.7655263123267161,,2015_2017
PRIMARY_DELETE__HLO_to_P__primary_5y__M2__ridge__CRI,PRIMARY_DELETE,HLO_to_P,primary_5y,M2,ridge,CRI,3.759881110596102,0.953737873332088,,
PRIMARY_DELETE__HLO_to_P__primary_5y__M2__ridge__CRI,PRIMARY_DELETE,HLO_to_P,primary_5y,M2,ridge,CRI,2.666765005245302,1.017065179690943,,2000_2004
PRIMARY_DELETE__HLO_to_P__primary_5y__M2__ridge__CRI,PRIMARY_DELETE,HLO_to_P,primary_5y,M2,ridge,CRI,-7.490026315860801,1.0851289099027908,,2005_2009
PRIMARY_DELETE__HLO_to_P__primary_5y__M2__ridge__CRI,PRIMARY_DELETE,HLO_to_P,primary_5y,M2,ridge,CRI,-23.810324864898547,1.2059599303064679,,2010_2014
PRIMARY_DELETE__HLO_to_P__primary_5y__M2__ridge__CRI,PRIMARY_DELETE,HLO_to_P,primary_5y,M2,ridge,CRI,17.432205986927713,0.8624146740288775,,2015_2017
PRIMARY_DELETE__HLO_to_P__primary_5y__M2__ridge__DEU,PRIMARY_DELETE,HLO_to_P,primary_5y,M2,ridge,DEU,3.756300690094263,0.9544623663129174,,
PRIMARY_DELETE__HLO_to_P__primary_5y__M2__ridge__DEU,PRIMARY_DELETE,HLO_to_P,primary_5y,M2,ridge,DEU,0.3143633947008282,1.0469834414073742,,2000_2004
PRIMARY_DELETE__HLO_to_P__primary_5y__M2__ridge__DEU,PRIMARY_DELETE,HLO_to_P,primary_5y,M2,ridge,DEU,-7.783110560340167,1.0883791275283228,,2005_2009
PRIMARY_DELETE__HLO_to_P__primary_5y__M2__ridge__DEU,PRIMARY_DELETE,HLO_to_P,primary_5y,M2,ridge,DEU,-22.79993719305356,1.1954578731973677,,2010_2014
PRIMARY_DELETE__HLO_to_P__primary_5y__M2__ridge__DEU,PRIMARY_DELETE,HLO_to_P,primary_5y,M2,ridge,DEU,19.988184652253537,0.8362865758251444,,2015_2017
PRIMARY_DELETE__HLO_to_P__primary_5y__M2__ridge__EGY,PRIMARY_DELETE,HLO_to_P,primary_5y,M2,ridge,EGY,6.056991001639013,0.928205094562565,,
PRIMARY_DELETE__HLO_to_P__primary_5y__M2__ridge__EGY,PRIMARY_DELETE,HLO_to_P,primary_5y,M2,ridge,EGY,23.65136611537023,0.7821705147407908,,2000_2004
PRIMARY_DELETE__HLO_to_P__primary_5y__M2__ridge__EGY,PRIMARY_DELETE,HLO_to_P,primary_5y,M2,ridge,EGY,-9.028482397967494,1.1016870845652493,,2005_2009
PRIMARY_DELETE__HLO_to_P__primary_5y__M2__ridge__EGY,PRIMARY_DELETE,HLO_to_P,primary_5y,M2,ridge,EGY,-21.665478725035786,1.1853589951768049,,2010_2014
PRIMARY_DELETE__HLO_to_P__primary_5y__M2__ridge__EGY,PRIMARY_DELETE,HLO_to_P,primary_5y,M2,ridge,EGY,16.553993817872822,0.8711691422686977,,2015_2017
PRIMARY_DELETE__HLO_to_P__primary_5y__M2__ridge__ESP,PRIMARY_DELETE,HLO_to_P,primary_5y,M2,ridge,ESP,2.649064447144517,0.9663510213450917,,
PRIMARY_DELETE__HLO_to_P__primary_5y__M2__ridge__ESP,PRIMARY_DELETE,HLO_to_P,primary_5y,M2,ridge,ESP,8.180139487439147,0.9537274756100734,,2000_2004
PRIMARY_DELETE__HLO_to_P__primary_5y__M2__ridge__ESP,PRIMARY_DELETE,HLO_to_P,primary_5y,M2,ridge,ESP,-7.045321491787909,1.0793548571041922,,2005_2009
PRIMARY_DELETE__HLO_to_P__primary_5y__M2__ridge__ESP,PRIMARY_DELETE,HLO_to_P,primary_5y,M2,ridge,ESP,-25.821228264520627,1.2290091123711178,,2010_2014
PRIMARY_DELETE__HLO_to_P__primary_5y__M2__ridge__ESP,PRIMARY_DELETE,HLO_to_P,primary_5y,M2,ridge,ESP,22.936476292664242,0.8009153636183699,,2015_2017
PRIMARY_DELETE__HLO_to_P__primary_5y__M2__ridge__FIN,PRIMARY_DELETE,HLO_to_P,primary_5y,M2,ridge,FIN,4.153475852854142,0.9499004400176269,,
PRIMARY_DELETE__HLO_to_P__primary_5y__M2__ridge__FIN,PRIMARY_DELETE,HLO_to_P,primary_5y,M2,ridge,FIN,2.487480702122085,1.0212578675765012,,2000_2004
PRIMARY_DELETE__HLO_to_P__primary_5y__M2__ridge__FIN,PRIMARY_DELETE,HLO_to_P,primary_5y,M2,ridge,FIN,-9.507267482330448,1.108947856869781,,2005_2009
PRIMARY_DELETE__HLO_to_P__primary_5y__M2__ridge__FIN,PRIMARY_DELETE,HLO_to_P,primary_5y,M2,ridge,FIN,-19.88567183020101,1.1617933928937494,,2010_2014
PRIMARY_DELETE__HLO_to_P__primary_5y__M2__ridge__FIN,PRIMARY_DELETE,HLO_to_P,primary_5y,M2,ridge,FIN,19.575674354905715,0.8398435462059239,,2015_2017
PRIMARY_DELETE__HLO_to_P__primary_5y__M2__ridge__GHA,PRIMARY_DELETE,HLO_to_P,primary_5y,M2,ridge,GHA,12.183120560499052,0.8647890861320947,,
PRIMARY_DELETE__HLO_to_P__primary_5y__M2__ridge__GHA,PRIMARY_DELETE,HLO_to_P,primary_5y,M2,ridge,GHA,27.1011811508821,0.7328033346736443,,2000_2004
PRIMARY_DELETE__HLO_to_P__primary_5y__M2__ridge__GHA,PRIMARY_DELETE,HLO_to_P,primary_5y,M2,ridge,GHA,-25.71978332478444,1.284461191696642,,2005_2009
PRIMARY_DELETE__HLO_to_P__primary_5y__M2__ridge__GHA,PRIMARY_DELETE,HLO_to_P,primary_5y,M2,ridge,GHA,-50.05037336644555,1.4974973036248806,,2010_2014
PRIMARY_DELETE__HLO_to_P__primary_5y__M2__ridge__GHA,PRIMARY_DELETE,HLO_to_P,primary_5y,M2,ridge,GHA,14.107093652868148,0.9013580893053068,,2015_2017
PRIMARY_DELETE__HLO_to_P__primary_5y__M2__ridge__HRV,PRIMARY_DELETE,HLO_to_P,primary_5y,M2,ridge,HRV,7.518396883919416,0.9148354743484384,,
PRIMARY_DELETE__HLO_to_P__primary_5y__M2__ridge__HRV,PRIMARY_DELETE,HLO_to_P,primary_5y,M2,ridge,HRV,0.07590047027675405,1.046878716901557,,2000_2004
PRIMARY_DELETE__HLO_to_P__primary_5y__M2__ridge__HRV,PRIMARY_DELETE,HLO_to_P,primary_5y,M2,ridge,HRV,-3.232389285753967,1.035302425297739,,2005_2009
PRIMARY_DELETE__HLO_to_P__primary_5y__M2__ridge__HRV,PRIMARY_DELETE,HLO_to_P,primary_5y,M2,ridge,HRV,-6.7081319174977345,1.0235853484852548,,2010_2014
PRIMARY_DELETE__HLO_to_P__primary_5y__M2__ridge__HRV,PRIMARY_DELETE,HLO_to_P,primary_5y,M2,ridge,HRV,14.15392610995247,0.8953897754788147,,2015_2017
PRIMARY_DELETE__HLO_to_P__primary_5y__M2__ridge__IDN,PRIMARY_DELETE,HLO_to_P,primary_5y,M2,ridge,IDN,5.283716425073896,0.9377169856368505,,
PRIMARY_DELETE__HLO_to_P__primary_5y__M2__ridge__IDN,PRIMARY_DELETE,HLO_to_P,primary_5y,M2,ridge,IDN,12.087459172568463,0.9111507826476261,,2000_2004
PRIMARY_DELETE__HLO_to_P__primary_5y__M2__ridge__IDN,PRIMARY_DELETE,HLO_to_P,primary_5y,M2,ridge,IDN,-11.473417022018118,1.1301396196440763,,2005_2009
PRIMARY_DELETE__HLO_to_P__primary_5y__M2__ridge__IDN,PRIMARY_DELETE,HLO_to_P,primary_5y,M2,ridge,IDN,-27.26211690859562,1.244163035156925,,2010_2014
PRIMARY_DELETE__HLO_to_P__primary_5y__M2__ridge__IDN,PRIMARY_DELETE,HLO_to_P,primary_5y,M2,ridge,IDN,16.167810616636075,0.874584383709497,,2015_2017
PRIMARY_DELETE__HLO_to_P__primary_5y__M2__ridge__IRN,PRIMARY_DELETE,HLO_to_P,primary_5y,M2,ridge,IRN,8.33571255610061,0.9063591712101905,,
PRIMARY_DELETE__HLO_to_P__primary_5y__M2__ridge__IRN,PRIMARY_DELETE,HLO_to_P,primary_5y,M2,ridge,IRN,7.682345609933373,0.9580478994360799,,2000_2004
PRIMARY_DELETE__HLO_to_P__primary_5y__M2__ridge__IRN,PRIMARY_DELETE,HLO_to_P,primary_5y,M2,ridge,IRN,-7.054803029206817,1.0819903559869972,,2005_2009
PRIMARY_DELETE__HLO_to_P__primary_5y__M2__ridge__IRN,PRIMARY_DELETE,HLO_to_P,primary_5y,M2,ridge,IRN,-10.622781297783295,1.0647616226958896,,2010_2014
PRIMARY_DELETE__HLO_to_P__primary_5y__M2__ridge__IRN,PRIMARY_DELETE,HLO_to_P,primary_5y,M2,ridge,IRN,16.045090354396535,0.8769935573786757,,2015_2017
PRIMARY_DELETE__HLO_to_P__primary_5y__M2__ridge__ISL,PRIMARY_DELETE,HLO_to_P,primary_5y,M2,ridge,ISL,1.8553657973546147,0.9753049594306674,,
PRIMARY_DELETE__HLO_to_P__primary_5y__M2__ridge__ISL,PRIMARY_DELETE,HLO_to_P,primary_5y,M2,ridge,ISL,1.3857324805953581,1.03186849591267,,2000_2004
PRIMARY_DELETE__HLO_to_P__primary_5y__M2__ridge__ISL,PRIMARY_DELETE,HLO_to_P,primary_5y,M2,ridge,ISL,-13.780012612043567,1.1600048531693052,,2005_2009
PRIMARY_DELETE__HLO_to_P__primary_5y__M2__ridge__ISL,PRIMARY_DELETE,HLO_to_P,primary_5y,M2,ridge,ISL,-24.769423371418807,1.219851051364273,,2010_2014
PRIMARY_DELETE__HLO_to_P__primary_5y__M2__ridge__ISL,PRIMARY_DELETE,HLO_to_P,primary_5y,M2,ridge,ISL,13.691277830324186,0.9019648068422751,,2015_2017
PRIMARY_DELETE__HLO_to_P__primary_5y__M2__ridge__ITA,PRIMARY_DELETE,HLO_to_P,primary_5y,M2,ridge,ITA,7.084007779503074,0.9203635629904265,,
PRIMARY_DELETE__HLO_to_P__primary_5y__M2__ridge__ITA,PRIMARY_DELETE,HLO_to_P,primary_5y,M2,ridge,ITA,2.2693464498590874,1.0223739159592469,,2000_2004
PRIMARY_DELETE__HLO_to_P__primary_5y__M2__ridge__ITA,PRIMARY_DELETE,HLO_to_P,primary_5y,M2,ridge,ITA,-12.680867738955142,1.1449447060100701,,2005_2009
PRIMARY_DELETE__HLO_to_P__primary_5y__M2__ridge__ITA,PRIMARY_DELETE,HLO_to_P,primary_5y,M2,ridge,ITA,-6.53883480629077,1.022653533127577,,2010_2014
PRIMARY_DELETE__HLO_to_P__primary_5y__M2__ridge__ITA,PRIMARY_DELETE,HLO_to_P,primary_5y,M2,ridge,ITA,17.3008959278486,0.8622134089081682,,2015_2017
PRIMARY_DELETE__HLO_to_P__primary_5y__M2__ridge__JOR,PRIMARY_DELETE,HLO_to_P,primary_5y,M2,ridge,JOR,2.7027055385762604,0.9663505954340449,,
PRIMARY_DELETE__HLO_to_P__primary_5y__M2__ridge__JOR,PRIMARY_DELETE,HLO_to_P,primary_5y,M2,ridge,JOR,-3.866459503575689,1.0832992383284177,,2000_2004
PRIMARY_DELETE__HLO_to_P__primary_5y__M2__ridge__JOR,PRIMARY_DELETE,HLO_to_P,primary_5y,M2,ridge,JOR,-8.989377259366407,1.101498265528657,,2005_2009
PRIMARY_DELETE__HLO_to_P__primary_5y__M2__ridge__JOR,PRIMARY_DELETE,HLO_to_P,primary_5y,M2,ridge,JOR,-21.520465291389037,1.1846260040946266,,2010_2014
PRIMARY_DELETE__HLO_to_P__primary_5y__M2__ridge__JOR,PRIMARY_DELETE,HLO_to_P,primary_5y,M2,ridge,JOR,25.245245152814537,0.7759044967394993,,2015_2017
PRIMARY_DELETE__HLO_to_P__primary_5y__M2__ridge__JPN,PRIMARY_DELETE,HLO_to_P,primary_5y,M2,ridge,JPN,5.528763062096643,0.9369860156699887,,
PRIMARY_DELETE__HLO_to_P__primary_5y__M2__ridge__JPN,PRIMARY_DELETE,HLO_to_P,primary_5y,M2,ridge,JPN,0.7384467511879956,1.0379852641588854,,2000_2004
PRIMARY_DELETE__HLO_to_P__primary_5y__M2__ridge__JPN,PRIMARY_DELETE,HLO_to_P,primary_5y,M2,ridge,JPN,-2.210887827008294,1.0227771093308058,,2005_2009
PRIMARY_DELETE__HLO_to_P__primary_5y__M2__ridge__JPN,PRIMARY_DELETE,HLO_to_P,primary_5y,M2,ridge,JPN,-13.074514735953406,1.0992786676792743,,2010_2014
PRIMARY_DELETE__HLO_to_P__primary_5y__M2__ridge__JPN,PRIMARY_DELETE,HLO_to_P,primary_5y,M2,ridge,JPN,5.918765870966884,0.9815773040754785,,2015_2017
PRIMARY_DELETE__HLO_to_P__primary_5y__M2__ridge__KAZ,PRIMARY_DELETE,HLO_to_P,primary_5y,M2,ridge,KAZ,5.5458338956563225,0.934248872044738,,
PRIMARY_DELETE__HLO_to_P__primary_5y__M2__ridge__KAZ,PRIMARY_DELETE,HLO_to_P,primary_5y,M2,ridge,KAZ,10.406696660854003,0.9307045779924604,,2000_2004
PRIMARY_DELETE__HLO_to_P__primary_5y__M2__ridge__KAZ,PRIMARY_DELETE,HLO_to_P,primary_5y,M2,ridge,KAZ,-9.531313806275689,1.106337484793209,,2005_2009
PRIMARY_DELETE__HLO_to_P__primary_5y__M2__ridge__KAZ,PRIMARY_DELETE,HLO_to_P,primary_5y,M2,ridge,KAZ,-26.927600653737123,1.2377078168139697,,2010_2014
PRIMARY_DELETE__HLO_to_P__primary_5y__M2__ridge__KAZ,PRIMARY_DELETE,HLO_to_P,primary_5y,M2,ridge,KAZ,18.370744567195597,0.8517464860779475,,2015_2017
PRIMARY_DELETE__HLO_to_P__primary_5y__M2__ridge__KOR,PRIMARY_DELETE,HLO_to_P,primary_5y,M2,ridge,KOR,6.725445432947087,0.9201547596354261,,
PRIMARY_DELETE__HLO_to_P__primary_5y__M2__ridge__KOR,PRIMARY_DELETE,HLO_to_P,primary_5y,M2,ridge,KOR,2.686133875645676,1.0189715422848922,,2000_2004
PRIMARY_DELETE__HLO_to_P__primary_5y__M2__ridge__KOR,PRIMARY_DELETE,HLO_to_P,primary_5y,M2,ridge,KOR,-7.891307788011389,1.089330303160833,,2005_2009
PRIMARY_DELETE__HLO_to_P__primary_5y__M2__ridge__KOR,PRIMARY_DELETE,HLO_to_P,primary_5y,M2,ridge,KOR,-16.101488612176325,1.1169851520532352,,2010_2014
PRIMARY_DELETE__HLO_to_P__primary_5y__M2__ridge__KOR,PRIMARY_DELETE,HLO_to_P,primary_5y,M2,ridge,KOR,27.015828706124488,0.7584621118931003,,2015_2017
PRIMARY_DELETE__HLO_to_P__primary_5y__M2__ridge__LTU,PRIMARY_DELETE,HLO_to_P,primary_5y,M2,ridge,LTU,3.4219546434559085,0.9580044988765125,,
PRIMARY_DELETE__HLO_to_P__primary_5y__M2__ridge__LTU,PRIMARY_DELETE,HLO_to_P,primary_5y,M2,ridge,LTU,1.1438189215990622,1.0396566399719638,,2000_2004
PRIMARY_DELETE__HLO_to_P__primary_5y__M2__ridge__LTU,PRIMARY_DELETE,HLO_to_P,primary_5y,M2,ridge,LTU,-10.389245901682692,1.1211687827768224,,2005_2009
PRIMARY_DELETE__HLO_to_P__primary_5y__M2__ridge__LTU,PRIMARY_DELETE,HLO_to_P,primary_5y,M2,ridge,LTU,-23.422519336567884,1.2042400235859567,,2010_2014
PRIMARY_DELETE__HLO_to_P__primary_5y__M2__ridge__LTU,PRIMARY_DELETE,HLO_to_P,primary_5y,M2,ridge,LTU,21.895109278510215,0.8132836662773852,,2015_2017
PRIMARY_DELETE__HLO_to_P__primary_5y__M2__ridge__MAR,PRIMARY_DELETE,HLO_to_P,primary_5y,M2,ridge,MAR,6.009195826732578,0.9292752207107419,,
PRIMARY_DELETE__HLO_to_P__primary_5y__M2__ridge__MAR,PRIMARY_DELETE,HLO_to_P,primary_5y,M2,ridge,MAR,-2.0452909560930275,1.0675452364137485,,2000_2004
PRIMARY_DELETE__HLO_to_P__primary_5y__M2__ridge__MAR,PRIMARY_DELETE,HLO_to_P,primary_5y,M2,ridge,MAR,6.601996179745006,0.9382008909237366,,2005_2009
PRIMARY_DELETE__HLO_to_P__primary_5y__M2__ridge__MAR,PRIMARY_DELETE,HLO_to_P,primary_5y,M2,ridge,MAR,-23.44572422376689,1.2013893242870768,,2010_2014
PRIMARY_DELETE__HLO_to_P__primary_5y__M2__ridge__MAR,PRIMARY_DELETE,HLO_to_P,primary_5y,M2,ridge,MAR,7.264720759396867,0.9610266872025903,,2015_2017
PRIMARY_DELETE__HLO_to_P__primary_5y__M2__ridge__MEX,PRIMARY_DELETE,HLO_to_P,primary_5y,M2,ridge,MEX,7.175732306491003,0.9193475304276868,,
PRIMARY_DELETE__HLO_to_P__primary_5y__M2__ridge__MEX,PRIMARY_DELETE,HLO_to_P,primary_5y,M2,ridge,MEX,4.969328388636951,0.9932185750890322,,2000_2004
PRIMARY_DELETE__HLO_to_P__primary_5y__M2__ridge__MEX,PRIMARY_DELETE,HLO_to_P,primary_5y,M2,ridge,MEX,-7.703206350526309,1.0907215683175708,,2005_2009
PRIMARY_DELETE__HLO_to_P__primary_5y__M2__ridge__MEX,PRIMARY_DELETE,HLO_to_P,primary_5y,M2,ridge,MEX,-9.807808783627191,1.0546925974149324,,2010_2014
PRIMARY_DELETE__HLO_to_P__primary_5y__M2__ridge__MEX,PRIMARY_DELETE,HLO_to_P,primary_5y,M2,ridge,MEX,17.317577512813443,0.8644854466659343,,2015_2017
PRIMARY_DELETE__HLO_to_P__primary_5y__M2__ridge__NLD,PRIMARY_DELETE,HLO_to_P,primary_5y,M2,ridge,NLD,4.656184103726781,0.9438309356638516,,
PRIMARY_DELETE__HLO_to_P__primary_5y__M2__ridge__NLD,PRIMARY_DELETE,HLO_to_P,primary_5y,M2,ridge,NLD,-1.036307479562731,1.0660522123343332,,2000_2004
PRIMARY_DELETE__HLO_to_P__primary_5y__M2__ridge__NLD,PRIMARY_DELETE,HLO_to_P,primary_5y,M2,ridge,NLD,-6.301667326350105,1.0708920286916899,,2005_2009
PRIMARY_DELETE__HLO_to_P__primary_5y__M2__ridge__NLD,PRIMARY_DELETE,HLO_to_P,primary_5y,M2,ridge,NLD,-24.063385963818625,1.2099488812327497,,2010_2014
PRIMARY_DELETE__HLO_to_P__primary_5y__M2__ridge__NLD,PRIMARY_DELETE,HLO_to_P,primary_5y,M2,ridge,NLD,17.194551342241965,0.8661922412220302,,2015_2017
PRIMARY_DELETE__HLO_to_P__primary_5y__M2__ridge__NOR,PRIMARY_DELETE,HLO_to_P,primary_5y,M2,ridge,NOR,8.021234912110085,0.9093698843225596,,
PRIMARY_DELETE__HLO_to_P__primary_5y__M2__ridge__NOR,PRIMARY_DELETE,HLO_to_P,primary_5y,M2,ridge,NOR,17.44911153952887,0.8335923035758995,,2000_2004
PRIMARY_DELETE__HLO_to_P__primary_5y__M2__ridge__NOR,PRIMARY_DELETE,HLO_to_P,primary_5y,M2,ridge,NOR,-17.93831540234777,1.2084293899810237,,2005_2009
PRIMARY_DELETE__HLO_to_P__primary_5y__M2__ridge__NOR,PRIMARY_DELETE,HLO_to_P,primary_5y,M2,ridge,NOR,-7.130618516849112,1.029586544264717,,2010_2014
PRIMARY_DELETE__HLO_to_P__primary_5y__M2__ridge__NOR,PRIMARY_DELETE,HLO_to_P,primary_5y,M2,ridge,NOR,23.531781856400848,0.7950219882258855,,2015_2017
PRIMARY_DELETE__HLO_to_P__primary_5y__M2__ridge__OMN,PRIMARY_DELETE,HLO_to_P,primary_5y,M2,ridge,OMN,4.368996233991143,0.946970857851248,,
PRIMARY_DELETE__HLO_to_P__primary_5y__M2__ridge__OMN,PRIMARY_DELETE,HLO_to_P,primary_5y,M2,ridge,OMN,4.627337585442521,0.9954429644358757,,2000_2004
PRIMARY_DELETE__HLO_to_P__primary_5y__M2__ridge__OMN,PRIMARY_DELETE,HLO_to_P,primary_5y,M2,ridge,OMN,-8.346099475825643,1.0935296106646484,,2005_2009
PRIMARY_DELETE__HLO_to_P__primary_5y__M2__ridge__OMN,PRIMARY_DELETE,HLO_to_P,primary_5y,M2,ridge,OMN,-25.180493186947572,1.2186696798409744,,2010_2014
PRIMARY_DELETE__HLO_to_P__primary_5y__M2__ridge__OMN,PRIMARY_DELETE,HLO_to_P,primary_5y,M2,ridge,OMN,19.151325917612382,0.8438261902703296,,2015_2017
PRIMARY_DELETE__HLO_to_P__primary_5y__M2__ridge__PER,PRIMARY_DELETE,HLO_to_P,primary_5y,M2,ridge,PER,6.186029487004457,0.9300733373205065,,
PRIMARY_DELETE__HLO_to_P__primary_5y__M2__ridge__PER,PRIMARY_DELETE,HLO_to_P,primary_5y,M2,ridge,PER,11.356861010883541,0.922203685614745,,2000_2004
PRIMARY_DELETE__HLO_to_P__primary_5y__M2__ridge__PER,PRIMARY_DELETE,HLO_to_P,primary_5y,M2,ridge,PER,-14.02782874488948,1.1517974817166576,,2005_2009
PRIMARY_DELETE__HLO_to_P__primary_5y__M2__ridge__PER,PRIMARY_DELETE,HLO_to_P,primary_5y,M2,ridge,PER,-2.87538665724247,0.987688941313969,,2010_2014
PRIMARY_DELETE__HLO_to_P__primary_5y__M2__ridge__PER,PRIMARY_DELETE,HLO_to_P,primary_5y,M2,ridge,PER,13.916831042273245,0.9043355593433401,,2015_2017
PRIMARY_DELETE__HLO_to_P__primary_5y__M2__ridge__PHL,PRIMARY_DELETE,HLO_to_P,primary_5y,M2,ridge,PHL,4.257483866440944,0.9519050748802965,,
PRIMARY_DELETE__HLO_to_P__primary_5y__M2__ridge__PHL,PRIMARY_DELETE,HLO_to_P,primary_5y,M2,ridge,PHL,-150.80465856415572,2.6832428954968086,,2000_2004
PRIMARY_DELETE__HLO_to_P__primary_5y__M2__ridge__PHL,PRIMARY_DELETE,HLO_to_P,primary_5y,M2,ridge,PHL,4.049177907565159,0.9608627216567359,,2005_2009
PRIMARY_DELETE__HLO_to_P__primary_5y__M2__ridge__PHL,PRIMARY_DELETE,HLO_to_P,primary_5y,M2,ridge,PHL,2.6141168220297057,0.9290557589003526,,2010_2014
PRIMARY_DELETE__HLO_to_P__primary_5y__M2__ridge__PHL,PRIMARY_DELETE,HLO_to_P,primary_5y,M2,ridge,PHL,37.99947575655384,0.6473992215550127,,2015_2017
PRIMARY_DELETE__HLO_to_P__primary_5y__M2__ridge__POL,PRIMARY_DELETE,HLO_to_P,primary_5y,M2,ridge,POL,4.867544523038505,0.9417507841714412,,
PRIMARY_DELETE__HLO_to_P__primary_5y__M2__ridge__POL,PRIMARY_DELETE,HLO_to_P,primary_5y,M2,ridge,POL,1.331091522811975,1.0351818218425415,,2000_2004
PRIMARY_DELETE__HLO_to_P__primary_5y__M2__ridge__POL,PRIMARY_DELETE,HLO_to_P,primary_5y,M2,ridge,POL,-11.62774086825388,1.1332641063697149,,2005_2009
PRIMARY_DELETE__HLO_to_P__primary_5y__M2__ridge__POL,PRIMARY_DELETE,HLO_to_P,primary_5y,M2,ridge,POL,-23.313647416403818,1.2007489780951288,,2010_2014
PRIMARY_DELETE__HLO_to_P__primary_5y__M2__ridge__POL,PRIMARY_DELETE,HLO_to_P,primary_5y,M2,ridge,POL,40.27297968407067,0.6050398227874344,,2015_2017
PRIMARY_DELETE__HLO_to_P__primary_5y__M2__ridge__QAT,PRIMARY_DELETE,HLO_to_P,primary_5y,M2,ridge,QAT,4.0116808913387665,0.9514029882955126,,
PRIMARY_DELETE__HLO_to_P__primary_5y__M2__ridge__QAT,PRIMARY_DELETE,HLO_to_P,primary_5y,M2,ridge,QAT,4.533245610626486,0.9974597292839184,,2000_2004
PRIMARY_DELETE__HLO_to_P__primary_5y__M2__ridge__QAT,PRIMARY_DELETE,HLO_to_P,primary_5y,M2,ridge,QAT,-9.732134264058987,1.111026540065948,,2005_2009
PRIMARY_DELETE__HLO_to_P__primary_5y__M2__ridge__QAT,PRIMARY_DELETE,HLO_to_P,primary_5y,M2,ridge,QAT,-23.843805295907586,1.2072634502987734,,2010_2014
PRIMARY_DELETE__HLO_to_P__primary_5y__M2__ridge__QAT,PRIMARY_DELETE,HLO_to_P,primary_5y,M2,ridge,QAT,20.018800434997843,0.8343276788391512,,2015_2017
PRIMARY_DELETE__HLO_to_P__primary_5y__M2__ridge__RUS,PRIMARY_DELETE,HLO_to_P,primary_5y,M2,ridge,RUS,8.43282713811695,0.9048929287648177,,
PRIMARY_DELETE__HLO_to_P__primary_5y__M2__ridge__RUS,PRIMARY_DELETE,HLO_to_P,primary_5y,M2,ridge,RUS,3.084171053572495,1.0141532365930113,,2000_2004
PRIMARY_DELETE__HLO_to_P__primary_5y__M2__ridge__RUS,PRIMARY_DELETE,HLO_to_P,primary_5y,M2,ridge,RUS,-8.958680622740882,1.1032969806748933,,2005_2009
PRIMARY_DELETE__HLO_to_P__primary_5y__M2__ridge__RUS,PRIMARY_DELETE,HLO_to_P,primary_5y,M2,ridge,RUS,-6.934599814730529,1.026577947622054,,2010_2014
PRIMARY_DELETE__HLO_to_P__primary_5y__M2__ridge__RUS,PRIMARY_DELETE,HLO_to_P,primary_5y,M2,ridge,RUS,20.671720392885522,0.8315088987439961,,2015_2017
PRIMARY_DELETE__HLO_to_P__primary_5y__M2__ridge__SAU,PRIMARY_DELETE,HLO_to_P,primary_5y,M2,ridge,SAU,7.657802519756828,0.9133249775303239,,
PRIMARY_DELETE__HLO_to_P__primary_5y__M2__ridge__SAU,PRIMARY_DELETE,HLO_to_P,primary_5y,M2,ridge,SAU,-4.520306970768509,1.0980016553320835,,2000_2004
PRIMARY_DELETE__HLO_to_P__primary_5y__M2__ridge__SAU,PRIMARY_DELETE,HLO_to_P,primary_5y,M2,ridge,SAU,-8.178617509132266,1.0910002170908317,,2005_2009
PRIMARY_DELETE__HLO_to_P__primary_5y__M2__ridge__SAU,PRIMARY_DELETE,HLO_to_P,primary_5y,M2,ridge,SAU,-7.38602807855452,1.0342250512461566,,2010_2014
PRIMARY_DELETE__HLO_to_P__primary_5y__M2__ridge__SAU,PRIMARY_DELETE,HLO_to_P,primary_5y,M2,ridge,SAU,22.01770226358958,0.819681056261381,,2015_2017
PRIMARY_DELETE__HLO_to_P__primary_5y__M2__ridge__SRB,PRIMARY_DELETE,HLO_to_P,primary_5y,M2,ridge,SRB,3.269525348022091,0.9596771144123998,,
PRIMARY_DELETE__HLO_to_P__primary_5y__M2__ridge__SRB,PRIMARY_DELETE,HLO_to_P,primary_5y,M2,ridge,SRB,3.865058652652654,1.0041023292793299,,2000_2004
PRIMARY_DELETE__HLO_to_P__primary_5y__M2__ridge__SRB,PRIMARY_DELETE,HLO_to_P,primary_5y,M2,ridge,SRB,-9.361092953677076,1.106819083334018,,2005_2009
PRIMARY_DELETE__HLO_to_P__primary_5y__M2__ridge__SRB,PRIMARY_DELETE,HLO_to_P,primary_5y,M2,ridge,SRB,-22.76942764785489,1.1935433758708713,,2010_2014
PRIMARY_DELETE__HLO_to_P__primary_5y__M2__ridge__SRB,PRIMARY_DELETE,HLO_to_P,primary_5y,M2,ridge,SRB,18.630517560060316,0.8493424069544524,,2015_2017
PRIMARY_DELETE__HLO_to_P__primary_5y__M2__ridge__SVN,PRIMARY_DELETE,HLO_to_P,primary_5y,M2,ridge,SVN,8.60998689070946,0.899222759365448,,
PRIMARY_DELETE__HLO_to_P__primary_5y__M2__ridge__SVN,PRIMARY_DELETE,HLO_to_P,primary_5y,M2,ridge,SVN,3.1173212778773394,1.0128105332345152,,2000_2004
PRIMARY_DELETE__HLO_to_P__primary_5y__M2__ridge__SVN,PRIMARY_DELETE,HLO_to_P,primary_5y,M2,ridge,SVN,-5.695906007256195,1.0681645889943376,,2005_2009
PRIMARY_DELETE__HLO_to_P__primary_5y__M2__ridge__SVN,PRIMARY_DELETE,HLO_to_P,primary_5y,M2,ridge,SVN,-16.969078013285916,1.1281893445854558,,2010_2014
PRIMARY_DELETE__HLO_to_P__primary_5y__M2__ridge__SVN,PRIMARY_DELETE,HLO_to_P,primary_5y,M2,ridge,SVN,25.9122819065514,0.7687052304060457,,2015_2017
PRIMARY_DELETE__HLO_to_P__primary_5y__M2__ridge__UKR,PRIMARY_DELETE,HLO_to_P,primary_5y,M2,ridge,UKR,3.6139790775168854,0.9559540778385087,,
PRIMARY_DELETE__HLO_to_P__primary_5y__M2__ridge__UKR,PRIMARY_DELETE,HLO_to_P,primary_5y,M2,ridge,UKR,6.445382933598233,0.9734601535077461,,2000_2004
PRIMARY_DELETE__HLO_to_P__primary_5y__M2__ridge__UKR,PRIMARY_DELETE,HLO_to_P,primary_5y,M2,ridge,UKR,-9.484272358609816,1.1088836795057948,,2005_2009
PRIMARY_DELETE__HLO_to_P__primary_5y__M2__ridge__UKR,PRIMARY_DELETE,HLO_to_P,primary_5y,M2,ridge,UKR,-24.988356091666894,1.2187889159095167,,2010_2014
PRIMARY_DELETE__HLO_to_P__primary_5y__M2__ridge__UKR,PRIMARY_DELETE,HLO_to_P,primary_5y,M2,ridge,UKR,18.641842621266395,0.8503009941101773,,2015_2017
PRIMARY_DELETE__HLO_to_P__primary_5y__M2__ridge__USA,PRIMARY_DELETE,HLO_to_P,primary_5y,M2,ridge,USA,7.890175102472166,0.9107525480031027,,
PRIMARY_DELETE__HLO_to_P__primary_5y__M2__ridge__USA,PRIMARY_DELETE,HLO_to_P,primary_5y,M2,ridge,USA,1.117856447774243,1.0418716061104671,,2000_2004
PRIMARY_DELETE__HLO_to_P__primary_5y__M2__ridge__USA,PRIMARY_DELETE,HLO_to_P,primary_5y,M2,ridge,USA,-9.103821816534635,1.1043081707146327,,2005_2009
PRIMARY_DELETE__HLO_to_P__primary_5y__M2__ridge__USA,PRIMARY_DELETE,HLO_to_P,primary_5y,M2,ridge,USA,-7.121437599431865,1.0278785262659353,,2010_2014
PRIMARY_DELETE__HLO_to_P__primary_5y__M2__ridge__USA,PRIMARY_DELETE,HLO_to_P,primary_5y,M2,ridge,USA,18.93265154389124,0.8462930829475829,,2015_2017
PRIMARY_DELETE__HLO_to_P__primary_5y__M2__ridge__ZAF,PRIMARY_DELETE,HLO_to_P,primary_5y,M2,ridge,ZAF,7.035549330144356,0.9192506831979802,,
PRIMARY_DELETE__HLO_to_P__primary_5y__M2__ridge__ZAF,PRIMARY_DELETE,HLO_to_P,primary_5y,M2,ridge,ZAF,66.20835702621122,0.3452330790055585,,2000_2004
PRIMARY_DELETE__HLO_to_P__primary_5y__M2__ridge__ZAF,PRIMARY_DELETE,HLO_to_P,primary_5y,M2,ridge,ZAF,-9.715083980632626,1.1079228051855161,,2005_2009
PRIMARY_DELETE__HLO_to_P__primary_5y__M2__ridge__ZAF,PRIMARY_DELETE,HLO_to_P,primary_5y,M2,ridge,ZAF,-40.05162733579762,1.3791075538771382,,2010_2014
PRIMARY_DELETE__HLO_to_P__primary_5y__M2__ridge__ZAF,PRIMARY_DELETE,HLO_to_P,primary_5y,M2,ridge,ZAF,14.346450790714654,0.8965107428643543,,2015_2017
PRIMARY_DELETE__HLO_to_P__primary_5y__M3__ridge__AUS,PRIMARY_DELETE,HLO_to_P,primary_5y,M3,ridge,AUS,7.730028789518669,0.9123631391843041,,
PRIMARY_DELETE__HLO_to_P__primary_5y__M3__ridge__AUS,PRIMARY_DELETE,HLO_to_P,primary_5y,M3,ridge,AUS,-1.887819280195167,1.0577686380103497,,2000_2004
PRIMARY_DELETE__HLO_to_P__primary_5y__M3__ridge__AUS,PRIMARY_DELETE,HLO_to_P,primary_5y,M3,ridge,AUS,-8.623193889302227,1.103807565464521,,2005_2009
PRIMARY_DELETE__HLO_to_P__primary_5y__M3__ridge__AUS,PRIMARY_DELETE,HLO_to_P,primary_5y,M3,ridge,AUS,-6.632142832607354,1.0226264075950242,,2010_2014
PRIMARY_DELETE__HLO_to_P__primary_5y__M3__ridge__AUS,PRIMARY_DELETE,HLO_to_P,primary_5y,M3,ridge,AUS,11.1809314357257,0.939196180420771,,2015_2017
PRIMARY_DELETE__HLO_to_P__primary_5y__M3__ridge__AUT,PRIMARY_DELETE,HLO_to_P,primary_5y,M3,ridge,AUT,4.805381747671803,0.9429246915064955,,
PRIMARY_DELETE__HLO_to_P__primary_5y__M3__ridge__AUT,PRIMARY_DELETE,HLO_to_P,primary_5y,M3,ridge,AUT,-3.2113295175539016,1.0757287518121383,,2000_2004
PRIMARY_DELETE__HLO_to_P__primary_5y__M3__ridge__AUT,PRIMARY_DELETE,HLO_to_P,primary_5y,M3,ridge,AUT,-9.20830437804783,1.1094583406754692,,2005_2009
PRIMARY_DELETE__HLO_to_P__primary_5y__M3__ridge__AUT,PRIMARY_DELETE,HLO_to_P,primary_5y,M3,ridge,AUT,-19.548147733482725,1.1634470918760387,,2010_2014
PRIMARY_DELETE__HLO_to_P__primary_5y__M3__ridge__AUT,PRIMARY_DELETE,HLO_to_P,primary_5y,M3,ridge,AUT,16.52820565605707,0.8772063290450965,,2015_2017
PRIMARY_DELETE__HLO_to_P__primary_5y__M3__ridge__BHR,PRIMARY_DELETE,HLO_to_P,primary_5y,M3,ridge,BHR,4.006660268368527,0.95229379891075,,
PRIMARY_DELETE__HLO_to_P__primary_5y__M3__ridge__BHR,PRIMARY_DELETE,HLO_to_P,primary_5y,M3,ridge,BHR,0.06557927938089322,1.040565585949993,,2000_2004
PRIMARY_DELETE__HLO_to_P__primary_5y__M3__ridge__BHR,PRIMARY_DELETE,HLO_to_P,primary_5y,M3,ridge,BHR,-14.479088344061255,1.1677848799007593,,2005_2009
PRIMARY_DELETE__HLO_to_P__primary_5y__M3__ridge__BHR,PRIMARY_DELETE,HLO_to_P,primary_5y,M3,ridge,BHR,-16.080669965730408,1.1194903108555418,,2010_2014
PRIMARY_DELETE__HLO_to_P__primary_5y__M3__ridge__BHR,PRIMARY_DELETE,HLO_to_P,primary_5y,M3,ridge,BHR,17.208943520432474,0.8786668021899166,,2015_2017
PRIMARY_DELETE__HLO_to_P__primary_5y__M3__ridge__BRA,PRIMARY_DELETE,HLO_to_P,primary_5y,M3,ridge,BRA,6.781243776845852,0.9233004016261771,,
PRIMARY_DELETE__HLO_to_P__primary_5y__M3__ridge__BRA,PRIMARY_DELETE,HLO_to_P,primary_5y,M3,ridge,BRA,-3.6112400314274273,1.0791158702851684,,2000_2004
PRIMARY_DELETE__HLO_to_P__primary_5y__M3__ridge__BRA,PRIMARY_DELETE,HLO_to_P,primary_5y,M3,ridge,BRA,-10.776963875186096,1.126121066354837,,2005_2009
PRIMARY_DELETE__HLO_to_P__primary_5y__M3__ridge__BRA,PRIMARY_DELETE,HLO_to_P,primary_5y,M3,ridge,BRA,-7.731613790955043,1.031708537117167,,2010_2014
PRIMARY_DELETE__HLO_to_P__primary_5y__M3__ridge__BRA,PRIMARY_DELETE,HLO_to_P,primary_5y,M3,ridge,BRA,13.763208739610159,0.9055600854021729,,2015_2017
PRIMARY_DELETE__HLO_to_P__primary_5y__M3__ridge__CHL,PRIMARY_DELETE,HLO_to_P,primary_5y,M3,ridge,CHL,5.221813648660725,0.9371604634809895,,
PRIMARY_DELETE__HLO_to_P__primary_5y__M3__ridge__CHL,PRIMARY_DELETE,HLO_to_P,primary_5y,M3,ridge,CHL,1.4137628266238873,1.019731707904146,,2000_2004
PRIMARY_DELETE__HLO_to_P__primary_5y__M3__ridge__CHL,PRIMARY_DELETE,HLO_to_P,primary_5y,M3,ridge,CHL,-14.17460505954388,1.1606492796114374,,2005_2009
PRIMARY_DELETE__HLO_to_P__primary_5y__M3__ridge__CHL,PRIMARY_DELETE,HLO_to_P,primary_5y,M3,ridge,CHL,-18.900663250339747,1.1554535889029052,,2010_2014
PRIMARY_DELETE__HLO_to_P__primary_5y__M3__ridge__CHL,PRIMARY_DELETE,HLO_to_P,primary_5y,M3,ridge,CHL,21.09363430916223,0.8223840400281303,,2015_2017
PRIMARY_DELETE__HLO_to_P__primary_5y__M3__ridge__COL,PRIMARY_DELETE,HLO_to_P,primary_5y,M3,ridge,COL,3.448990313175615,0.9582647581761711,,
PRIMARY_DELETE__HLO_to_P__primary_5y__M3__ridge__COL,PRIMARY_DELETE,HLO_to_P,primary_5y,M3,ridge,COL,11.034140471925951,0.9049395325587553,,2000_2004
PRIMARY_DELETE__HLO_to_P__primary_5y__M3__ridge__COL,PRIMARY_DELETE,HLO_to_P,primary_5y,M3,ridge,COL,-5.766078129900811,1.0691609577143517,,2005_2009
PRIMARY_DELETE__HLO_to_P__primary_5y__M3__ridge__COL,PRIMARY_DELETE,HLO_to_P,primary_5y,M3,ridge,COL,-30.599798949448697,1.2807768462818367,,2010_2014
PRIMARY_DELETE__HLO_to_P__primary_5y__M3__ridge__COL,PRIMARY_DELETE,HLO_to_P,primary_5y,M3,ridge,COL,17.656314956044582,0.8619002167742127,,2015_2017
PRIMARY_DELETE__HLO_to_P__primary_5y__M3__ridge__CRI,PRIMARY_DELETE,HLO_to_P,primary_5y,M3,ridge,CRI,4.827275682514727,0.9419143102875788,,
PRIMARY_DELETE__HLO_to_P__primary_5y__M3__ridge__CRI,PRIMARY_DELETE,HLO_to_P,primary_5y,M3,ridge,CRI,-2.0543554589937627,1.058499988904132,,2000_2004
PRIMARY_DELETE__HLO_to_P__primary_5y__M3__ridge__CRI,PRIMARY_DELETE,HLO_to_P,primary_5y,M3,ridge,CRI,-7.429784325693001,1.0891198700161036,,2005_2009
PRIMARY_DELETE__HLO_to_P__primary_5y__M3__ridge__CRI,PRIMARY_DELETE,HLO_to_P,primary_5y,M3,ridge,CRI,-19.02686526982416,1.1533203843588729,,2010_2014
PRIMARY_DELETE__HLO_to_P__primary_5y__M3__ridge__CRI,PRIMARY_DELETE,HLO_to_P,primary_5y,M3,ridge,CRI,14.039275126356937,0.9024278632453722,,2015_2017
PRIMARY_DELETE__HLO_to_P__primary_5y__M3__ridge__DEU,PRIMARY_DELETE,HLO_to_P,primary_5y,M3,ridge,DEU,4.524932047232418,0.946023391627984,,
PRIMARY_DELETE__HLO_to_P__primary_5y__M3__ridge__DEU,PRIMARY_DELETE,HLO_to_P,primary_5y,M3,ridge,DEU,-3.0164998274430825,1.0717992231262796,,2000_2004
PRIMARY_DELETE__HLO_to_P__primary_5y__M3__ridge__DEU,PRIMARY_DELETE,HLO_to_P,primary_5y,M3,ridge,DEU,-8.173280998756411,1.0979577627561619,,2005_2009
PRIMARY_DELETE__HLO_to_P__primary_5y__M3__ridge__DEU,PRIMARY_DELETE,HLO_to_P,primary_5y,M3,ridge,DEU,-17.257351793042314,1.1346913067581965,,2010_2014
PRIMARY_DELETE__HLO_to_P__primary_5y__M3__ridge__DEU,PRIMARY_DELETE,HLO_to_P,primary_5y,M3,ridge,DEU,14.831842768013267,0.8955858540747829,,2015_2017
PRIMARY_DELETE__HLO_to_P__primary_5y__M3__ridge__EGY,PRIMARY_DELETE,HLO_to_P,primary_5y,M3,ridge,EGY,4.729813039302485,0.9427765062241921,,
PRIMARY_DELETE__HLO_to_P__primary_5y__M3__ridge__EGY,PRIMARY_DELETE,HLO_to_P,primary_5y,M3,ridge,EGY,16.347186793042535,0.855168418186952,,2000_2004
PRIMARY_DELETE__HLO_to_P__primary_5y__M3__ridge__EGY,PRIMARY_DELETE,HLO_to_P,primary_5y,M3,ridge,EGY,-7.6260644436162135,1.0914667826476028,,2005_2009
PRIMARY_DELETE__HLO_to_P__primary_5y__M3__ridge__EGY,PRIMARY_DELETE,HLO_to_P,primary_5y,M3,ridge,EGY,-17.323250245566594,1.138366748636979,,2010_2014
PRIMARY_DELETE__HLO_to_P__primary_5y__M3__ridge__EGY,PRIMARY_DELETE,HLO_to_P,primary_5y,M3,ridge,EGY,-11.809554152138634,1.173741253045165,,2015_2017
PRIMARY_DELETE__HLO_to_P__primary_5y__M3__ridge__ESP,PRIMARY_DELETE,HLO_to_P,primary_5y,M3,ridge,ESP,3.995185408141407,0.9515174897577591,,
PRIMARY_DELETE__HLO_to_P__primary_5y__M3__ridge__ESP,PRIMARY_DELETE,HLO_to_P,primary_5y,M3,ridge,ESP,0.14006164684662423,1.0336576199177305,,2000_2004
PRIMARY_DELETE__HLO_to_P__primary_5y__M3__ridge__ESP,PRIMARY_DELETE,HLO_to_P,primary_5y,M3,ridge,ESP,-7.3405109560243265,1.0875142289776043,,2005_2009
PRIMARY_DELETE__HLO_to_P__primary_5y__M3__ridge__ESP,PRIMARY_DELETE,HLO_to_P,primary_5y,M3,ridge,ESP,-18.794677946023974,1.1512868042833089,,2010_2014
PRIMARY_DELETE__HLO_to_P__primary_5y__M3__ridge__ESP,PRIMARY_DELETE,HLO_to_P,primary_5y,M3,ridge,ESP,17.912757295833668,0.8585318650150742,,2015_2017
PRIMARY_DELETE__HLO_to_P__primary_5y__M3__ridge__FIN,PRIMARY_DELETE,HLO_to_P,primary_5y,M3,ridge,FIN,5.892052332562829,0.9300571778992145,,
PRIMARY_DELETE__HLO_to_P__primary_5y__M3__ridge__FIN,PRIMARY_DELETE,HLO_to_P,primary_5y,M3,ridge,FIN,-2.0552466112352343,1.0597767731956338,,2000_2004
PRIMARY_DELETE__HLO_to_P__primary_5y__M3__ridge__FIN,PRIMARY_DELETE,HLO_to_P,primary_5y,M3,ridge,FIN,-6.701504632446715,1.080305458842169,,2005_2009
PRIMARY_DELETE__HLO_to_P__primary_5y__M3__ridge__FIN,PRIMARY_DELETE,HLO_to_P,primary_5y,M3,ridge,FIN,-14.87335483933705,1.1058695659947473,,2010_2014
PRIMARY_DELETE__HLO_to_P__primary_5y__M3__ridge__FIN,PRIMARY_DELETE,HLO_to_P,primary_5y,M3,ridge,FIN,15.656062135391076,0.8848534060430547,,2015_2017
PRIMARY_DELETE__HLO_to_P__primary_5y__M3__ridge__GHA,PRIMARY_DELETE,HLO_to_P,primary_5y,M3,ridge,GHA,-14.89522433533447,1.1663737285739402,,
PRIMARY_DELETE__HLO_to_P__primary_5y__M3__ridge__GHA,PRIMARY_DELETE,HLO_to_P,primary_5y,M3,ridge,GHA,-31.943005905722245,1.3844350985439065,,2000_2004
PRIMARY_DELETE__HLO_to_P__primary_5y__M3__ridge__GHA,PRIMARY_DELETE,HLO_to_P,primary_5y,M3,ridge,GHA,-32.79798505103796,1.3736518124277477,,2005_2009
PRIMARY_DELETE__HLO_to_P__primary_5y__M3__ridge__GHA,PRIMARY_DELETE,HLO_to_P,primary_5y,M3,ridge,GHA,-65.0701786769771,1.6713957412336142,,2010_2014
PRIMARY_DELETE__HLO_to_P__primary_5y__M3__ridge__GHA,PRIMARY_DELETE,HLO_to_P,primary_5y,M3,ridge,GHA,-6.893081716802313,1.1352242230638736,,2015_2017
PRIMARY_DELETE__HLO_to_P__primary_5y__M3__ridge__HRV,PRIMARY_DELETE,HLO_to_P,primary_5y,M3,ridge,HRV,3.6678978945508507,0.9548038838090857,,
PRIMARY_DELETE__HLO_to_P__primary_5y__M3__ridge__HRV,PRIMARY_DELETE,HLO_to_P,primary_5y,M3,ridge,HRV,-3.5586553772106386,1.0754030386352276,,2000_2004
PRIMARY_DELETE__HLO_to_P__primary_5y__M3__ridge__HRV,PRIMARY_DELETE,HLO_to_P,primary_5y,M3,ridge,HRV,-4.8578715261052,1.057350254999571,,2005_2009
PRIMARY_DELETE__HLO_to_P__primary_5y__M3__ridge__HRV,PRIMARY_DELETE,HLO_to_P,primary_5y,M3,ridge,HRV,-18.93074104393057,1.1523693181564179,,2010_2014
PRIMARY_DELETE__HLO_to_P__primary_5y__M3__ridge__HRV,PRIMARY_DELETE,HLO_to_P,primary_5y,M3,ridge,HRV,12.247284966691073,0.9194851115785635,,2015_2017
PRIMARY_DELETE__HLO_to_P__primary_5y__M3__ridge__IDN,PRIMARY_DELETE,HLO_to_P,primary_5y,M3,ridge,IDN,3.5832017231874445,0.9576105851014195,,
PRIMARY_DELETE__HLO_to_P__primary_5y__M3__ridge__IDN,PRIMARY_DELETE,HLO_to_P,primary_5y,M3,ridge,IDN,3.2613492447035375,1.0002381462503642,,2000_2004
PRIMARY_DELETE__HLO_to_P__primary_5y__M3__ridge__IDN,PRIMARY_DELETE,HLO_to_P,primary_5y,M3,ridge,IDN,-7.430315930306851,1.0912956720835574,,2005_2009
PRIMARY_DELETE__HLO_to_P__primary_5y__M3__ridge__IDN,PRIMARY_DELETE,HLO_to_P,primary_5y,M3,ridge,IDN,-23.012225409463714,1.200912482080897,,2010_2014
PRIMARY_DELETE__HLO_to_P__primary_5y__M3__ridge__IDN,PRIMARY_DELETE,HLO_to_P,primary_5y,M3,ridge,IDN,11.876920463043074,0.9237293428674083,,2015_2017
PRIMARY_DELETE__HLO_to_P__primary_5y__M3__ridge__IRN,PRIMARY_DELETE,HLO_to_P,primary_5y,M3,ridge,IRN,7.311288074855586,0.9141652661507588,,
PRIMARY_DELETE__HLO_to_P__primary_5y__M3__ridge__IRN,PRIMARY_DELETE,HLO_to_P,primary_5y,M3,ridge,IRN,0.7347795000893932,1.0249957197655182,,2000_2004
PRIMARY_DELETE__HLO_to_P__primary_5y__M3__ridge__IRN,PRIMARY_DELETE,HLO_to_P,primary_5y,M3,ridge,IRN,-5.015264960209224,1.062514687165095,,2005_2009
PRIMARY_DELETE__HLO_to_P__primary_5y__M3__ridge__IRN,PRIMARY_DELETE,HLO_to_P,primary_5y,M3,ridge,IRN,-18.963758475626285,1.1488976169237581,,2010_2014
PRIMARY_DELETE__HLO_to_P__primary_5y__M3__ridge__IRN,PRIMARY_DELETE,HLO_to_P,primary_5y,M3,ridge,IRN,13.746050458481893,0.9045057112146575,,2015_2017
PRIMARY_DELETE__HLO_to_P__primary_5y__M3__ridge__ISL,PRIMARY_DELETE,HLO_to_P,primary_5y,M3,ridge,ISL,5.162097039593386,0.9381157849581264,,
PRIMARY_DELETE__HLO_to_P__primary_5y__M3__ridge__ISL,PRIMARY_DELETE,HLO_to_P,primary_5y,M3,ridge,ISL,-2.3796098539450976,1.0635620939831347,,2000_2004
PRIMARY_DELETE__HLO_to_P__primary_5y__M3__ridge__ISL,PRIMARY_DELETE,HLO_to_P,primary_5y,M3,ridge,ISL,-8.82393967864608,1.1067294998602577,,2005_2009
PRIMARY_DELETE__HLO_to_P__primary_5y__M3__ridge__ISL,PRIMARY_DELETE,HLO_to_P,primary_5y,M3,ridge,ISL,-19.513045483027252,1.1608020074818417,,2010_2014
PRIMARY_DELETE__HLO_to_P__primary_5y__M3__ridge__ISL,PRIMARY_DELETE,HLO_to_P,primary_5y,M3,ridge,ISL,11.790428907042436,0.9260268599435777,,2015_2017
PRIMARY_DELETE__HLO_to_P__primary_5y__M3__ridge__ITA,PRIMARY_DELETE,HLO_to_P,primary_5y,M3,ridge,ITA,3.125786157485475,0.9614539981162593,,
PRIMARY_DELETE__HLO_to_P__primary_5y__M3__ridge__ITA,PRIMARY_DELETE,HLO_to_P,primary_5y,M3,ridge,ITA,-1.2127362356542137,1.0492694199684278,,2000_2004
PRIMARY_DELETE__HLO_to_P__primary_5y__M3__ridge__ITA,PRIMARY_DELETE,HLO_to_P,primary_5y,M3,ridge,ITA,-12.043800158929917,1.1429526480296393,,2005_2009
PRIMARY_DELETE__HLO_to_P__primary_5y__M3__ridge__ITA,PRIMARY_DELETE,HLO_to_P,primary_5y,M3,ridge,ITA,-19.758194776038188,1.1637910265419036,,2010_2014
PRIMARY_DELETE__HLO_to_P__primary_5y__M3__ridge__ITA,PRIMARY_DELETE,HLO_to_P,primary_5y,M3,ridge,ITA,14.48266594783103,0.8958385241171395,,2015_2017
PRIMARY_DELETE__HLO_to_P__primary_5y__M3__ridge__JOR,PRIMARY_DELETE,HLO_to_P,primary_5y,M3,ridge,JOR,8.929221455816752,0.9016496922410376,,
PRIMARY_DELETE__HLO_to_P__primary_5y__M3__ridge__JOR,PRIMARY_DELETE,HLO_to_P,primary_5y,M3,ridge,JOR,3.600278960703786,0.9826911454953549,,2000_2004
PRIMARY_DELETE__HLO_to_P__primary_5y__M3__ridge__JOR,PRIMARY_DELETE,HLO_to_P,primary_5y,M3,ridge,JOR,-3.685666702553864,1.0542470166059204,,2005_2009
PRIMARY_DELETE__HLO_to_P__primary_5y__M3__ridge__JOR,PRIMARY_DELETE,HLO_to_P,primary_5y,M3,ridge,JOR,4.571492411111711,0.9046835298074425,,2010_2014
PRIMARY_DELETE__HLO_to_P__primary_5y__M3__ridge__JOR,PRIMARY_DELETE,HLO_to_P,primary_5y,M3,ridge,JOR,11.23607902929213,0.9299192744597777,,2015_2017
PRIMARY_DELETE__HLO_to_P__primary_5y__M3__ridge__JPN,PRIMARY_DELETE,HLO_to_P,primary_5y,M3,ridge,JPN,1.868077580304848,0.976209677358703,,
PRIMARY_DELETE__HLO_to_P__primary_5y__M3__ridge__JPN,PRIMARY_DELETE,HLO_to_P,primary_5y,M3,ridge,JPN,-6.3724042815299295,1.107481038218922,,2000_2004
PRIMARY_DELETE__HLO_to_P__primary_5y__M3__ridge__JPN,PRIMARY_DELETE,HLO_to_P,primary_5y,M3,ridge,JPN,-0.6789380645454242,1.0102635519274197,,2005_2009
PRIMARY_DELETE__HLO_to_P__primary_5y__M3__ridge__JPN,PRIMARY_DELETE,HLO_to_P,primary_5y,M3,ridge,JPN,-26.977612356118087,1.2503570512093805,,2010_2014
PRIMARY_DELETE__HLO_to_P__primary_5y__M3__ridge__JPN,PRIMARY_DELETE,HLO_to_P,primary_5y,M3,ridge,JPN,11.08379934110401,0.930280091210028,,2015_2017
PRIMARY_DELETE__HLO_to_P__primary_5y__M3__ridge__KAZ,PRIMARY_DELETE,HLO_to_P,primary_5y,M3,ridge,KAZ,2.663960578031312,0.9670335968035334,,
PRIMARY_DELETE__HLO_to_P__primary_5y__M3__ridge__KAZ,PRIMARY_DELETE,HLO_to_P,primary_5y,M3,ridge,KAZ,0.9925764967867496,1.0244902300861372,,2000_2004
PRIMARY_DELETE__HLO_to_P__primary_5y__M3__ridge__KAZ,PRIMARY_DELETE,HLO_to_P,primary_5y,M3,ridge,KAZ,-10.25868290658643,1.1181579051237163,,2005_2009
PRIMARY_DELETE__HLO_to_P__primary_5y__M3__ridge__KAZ,PRIMARY_DELETE,HLO_to_P,primary_5y,M3,ridge,KAZ,-23.338453048613076,1.2017524860368725,,2010_2014
PRIMARY_DELETE__HLO_to_P__primary_5y__M3__ridge__KAZ,PRIMARY_DELETE,HLO_to_P,primary_5y,M3,ridge,KAZ,13.21918072484315,0.9101073144076871,,2015_2017
PRIMARY_DELETE__HLO_to_P__primary_5y__M3__ridge__KOR,PRIMARY_DELETE,HLO_to_P,primary_5y,M3,ridge,KOR,5.7875751526633445,0.9311637201769556,,
PRIMARY_DELETE__HLO_to_P__primary_5y__M3__ridge__KOR,PRIMARY_DELETE,HLO_to_P,primary_5y,M3,ridge,KOR,-0.9566403416954466,1.0474838824651296,,2000_2004
PRIMARY_DELETE__HLO_to_P__primary_5y__M3__ridge__KOR,PRIMARY_DELETE,HLO_to_P,primary_5y,M3,ridge,KOR,-7.123400232391057,1.084995728829187,,2005_2009
PRIMARY_DELETE__HLO_to_P__primary_5y__M3__ridge__KOR,PRIMARY_DELETE,HLO_to_P,primary_5y,M3,ridge,KOR,-16.107581905545633,1.1194512687298468,,2010_2014
PRIMARY_DELETE__HLO_to_P__primary_5y__M3__ridge__KOR,PRIMARY_DELETE,HLO_to_P,primary_5y,M3,ridge,KOR,17.459017809450742,0.8650556483551742,,2015_2017
PRIMARY_DELETE__HLO_to_P__primary_5y__M3__ridge__LTU,PRIMARY_DELETE,HLO_to_P,primary_5y,M3,ridge,LTU,2.9578978781623206,0.9635116843297,,
PRIMARY_DELETE__HLO_to_P__primary_5y__M3__ridge__LTU,PRIMARY_DELETE,HLO_to_P,primary_5y,M3,ridge,LTU,-3.9403438643209023,1.0859226212601916,,2000_2004
PRIMARY_DELETE__HLO_to_P__primary_5y__M3__ridge__LTU,PRIMARY_DELETE,HLO_to_P,primary_5y,M3,ridge,LTU,-8.176750961824828,1.0975954103222465,,2005_2009
PRIMARY_DELETE__HLO_to_P__primary_5y__M3__ridge__LTU,PRIMARY_DELETE,HLO_to_P,primary_5y,M3,ridge,LTU,-21.610495451306864,1.1851971894537472,,2010_2014
PRIMARY_DELETE__HLO_to_P__primary_5y__M3__ridge__LTU,PRIMARY_DELETE,HLO_to_P,primary_5y,M3,ridge,LTU,16.284549378502227,0.8775018956198344,,2015_2017
PRIMARY_DELETE__HLO_to_P__primary_5y__M3__ridge__MAR,PRIMARY_DELETE,HLO_to_P,primary_5y,M3,ridge,MAR,-9.750699495646414,1.1062981622458947,,
PRIMARY_DELETE__HLO_to_P__primary_5y__M3__ridge__MAR,PRIMARY_DELETE,HLO_to_P,primary_5y,M3,ridge,MAR,-26.225197560760993,1.3131325168243844,,2000_2004
PRIMARY_DELETE__HLO_to_P__primary_5y__M3__ridge__MAR,PRIMARY_DELETE,HLO_to_P,primary_5y,M3,ridge,MAR,6.01930644146582,0.9491915042942992,,2005_2009
PRIMARY_DELETE__HLO_to_P__primary_5y__M3__ridge__MAR,PRIMARY_DELETE,HLO_to_P,primary_5y,M3,ridge,MAR,-39.15177229515565,1.3837709278864443,,2010_2014
PRIMARY_DELETE__HLO_to_P__primary_5y__M3__ridge__MAR,PRIMARY_DELETE,HLO_to_P,primary_5y,M3,ridge,MAR,-5.307235804427709,1.103620597889828,,2015_2017
PRIMARY_DELETE__HLO_to_P__primary_5y__M3__ridge__MEX,PRIMARY_DELETE,HLO_to_P,primary_5y,M3,ridge,MEX,4.684234564491327,0.9436014854666316,,
PRIMARY_DELETE__HLO_to_P__primary_5y__M3__ridge__MEX,PRIMARY_DELETE,HLO_to_P,primary_5y,M3,ridge,MEX,-1.3525844932821929,1.0528879044694257,,2000_2004
PRIMARY_DELETE__HLO_to_P__primary_5y__M3__ridge__MEX,PRIMARY_DELETE,HLO_to_P,primary_5y,M3,ridge,MEX,-6.421321860849934,1.0783863676137344,,2005_2009
PRIMARY_DELETE__HLO_to_P__primary_5y__M3__ridge__MEX,PRIMARY_DELETE,HLO_to_P,primary_5y,M3,ridge,MEX,-22.240013250859775,1.1854931098527992,,2010_2014
PRIMARY_DELETE__HLO_to_P__primary_5y__M3__ridge__MEX,PRIMARY_DELETE,HLO_to_P,primary_5y,M3,ridge,MEX,14.506480723755958,0.8980689090768503,,2015_2017
PRIMARY_DELETE__HLO_to_P__primary_5y__M3__ridge__NLD,PRIMARY_DELETE,HLO_to_P,primary_5y,M3,ridge,NLD,6.169761687296739,0.9270633915487082,,
PRIMARY_DELETE__HLO_to_P__primary_5y__M3__ridge__NLD,PRIMARY_DELETE,HLO_to_P,primary_5y,M3,ridge,NLD,-7.747778405002327,1.1322929989941841,,2000_2004
PRIMARY_DELETE__HLO_to_P__primary_5y__M3__ridge__NLD,PRIMARY_DELETE,HLO_to_P,primary_5y,M3,ridge,NLD,-7.525555424487163,1.090349229786844,,2005_2009
PRIMARY_DELETE__HLO_to_P__primary_5y__M3__ridge__NLD,PRIMARY_DELETE,HLO_to_P,primary_5y,M3,ridge,NLD,-14.628871859547672,1.1051504105004115,,2010_2014
PRIMARY_DELETE__HLO_to_P__primary_5y__M3__ridge__NLD,PRIMARY_DELETE,HLO_to_P,primary_5y,M3,ridge,NLD,14.418568792799906,0.8984864291558556,,2015_2017
PRIMARY_DELETE__HLO_to_P__primary_5y__M3__ridge__NOR,PRIMARY_DELETE,HLO_to_P,primary_5y,M3,ridge,NOR,2.464573960599625,0.9684649036893321,,
PRIMARY_DELETE__HLO_to_P__primary_5y__M3__ridge__NOR,PRIMARY_DELETE,HLO_to_P,primary_5y,M3,ridge,NOR,2.466074619586037,0.9930710862314396,,2000_2004
PRIMARY_DELETE__HLO_to_P__primary_5y__M3__ridge__NOR,PRIMARY_DELETE,HLO_to_P,primary_5y,M3,ridge,NOR,-14.176675710753742,1.1673874914595563,,2005_2009
PRIMARY_DELETE__HLO_to_P__primary_5y__M3__ridge__NOR,PRIMARY_DELETE,HLO_to_P,primary_5y,M3,ridge,NOR,-22.72366864312322,1.1979994580320024,,2010_2014
PRIMARY_DELETE__HLO_to_P__primary_5y__M3__ridge__NOR,PRIMARY_DELETE,HLO_to_P,primary_5y,M3,ridge,NOR,18.69384472119225,0.8503591219598006,,2015_2017
PRIMARY_DELETE__HLO_to_P__primary_5y__M3__ridge__OMN,PRIMARY_DELETE,HLO_to_P,primary_5y,M3,ridge,OMN,5.732532778817804,0.932001859215509,,
PRIMARY_DELETE__HLO_to_P__primary_5y__M3__ridge__OMN,PRIMARY_DELETE,HLO_to_P,primary_5y,M3,ridge,OMN,-0.7046501653859919,1.0448008699500329,,2000_2004
PRIMARY_DELETE__HLO_to_P__primary_5y__M3__ridge__OMN,PRIMARY_DELETE,HLO_to_P,primary_5y,M3,ridge,OMN,-6.922125680034377,1.0832716347040656,,2005_2009
PRIMARY_DELETE__HLO_to_P__primary_5y__M3__ridge__OMN,PRIMARY_DELETE,HLO_to_P,primary_5y,M3,ridge,OMN,-22.44921607181922,1.1875802934372157,,2010_2014
PRIMARY_DELETE__HLO_to_P__primary_5y__M3__ridge__OMN,PRIMARY_DELETE,HLO_to_P,primary_5y,M3,ridge,OMN,16.374855635031683,0.8774471296075012,,2015_2017
PRIMARY_DELETE__HLO_to_P__primary_5y__M3__ridge__PER,PRIMARY_DELETE,HLO_to_P,primary_5y,M3,ridge,PER,0.7007498828955547,0.990066297283211,,
PRIMARY_DELETE__HLO_to_P__primary_5y__M3__ridge__PER,PRIMARY_DELETE,HLO_to_P,primary_5y,M3,ridge,PER,5.761459440598301,0.9747297394800741,,2000_2004
PRIMARY_DELETE__HLO_to_P__primary_5y__M3__ridge__PER,PRIMARY_DELETE,HLO_to_P,primary_5y,M3,ridge,PER,-15.540088383092224,1.1754635325232412,,2005_2009
PRIMARY_DELETE__HLO_to_P__primary_5y__M3__ridge__PER,PRIMARY_DELETE,HLO_to_P,primary_5y,M3,ridge,PER,-13.161607704865496,1.0998004949146472,,2010_2014
PRIMARY_DELETE__HLO_to_P__primary_5y__M3__ridge__PER,PRIMARY_DELETE,HLO_to_P,primary_5y,M3,ridge,PER,13.79494456304169,0.9093525079472581,,2015_2017
PRIMARY_DELETE__HLO_to_P__primary_5y__M3__ridge__PHL,PRIMARY_DELETE,HLO_to_P,primary_5y,M3,ridge,PHL,-0.8491133389962927,1.0059990366381129,,
PRIMARY_DELETE__HLO_to_P__primary_5y__M3__ridge__PHL,PRIMARY_DELETE,HLO_to_P,primary_5y,M3,ridge,PHL,-89.00237890449426,1.9803256303301566,,2000_2004
PRIMARY_DELETE__HLO_to_P__primary_5y__M3__ridge__PHL,PRIMARY_DELETE,HLO_to_P,primary_5y,M3,ridge,PHL,2.737606617507942,0.9776228608365877,,2005_2009
PRIMARY_DELETE__HLO_to_P__primary_5y__M3__ridge__PHL,PRIMARY_DELETE,HLO_to_P,primary_5y,M3,ridge,PHL,-11.795146042034782,1.085194945179964,,2010_2014
PRIMARY_DELETE__HLO_to_P__primary_5y__M3__ridge__PHL,PRIMARY_DELETE,HLO_to_P,primary_5y,M3,ridge,PHL,35.87920139362992,0.6725415118010823,,2015_2017
PRIMARY_DELETE__HLO_to_P__primary_5y__M3__ridge__POL,PRIMARY_DELETE,HLO_to_P,primary_5y,M3,ridge,POL,4.790566026713229,0.9431247875504493,,
PRIMARY_DELETE__HLO_to_P__primary_5y__M3__ridge__POL,PRIMARY_DELETE,HLO_to_P,primary_5y,M3,ridge,POL,-1.7815202157273258,1.0577340850700143,,2000_2004
PRIMARY_DELETE__HLO_to_P__primary_5y__M3__ridge__POL,PRIMARY_DELETE,HLO_to_P,primary_5y,M3,ridge,POL,-12.512968193211714,1.149448585302629,,2005_2009
PRIMARY_DELETE__HLO_to_P__primary_5y__M3__ridge__POL,PRIMARY_DELETE,HLO_to_P,primary_5y,M3,ridge,POL,-18.724658880463696,1.151747376956226,,2010_2014
PRIMARY_DELETE__HLO_to_P__primary_5y__M3__ridge__POL,PRIMARY_DELETE,HLO_to_P,primary_5y,M3,ridge,POL,30.81494144347741,0.7106899755528271,,2015_2017
PRIMARY_DELETE__HLO_to_P__primary_5y__M3__ridge__QAT,PRIMARY_DELETE,HLO_to_P,primary_5y,M3,ridge,QAT,5.507655853419502,0.9370699248854248,,
PRIMARY_DELETE__HLO_to_P__primary_5y__M3__ridge__QAT,PRIMARY_DELETE,HLO_to_P,primary_5y,M3,ridge,QAT,-2.759367999456041,1.0690635731591698,,2000_2004
PRIMARY_DELETE__HLO_to_P__primary_5y__M3__ridge__QAT,PRIMARY_DELETE,HLO_to_P,primary_5y,M3,ridge,QAT,-14.403939835668208,1.1643749102456618,,2005_2009
PRIMARY_DELETE__HLO_to_P__primary_5y__M3__ridge__QAT,PRIMARY_DELETE,HLO_to_P,primary_5y,M3,ridge,QAT,-6.327842738428948,1.02032637099029,,2010_2014
PRIMARY_DELETE__HLO_to_P__primary_5y__M3__ridge__QAT,PRIMARY_DELETE,HLO_to_P,primary_5y,M3,ridge,QAT,13.807092210112591,0.9057550052381976,,2015_2017
PRIMARY_DELETE__HLO_to_P__primary_5y__M3__ridge__RUS,PRIMARY_DELETE,HLO_to_P,primary_5y,M3,ridge,RUS,2.5431805744708855,0.9690078824977878,,
PRIMARY_DELETE__HLO_to_P__primary_5y__M3__ridge__RUS,PRIMARY_DELETE,HLO_to_P,primary_5y,M3,ridge,RUS,-1.7658817833848488,1.0566147898952887,,2000_2004
PRIMARY_DELETE__HLO_to_P__primary_5y__M3__ridge__RUS,PRIMARY_DELETE,HLO_to_P,primary_5y,M3,ridge,RUS,-8.626692417400532,1.1041773286915428,,2005_2009
PRIMARY_DELETE__HLO_to_P__primary_5y__M3__ridge__RUS,PRIMARY_DELETE,HLO_to_P,primary_5y,M3,ridge,RUS,-21.355828378645015,1.1836874035408143,,2010_2014
PRIMARY_DELETE__HLO_to_P__primary_5y__M3__ridge__RUS,PRIMARY_DELETE,HLO_to_P,primary_5y,M3,ridge,RUS,12.169008670716456,0.9287304611721983,,2015_2017
PRIMARY_DELETE__HLO_to_P__primary_5y__M3__ridge__SAU,PRIMARY_DELETE,HLO_to_P,primary_5y,M3,ridge,SAU,5.975244223304929,0.9285347961549021,,
PRIMARY_DELETE__HLO_to_P__primary_5y__M3__ridge__SAU,PRIMARY_DELETE,HLO_to_P,primary_5y,M3,ridge,SAU,2.170668967939171,1.003114588650884,,2000_2004
PRIMARY_DELETE__HLO_to_P__primary_5y__M3__ridge__SAU,PRIMARY_DELETE,HLO_to_P,primary_5y,M3,ridge,SAU,-6.936940286161748,1.0818196893349434,,2005_2009
PRIMARY_DELETE__HLO_to_P__primary_5y__M3__ridge__SAU,PRIMARY_DELETE,HLO_to_P,primary_5y,M3,ridge,SAU,-19.252384600542264,1.1591535820944194,,2010_2014
PRIMARY_DELETE__HLO_to_P__primary_5y__M3__ridge__SAU,PRIMARY_DELETE,HLO_to_P,primary_5y,M3,ridge,SAU,19.58674290639691,0.8466855591495026,,2015_2017
PRIMARY_DELETE__HLO_to_P__primary_5y__M3__ridge__SRB,PRIMARY_DELETE,HLO_to_P,primary_5y,M3,ridge,SRB,7.456974900526796,0.9153318659022918,,
PRIMARY_DELETE__HLO_to_P__primary_5y__M3__ridge__SRB,PRIMARY_DELETE,HLO_to_P,primary_5y,M3,ridge,SRB,-1.6479610070430786,1.054613777107103,,2000_2004
PRIMARY_DELETE__HLO_to_P__primary_5y__M3__ridge__SRB,PRIMARY_DELETE,HLO_to_P,primary_5y,M3,ridge,SRB,-8.824756034672133,1.105757273227159,,2005_2009
PRIMARY_DELETE__HLO_to_P__primary_5y__M3__ridge__SRB,PRIMARY_DELETE,HLO_to_P,primary_5y,M3,ridge,SRB,-5.852646373756412,1.010850363446595,,2010_2014
PRIMARY_DELETE__HLO_to_P__primary_5y__M3__ridge__SRB,PRIMARY_DELETE,HLO_to_P,primary_5y,M3,ridge,SRB,15.370241710782812,0.8880057760943584,,2015_2017
PRIMARY_DELETE__HLO_to_P__primary_5y__M3__ridge__SVN,PRIMARY_DELETE,HLO_to_P,primary_5y,M3,ridge,SVN,5.385850501884372,0.9356731692426966,,
PRIMARY_DELETE__HLO_to_P__primary_5y__M3__ridge__SVN,PRIMARY_DELETE,HLO_to_P,primary_5y,M3,ridge,SVN,-1.6438986119362837,1.0548664800302618,,2000_2004
PRIMARY_DELETE__HLO_to_P__primary_5y__M3__ridge__SVN,PRIMARY_DELETE,HLO_to_P,primary_5y,M3,ridge,SVN,-8.55146252694309,1.1018394474604638,,2005_2009
PRIMARY_DELETE__HLO_to_P__primary_5y__M3__ridge__SVN,PRIMARY_DELETE,HLO_to_P,primary_5y,M3,ridge,SVN,-18.754030418935457,1.1507118435794923,,2010_2014
PRIMARY_DELETE__HLO_to_P__primary_5y__M3__ridge__SVN,PRIMARY_DELETE,HLO_to_P,primary_5y,M3,ridge,SVN,14.99908699738211,0.8922694513971576,,2015_2017
PRIMARY_DELETE__HLO_to_P__primary_5y__M3__ridge__UKR,PRIMARY_DELETE,HLO_to_P,primary_5y,M3,ridge,UKR,4.778875113441513,0.9430425552596141,,
PRIMARY_DELETE__HLO_to_P__primary_5y__M3__ridge__UKR,PRIMARY_DELETE,HLO_to_P,primary_5y,M3,ridge,UKR,0.04092375432868108,1.0345738020300996,,2000_2004
PRIMARY_DELETE__HLO_to_P__primary_5y__M3__ridge__UKR,PRIMARY_DELETE,HLO_to_P,primary_5y,M3,ridge,UKR,-8.443699640174168,1.102156028368057,,2005_2009
PRIMARY_DELETE__HLO_to_P__primary_5y__M3__ridge__UKR,PRIMARY_DELETE,HLO_to_P,primary_5y,M3,ridge,UKR,-19.573927243836337,1.1598656794517186,,2010_2014
PRIMARY_DELETE__HLO_to_P__primary_5y__M3__ridge__UKR,PRIMARY_DELETE,HLO_to_P,primary_5y,M3,ridge,UKR,15.193566441781767,0.8906558320601544,,2015_2017
PRIMARY_DELETE__HLO_to_P__primary_5y__M3__ridge__USA,PRIMARY_DELETE,HLO_to_P,primary_5y,M3,ridge,USA,6.20094590359853,0.9266190364446226,,
PRIMARY_DELETE__HLO_to_P__primary_5y__M3__ridge__USA,PRIMARY_DELETE,HLO_to_P,primary_5y,M3,ridge,USA,-6.7388083129437435,1.1207512556471957,,2000_2004
PRIMARY_DELETE__HLO_to_P__primary_5y__M3__ridge__USA,PRIMARY_DELETE,HLO_to_P,primary_5y,M3,ridge,USA,-8.78636122540236,1.1049103870436268,,2005_2009
PRIMARY_DELETE__HLO_to_P__primary_5y__M3__ridge__USA,PRIMARY_DELETE,HLO_to_P,primary_5y,M3,ridge,USA,-12.837719853631183,1.0842679056654259,,2010_2014
PRIMARY_DELETE__HLO_to_P__primary_5y__M3__ridge__USA,PRIMARY_DELETE,HLO_to_P,primary_5y,M3,ridge,USA,15.768566868740274,0.8828579325945949,,2015_2017
PRIMARY_DELETE__HLO_to_P__primary_5y__M3__ridge__ZAF,PRIMARY_DELETE,HLO_to_P,primary_5y,M3,ridge,ZAF,9.422333202552345,0.8919162300610965,,
PRIMARY_DELETE__HLO_to_P__primary_5y__M3__ridge__ZAF,PRIMARY_DELETE,HLO_to_P,primary_5y,M3,ridge,ZAF,74.0666876179033,0.2527198199972056,,2000_2004
PRIMARY_DELETE__HLO_to_P__primary_5y__M3__ridge__ZAF,PRIMARY_DELETE,HLO_to_P,primary_5y,M3,ridge,ZAF,-8.206453126058907,1.092908625423107,,2005_2009
PRIMARY_DELETE__HLO_to_P__primary_5y__M3__ridge__ZAF,PRIMARY_DELETE,HLO_to_P,primary_5y,M3,ridge,ZAF,-35.32856200875171,1.3256182893405895,,2010_2014
PRIMARY_DELETE__HLO_to_P__primary_5y__M3__ridge__ZAF,PRIMARY_DELETE,HLO_to_P,primary_5y,M3,ridge,ZAF,11.43930454086898,0.9310016088954979,,2015_2017
PRIMARY__HLO_to_P__primary_5y__M0__reference__none,PRIMARY,HLO_to_P,primary_5y,M0,reference,,3419.200407237848,-37.00000000000043,,
PRIMARY__HLO_to_P__primary_5y__M0__reference__none,PRIMARY,HLO_to_P,primary_5y,M0,reference,,4359.530679244741,-47.467980145440066,,2000_2004
PRIMARY__HLO_to_P__primary_5y__M0__reference__none,PRIMARY,HLO_to_P,primary_5y,M0,reference,,3222.0391016524422,-34.81438093846962,,2005_2009
PRIMARY__HLO_to_P__primary_5y__M0__reference__none,PRIMARY,HLO_to_P,primary_5y,M0,reference,,3124.5696984900005,-33.73969730770984,,2010_2014
PRIMARY__HLO_to_P__primary_5y__M0__reference__none,PRIMARY,HLO_to_P,primary_5y,M0,reference,,2988.6731051786523,-32.16711149874918,,2015_2017
PRIMARY__HLO_to_P__primary_5y__M1__lasso__none,PRIMARY,HLO_to_P,primary_5y,M1,lasso,,0.6046822923448386,0.9923457134406227,,
PRIMARY__HLO_to_P__primary_5y__M1__lasso__none,PRIMARY,HLO_to_P,primary_5y,M1,lasso,,-3.094053450468314,1.0459172796796243,,2000_2004
PRIMARY__HLO_to_P__primary_5y__M1__lasso__none,PRIMARY,HLO_to_P,primary_5y,M1,lasso,,-15.755344045455953,1.1778986830883575,,2005_2009
PRIMARY__HLO_to_P__primary_5y__M1__lasso__none,PRIMARY,HLO_to_P,primary_5y,M1,lasso,,-23.76316240923796,1.22138722379648,,2010_2014
PRIMARY__HLO_to_P__primary_5y__M1__lasso__none,PRIMARY,HLO_to_P,primary_5y,M1,lasso,,25.312785927655682,0.789654500911671,,2015_2017
PRIMARY__HLO_to_P__primary_5y__M1__ols__none,PRIMARY,HLO_to_P,primary_5y,M1,ols,,3.2382629739838658,0.963913765021302,,
PRIMARY__HLO_to_P__primary_5y__M1__ols__none,PRIMARY,HLO_to_P,primary_5y,M1,ols,,-1.8450505897063894,1.0357663652698927,,2000_2004
PRIMARY__HLO_to_P__primary_5y__M1__ols__none,PRIMARY,HLO_to_P,primary_5y,M1,ols,,-12.20994686101431,1.1386905639932337,,2005_2009
PRIMARY__HLO_to_P__primary_5y__M1__ols__none,PRIMARY,HLO_to_P,primary_5y,M1,ols,,-16.461841168134573,1.141021096898262,,2010_2014
PRIMARY__HLO_to_P__primary_5y__M1__ols__none,PRIMARY,HLO_to_P,primary_5y,M1,ols,,25.725444507896018,0.7842764040909532,,2015_2017
PRIMARY__HLO_to_P__primary_5y__M1__ridge__none,PRIMARY,HLO_to_P,primary_5y,M1,ridge,,0.7091396081922029,0.9908007807876007,,
PRIMARY__HLO_to_P__primary_5y__M1__ridge__none,PRIMARY,HLO_to_P,primary_5y,M1,ridge,,-3.368959050527675,1.0480342596114252,,2000_2004
PRIMARY__HLO_to_P__primary_5y__M1__ridge__none,PRIMARY,HLO_to_P,primary_5y,M1,ridge,,-14.938020084448219,1.1687568550392022,,2005_2009
PRIMARY__HLO_to_P__primary_5y__M1__ridge__none,PRIMARY,HLO_to_P,primary_5y,M1,ridge,,-25.625872612259236,1.2407721835382077,,2010_2014
PRIMARY__HLO_to_P__primary_5y__M1__ridge__none,PRIMARY,HLO_to_P,primary_5y,M1,ridge,,24.91599594006976,0.7940438843357139,,2015_2017
PRIMARY__HLO_to_P__primary_5y__M2__lasso__none,PRIMARY,HLO_to_P,primary_5y,M2,lasso,,2.749260932506333,0.9673228707234729,,
PRIMARY__HLO_to_P__primary_5y__M2__lasso__none,PRIMARY,HLO_to_P,primary_5y,M2,lasso,,-17.75394815884256,1.2425727046807231,,2000_2004
PRIMARY__HLO_to_P__primary_5y__M2__lasso__none,PRIMARY,HLO_to_P,primary_5y,M2,lasso,,-11.337294659107709,1.1276954600144784,,2005_2009
PRIMARY__HLO_to_P__primary_5y__M2__lasso__none,PRIMARY,HLO_to_P,primary_5y,M2,lasso,,-6.419212602136279,1.023678225863401,,2010_2014
PRIMARY__HLO_to_P__primary_5y__M2__lasso__none,PRIMARY,HLO_to_P,primary_5y,M2,lasso,,21.377176977787652,0.8255076172523652,,2015_2017
PRIMARY__HLO_to_P__primary_5y__M2__ols__none,PRIMARY,HLO_to_P,primary_5y,M2,ols,,17.195126268122337,0.807150670041933,,
PRIMARY__HLO_to_P__primary_5y__M2__ols__none,PRIMARY,HLO_to_P,primary_5y,M2,ols,,-3.4388923121937034,1.0932849380525906,,2000_2004
PRIMARY__HLO_to_P__primary_5y__M2__ols__none,PRIMARY,HLO_to_P,primary_5y,M2,ols,,4.144572347385393,0.9586182784447277,,2005_2009
PRIMARY__HLO_to_P__primary_5y__M2__ols__none,PRIMARY,HLO_to_P,primary_5y,M2,ols,,9.40170242032804,0.8428646642883826,,2010_2014
PRIMARY__HLO_to_P__primary_5y__M2__ols__none,PRIMARY,HLO_to_P,primary_5y,M2,ols,,18.480945495211277,0.8455527967836745,,2015_2017
PRIMARY__HLO_to_P__primary_5y__M2__ridge__none,PRIMARY,HLO_to_P,primary_5y,M2,ridge,,3.225872214774459,0.9603392241442303,,
PRIMARY__HLO_to_P__primary_5y__M2__ridge__none,PRIMARY,HLO_to_P,primary_5y,M2,ridge,,3.140930908787014,1.0129414146934315,,2000_2004
PRIMARY__HLO_to_P__primary_5y__M2__ridge__none,PRIMARY,HLO_to_P,primary_5y,M2,ridge,,-9.297870813689581,1.1064508412941736,,2005_2009
PRIMARY__HLO_to_P__primary_5y__M2__ridge__none,PRIMARY,HLO_to_P,primary_5y,M2,ridge,,-23.901784670064227,1.2085106395744913,,2010_2014
PRIMARY__HLO_to_P__primary_5y__M2__ridge__none,PRIMARY,HLO_to_P,primary_5y,M2,ridge,,18.988856210686986,0.84562422651769,,2015_2017
PRIMARY__HLO_to_P__primary_5y__M3__lasso__none,PRIMARY,HLO_to_P,primary_5y,M3,lasso,,-9.49980602244723,1.1032487735356404,,
PRIMARY__HLO_to_P__primary_5y__M3__lasso__none,PRIMARY,HLO_to_P,primary_5y,M3,lasso,,-17.012079805815205,1.2066937265815947,,2000_2004
PRIMARY__HLO_to_P__primary_5y__M3__lasso__none,PRIMARY,HLO_to_P,primary_5y,M3,lasso,,-35.414009616684474,1.3960728607467152,,2005_2009
PRIMARY__HLO_to_P__primary_5y__M3__lasso__none,PRIMARY,HLO_to_P,primary_5y,M3,lasso,,-17.318754172150253,1.148064586827465,,2010_2014
PRIMARY__HLO_to_P__primary_5y__M3__lasso__none,PRIMARY,HLO_to_P,primary_5y,M3,lasso,,7.92939347870308,0.9763217039797165,,2015_2017
PRIMARY__HLO_to_P__primary_5y__M3__ols__none,PRIMARY,HLO_to_P,primary_5y,M3,ols,,16.166231904446118,0.8196493386508025,,
PRIMARY__HLO_to_P__primary_5y__M3__ols__none,PRIMARY,HLO_to_P,primary_5y,M3,ols,,-0.3440878842736395,1.0343467416564553,,2000_2004
PRIMARY__HLO_to_P__primary_5y__M3__ols__none,PRIMARY,HLO_to_P,primary_5y,M3,ols,,6.835555630726786,0.9393159074760261,,2005_2009
PRIMARY__HLO_to_P__primary_5y__M3__ols__none,PRIMARY,HLO_to_P,primary_5y,M3,ols,,8.995160442839424,0.8489796077545073,,2010_2014
PRIMARY__HLO_to_P__primary_5y__M3__ols__none,PRIMARY,HLO_to_P,primary_5y,M3,ols,,14.464179363839214,0.8972589524148734,,2015_2017
PRIMARY__HLO_to_P__primary_5y__M3__ridge__none,PRIMARY,HLO_to_P,primary_5y,M3,ridge,,4.846084456962985,0.9418694893546267,,
PRIMARY__HLO_to_P__primary_5y__M3__ridge__none,PRIMARY,HLO_to_P,primary_5y,M3,ridge,,-1.9303444464796544,1.0580999911674045,,2000_2004
PRIMARY__HLO_to_P__primary_5y__M3__ridge__none,PRIMARY,HLO_to_P,primary_5y,M3,ridge,,-7.837039731202455,1.0927535789598852,,2005_2009
PRIMARY__HLO_to_P__primary_5y__M3__ridge__none,PRIMARY,HLO_to_P,primary_5y,M3,ridge,,-18.948745247629866,1.1532270940653193,,2010_2014
PRIMARY__HLO_to_P__primary_5y__M3__ridge__none,PRIMARY,HLO_to_P,primary_5y,M3,ridge,,15.211920424450142,0.8897176388236583,,2015_2017
PRIMARY__P_to_HLO__primary_5y__M0__reference__none,PRIMARY,P_to_HLO,primary_5y,M0,reference,,17442.489126666933,-37.00000000000057,,
PRIMARY__P_to_HLO__primary_5y__M0__reference__none,PRIMARY,P_to_HLO,primary_5y,M0,reference,,19520.9288404464,-41.542100041890976,,2000_2004
PRIMARY__P_to_HLO__primary_5y__M0__reference__none,PRIMARY,P_to_HLO,primary_5y,M0,reference,,16887.56037139356,-35.79371324990278,,2005_2009
PRIMARY__P_to_HLO__primary_5y__M0__reference__none,PRIMARY,P_to_HLO,primary_5y,M0,reference,,16873.354016058067,-35.75478437386769,,2010_2014
PRIMARY__P_to_HLO__primary_5y__M0__reference__none,PRIMARY,P_to_HLO,primary_5y,M0,reference,,18383.408085802796,-39.051318140654345,,2015_2017
PRIMARY__P_to_HLO__primary_5y__M1__lasso__none,PRIMARY,P_to_HLO,primary_5y,M1,lasso,,8.841059187067852,0.9806398735920054,,
PRIMARY__P_to_HLO__primary_5y__M1__lasso__none,PRIMARY,P_to_HLO,primary_5y,M1,lasso,,58.74333697439536,0.8624863627158305,,2000_2004
PRIMARY__P_to_HLO__primary_5y__M1__lasso__none,PRIMARY,P_to_HLO,primary_5y,M1,lasso,,53.10699171132427,0.8855109861795585,,2005_2009
PRIMARY__P_to_HLO__primary_5y__M1__lasso__none,PRIMARY,P_to_HLO,primary_5y,M1,lasso,,-49.96419454093748,1.1540408883378572,,2010_2014
PRIMARY__P_to_HLO__primary_5y__M1__lasso__none,PRIMARY,P_to_HLO,primary_5y,M1,lasso,,-119.61808082078088,1.1912198598495054,,2015_2017
PRIMARY__P_to_HLO__primary_5y__M1__ols__none,PRIMARY,P_to_HLO,primary_5y,M1,ols,,10.016320778811897,0.978172628763407,,
PRIMARY__P_to_HLO__primary_5y__M1__ols__none,PRIMARY,P_to_HLO,primary_5y,M1,ols,,60.01524875671602,0.859866390689115,,2000_2004
PRIMARY__P_to_HLO__primary_5y__M1__ols__none,PRIMARY,P_to_HLO,primary_5y,M1,ols,,53.63096609479814,0.884382739536205,,2005_2009
PRIMARY__P_to_HLO__primary_5y__M1__ols__none,PRIMARY,P_to_HLO,primary_5y,M1,ols,,-48.30400808525286,1.1505017641419815,,2010_2014
PRIMARY__P_to_HLO__primary_5y__M1__ols__none,PRIMARY,P_to_HLO,primary_5y,M1,ols,,-118.89661699171623,1.1896468842366195,,2015_2017
PRIMARY__P_to_HLO__primary_5y__M1__ridge__none,PRIMARY,P_to_HLO,primary_5y,M1,ridge,,9.239545952409514,0.979747965577336,,
PRIMARY__P_to_HLO__primary_5y__M1__ridge__none,PRIMARY,P_to_HLO,primary_5y,M1,ridge,,59.46981296461395,0.8609471227129909,,2000_2004
PRIMARY__P_to_HLO__primary_5y__M1__ridge__none,PRIMARY,P_to_HLO,primary_5y,M1,ridge,,53.649291432649726,0.8843302509646475,,2005_2009
PRIMARY__P_to_HLO__primary_5y__M1__ridge__none,PRIMARY,P_to_HLO,primary_5y,M1,ridge,,-49.80384715581931,1.1536793620212422,,2010_2014
PRIMARY__P_to_HLO__primary_5y__M1__ridge__none,PRIMARY,P_to_HLO,primary_5y,M1,ridge,,-118.93926447377771,1.1897468724273061,,2015_2017
PRIMARY__P_to_HLO__primary_5y__M2__lasso__none,PRIMARY,P_to_HLO,primary_5y,M2,lasso,,-40.947146296828194,1.0880832848755477,,
PRIMARY__P_to_HLO__primary_5y__M2__lasso__none,PRIMARY,P_to_HLO,primary_5y,M2,lasso,,-120.50407547125548,1.3162200183860313,,2000_2004
PRIMARY__P_to_HLO__primary_5y__M2__lasso__none,PRIMARY,P_to_HLO,primary_5y,M2,lasso,,-147.8882380587254,1.2912654748491303,,2005_2009
PRIMARY__P_to_HLO__primary_5y__M2__lasso__none,PRIMARY,P_to_HLO,primary_5y,M2,lasso,,-11.67442228310135,1.018247598026628,,2010_2014
PRIMARY__P_to_HLO__primary_5y__M2__lasso__none,PRIMARY,P_to_HLO,primary_5y,M2,lasso,,-204.05924977411263,1.419057455656024,,2015_2017
PRIMARY__P_to_HLO__primary_5y__M2__ols__none,PRIMARY,P_to_HLO,primary_5y,M2,ols,,32.58439445384255,0.9267569739829218,,
PRIMARY__P_to_HLO__primary_5y__M2__ols__none,PRIMARY,P_to_HLO,primary_5y,M2,ols,,-66.03253648850391,1.202521949848492,,2000_2004
PRIMARY__P_to_HLO__primary_5y__M2__ols__none,PRIMARY,P_to_HLO,primary_5y,M2,ols,,-27.710171446457622,1.0358520697696387,,2005_2009
PRIMARY__P_to_HLO__primary_5y__M2__ols__none,PRIMARY,P_to_HLO,primary_5y,M2,ols,,56.04900224252219,0.8688077379239159,,2010_2014
PRIMARY__P_to_HLO__primary_5y__M2__ols__none,PRIMARY,P_to_HLO,primary_5y,M2,ols,,-172.47837139545828,1.3344949806173354,,2015_2017
PRIMARY__P_to_HLO__primary_5y__M2__ridge__none,PRIMARY,P_to_HLO,primary_5y,M2,ridge,,-13.751910806748096,1.0283063785210718,,
PRIMARY__P_to_HLO__primary_5y__M2__ridge__none,PRIMARY,P_to_HLO,primary_5y,M2,ridge,,-130.95246427223455,1.3445779799137192,,2000_2004
PRIMARY__P_to_HLO__primary_5y__M2__ridge__none,PRIMARY,P_to_HLO,primary_5y,M2,ridge,,-25.741186726379976,1.0395900801218534,,2005_2009
PRIMARY__P_to_HLO__primary_5y__M2__ridge__none,PRIMARY,P_to_HLO,primary_5y,M2,ridge,,8.074561677658075,0.9748443308634392,,2010_2014
PRIMARY__P_to_HLO__primary_5y__M2__ridge__none,PRIMARY,P_to_HLO,primary_5y,M2,ridge,,-192.88572590414745,1.3836380111117708,,2015_2017
PRIMARY__P_to_HLO__primary_5y__M3__lasso__none,PRIMARY,P_to_HLO,primary_5y,M3,lasso,,-38.45665517829242,1.0842259977373956,,
PRIMARY__P_to_HLO__primary_5y__M3__lasso__none,PRIMARY,P_to_HLO,primary_5y,M3,lasso,,-169.40645975959325,1.4043342112410357,,2000_2004
PRIMARY__P_to_HLO__primary_5y__M3__lasso__none,PRIMARY,P_to_HLO,primary_5y,M3,lasso,,-131.14033950375784,1.2559644451498913,,2005_2009
PRIMARY__P_to_HLO__primary_5y__M3__lasso__none,PRIMARY,P_to_HLO,primary_5y,M3,lasso,,11.409008548063953,0.9839539466848326,,2010_2014
PRIMARY__P_to_HLO__primary_5y__M3__lasso__none,PRIMARY,P_to_HLO,primary_5y,M3,lasso,,-206.87363895145347,1.405912295324449,,2015_2017
PRIMARY__P_to_HLO__primary_5y__M3__ols__none,PRIMARY,P_to_HLO,primary_5y,M3,ols,,31.705652628017607,0.929722046674253,,
PRIMARY__P_to_HLO__primary_5y__M3__ols__none,PRIMARY,P_to_HLO,primary_5y,M3,ols,,-122.381852247254,1.3058316127449403,,2000_2004
PRIMARY__P_to_HLO__primary_5y__M3__ols__none,PRIMARY,P_to_HLO,primary_5y,M3,ols,,-28.453628604097776,1.0353533062437266,,2005_2009
PRIMARY__P_to_HLO__primary_5y__M3__ols__none,PRIMARY,P_to_HLO,primary_5y,M3,ols,,75.75042873293276,0.841883960053037,,2010_2014
PRIMARY__P_to_HLO__primary_5y__M3__ols__none,PRIMARY,P_to_HLO,primary_5y,M3,ols,,-143.7665115328874,1.2572846755150235,,2015_2017
PRIMARY__P_to_HLO__primary_5y__M3__ridge__none,PRIMARY,P_to_HLO,primary_5y,M3,ridge,,-10.595771285418696,1.0219003264051796,,
PRIMARY__P_to_HLO__primary_5y__M3__ridge__none,PRIMARY,P_to_HLO,primary_5y,M3,ridge,,-149.49168818758255,1.3647928125736215,,2000_2004
PRIMARY__P_to_HLO__primary_5y__M3__ridge__none,PRIMARY,P_to_HLO,primary_5y,M3,ridge,,-10.90407963625847,1.0069269202466598,,2005_2009
PRIMARY__P_to_HLO__primary_5y__M3__ridge__none,PRIMARY,P_to_HLO,primary_5y,M3,ridge,,27.48146384056344,0.9475845947223158,,2010_2014
PRIMARY__P_to_HLO__primary_5y__M3__ridge__none,PRIMARY,P_to_HLO,primary_5y,M3,ridge,,-195.0235977770176,1.3671998684350994,,2015_2017
S10__HLO_to_P__alternative_10y__M0__reference__none,S10,HLO_to_P,alternative_10y,M0,reference,,3235.972201794235,-34.999999999999424,,
S10__HLO_to_P__alternative_10y__M0__reference__none,S10,HLO_to_P,alternative_10y,M0,reference,,4027.9071263665314,-43.82586427268223,,2000_2004
S10__HLO_to_P__alternative_10y__M0__reference__none,S10,HLO_to_P,alternative_10y,M0,reference,,3026.441851871933,-32.67549489044596,,2005_2009
S10__HLO_to_P__alternative_10y__M0__reference__none,S10,HLO_to_P,alternative_10y,M0,reference,,3138.1232838032392,-33.92777655439176,,2010_2014
S10__HLO_to_P__alternative_10y__M0__reference__none,S10,HLO_to_P,alternative_10y,M0,reference,,2822.5782957469532,-30.352875031647194,,2015_2017
S10__HLO_to_P__alternative_10y__M1__ridge__none,S10,HLO_to_P,alternative_10y,M1,ridge,,2.905668375408699,0.9678859765092465,,
S10__HLO_to_P__alternative_10y__M1__ridge__none,S10,HLO_to_P,alternative_10y,M1,ridge,,81.71515016246714,0.16978321333272198,,2000_2004
S10__HLO_to_P__alternative_10y__M1__ridge__none,S10,HLO_to_P,alternative_10y,M1,ridge,,-17.76724289077384,1.1959082893235151,,2005_2009
S10__HLO_to_P__alternative_10y__M1__ridge__none,S10,HLO_to_P,alternative_10y,M1,ridge,,-21.713816801274728,1.1977192577564264,,2010_2014
S10__HLO_to_P__alternative_10y__M1__ridge__none,S10,HLO_to_P,alternative_10y,M1,ridge,,22.32071874354607,0.8215806063998781,,2015_2017
S10__HLO_to_P__alternative_10y__M2__ridge__none,S10,HLO_to_P,alternative_10y,M2,ridge,,6.967123081108471,0.9228397214471147,,
S10__HLO_to_P__alternative_10y__M2__ridge__none,S10,HLO_to_P,alternative_10y,M2,ridge,,61.12914552966638,0.4097814121626002,,2000_2004
S10__HLO_to_P__alternative_10y__M2__ridge__none,S10,HLO_to_P,alternative_10y,M2,ridge,,-38.66805619732327,1.4478387996658608,,2005_2009
S10__HLO_to_P__alternative_10y__M2__ridge__none,S10,HLO_to_P,alternative_10y,M2,ridge,,-1.4368117382197025,0.9632882618501551,,2010_2014
S10__HLO_to_P__alternative_10y__M2__ridge__none,S10,HLO_to_P,alternative_10y,M2,ridge,,5.7579931095464945,0.9811472648226132,,2015_2017
S10__HLO_to_P__alternative_10y__M3__ridge__none,S10,HLO_to_P,alternative_10y,M3,ridge,,7.249025415725569,0.9206158080808169,,
S10__HLO_to_P__alternative_10y__M3__ridge__none,S10,HLO_to_P,alternative_10y,M3,ridge,,72.99829403362867,0.27142236882804294,,2000_2004
S10__HLO_to_P__alternative_10y__M3__ridge__none,S10,HLO_to_P,alternative_10y,M3,ridge,,-34.34568275287879,1.399999090185092,,2005_2009
S10__HLO_to_P__alternative_10y__M3__ridge__none,S10,HLO_to_P,alternative_10y,M3,ridge,,-2.1351680050769386,0.9725377789172999,,2010_2014
S10__HLO_to_P__alternative_10y__M3__ridge__none,S10,HLO_to_P,alternative_10y,M3,ridge,,13.257481059029155,0.907570658023417,,2015_2017
S10__HLO_to_P__primary_5y_matched__M0__reference__none,S10,HLO_to_P,primary_5y_matched,M0,reference,,3235.972201794235,-34.999999999999424,,
S10__HLO_to_P__primary_5y_matched__M0__reference__none,S10,HLO_to_P,primary_5y_matched,M0,reference,,4027.9071263665314,-43.82586427268223,,2000_2004
S10__HLO_to_P__primary_5y_matched__M0__reference__none,S10,HLO_to_P,primary_5y_matched,M0,reference,,3026.441851871933,-32.67549489044596,,2005_2009
S10__HLO_to_P__primary_5y_matched__M0__reference__none,S10,HLO_to_P,primary_5y_matched,M0,reference,,3138.1232838032392,-33.92777655439176,,2010_2014
S10__HLO_to_P__primary_5y_matched__M0__reference__none,S10,HLO_to_P,primary_5y_matched,M0,reference,,2822.5782957469532,-30.352875031647194,,2015_2017
S10__HLO_to_P__primary_5y_matched__M1__ridge__none,S10,HLO_to_P,primary_5y_matched,M1,ridge,,2.905668375408699,0.9678859765092465,,
S10__HLO_to_P__primary_5y_matched__M1__ridge__none,S10,HLO_to_P,primary_5y_matched,M1,ridge,,81.71515016246714,0.16978321333272198,,2000_2004
S10__HLO_to_P__primary_5y_matched__M1__ridge__none,S10,HLO_to_P,primary_5y_matched,M1,ridge,,-17.76724289077384,1.1959082893235151,,2005_2009
S10__HLO_to_P__primary_5y_matched__M1__ridge__none,S10,HLO_to_P,primary_5y_matched,M1,ridge,,-21.713816801274728,1.1977192577564264,,2010_2014
S10__HLO_to_P__primary_5y_matched__M1__ridge__none,S10,HLO_to_P,primary_5y_matched,M1,ridge,,22.32071874354607,0.8215806063998781,,2015_2017
S10__HLO_to_P__primary_5y_matched__M2__ridge__none,S10,HLO_to_P,primary_5y_matched,M2,ridge,,7.961278625522019,0.9103996810015366,,
S10__HLO_to_P__primary_5y_matched__M2__ridge__none,S10,HLO_to_P,primary_5y_matched,M2,ridge,,64.4493657768009,0.3737556214967133,,2000_2004
S10__HLO_to_P__primary_5y_matched__M2__ridge__none,S10,HLO_to_P,primary_5y_matched,M2,ridge,,-11.602234763754339,1.128980828675634,,2005_2009
S10__HLO_to_P__primary_5y_matched__M2__ridge__none,S10,HLO_to_P,primary_5y_matched,M2,ridge,,-13.588744445582094,1.098191802282218,,2010_2014
S10__HLO_to_P__primary_5y_matched__M2__ridge__none,S10,HLO_to_P,primary_5y_matched,M2,ridge,,18.340454699068015,0.8531949134824622,,2015_2017
S10__HLO_to_P__primary_5y_matched__M3__ridge__none,S10,HLO_to_P,primary_5y_matched,M3,ridge,,7.8573290171544885,0.9123247267661215,,
S10__HLO_to_P__primary_5y_matched__M3__ridge__none,S10,HLO_to_P,primary_5y_matched,M3,ridge,,69.5085408087549,0.3121126104194063,,2000_2004
S10__HLO_to_P__primary_5y_matched__M3__ridge__none,S10,HLO_to_P,primary_5y_matched,M3,ridge,,-12.176617773205097,1.137080451319952,,2005_2009
S10__HLO_to_P__primary_5y_matched__M3__ridge__none,S10,HLO_to_P,primary_5y_matched,M3,ridge,,-13.606497694719604,1.0984553714252243,,2010_2014
S10__HLO_to_P__primary_5y_matched__M3__ridge__none,S10,HLO_to_P,primary_5y_matched,M3,ridge,,8.046155440390931,0.9705957100757768,,2015_2017
S10__P_to_HLO__alternative_10y__M0__reference__none,S10,P_to_HLO,alternative_10y,M0,reference,,16450.618364999864,-34.99999999999971,,
S10__P_to_HLO__alternative_10y__M0__reference__none,S10,P_to_HLO,alternative_10y,M0,reference,,16585.90993309618,-35.296109857731444,,2000_2004
S10__P_to_HLO__alternative_10y__M0__reference__none,S10,P_to_HLO,alternative_10y,M0,reference,,15793.902079141437,-33.565657766370215,,2005_2009
S10__P_to_HLO__alternative_10y__M0__reference__none,S10,P_to_HLO,alternative_10y,M0,reference,,16461.181829733923,-35.02150482695968,,2010_2014
S10__P_to_HLO__alternative_10y__M0__reference__none,S10,P_to_HLO,alternative_10y,M0,reference,,17331.679929872844,-36.929829513941876,,2015_2017
S10__P_to_HLO__alternative_10y__M1__ridge__none,S10,P_to_HLO,alternative_10y,M1,ridge,,6.1581025809921766,0.9863587199951263,,
S10__P_to_HLO__alternative_10y__M1__ridge__none,S10,P_to_HLO,alternative_10y,M1,ridge,,298.70558913547114,0.37322569594865623,,2000_2004
S10__P_to_HLO__alternative_10y__M1__ridge__none,S10,P_to_HLO,alternative_10y,M1,ridge,,67.63634414450631,0.8551307524100017,,2005_2009
S10__P_to_HLO__alternative_10y__M1__ridge__none,S10,P_to_HLO,alternative_10y,M1,ridge,,-62.47467614711129,1.185758851612074,,2010_2014
S10__P_to_HLO__alternative_10y__M1__ridge__none,S10,P_to_HLO,alternative_10y,M1,ridge,,-133.34964823383586,1.225109166100047,,2015_2017
S10__P_to_HLO__alternative_10y__M2__ridge__none,S10,P_to_HLO,alternative_10y,M2,ridge,,-2.0864804687253105,1.0020668472759708,,
S10__P_to_HLO__alternative_10y__M2__ridge__none,S10,P_to_HLO,alternative_10y,M2,ridge,,-31.89636188931339,1.1521646689320133,,2000_2004
S10__P_to_HLO__alternative_10y__M2__ridge__none,S10,P_to_HLO,alternative_10y,M2,ridge,,-31.091070401205727,1.0610753811817644,,2005_2009
S10__P_to_HLO__alternative_10y__M2__ridge__none,S10,P_to_HLO,alternative_10y,M2,ridge,,22.723222116675874,0.9403056622991064,,2010_2014
S10__P_to_HLO__alternative_10y__M2__ridge__none,S10,P_to_HLO,alternative_10y,M2,ridge,,-191.58091645134166,1.366402340426275,,2015_2017
S10__P_to_HLO__alternative_10y__M3__ridge__none,S10,P_to_HLO,alternative_10y,M3,ridge,,-3.3736094560182295,1.005925019092424,,
S10__P_to_HLO__alternative_10y__M3__ridge__none,S10,P_to_HLO,alternative_10y,M3,ridge,,-51.397643394887325,1.1620581323939994,,2000_2004
S10__P_to_HLO__alternative_10y__M3__ridge__none,S10,P_to_HLO,alternative_10y,M3,ridge,,-15.538434784373933,1.0244281918201967,,2005_2009
S10__P_to_HLO__alternative_10y__M3__ridge__none,S10,P_to_HLO,alternative_10y,M3,ridge,,26.060293368140623,0.9491132916310164,,2010_2014
S10__P_to_HLO__alternative_10y__M3__ridge__none,S10,P_to_HLO,alternative_10y,M3,ridge,,-171.52098962479877,1.3059170358137424,,2015_2017
S10__P_to_HLO__primary_5y_matched__M0__reference__none,S10,P_to_HLO,primary_5y_matched,M0,reference,,16450.618364999864,-34.99999999999971,,
S10__P_to_HLO__primary_5y_matched__M0__reference__none,S10,P_to_HLO,primary_5y_matched,M0,reference,,16585.90993309618,-35.296109857731444,,2000_2004
S10__P_to_HLO__primary_5y_matched__M0__reference__none,S10,P_to_HLO,primary_5y_matched,M0,reference,,15793.902079141437,-33.565657766370215,,2005_2009
S10__P_to_HLO__primary_5y_matched__M0__reference__none,S10,P_to_HLO,primary_5y_matched,M0,reference,,16461.181829733923,-35.02150482695968,,2010_2014
S10__P_to_HLO__primary_5y_matched__M0__reference__none,S10,P_to_HLO,primary_5y_matched,M0,reference,,17331.679929872844,-36.929829513941876,,2015_2017
S10__P_to_HLO__primary_5y_matched__M1__ridge__none,S10,P_to_HLO,primary_5y_matched,M1,ridge,,6.1581025809921766,0.9863587199951263,,
S10__P_to_HLO__primary_5y_matched__M1__ridge__none,S10,P_to_HLO,primary_5y_matched,M1,ridge,,298.70558913547114,0.37322569594865623,,2000_2004
S10__P_to_HLO__primary_5y_matched__M1__ridge__none,S10,P_to_HLO,primary_5y_matched,M1,ridge,,67.63634414450631,0.8551307524100017,,2005_2009
S10__P_to_HLO__primary_5y_matched__M1__ridge__none,S10,P_to_HLO,primary_5y_matched,M1,ridge,,-62.47467614711129,1.185758851612074,,2010_2014
S10__P_to_HLO__primary_5y_matched__M1__ridge__none,S10,P_to_HLO,primary_5y_matched,M1,ridge,,-133.34964823383586,1.225109166100047,,2015_2017
S10__P_to_HLO__primary_5y_matched__M2__ridge__none,S10,P_to_HLO,primary_5y_matched,M2,ridge,,-15.355701717366468,1.0308630221422401,,
S10__P_to_HLO__primary_5y_matched__M2__ridge__none,S10,P_to_HLO,primary_5y_matched,M2,ridge,,-26.948402506890847,1.148913087752235,,2000_2004
S10__P_to_HLO__primary_5y_matched__M2__ridge__none,S10,P_to_HLO,primary_5y_matched,M2,ridge,,-24.346247867192567,1.0379919336440326,,2005_2009
S10__P_to_HLO__primary_5y_matched__M2__ridge__none,S10,P_to_HLO,primary_5y_matched,M2,ridge,,-4.333363836957664,1.000511796581392,,2010_2014
S10__P_to_HLO__primary_5y_matched__M2__ridge__none,S10,P_to_HLO,primary_5y_matched,M2,ridge,,-185.94858474689164,1.3611295572638815,,2015_2017
S10__P_to_HLO__primary_5y_matched__M3__ridge__none,S10,P_to_HLO,primary_5y_matched,M3,ridge,,-12.957888225982217,1.027370516547733,,
S10__P_to_HLO__primary_5y_matched__M3__ridge__none,S10,P_to_HLO,primary_5y_matched,M3,ridge,,-66.24070253185914,1.2034933850398042,,2000_2004
S10__P_to_HLO__primary_5y_matched__M3__ridge__none,S10,P_to_HLO,primary_5y_matched,M3,ridge,,-9.866670760304178,1.009247293168878,,2005_2009
S10__P_to_HLO__primary_5y_matched__M3__ridge__none,S10,P_to_HLO,primary_5y_matched,M3,ridge,,15.79057881482272,0.9721610060590911,,2010_2014
S10__P_to_HLO__primary_5y_matched__M3__ridge__none,S10,P_to_HLO,primary_5y_matched,M3,ridge,,-209.8046409393481,1.399540687614508,,2015_2017
S12__HLO_to_P__alternative_12y__M0__reference__none,S12,HLO_to_P,alternative_12y,M0,reference,,2961.452050285811,-31.999999999999787,,
S12__HLO_to_P__alternative_12y__M0__reference__none,S12,HLO_to_P,alternative_12y,M0,reference,,3976.347955129904,-43.32202145674038,,2000_2004
S12__HLO_to_P__alternative_12y__M0__reference__none,S12,HLO_to_P,alternative_12y,M0,reference,,2738.559393307532,-29.52571647350744,,2005_2009
S12__HLO_to_P__alternative_12y__M0__reference__none,S12,HLO_to_P,alternative_12y,M0,reference,,2864.9973205630495,-30.93668811579483,,2010_2014
S12__HLO_to_P__alternative_12y__M0__reference__none,S12,HLO_to_P,alternative_12y,M0,reference,,2688.163650570389,-28.91711388008662,,2015_2017
S12__HLO_to_P__alternative_12y__M1__ridge__none,S12,HLO_to_P,alternative_12y,M1,ridge,,1.8078487532404148,0.979971846420677,,
S12__HLO_to_P__alternative_12y__M1__ridge__none,S12,HLO_to_P,alternative_12y,M1,ridge,,46.47151317097928,0.597633277724687,,2000_2004
S12__HLO_to_P__alternative_12y__M1__ridge__none,S12,HLO_to_P,alternative_12y,M1,ridge,,-10.963711908401008,1.117620844213118,,2005_2009
S12__HLO_to_P__alternative_12y__M1__ridge__none,S12,HLO_to_P,alternative_12y,M1,ridge,,-13.050239028323151,1.0983560712880998,,2010_2014
S12__HLO_to_P__alternative_12y__M1__ridge__none,S12,HLO_to_P,alternative_12y,M1,ridge,,21.262470750991483,0.825094808667004,,2015_2017
S12__HLO_to_P__alternative_12y__M2__ridge__none,S12,HLO_to_P,alternative_12y,M2,ridge,,6.884160591865018,0.9249174965521277,,
S12__HLO_to_P__alternative_12y__M2__ridge__none,S12,HLO_to_P,alternative_12y,M2,ridge,,30.488202881555672,0.7974073485575532,,2000_2004
S12__HLO_to_P__alternative_12y__M2__ridge__none,S12,HLO_to_P,alternative_12y,M2,ridge,,-38.417838807067334,1.4502735297965728,,2005_2009
S12__HLO_to_P__alternative_12y__M2__ridge__none,S12,HLO_to_P,alternative_12y,M2,ridge,,4.616475856917539,0.90333713534777,,2010_2014
S12__HLO_to_P__alternative_12y__M2__ridge__none,S12,HLO_to_P,alternative_12y,M2,ridge,,19.69796582643242,0.8204177043446348,,2015_2017
S12__HLO_to_P__alternative_12y__M3__ridge__none,S12,HLO_to_P,alternative_12y,M3,ridge,,6.103687823323628,0.932927545163152,,
S12__HLO_to_P__alternative_12y__M3__ridge__none,S12,HLO_to_P,alternative_12y,M3,ridge,,38.28439672937229,0.6990632118435766,,2000_2004
S12__HLO_to_P__alternative_12y__M3__ridge__none,S12,HLO_to_P,alternative_12y,M3,ridge,,-32.302416041086076,1.3811502686569246,,2005_2009
S12__HLO_to_P__alternative_12y__M3__ridge__none,S12,HLO_to_P,alternative_12y,M3,ridge,,4.56438383442908,0.9023788010805948,,2010_2014
S12__HLO_to_P__alternative_12y__M3__ridge__none,S12,HLO_to_P,alternative_12y,M3,ridge,,18.068678354471512,0.8406821539125394,,2015_2017
S12__HLO_to_P__primary_5y_matched__M0__reference__none,S12,HLO_to_P,primary_5y_matched,M0,reference,,2961.452050285811,-31.999999999999787,,
S12__HLO_to_P__primary_5y_matched__M0__reference__none,S12,HLO_to_P,primary_5y_matched,M0,reference,,3976.347955129904,-43.32202145674038,,2000_2004
S12__HLO_to_P__primary_5y_matched__M0__reference__none,S12,HLO_to_P,primary_5y_matched,M0,reference,,2738.559393307532,-29.52571647350744,,2005_2009
S12__HLO_to_P__primary_5y_matched__M0__reference__none,S12,HLO_to_P,primary_5y_matched,M0,reference,,2864.9973205630495,-30.93668811579483,,2010_2014
S12__HLO_to_P__primary_5y_matched__M0__reference__none,S12,HLO_to_P,primary_5y_matched,M0,reference,,2688.163650570389,-28.91711388008662,,2015_2017
S12__HLO_to_P__primary_5y_matched__M1__ridge__none,S12,HLO_to_P,primary_5y_matched,M1,ridge,,1.8078487532404148,0.979971846420677,,
S12__HLO_to_P__primary_5y_matched__M1__ridge__none,S12,HLO_to_P,primary_5y_matched,M1,ridge,,46.47151317097928,0.597633277724687,,2000_2004
S12__HLO_to_P__primary_5y_matched__M1__ridge__none,S12,HLO_to_P,primary_5y_matched,M1,ridge,,-10.963711908401008,1.117620844213118,,2005_2009
S12__HLO_to_P__primary_5y_matched__M1__ridge__none,S12,HLO_to_P,primary_5y_matched,M1,ridge,,-13.050239028323151,1.0983560712880998,,2010_2014
S12__HLO_to_P__primary_5y_matched__M1__ridge__none,S12,HLO_to_P,primary_5y_matched,M1,ridge,,21.262470750991483,0.825094808667004,,2015_2017
S12__HLO_to_P__primary_5y_matched__M2__ridge__none,S12,HLO_to_P,primary_5y_matched,M2,ridge,,5.7413579325385635,0.931447453167454,,
S12__HLO_to_P__primary_5y_matched__M2__ridge__none,S12,HLO_to_P,primary_5y_matched,M2,ridge,,44.59120867085957,0.6427409458997603,,2000_2004
S12__HLO_to_P__primary_5y_matched__M2__ridge__none,S12,HLO_to_P,primary_5y_matched,M2,ridge,,-3.6497277675092485,1.0374089893509304,,2005_2009
S12__HLO_to_P__primary_5y_matched__M2__ridge__none,S12,HLO_to_P,primary_5y_matched,M2,ridge,,-21.444686400047384,1.1770154700839393,,2010_2014
S12__HLO_to_P__primary_5y_matched__M2__ridge__none,S12,HLO_to_P,primary_5y_matched,M2,ridge,,10.775891236379694,0.9376081518105078,,2015_2017
S12__HLO_to_P__primary_5y_matched__M3__ridge__none,S12,HLO_to_P,primary_5y_matched,M3,ridge,,3.618905978202587,0.9539246365352181,,
S12__HLO_to_P__primary_5y_matched__M3__ridge__none,S12,HLO_to_P,primary_5y_matched,M3,ridge,,48.2870191876005,0.59298983452109,,2000_2004
S12__HLO_to_P__primary_5y_matched__M3__ridge__none,S12,HLO_to_P,primary_5y_matched,M3,ridge,,-4.116430036782256,1.0444020158940015,,2005_2009
S12__HLO_to_P__primary_5y_matched__M3__ridge__none,S12,HLO_to_P,primary_5y_matched,M3,ridge,,-23.769858557171403,1.2000378932887747,,2010_2014
S12__HLO_to_P__primary_5y_matched__M3__ridge__none,S12,HLO_to_P,primary_5y_matched,M3,ridge,,-0.5246650187505427,1.0595206033172124,,2015_2017
S12__P_to_HLO__alternative_12y__M0__reference__none,S12,P_to_HLO,alternative_12y,M0,reference,,14977.65553999996,-31.999999999999908,,
S12__P_to_HLO__alternative_12y__M0__reference__none,S12,P_to_HLO,alternative_12y,M0,reference,,14888.926659834224,-31.806257687023457,,2000_2004
S12__P_to_HLO__alternative_12y__M0__reference__none,S12,P_to_HLO,alternative_12y,M0,reference,,14440.239587786411,-30.81811625001903,,2005_2009
S12__P_to_HLO__alternative_12y__M0__reference__none,S12,P_to_HLO,alternative_12y,M0,reference,,15050.90017049633,-32.16142302027792,,2010_2014
S12__P_to_HLO__alternative_12y__M0__reference__none,S12,P_to_HLO,alternative_12y,M0,reference,,15498.57435463366,-33.14503444215171,,2015_2017
S12__P_to_HLO__alternative_12y__M1__ridge__none,S12,P_to_HLO,alternative_12y,M1,ridge,,10.175016645458511,0.9777075745186712,,
S12__P_to_HLO__alternative_12y__M1__ridge__none,S12,P_to_HLO,alternative_12y,M1,ridge,,-469.23529798971197,1.8130127091749542,,2000_2004
S12__P_to_HLO__alternative_12y__M1__ridge__none,S12,P_to_HLO,alternative_12y,M1,ridge,,63.77434672438893,0.868974881100731,,2005_2009
S12__P_to_HLO__alternative_12y__M1__ridge__none,S12,P_to_HLO,alternative_12y,M1,ridge,,-57.20302687225404,1.1749588918395841,,2010_2014
S12__P_to_HLO__alternative_12y__M1__ridge__none,S12,P_to_HLO,alternative_12y,M1,ridge,,-85.28124187982608,1.151410484497082,,2015_2017
S12__P_to_HLO__alternative_12y__M2__ridge__none,S12,P_to_HLO,alternative_12y,M2,ridge,,-4.776007557032317,1.0096960368639523,,
S12__P_to_HLO__alternative_12y__M2__ridge__none,S12,P_to_HLO,alternative_12y,M2,ridge,,14.43412256668996,1.0038040281684173,,2000_2004
S12__P_to_HLO__alternative_12y__M2__ridge__none,S12,P_to_HLO,alternative_12y,M2,ridge,,-56.059168714336664,1.119181159106321,,2005_2009
S12__P_to_HLO__alternative_12y__M2__ridge__none,S12,P_to_HLO,alternative_12y,M2,ridge,,4.685216367134107,0.9919420364140683,,2010_2014
S12__P_to_HLO__alternative_12y__M2__ridge__none,S12,P_to_HLO,alternative_12y,M2,ridge,,-119.77729336513625,1.2170426010010744,,2015_2017
S12__P_to_HLO__alternative_12y__M3__ridge__none,S12,P_to_HLO,alternative_12y,M3,ridge,,3.1810740678758,0.9945553593730934,,
S12__P_to_HLO__alternative_12y__M3__ridge__none,S12,P_to_HLO,alternative_12y,M3,ridge,,6.50658769857294,0.9917711344541849,,2000_2004
S12__P_to_HLO__alternative_12y__M3__ridge__none,S12,P_to_HLO,alternative_12y,M3,ridge,,-31.417937007253098,1.0670145512840639,,2005_2009
S12__P_to_HLO__alternative_12y__M3__ridge__none,S12,P_to_HLO,alternative_12y,M3,ridge,,8.50849480603388,0.9987828890843635,,2010_2014
S12__P_to_HLO__alternative_12y__M3__ridge__none,S12,P_to_HLO,alternative_12y,M3,ridge,,-142.70911038116964,1.2611405187515554,,2015_2017
S12__P_to_HLO__primary_5y_matched__M0__reference__none,S12,P_to_HLO,primary_5y_matched,M0,reference,,14977.65553999996,-31.999999999999908,,
S12__P_to_HLO__primary_5y_matched__M0__reference__none,S12,P_to_HLO,primary_5y_matched,M0,reference,,14888.926659834224,-31.806257687023457,,2000_2004
S12__P_to_HLO__primary_5y_matched__M0__reference__none,S12,P_to_HLO,primary_5y_matched,M0,reference,,14440.239587786411,-30.81811625001903,,2005_2009
S12__P_to_HLO__primary_5y_matched__M0__reference__none,S12,P_to_HLO,primary_5y_matched,M0,reference,,15050.90017049633,-32.16142302027792,,2010_2014
S12__P_to_HLO__primary_5y_matched__M0__reference__none,S12,P_to_HLO,primary_5y_matched,M0,reference,,15498.57435463366,-33.14503444215171,,2015_2017
S12__P_to_HLO__primary_5y_matched__M1__ridge__none,S12,P_to_HLO,primary_5y_matched,M1,ridge,,10.175016645458511,0.9777075745186712,,
S12__P_to_HLO__primary_5y_matched__M1__ridge__none,S12,P_to_HLO,primary_5y_matched,M1,ridge,,-469.23529798971197,1.8130127091749542,,2000_2004
S12__P_to_HLO__primary_5y_matched__M1__ridge__none,S12,P_to_HLO,primary_5y_matched,M1,ridge,,63.77434672438893,0.868974881100731,,2005_2009
S12__P_to_HLO__primary_5y_matched__M1__ridge__none,S12,P_to_HLO,primary_5y_matched,M1,ridge,,-57.20302687225404,1.1749588918395841,,2010_2014
S12__P_to_HLO__primary_5y_matched__M1__ridge__none,S12,P_to_HLO,primary_5y_matched,M1,ridge,,-85.28124187982608,1.151410484497082,,2015_2017
S12__P_to_HLO__primary_5y_matched__M2__ridge__none,S12,P_to_HLO,primary_5y_matched,M2,ridge,,-18.281257580384978,1.0376010365091437,,
S12__P_to_HLO__primary_5y_matched__M2__ridge__none,S12,P_to_HLO,primary_5y_matched,M2,ridge,,-17.22622761663119,1.1182442963693526,,2000_2004
S12__P_to_HLO__primary_5y_matched__M2__ridge__none,S12,P_to_HLO,primary_5y_matched,M2,ridge,,-34.36129897279321,1.0653167695166792,,2005_2009
S12__P_to_HLO__primary_5y_matched__M2__ridge__none,S12,P_to_HLO,primary_5y_matched,M2,ridge,,-13.392233002096873,1.023693582039304,,2010_2014
S12__P_to_HLO__primary_5y_matched__M2__ridge__none,S12,P_to_HLO,primary_5y_matched,M2,ridge,,-144.0664028996022,1.28471632728453,,2015_2017
S12__P_to_HLO__primary_5y_matched__M3__ridge__none,S12,P_to_HLO,primary_5y_matched,M3,ridge,,-16.702830648301415,1.0360266050798699,,
S12__P_to_HLO__primary_5y_matched__M3__ridge__none,S12,P_to_HLO,primary_5y_matched,M3,ridge,,-56.49523008543705,1.1503976296577685,,2000_2004
S12__P_to_HLO__primary_5y_matched__M3__ridge__none,S12,P_to_HLO,primary_5y_matched,M3,ridge,,-15.981146692924929,1.0309220126488554,,2005_2009
S12__P_to_HLO__primary_5y_matched__M3__ridge__none,S12,P_to_HLO,primary_5y_matched,M3,ridge,,1.1105042997256402,1.0073885484673284,,2010_2014
S12__P_to_HLO__primary_5y_matched__M3__ridge__none,S12,P_to_HLO,primary_5y_matched,M3,ridge,,-170.7295361537066,1.3324655047862182,,2015_2017
S4__HLO_to_P__four_year_preceding_5y__M0__reference__none,S4,HLO_to_P,four_year_preceding_5y,M0,reference,,2937.495447896142,-31.99999999999959,,
S4__HLO_to_P__four_year_preceding_5y__M0__reference__none,S4,HLO_to_P,four_year_preceding_5y,M0,reference,,3014.474246971806,-32.86173776750804,,2000_2003
S4__HLO_to_P__four_year_preceding_5y__M0__reference__none,S4,HLO_to_P,four_year_preceding_5y,M0,reference,,2995.303490683834,-32.63777518776839,,2004_2007
S4__HLO_to_P__four_year_preceding_5y__M0__reference__none,S4,HLO_to_P,four_year_preceding_5y,M0,reference,,2825.2457359905206,-30.750398956147624,,2008_2011
S4__HLO_to_P__four_year_preceding_5y__M0__reference__none,S4,HLO_to_P,four_year_preceding_5y,M0,reference,,3031.938207089487,-33.05234427780131,,2012_2015
S4__HLO_to_P__four_year_preceding_5y__M1__ridge__none,S4,HLO_to_P,four_year_preceding_5y,M1,ridge,,3.3353552642285305,0.96235163135297,,
S4__HLO_to_P__four_year_preceding_5y__M1__ridge__none,S4,HLO_to_P,four_year_preceding_5y,M1,ridge,,22.16530132964519,0.7587515500901144,,2000_2003
S4__HLO_to_P__four_year_preceding_5y__M1__ridge__none,S4,HLO_to_P,four_year_preceding_5y,M1,ridge,,-68.45103222271112,1.7956312444223639,,2004_2007
S4__HLO_to_P__four_year_preceding_5y__M1__ridge__none,S4,HLO_to_P,four_year_preceding_5y,M1,ridge,,-9.52435078775304,1.0964806191976606,,2008_2011
S4__HLO_to_P__four_year_preceding_5y__M1__ridge__none,S4,HLO_to_P,four_year_preceding_5y,M1,ridge,,-11.231698103371704,1.1289619831933801,,2012_2015
S4__HLO_to_P__four_year_preceding_5y__M2__ridge__none,S4,HLO_to_P,four_year_preceding_5y,M2,ridge,,-11.103549020650297,1.122193105132621,,
S4__HLO_to_P__four_year_preceding_5y__M2__ridge__none,S4,HLO_to_P,four_year_preceding_5y,M2,ridge,,16.73423797493248,0.8362291973093818,,2000_2003
S4__HLO_to_P__four_year_preceding_5y__M2__ridge__none,S4,HLO_to_P,four_year_preceding_5y,M2,ridge,,-218.53934272465938,3.5145771231535416,,2004_2007
S4__HLO_to_P__four_year_preceding_5y__M2__ridge__none,S4,HLO_to_P,four_year_preceding_5y,M2,ridge,,-39.02293597713587,1.4234582848023907,,2008_2011
S4__HLO_to_P__four_year_preceding_5y__M2__ridge__none,S4,HLO_to_P,four_year_preceding_5y,M2,ridge,,1.225719216327824,0.9665241222276469,,2012_2015
S4__HLO_to_P__four_year_preceding_5y__M3__ridge__none,S4,HLO_to_P,four_year_preceding_5y,M3,ridge,,-14.87591011572186,1.164502289133273,,
S4__HLO_to_P__four_year_preceding_5y__M3__ridge__none,S4,HLO_to_P,four_year_preceding_5y,M3,ridge,,22.406919283615807,0.7668932551964158,,2000_2003
S4__HLO_to_P__four_year_preceding_5y__M3__ridge__none,S4,HLO_to_P,four_year_preceding_5y,M3,ridge,,-173.9512466418961,3.0059717745619334,,2004_2007
S4__HLO_to_P__four_year_preceding_5y__M3__ridge__none,S4,HLO_to_P,four_year_preceding_5y,M3,ridge,,-41.52684794723104,1.4507943908076462,,2008_2011
S4__HLO_to_P__four_year_preceding_5y__M3__ridge__none,S4,HLO_to_P,four_year_preceding_5y,M3,ridge,,-18.40058983970647,1.1888452446159214,,2012_2015
S4__P_to_HLO__four_year_preceding_5y__M0__reference__none,S4,P_to_HLO,four_year_preceding_5y,M0,reference,,15401.345524999919,-31.999999999999826,,
S4__P_to_HLO__four_year_preceding_5y__M0__reference__none,S4,P_to_HLO,four_year_preceding_5y,M0,reference,,15409.79062125445,-32.01928583047842,,2000_2003
S4__P_to_HLO__four_year_preceding_5y__M0__reference__none,S4,P_to_HLO,four_year_preceding_5y,M0,reference,,14989.488778609924,-31.130208089579444,,2004_2007
S4__P_to_HLO__four_year_preceding_5y__M0__reference__none,S4,P_to_HLO,four_year_preceding_5y,M0,reference,,15848.553107052692,-32.96141056184092,,2008_2011
S4__P_to_HLO__four_year_preceding_5y__M0__reference__none,S4,P_to_HLO,four_year_preceding_5y,M0,reference,,15262.733322032069,-31.696533901765424,,2012_2015
S4__P_to_HLO__four_year_preceding_5y__M1__ridge__none,S4,P_to_HLO,four_year_preceding_5y,M1,ridge,,9.27727571982516,0.9797569133629305,,
S4__P_to_HLO__four_year_preceding_5y__M1__ridge__none,S4,P_to_HLO,four_year_preceding_5y,M1,ridge,,107.10010353963408,0.7576938056585055,,2000_2003
S4__P_to_HLO__four_year_preceding_5y__M1__ridge__none,S4,P_to_HLO,four_year_preceding_5y,M1,ridge,,-20.851299597552284,1.0182656891535629,,2004_2007
S4__P_to_HLO__four_year_preceding_5y__M1__ridge__none,S4,P_to_HLO,four_year_preceding_5y,M1,ridge,,-83.86004417221821,1.1968404546717883,,2008_2011
S4__P_to_HLO__four_year_preceding_5y__M1__ridge__none,S4,P_to_HLO,four_year_preceding_5y,M1,ridge,,6.851105142064717,0.9787843369359586,,2012_2015
S4__P_to_HLO__four_year_preceding_5y__M2__ridge__none,S4,P_to_HLO,four_year_preceding_5y,M2,ridge,,-32.53570484163797,1.0678186526313986,,
S4__P_to_HLO__four_year_preceding_5y__M2__ridge__none,S4,P_to_HLO,four_year_preceding_5y,M2,ridge,,-108.45617712450459,1.284490837100947,,2000_2003
S4__P_to_HLO__four_year_preceding_5y__M2__ridge__none,S4,P_to_HLO,four_year_preceding_5y,M2,ridge,,-142.47477315123356,1.311906265949255,,2004_2007
S4__P_to_HLO__four_year_preceding_5y__M2__ridge__none,S4,P_to_HLO,four_year_preceding_5y,M2,ridge,,-38.01150970058803,1.066995973677557,,2008_2011
S4__P_to_HLO__four_year_preceding_5y__M2__ridge__none,S4,P_to_HLO,four_year_preceding_5y,M2,ridge,,-29.639750598815755,1.0351768539174822,,2012_2015
S4__P_to_HLO__four_year_preceding_5y__M3__ridge__none,S4,P_to_HLO,four_year_preceding_5y,M3,ridge,,-25.869308381910237,1.054042963036892,,
S4__P_to_HLO__four_year_preceding_5y__M3__ridge__none,S4,P_to_HLO,four_year_preceding_5y,M3,ridge,,-98.80208697740416,1.245901705132082,,2000_2003
S4__P_to_HLO__four_year_preceding_5y__M3__ridge__none,S4,P_to_HLO,four_year_preceding_5y,M3,ridge,,-40.37341832909427,1.0799976954792725,,2004_2007
S4__P_to_HLO__four_year_preceding_5y__M3__ridge__none,S4,P_to_HLO,four_year_preceding_5y,M3,ridge,,-19.947309554401276,1.0344030785248843,,2008_2011
S4__P_to_HLO__four_year_preceding_5y__M3__ridge__none,S4,P_to_HLO,four_year_preceding_5y,M3,ridge,,-12.422835515722157,1.0061012856542122,,2012_2015
SA5__HLO_to_P__assessment_specific_5y_fixed__M0__reference__none,SA5,HLO_to_P,assessment_specific_5y_fixed,M0,reference,,3231.7662101655174,-35.00000000000016,,
SA5__HLO_to_P__assessment_specific_5y_fixed__M0__reference__none,SA5,HLO_to_P,assessment_specific_5y_fixed,M0,reference,,4114.629704828057,-44.85493907362253,,2000_2004
SA5__HLO_to_P__assessment_specific_5y_fixed__M0__reference__none,SA5,HLO_to_P,assessment_specific_5y_fixed,M0,reference,,3045.6767898208145,-32.93252250936351,,2005_2009
SA5__HLO_to_P__assessment_specific_5y_fixed__M0__reference__none,SA5,HLO_to_P,assessment_specific_5y_fixed,M0,reference,,2953.651507291764,-31.915929885671027,,2010_2014
SA5__HLO_to_P__assessment_specific_5y_fixed__M0__reference__none,SA5,HLO_to_P,assessment_specific_5y_fixed,M0,reference,,2825.7213020462177,-30.428348715033987,,2015_2017
SA5__HLO_to_P__assessment_specific_5y_fixed__M1__ridge__none,SA5,HLO_to_P,assessment_specific_5y_fixed,M1,ridge,,2.595455429224821,0.9709569731225715,,
SA5__HLO_to_P__assessment_specific_5y_fixed__M1__ridge__none,SA5,HLO_to_P,assessment_specific_5y_fixed,M1,ridge,,-14.085896665789866,1.1930509840598098,,2000_2004
SA5__HLO_to_P__assessment_specific_5y_fixed__M1__ridge__none,SA5,HLO_to_P,assessment_specific_5y_fixed,M1,ridge,,-11.195980455566758,1.1253830007981227,,2005_2009
SA5__HLO_to_P__assessment_specific_5y_fixed__M1__ridge__none,SA5,HLO_to_P,assessment_specific_5y_fixed,M1,ridge,,-16.217298820455966,1.1361786344629856,,2010_2014
SA5__HLO_to_P__assessment_specific_5y_fixed__M1__ridge__none,SA5,HLO_to_P,assessment_specific_5y_fixed,M1,ridge,,26.515535482303555,0.7739766395411593,,2015_2017
SA5__HLO_to_P__assessment_specific_5y_fixed__M2__ridge__none,SA5,HLO_to_P,assessment_specific_5y_fixed,M2,ridge,,3.3018190774010203,0.9573581190524585,,
SA5__HLO_to_P__assessment_specific_5y_fixed__M2__ridge__none,SA5,HLO_to_P,assessment_specific_5y_fixed,M2,ridge,,19.914037274314037,0.8290395255137732,,2000_2004
SA5__HLO_to_P__assessment_specific_5y_fixed__M2__ridge__none,SA5,HLO_to_P,assessment_specific_5y_fixed,M2,ridge,,-21.325666750163013,1.239767113137846,,2005_2009
SA5__HLO_to_P__assessment_specific_5y_fixed__M2__ridge__none,SA5,HLO_to_P,assessment_specific_5y_fixed,M2,ridge,,-39.75277257929949,1.376427061670466,,2010_2014
SA5__HLO_to_P__assessment_specific_5y_fixed__M2__ridge__none,SA5,HLO_to_P,assessment_specific_5y_fixed,M2,ridge,,16.41030100958524,0.88355408877632,,2015_2017
SA5__HLO_to_P__assessment_specific_5y_fixed__M3__ridge__none,SA5,HLO_to_P,assessment_specific_5y_fixed,M3,ridge,,1.7905781950028081,0.9755409686668296,,
SA5__HLO_to_P__assessment_specific_5y_fixed__M3__ridge__none,SA5,HLO_to_P,assessment_specific_5y_fixed,M3,ridge,,6.235604957160954,0.9743557904971946,,2000_2004
SA5__HLO_to_P__assessment_specific_5y_fixed__M3__ridge__none,SA5,HLO_to_P,assessment_specific_5y_fixed,M3,ridge,,-15.78951042670575,1.1790240667473855,,2005_2009
SA5__HLO_to_P__assessment_specific_5y_fixed__M3__ridge__none,SA5,HLO_to_P,assessment_specific_5y_fixed,M3,ridge,,-37.36007010665388,1.3537257048376927,,2010_2014
SA5__HLO_to_P__assessment_specific_5y_fixed__M3__ridge__none,SA5,HLO_to_P,assessment_specific_5y_fixed,M3,ridge,,16.133238350242333,0.887921628455764,,2015_2017
SA5__HLO_to_P__primary_5y_matched__M0__reference__none,SA5,HLO_to_P,primary_5y_matched,M0,reference,,3231.7662101655174,-35.00000000000016,,
SA5__HLO_to_P__primary_5y_matched__M0__reference__none,SA5,HLO_to_P,primary_5y_matched,M0,reference,,4114.629704828057,-44.85493907362253,,2000_2004
SA5__HLO_to_P__primary_5y_matched__M0__reference__none,SA5,HLO_to_P,primary_5y_matched,M0,reference,,3045.6767898208145,-32.93252250936351,,2005_2009
SA5__HLO_to_P__primary_5y_matched__M0__reference__none,SA5,HLO_to_P,primary_5y_matched,M0,reference,,2953.651507291764,-31.915929885671027,,2010_2014
SA5__HLO_to_P__primary_5y_matched__M0__reference__none,SA5,HLO_to_P,primary_5y_matched,M0,reference,,2825.7213020462177,-30.428348715033987,,2015_2017
SA5__HLO_to_P__primary_5y_matched__M1__ridge__none,SA5,HLO_to_P,primary_5y_matched,M1,ridge,,2.595455429224821,0.9709569731225715,,
SA5__HLO_to_P__primary_5y_matched__M1__ridge__none,SA5,HLO_to_P,primary_5y_matched,M1,ridge,,-14.085896665789866,1.1930509840598098,,2000_2004
SA5__HLO_to_P__primary_5y_matched__M1__ridge__none,SA5,HLO_to_P,primary_5y_matched,M1,ridge,,-11.195980455566758,1.1253830007981227,,2005_2009
SA5__HLO_to_P__primary_5y_matched__M1__ridge__none,SA5,HLO_to_P,primary_5y_matched,M1,ridge,,-16.217298820455966,1.1361786344629856,,2010_2014
SA5__HLO_to_P__primary_5y_matched__M1__ridge__none,SA5,HLO_to_P,primary_5y_matched,M1,ridge,,26.515535482303555,0.7739766395411593,,2015_2017
SA5__HLO_to_P__primary_5y_matched__M2__ridge__none,SA5,HLO_to_P,primary_5y_matched,M2,ridge,,4.748118929765917,0.9412816597885928,,
SA5__HLO_to_P__primary_5y_matched__M2__ridge__none,SA5,HLO_to_P,primary_5y_matched,M2,ridge,,21.837675584387316,0.8003875749759416,,2000_2004
SA5__HLO_to_P__primary_5y_matched__M2__ridge__none,SA5,HLO_to_P,primary_5y_matched,M2,ridge,,-9.069068049458293,1.105038448793366,,2005_2009
SA5__HLO_to_P__primary_5y_matched__M2__ridge__none,SA5,HLO_to_P,primary_5y_matched,M2,ridge,,-32.7562842403247,1.3036171656724629,,2010_2014
SA5__HLO_to_P__primary_5y_matched__M2__ridge__none,SA5,HLO_to_P,primary_5y_matched,M2,ridge,,21.837004787406915,0.8139816444993988,,2015_2017
SA5__HLO_to_P__primary_5y_matched__M3__ridge__none,SA5,HLO_to_P,primary_5y_matched,M3,ridge,,1.3361163810325059,0.9817538529721186,,
SA5__HLO_to_P__primary_5y_matched__M3__ridge__none,SA5,HLO_to_P,primary_5y_matched,M3,ridge,,4.940728343073179,0.9839819128303119,,2000_2004
SA5__HLO_to_P__primary_5y_matched__M3__ridge__none,SA5,HLO_to_P,primary_5y_matched,M3,ridge,,-8.228779941158285,1.0976358006537918,,2005_2009
SA5__HLO_to_P__primary_5y_matched__M3__ridge__none,SA5,HLO_to_P,primary_5y_matched,M3,ridge,,-32.608662080193895,1.3076461090097617,,2010_2014
SA5__HLO_to_P__primary_5y_matched__M3__ridge__none,SA5,HLO_to_P,primary_5y_matched,M3,ridge,,16.516506958368243,0.8748849769758577,,2015_2017
SA5__P_to_HLO__assessment_specific_5y_fixed__M0__reference__none,SA5,P_to_HLO,assessment_specific_5y_fixed,M0,reference,,16401.0241766667,-35.00000000000006,,
SA5__P_to_HLO__assessment_specific_5y_fixed__M0__reference__none,SA5,P_to_HLO,assessment_specific_5y_fixed,M0,reference,,18432.89424920234,-39.4739190324332,,2000_2004
SA5__P_to_HLO__assessment_specific_5y_fixed__M0__reference__none,SA5,P_to_HLO,assessment_specific_5y_fixed,M0,reference,,15880.049620579573,-33.85891793909762,,2005_2009
SA5__P_to_HLO__assessment_specific_5y_fixed__M0__reference__none,SA5,P_to_HLO,assessment_specific_5y_fixed,M0,reference,,15866.939023620089,-33.82209332663076,,2010_2014
SA5__P_to_HLO__assessment_specific_5y_fixed__M0__reference__none,SA5,P_to_HLO,assessment_specific_5y_fixed,M0,reference,,17284.203245403325,-36.94043607899797,,2015_2017
SA5__P_to_HLO__assessment_specific_5y_fixed__M1__ridge__none,SA5,P_to_HLO,assessment_specific_5y_fixed,M1,ridge,,6.860501325040765,0.9846921145215597,,
SA5__P_to_HLO__assessment_specific_5y_fixed__M1__ridge__none,SA5,P_to_HLO,assessment_specific_5y_fixed,M1,ridge,,44.913440256118136,0.8532656616230587,,2000_2004
SA5__P_to_HLO__assessment_specific_5y_fixed__M1__ridge__none,SA5,P_to_HLO,assessment_specific_5y_fixed,M1,ridge,,46.058531475443424,0.9054022066869786,,2005_2009
SA5__P_to_HLO__assessment_specific_5y_fixed__M1__ridge__none,SA5,P_to_HLO,assessment_specific_5y_fixed,M1,ridge,,-57.79989205868131,1.17731249669381,,2010_2014
SA5__P_to_HLO__assessment_specific_5y_fixed__M1__ridge__none,SA5,P_to_HLO,assessment_specific_5y_fixed,M1,ridge,,-125.34224336836765,1.210341343712884,,2015_2017
SA5__P_to_HLO__assessment_specific_5y_fixed__M2__ridge__none,SA5,P_to_HLO,assessment_specific_5y_fixed,M2,ridge,,-17.24118906479383,1.035901829166693,,
SA5__P_to_HLO__assessment_specific_5y_fixed__M2__ridge__none,SA5,P_to_HLO,assessment_specific_5y_fixed,M2,ridge,,-165.34281043504416,1.4199640058551106,,2000_2004
SA5__P_to_HLO__assessment_specific_5y_fixed__M2__ridge__none,SA5,P_to_HLO,assessment_specific_5y_fixed,M2,ridge,,-32.904021811640035,1.0650101272034613,,2005_2009
SA5__P_to_HLO__assessment_specific_5y_fixed__M2__ridge__none,SA5,P_to_HLO,assessment_specific_5y_fixed,M2,ridge,,6.858584519842314,0.9808382617757431,,2010_2014
SA5__P_to_HLO__assessment_specific_5y_fixed__M2__ridge__none,SA5,P_to_HLO,assessment_specific_5y_fixed,M2,ridge,,-161.90067266949282,1.3240953272786973,,2015_2017
SA5__P_to_HLO__assessment_specific_5y_fixed__M3__ridge__none,SA5,P_to_HLO,assessment_specific_5y_fixed,M3,ridge,,-11.288252415939949,1.0235507263229826,,
SA5__P_to_HLO__assessment_specific_5y_fixed__M3__ridge__none,SA5,P_to_HLO,assessment_specific_5y_fixed,M3,ridge,,-173.51574224227355,1.4140032543335104,,2000_2004
SA5__P_to_HLO__assessment_specific_5y_fixed__M3__ridge__none,SA5,P_to_HLO,assessment_specific_5y_fixed,M3,ridge,,-10.4368164448492,1.0151551951088613,,2005_2009
SA5__P_to_HLO__assessment_specific_5y_fixed__M3__ridge__none,SA5,P_to_HLO,assessment_specific_5y_fixed,M3,ridge,,25.736253223059165,0.953397055605231,,2010_2014
SA5__P_to_HLO__assessment_specific_5y_fixed__M3__ridge__none,SA5,P_to_HLO,assessment_specific_5y_fixed,M3,ridge,,-182.13461239813472,1.3470591305242288,,2015_2017
SA5__P_to_HLO__primary_5y_matched__M0__reference__none,SA5,P_to_HLO,primary_5y_matched,M0,reference,,16401.0241766667,-35.00000000000006,,
SA5__P_to_HLO__primary_5y_matched__M0__reference__none,SA5,P_to_HLO,primary_5y_matched,M0,reference,,18432.89424920234,-39.4739190324332,,2000_2004
SA5__P_to_HLO__primary_5y_matched__M0__reference__none,SA5,P_to_HLO,primary_5y_matched,M0,reference,,15880.049620579573,-33.85891793909762,,2005_2009
SA5__P_to_HLO__primary_5y_matched__M0__reference__none,SA5,P_to_HLO,primary_5y_matched,M0,reference,,15866.939023620089,-33.82209332663076,,2010_2014
SA5__P_to_HLO__primary_5y_matched__M0__reference__none,SA5,P_to_HLO,primary_5y_matched,M0,reference,,17284.203245403325,-36.94043607899797,,2015_2017
SA5__P_to_HLO__primary_5y_matched__M1__ridge__none,SA5,P_to_HLO,primary_5y_matched,M1,ridge,,6.860501325040765,0.9846921145215597,,
SA5__P_to_HLO__primary_5y_matched__M1__ridge__none,SA5,P_to_HLO,primary_5y_matched,M1,ridge,,44.913440256118136,0.8532656616230587,,2000_2004
SA5__P_to_HLO__primary_5y_matched__M1__ridge__none,SA5,P_to_HLO,primary_5y_matched,M1,ridge,,46.058531475443424,0.9054022066869786,,2005_2009
SA5__P_to_HLO__primary_5y_matched__M1__ridge__none,SA5,P_to_HLO,primary_5y_matched,M1,ridge,,-57.79989205868131,1.17731249669381,,2010_2014
SA5__P_to_HLO__primary_5y_matched__M1__ridge__none,SA5,P_to_HLO,primary_5y_matched,M1,ridge,,-125.34224336836765,1.210341343712884,,2015_2017
SA5__P_to_HLO__primary_5y_matched__M2__ridge__none,SA5,P_to_HLO,primary_5y_matched,M2,ridge,,-17.31317468624624,1.0341356872563703,,
SA5__P_to_HLO__primary_5y_matched__M2__ridge__none,SA5,P_to_HLO,primary_5y_matched,M2,ridge,,-133.57788787681008,1.3402569153110613,,2000_2004
SA5__P_to_HLO__primary_5y_matched__M2__ridge__none,SA5,P_to_HLO,primary_5y_matched,M2,ridge,,-33.41937900187893,1.0644361473620725,,2005_2009
SA5__P_to_HLO__primary_5y_matched__M2__ridge__none,SA5,P_to_HLO,primary_5y_matched,M2,ridge,,-0.6334916898300852,0.9964580848812788,,2010_2014
SA5__P_to_HLO__primary_5y_matched__M2__ridge__none,SA5,P_to_HLO,primary_5y_matched,M2,ridge,,-190.24081811977445,1.3749216037919125,,2015_2017
SA5__P_to_HLO__primary_5y_matched__M3__ridge__none,SA5,P_to_HLO,primary_5y_matched,M3,ridge,,-13.216401501833126,1.02776746446737,,
SA5__P_to_HLO__primary_5y_matched__M3__ridge__none,SA5,P_to_HLO,primary_5y_matched,M3,ridge,,-168.8549022480599,1.4032122307355632,,2000_2004
SA5__P_to_HLO__primary_5y_matched__M3__ridge__none,SA5,P_to_HLO,primary_5y_matched,M3,ridge,,-14.413649236914617,1.0243190295424462,,2005_2009
SA5__P_to_HLO__primary_5y_matched__M3__ridge__none,SA5,P_to_HLO,primary_5y_matched,M3,ridge,,22.409717795480397,0.9622841069881691,,2010_2014
SA5__P_to_HLO__primary_5y_matched__M3__ridge__none,SA5,P_to_HLO,primary_5y_matched,M3,ridge,,-196.25294261993787,1.3690470787853848,,2015_2017
SCC__HLO_to_P__restricted_primary_5y__M0__reference__none,SCC,HLO_to_P,restricted_primary_5y,M0,reference,,2088.355687759929,-22.00000000000007,,
SCC__HLO_to_P__restricted_primary_5y__M0__reference__none,SCC,HLO_to_P,restricted_primary_5y,M0,reference,,,,fewer_than_three_countries,2000_2004
SCC__HLO_to_P__restricted_primary_5y__M0__reference__none,SCC,HLO_to_P,restricted_primary_5y,M0,reference,,1885.1673503557413,-19.76481005390713,,2005_2009
SCC__HLO_to_P__restricted_primary_5y__M0__reference__none,SCC,HLO_to_P,restricted_primary_5y,M0,reference,,2060.8511879988055,-21.716850398037536,,2010_2014
SCC__HLO_to_P__restricted_primary_5y__M0__reference__none,SCC,HLO_to_P,restricted_primary_5y,M0,reference,,1843.7341849617655,-19.256063956054987,,2015_2017
SCC__HLO_to_P__restricted_primary_5y__M1__ridge__none,SCC,HLO_to_P,restricted_primary_5y,M1,ridge,,-0.9702473293074548,1.0087663551660269,,
SCC__HLO_to_P__restricted_primary_5y__M1__ridge__none,SCC,HLO_to_P,restricted_primary_5y,M1,ridge,,,,fewer_than_three_countries,2000_2004
SCC__HLO_to_P__restricted_primary_5y__M1__ridge__none,SCC,HLO_to_P,restricted_primary_5y,M1,ridge,,22.743500747357277,0.7482683146479681,,2005_2009
SCC__HLO_to_P__restricted_primary_5y__M1__ridge__none,SCC,HLO_to_P,restricted_primary_5y,M1,ridge,,-30.119281125027285,1.2764452358938145,,2010_2014
SCC__HLO_to_P__restricted_primary_5y__M1__ridge__none,SCC,HLO_to_P,restricted_primary_5y,M1,ridge,,-1.3006821297483842,1.05055403247347,,2015_2017
SCC__HLO_to_P__restricted_primary_5y__M2__ridge__none,SCC,HLO_to_P,restricted_primary_5y,M2,ridge,,12.70442383551017,0.8514701619038403,,
SCC__HLO_to_P__restricted_primary_5y__M2__ridge__none,SCC,HLO_to_P,restricted_primary_5y,M2,ridge,,,,fewer_than_three_countries,2000_2004
SCC__HLO_to_P__restricted_primary_5y__M2__ridge__none,SCC,HLO_to_P,restricted_primary_5y,M2,ridge,,-0.42790019750941366,0.9985961724195223,,2005_2009
SCC__HLO_to_P__restricted_primary_5y__M2__ridge__none,SCC,HLO_to_P,restricted_primary_5y,M2,ridge,,-51.355825325508754,1.4850875883915104,,2010_2014
SCC__HLO_to_P__restricted_primary_5y__M2__ridge__none,SCC,HLO_to_P,restricted_primary_5y,M2,ridge,,-9.20127859608828,1.1424116225418888,,2015_2017
SCC__HLO_to_P__restricted_primary_5y__M3__ridge__none,SCC,HLO_to_P,restricted_primary_5y,M3,ridge,,10.198504593377516,0.8809976432443974,,
SCC__HLO_to_P__restricted_primary_5y__M3__ridge__none,SCC,HLO_to_P,restricted_primary_5y,M3,ridge,,,,fewer_than_three_countries,2000_2004
SCC__HLO_to_P__restricted_primary_5y__M3__ridge__none,SCC,HLO_to_P,restricted_primary_5y,M3,ridge,,16.816326586986253,0.815382317198885,,2005_2009
SCC__HLO_to_P__restricted_primary_5y__M3__ridge__none,SCC,HLO_to_P,restricted_primary_5y,M3,ridge,,-69.1013853674257,1.6836843142959053,,2010_2014
SCC__HLO_to_P__restricted_primary_5y__M3__ridge__none,SCC,HLO_to_P,restricted_primary_5y,M3,ridge,,-42.037928748502125,1.5037533211885645,,2015_2017
SCC__P_to_HLO__restricted_primary_5y__M0__reference__none,SCC,P_to_HLO,restricted_primary_5y,M0,reference,,10553.040849999996,-21.999999999999986,,
SCC__P_to_HLO__restricted_primary_5y__M0__reference__none,SCC,P_to_HLO,restricted_primary_5y,M0,reference,,,,fewer_than_three_countries,2000_2004
SCC__P_to_HLO__restricted_primary_5y__M0__reference__none,SCC,P_to_HLO,restricted_primary_5y,M0,reference,,10505.167530313658,-21.89847105539538,,2005_2009
SCC__P_to_HLO__restricted_primary_5y__M0__reference__none,SCC,P_to_HLO,restricted_primary_5y,M0,reference,,10488.05283151475,-21.85690103900812,,2010_2014
SCC__P_to_HLO__restricted_primary_5y__M0__reference__none,SCC,P_to_HLO,restricted_primary_5y,M0,reference,,10921.902149914493,-22.80293781487913,,2015_2017
SCC__P_to_HLO__restricted_primary_5y__M1__ridge__none,SCC,P_to_HLO,restricted_primary_5y,M1,ridge,,-2.07590848681994,1.0032954996006396,,
SCC__P_to_HLO__restricted_primary_5y__M1__ridge__none,SCC,P_to_HLO,restricted_primary_5y,M1,ridge,,,,fewer_than_three_countries,2000_2004
SCC__P_to_HLO__restricted_primary_5y__M1__ridge__none,SCC,P_to_HLO,restricted_primary_5y,M1,ridge,,63.045359120285426,0.8719305188816091,,2005_2009
SCC__P_to_HLO__restricted_primary_5y__M1__ridge__none,SCC,P_to_HLO,restricted_primary_5y,M1,ridge,,-46.32474034878058,1.156541665263375,,2010_2014
SCC__P_to_HLO__restricted_primary_5y__M1__ridge__none,SCC,P_to_HLO,restricted_primary_5y,M1,ridge,,128.46404851716986,0.7326120629261426,,2015_2017
SCC__P_to_HLO__restricted_primary_5y__M2__ridge__none,SCC,P_to_HLO,restricted_primary_5y,M2,ridge,,-32.779927035124594,1.0684236319069915,,
SCC__P_to_HLO__restricted_primary_5y__M2__ridge__none,SCC,P_to_HLO,restricted_primary_5y,M2,ridge,,,,fewer_than_three_countries,2000_2004
SCC__P_to_HLO__restricted_primary_5y__M2__ridge__none,SCC,P_to_HLO,restricted_primary_5y,M2,ridge,,0.771986100480869,0.9862657084825304,,2005_2009
SCC__P_to_HLO__restricted_primary_5y__M2__ridge__none,SCC,P_to_HLO,restricted_primary_5y,M2,ridge,,-86.44923105650955,1.1843598226473577,,2010_2014
SCC__P_to_HLO__restricted_primary_5y__M2__ridge__none,SCC,P_to_HLO,restricted_primary_5y,M2,ridge,,-55.78651572053523,1.1315131856250076,,2015_2017
SCC__P_to_HLO__restricted_primary_5y__M3__ridge__none,SCC,P_to_HLO,restricted_primary_5y,M3,ridge,,-35.88458682633506,1.0759681938051049,,
SCC__P_to_HLO__restricted_primary_5y__M3__ridge__none,SCC,P_to_HLO,restricted_primary_5y,M3,ridge,,,,fewer_than_three_countries,2000_2004
SCC__P_to_HLO__restricted_primary_5y__M3__ridge__none,SCC,P_to_HLO,restricted_primary_5y,M3,ridge,,2.5250223911526626,0.9836282561567832,,2005_2009
SCC__P_to_HLO__restricted_primary_5y__M3__ridge__none,SCC,P_to_HLO,restricted_primary_5y,M3,ridge,,-47.14613878764288,1.1173613508907636,,2010_2014
SCC__P_to_HLO__restricted_primary_5y__M3__ridge__none,SCC,P_to_HLO,restricted_primary_5y,M3,ridge,,-7.454463615526729,1.0189733712066478,,2015_2017
SCOMP__HLO_to_P__restricted_primary_5y__M0__reference__none,SCOMP,HLO_to_P,restricted_primary_5y,M0,reference,,2899.1354863956485,-31.000000000000295,,
SCOMP__HLO_to_P__restricted_primary_5y__M0__reference__none,SCOMP,HLO_to_P,restricted_primary_5y,M0,reference,,3740.3238552418306,-40.30299812097809,,2000_2004
SCOMP__HLO_to_P__restricted_primary_5y__M0__reference__none,SCOMP,HLO_to_P,restricted_primary_5y,M0,reference,,2731.8455086731415,-29.159282647126712,,2005_2009
SCOMP__HLO_to_P__restricted_primary_5y__M0__reference__none,SCOMP,HLO_to_P,restricted_primary_5y,M0,reference,,2804.1833660847674,-29.973408794812375,,2010_2014
SCOMP__HLO_to_P__restricted_primary_5y__M0__reference__none,SCOMP,HLO_to_P,restricted_primary_5y,M0,reference,,2536.5383404402746,-26.950823147600307,,2015_2017
SCOMP__HLO_to_P__restricted_primary_5y__M1__ridge__none,SCOMP,HLO_to_P,restricted_primary_5y,M1,ridge,,3.656063640026791,0.959449334748516,,
SCOMP__HLO_to_P__restricted_primary_5y__M1__ridge__none,SCOMP,HLO_to_P,restricted_primary_5y,M1,ridge,,79.37235131378175,0.19849641754959302,,2000_2004
SCOMP__HLO_to_P__restricted_primary_5y__M1__ridge__none,SCOMP,HLO_to_P,restricted_primary_5y,M1,ridge,,-19.2354368573429,1.2085160101183916,,2005_2009
SCOMP__HLO_to_P__restricted_primary_5y__M1__ridge__none,SCOMP,HLO_to_P,restricted_primary_5y,M1,ridge,,-25.58548009405475,1.225332418464425,,2010_2014
SCOMP__HLO_to_P__restricted_primary_5y__M1__ridge__none,SCOMP,HLO_to_P,restricted_primary_5y,M1,ridge,,23.14516473038955,0.8095181159671401,,2015_2017
SCOMP__HLO_to_P__restricted_primary_5y__M2__ridge__none,SCOMP,HLO_to_P,restricted_primary_5y,M2,ridge,,8.502994715909225,0.9017821856521286,,
SCOMP__HLO_to_P__restricted_primary_5y__M2__ridge__none,SCOMP,HLO_to_P,restricted_primary_5y,M2,ridge,,65.1757820744692,0.36927144074811075,,2000_2004
SCOMP__HLO_to_P__restricted_primary_5y__M2__ridge__none,SCOMP,HLO_to_P,restricted_primary_5y,M2,ridge,,-10.79662615231325,1.1161935070982616,,2005_2009
SCOMP__HLO_to_P__restricted_primary_5y__M2__ridge__none,SCOMP,HLO_to_P,restricted_primary_5y,M2,ridge,,-55.681155739988206,1.5302853543939186,,2010_2014
SCOMP__HLO_to_P__restricted_primary_5y__M2__ridge__none,SCOMP,HLO_to_P,restricted_primary_5y,M2,ridge,,9.272061045671004,0.9505583563272199,,2015_2017
SCOMP__HLO_to_P__restricted_primary_5y__M3__ridge__none,SCOMP,HLO_to_P,restricted_primary_5y,M3,ridge,,5.96698789980461,0.9305318018335018,,
SCOMP__HLO_to_P__restricted_primary_5y__M3__ridge__none,SCOMP,HLO_to_P,restricted_primary_5y,M3,ridge,,72.88300957614963,0.27745123777634106,,2000_2004
SCOMP__HLO_to_P__restricted_primary_5y__M3__ridge__none,SCOMP,HLO_to_P,restricted_primary_5y,M3,ridge,,-11.577293221828269,1.1277095062674203,,2005_2009
SCOMP__HLO_to_P__restricted_primary_5y__M3__ridge__none,SCOMP,HLO_to_P,restricted_primary_5y,M3,ridge,,-49.196965238458155,1.4624550235516551,,2010_2014
SCOMP__HLO_to_P__restricted_primary_5y__M3__ridge__none,SCOMP,HLO_to_P,restricted_primary_5y,M3,ridge,,6.657054063218883,0.98136272146839,,2015_2017
SCOMP__P_to_HLO__restricted_primary_5y__M0__reference__none,SCOMP,P_to_HLO,restricted_primary_5y,M0,reference,,14749.504281666896,-31.00000000000049,,
SCOMP__P_to_HLO__restricted_primary_5y__M0__reference__none,SCOMP,P_to_HLO,restricted_primary_5y,M0,reference,,14871.073337544884,-31.26371922146761,,2000_2004
SCOMP__P_to_HLO__restricted_primary_5y__M0__reference__none,SCOMP,P_to_HLO,restricted_primary_5y,M0,reference,,14244.059853036622,-29.905608282327574,,2005_2009
SCOMP__P_to_HLO__restricted_primary_5y__M0__reference__none,SCOMP,P_to_HLO,restricted_primary_5y,M0,reference,,14757.294921911262,-31.01474247995442,,2010_2014
SCOMP__P_to_HLO__restricted_primary_5y__M0__reference__none,SCOMP,P_to_HLO,restricted_primary_5y,M0,reference,,15541.12138499082,-32.71867195568413,,2015_2017
SCOMP__P_to_HLO__restricted_primary_5y__M1__ridge__none,SCOMP,P_to_HLO,restricted_primary_5y,M1,ridge,,2.995782924599338,0.9935748437908061,,
SCOMP__P_to_HLO__restricted_primary_5y__M1__ridge__none,SCOMP,P_to_HLO,restricted_primary_5y,M1,ridge,,236.86839864269115,0.4945306329107475,,2000_2004
SCOMP__P_to_HLO__restricted_primary_5y__M1__ridge__none,SCOMP,P_to_HLO,restricted_primary_5y,M1,ridge,,55.72499606640424,0.8877369432051578,,2005_2009
SCOMP__P_to_HLO__restricted_primary_5y__M1__ridge__none,SCOMP,P_to_HLO,restricted_primary_5y,M1,ridge,,-71.31627676709195,1.2213790072882102,,2010_2014
SCOMP__P_to_HLO__restricted_primary_5y__M1__ridge__none,SCOMP,P_to_HLO,restricted_primary_5y,M1,ridge,,-127.1830392659545,1.2118386990679881,,2015_2017
SCOMP__P_to_HLO__restricted_primary_5y__M2__ridge__none,SCOMP,P_to_HLO,restricted_primary_5y,M2,ridge,,2.9515634932550934,0.9914719072964555,,
SCOMP__P_to_HLO__restricted_primary_5y__M2__ridge__none,SCOMP,P_to_HLO,restricted_primary_5y,M2,ridge,,108.32916952730405,0.8504616815963901,,2000_2004
SCOMP__P_to_HLO__restricted_primary_5y__M2__ridge__none,SCOMP,P_to_HLO,restricted_primary_5y,M2,ridge,,2.483839477928272,0.9824660280370119,,2005_2009
SCOMP__P_to_HLO__restricted_primary_5y__M2__ridge__none,SCOMP,P_to_HLO,restricted_primary_5y,M2,ridge,,-19.330256498719336,1.0280080263077445,,2010_2014
SCOMP__P_to_HLO__restricted_primary_5y__M2__ridge__none,SCOMP,P_to_HLO,restricted_primary_5y,M2,ridge,,-155.99408088329085,1.309004175765605,,2015_2017
SCOMP__P_to_HLO__restricted_primary_5y__M3__ridge__none,SCOMP,P_to_HLO,restricted_primary_5y,M3,ridge,,-9.293675553128608,1.020439465020706,,
SCOMP__P_to_HLO__restricted_primary_5y__M3__ridge__none,SCOMP,P_to_HLO,restricted_primary_5y,M3,ridge,,91.99946927448852,0.8584511841688641,,2000_2004
SCOMP__P_to_HLO__restricted_primary_5y__M3__ridge__none,SCOMP,P_to_HLO,restricted_primary_5y,M3,ridge,,-5.987083445735491,1.003065852511342,,2005_2009
SCOMP__P_to_HLO__restricted_primary_5y__M3__ridge__none,SCOMP,P_to_HLO,restricted_primary_5y,M3,ridge,,-0.864255203716052,1.0110432389770103,,2010_2014
SCOMP__P_to_HLO__restricted_primary_5y__M3__ridge__none,SCOMP,P_to_HLO,restricted_primary_5y,M3,ridge,,-172.2863781869528,1.328943940260372,,2015_2017
STERM__HLO_to_P__restricted_primary_5y__M0__reference__none,STERM,HLO_to_P,restricted_primary_5y,M0,reference,,3026.5369115088292,-32.999999999999915,,
STERM__HLO_to_P__restricted_primary_5y__M0__reference__none,STERM,HLO_to_P,restricted_primary_5y,M0,reference,,3855.775462512291,-42.336306616203714,,2000_2004
STERM__HLO_to_P__restricted_primary_5y__M0__reference__none,STERM,HLO_to_P,restricted_primary_5y,M0,reference,,2942.229789803294,-32.049799780572286,,2005_2009
STERM__HLO_to_P__restricted_primary_5y__M0__reference__none,STERM,HLO_to_P,restricted_primary_5y,M0,reference,,2852.493307754143,-31.046395655280765,,2010_2014
STERM__HLO_to_P__restricted_primary_5y__M1__ridge__none,STERM,HLO_to_P,restricted_primary_5y,M1,ridge,,2.4875736877296974,0.9720536148652716,,
STERM__HLO_to_P__restricted_primary_5y__M1__ridge__none,STERM,HLO_to_P,restricted_primary_5y,M1,ridge,,5.113315779647442,0.9679901275308984,,2000_2004
STERM__HLO_to_P__restricted_primary_5y__M1__ridge__none,STERM,HLO_to_P,restricted_primary_5y,M1,ridge,,-3.765629286604723,1.0548360567334871,,2005_2009
STERM__HLO_to_P__restricted_primary_5y__M1__ridge__none,STERM,HLO_to_P,restricted_primary_5y,M1,ridge,,-9.265427603148414,1.0708838019183833,,2010_2014
STERM__HLO_to_P__restricted_primary_5y__M2__ridge__none,STERM,HLO_to_P,restricted_primary_5y,M2,ridge,,10.026013906031759,0.882727915557969,,
STERM__HLO_to_P__restricted_primary_5y__M2__ridge__none,STERM,HLO_to_P,restricted_primary_5y,M2,ridge,,33.24874658410137,0.6765363036042112,,2000_2004
STERM__HLO_to_P__restricted_primary_5y__M2__ridge__none,STERM,HLO_to_P,restricted_primary_5y,M2,ridge,,-14.466161032512197,1.165547313504448,,2005_2009
STERM__HLO_to_P__restricted_primary_5y__M2__ridge__none,STERM,HLO_to_P,restricted_primary_5y,M2,ridge,,-24.315868560959316,1.219397533501729,,2010_2014
STERM__HLO_to_P__restricted_primary_5y__M3__ridge__none,STERM,HLO_to_P,restricted_primary_5y,M3,ridge,,6.6528741014456525,0.9207581887132635,,
STERM__HLO_to_P__restricted_primary_5y__M3__ridge__none,STERM,HLO_to_P,restricted_primary_5y,M3,ridge,,25.832998098758747,0.7520931813769745,,2000_2004
STERM__HLO_to_P__restricted_primary_5y__M3__ridge__none,STERM,HLO_to_P,restricted_primary_5y,M3,ridge,,-12.671047534862081,1.1509566554722064,,2005_2009
STERM__HLO_to_P__restricted_primary_5y__M3__ridge__none,STERM,HLO_to_P,restricted_primary_5y,M3,ridge,,-22.877741906050336,1.2066188016246155,,2010_2014
STERM__P_to_HLO__restricted_primary_5y__M0__reference__none,STERM,P_to_HLO,restricted_primary_5y,M0,reference,,15564.716000000244,-33.00000000000052,,
STERM__P_to_HLO__restricted_primary_5y__M0__reference__none,STERM,P_to_HLO,restricted_primary_5y,M0,reference,,17412.641297636746,-37.051062199524615,,2000_2004
STERM__P_to_HLO__restricted_primary_5y__M0__reference__none,STERM,P_to_HLO,restricted_primary_5y,M0,reference,,15343.907493766019,-32.518720808676036,,2005_2009
STERM__P_to_HLO__restricted_primary_5y__M0__reference__none,STERM,P_to_HLO,restricted_primary_5y,M0,reference,,15171.604254253454,-32.13682741072892,,2010_2014
STERM__P_to_HLO__restricted_primary_5y__M1__ridge__none,STERM,P_to_HLO,restricted_primary_5y,M1,ridge,,10.482178394950722,0.9769215594743036,,
STERM__P_to_HLO__restricted_primary_5y__M1__ridge__none,STERM,P_to_HLO,restricted_primary_5y,M1,ridge,,55.58909807388886,0.8612994280173516,,2000_2004
STERM__P_to_HLO__restricted_primary_5y__M1__ridge__none,STERM,P_to_HLO,restricted_primary_5y,M1,ridge,,48.76863054619207,0.8869667676553126,,2005_2009
STERM__P_to_HLO__restricted_primary_5y__M1__ridge__none,STERM,P_to_HLO,restricted_primary_5y,M1,ridge,,-56.23748266419216,1.1577783794272782,,2010_2014
STERM__P_to_HLO__restricted_primary_5y__M2__ridge__none,STERM,P_to_HLO,restricted_primary_5y,M2,ridge,,-20.09186246767867,1.0417841944214246,,
STERM__P_to_HLO__restricted_primary_5y__M2__ridge__none,STERM,P_to_HLO,restricted_primary_5y,M2,ridge,,-216.47421833847795,1.538059597025459,,2000_2004
STERM__P_to_HLO__restricted_primary_5y__M2__ridge__none,STERM,P_to_HLO,restricted_primary_5y,M2,ridge,,-42.385548824620486,1.0713489736994815,,2005_2009
STERM__P_to_HLO__restricted_primary_5y__M2__ridge__none,STERM,P_to_HLO,restricted_primary_5y,M2,ridge,,-10.903955709860618,1.010273991878486,,2010_2014
STERM__P_to_HLO__restricted_primary_5y__M3__ridge__none,STERM,P_to_HLO,restricted_primary_5y,M3,ridge,,-17.172948642542483,1.0364964133635044,,
STERM__P_to_HLO__restricted_primary_5y__M3__ridge__none,STERM,P_to_HLO,restricted_primary_5y,M3,ridge,,-219.90081257730736,1.5154119378604447,,2000_2004
STERM__P_to_HLO__restricted_primary_5y__M3__ridge__none,STERM,P_to_HLO,restricted_primary_5y,M3,ridge,,-19.38392673783466,1.0228438796124197,,2005_2009
STERM__P_to_HLO__restricted_primary_5y__M3__ridge__none,STERM,P_to_HLO,restricted_primary_5y,M3,ridge,,7.444544081628971,0.9841099395513122,,2010_2014
