job_id,iso3,window_start,window_end,period_country_count,target_rank,prediction_rank,normalized_absolute_displacement
PRIMARY_DELETE__HLO_to_P__primary_5y__M1__ridge__AUS,ISL,2000,2004,7,2.0,4.0,0.3333333333333333
PRIMARY_DELETE__HLO_to_P__primary_5y__M1__ridge__AUS,LTU,2000,2004,7,4.0,3.0,0.16666666666666666
PRIMARY_DELETE__HLO_to_P__primary_5y__M1__ridge__AUS,NLD,2000,2004,7,3.0,1.0,0.3333333333333333
PRIMARY_DELETE__HLO_to_P__primary_5y__M1__ridge__AUS,NOR,2000,2004,7,1.0,5.0,0.6666666666666666
PRIMARY_DELETE__HLO_to_P__primary_5y__M1__ridge__AUS,PHL,2000,2004,7,6.0,6.0,0.0
PRIMARY_DELETE__HLO_to_P__primary_5y__M1__ridge__AUS,USA,2000,2004,7,5.0,2.0,0.5
PRIMARY_DELETE__HLO_to_P__primary_5y__M1__ridge__AUS,ZAF,2000,2004,7,7.0,7.0,0.0
PRIMARY_DELETE__HLO_to_P__primary_5y__M1__ridge__AUS,AUT,2005,2009,17,2.0,5.0,0.1875
PRIMARY_DELETE__HLO_to_P__primary_5y__M1__ridge__AUS,BRA,2005,2009,17,12.0,13.0,0.0625
PRIMARY_DELETE__HLO_to_P__primary_5y__M1__ridge__AUS,CHL,2005,2009,17,13.0,11.0,0.125
PRIMARY_DELETE__HLO_to_P__primary_5y__M1__ridge__AUS,CRI,2005,2009,17,10.0,10.0,0.0
PRIMARY_DELETE__HLO_to_P__primary_5y__M1__ridge__AUS,DEU,2005,2009,17,4.0,4.0,0.0
PRIMARY_DELETE__HLO_to_P__primary_5y__M1__ridge__AUS,IDN,2005,2009,17,16.0,14.0,0.125
PRIMARY_DELETE__HLO_to_P__primary_5y__M1__ridge__AUS,IRN,2005,2009,17,15.0,12.0,0.1875
PRIMARY_DELETE__HLO_to_P__primary_5y__M1__ridge__AUS,ITA,2005,2009,17,9.0,6.0,0.1875
PRIMARY_DELETE__HLO_to_P__primary_5y__M1__ridge__AUS,JPN,2005,2009,17,1.0,1.0,0.0
PRIMARY_DELETE__HLO_to_P__primary_5y__M1__ridge__AUS,MAR,2005,2009,17,17.0,16.0,0.0625
PRIMARY_DELETE__HLO_to_P__primary_5y__M1__ridge__AUS,NLD,2005,2009,17,3.0,2.0,0.0625
PRIMARY_DELETE__HLO_to_P__primary_5y__M1__ridge__AUS,NOR,2005,2009,17,6.0,8.0,0.125
PRIMARY_DELETE__HLO_to_P__primary_5y__M1__ridge__AUS,PER,2005,2009,17,8.0,15.0,0.4375
PRIMARY_DELETE__HLO_to_P__primary_5y__M1__ridge__AUS,POL,2005,2009,17,7.0,3.0,0.25
PRIMARY_DELETE__HLO_to_P__primary_5y__M1__ridge__AUS,QAT,2005,2009,17,14.0,17.0,0.1875
PRIMARY_DELETE__HLO_to_P__primary_5y__M1__ridge__AUS,SVN,2005,2009,17,5.0,7.0,0.125
PRIMARY_DELETE__HLO_to_P__primary_5y__M1__ridge__AUS,UKR,2005,2009,17,11.0,9.0,0.125
PRIMARY_DELETE__HLO_to_P__primary_5y__M1__ridge__AUS,BRA,2010,2014,20,9.0,12.0,0.15789473684210525
PRIMARY_DELETE__HLO_to_P__primary_5y__M1__ridge__AUS,CHL,2010,2014,20,17.0,10.0,0.3684210526315789
PRIMARY_DELETE__HLO_to_P__primary_5y__M1__ridge__AUS,COL,2010,2014,20,12.0,13.0,0.05263157894736842
PRIMARY_DELETE__HLO_to_P__primary_5y__M1__ridge__AUS,DEU,2010,2014,20,3.0,4.0,0.05263157894736842
PRIMARY_DELETE__HLO_to_P__primary_5y__M1__ridge__AUS,ESP,2010,2014,20,6.0,7.0,0.05263157894736842
PRIMARY_DELETE__HLO_to_P__primary_5y__M1__ridge__AUS,FIN,2010,2014,20,1.0,2.0,0.05263157894736842
PRIMARY_DELETE__HLO_to_P__primary_5y__M1__ridge__AUS,GHA,2010,2014,20,20.0,20.0,0.0
PRIMARY_DELETE__HLO_to_P__primary_5y__M1__ridge__AUS,HRV,2010,2014,20,8.0,6.0,0.10526315789473684
PRIMARY_DELETE__HLO_to_P__primary_5y__M1__ridge__AUS,IDN,2010,2014,20,15.0,15.0,0.0
PRIMARY_DELETE__HLO_to_P__primary_5y__M1__ridge__AUS,ITA,2010,2014,20,10.0,5.0,0.2631578947368421
PRIMARY_DELETE__HLO_to_P__primary_5y__M1__ridge__AUS,JOR,2010,2014,20,18.0,17.0,0.05263157894736842
PRIMARY_DELETE__HLO_to_P__primary_5y__M1__ridge__AUS,KAZ,2010,2014,20,13.0,9.0,0.21052631578947367
PRIMARY_DELETE__HLO_to_P__primary_5y__M1__ridge__AUS,KOR,2010,2014,20,2.0,1.0,0.05263157894736842
PRIMARY_DELETE__HLO_to_P__primary_5y__M1__ridge__AUS,MAR,2010,2014,20,19.0,19.0,0.0
PRIMARY_DELETE__HLO_to_P__primary_5y__M1__ridge__AUS,MEX,2010,2014,20,7.0,11.0,0.21052631578947367
PRIMARY_DELETE__HLO_to_P__primary_5y__M1__ridge__AUS,OMN,2010,2014,20,11.0,18.0,0.3684210526315789
PRIMARY_DELETE__HLO_to_P__primary_5y__M1__ridge__AUS,POL,2010,2014,20,4.0,3.0,0.05263157894736842
PRIMARY_DELETE__HLO_to_P__primary_5y__M1__ridge__AUS,SAU,2010,2014,20,16.0,14.0,0.10526315789473684
PRIMARY_DELETE__HLO_to_P__primary_5y__M1__ridge__AUS,SRB,2010,2014,20,5.0,8.0,0.15789473684210525
PRIMARY_DELETE__HLO_to_P__primary_5y__M1__ridge__AUS,ZAF,2010,2014,20,14.0,16.0,0.10526315789473684
PRIMARY_DELETE__HLO_to_P__primary_5y__M1__ridge__AUS,BHR,2015,2017,8,8.0,5.0,0.42857142857142855
PRIMARY_DELETE__HLO_to_P__primary_5y__M1__ridge__AUS,DEU,2015,2017,8,3.0,4.0,0.14285714285714285
PRIMARY_DELETE__HLO_to_P__primary_5y__M1__ridge__AUS,EGY,2015,2017,8,7.0,8.0,0.14285714285714285
PRIMARY_DELETE__HLO_to_P__primary_5y__M1__ridge__AUS,IDN,2015,2017,8,6.0,6.0,0.0
PRIMARY_DELETE__HLO_to_P__primary_5y__M1__ridge__AUS,JPN,2015,2017,8,2.0,1.0,0.14285714285714285
PRIMARY_DELETE__HLO_to_P__primary_5y__M1__ridge__AUS,POL,2015,2017,8,1.0,3.0,0.2857142857142857
PRIMARY_DELETE__HLO_to_P__primary_5y__M1__ridge__AUS,RUS,2015,2017,8,4.0,2.0,0.2857142857142857
PRIMARY_DELETE__HLO_to_P__primary_5y__M1__ridge__AUS,SAU,2015,2017,8,5.0,7.0,0.2857142857142857
PRIMARY_DELETE__HLO_to_P__primary_5y__M1__ridge__AUT,ISL,2000,2004,7,2.0,4.0,0.3333333333333333
PRIMARY_DELETE__HLO_to_P__primary_5y__M1__ridge__AUT,LTU,2000,2004,7,4.0,3.0,0.16666666666666666
PRIMARY_DELETE__HLO_to_P__primary_5y__M1__ridge__AUT,NLD,2000,2004,7,3.0,1.0,0.3333333333333333
PRIMARY_DELETE__HLO_to_P__primary_5y__M1__ridge__AUT,NOR,2000,2004,7,1.0,5.0,0.6666666666666666
PRIMARY_DELETE__HLO_to_P__primary_5y__M1__ridge__AUT,PHL,2000,2004,7,6.0,6.0,0.0
PRIMARY_DELETE__HLO_to_P__primary_5y__M1__ridge__AUT,USA,2000,2004,7,5.0,2.0,0.5
PRIMARY_DELETE__HLO_to_P__primary_5y__M1__ridge__AUT,ZAF,2000,2004,7,7.0,7.0,0.0
PRIMARY_DELETE__HLO_to_P__primary_5y__M1__ridge__AUT,BRA,2005,2009,16,11.0,12.0,0.06666666666666667
PRIMARY_DELETE__HLO_to_P__primary_5y__M1__ridge__AUT,CHL,2005,2009,16,12.0,10.0,0.13333333333333333
PRIMARY_DELETE__HLO_to_P__primary_5y__M1__ridge__AUT,CRI,2005,2009,16,9.0,9.0,0.0
PRIMARY_DELETE__HLO_to_P__primary_5y__M1__ridge__AUT,DEU,2005,2009,16,3.0,4.0,0.06666666666666667
PRIMARY_DELETE__HLO_to_P__primary_5y__M1__ridge__AUT,IDN,2005,2009,16,15.0,13.0,0.13333333333333333
PRIMARY_DELETE__HLO_to_P__primary_5y__M1__ridge__AUT,IRN,2005,2009,16,14.0,11.0,0.2
PRIMARY_DELETE__HLO_to_P__primary_5y__M1__ridge__AUT,ITA,2005,2009,16,8.0,5.0,0.2
PRIMARY_DELETE__HLO_to_P__primary_5y__M1__ridge__AUT,JPN,2005,2009,16,1.0,1.0,0.0
PRIMARY_DELETE__HLO_to_P__primary_5y__M1__ridge__AUT,MAR,2005,2009,16,16.0,15.0,0.06666666666666667
PRIMARY_DELETE__HLO_to_P__primary_5y__M1__ridge__AUT,NLD,2005,2009,16,2.0,2.0,0.0
PRIMARY_DELETE__HLO_to_P__primary_5y__M1__ridge__AUT,NOR,2005,2009,16,5.0,7.0,0.13333333333333333
PRIMARY_DELETE__HLO_to_P__primary_5y__M1__ridge__AUT,PER,2005,2009,16,7.0,14.0,0.4666666666666667
PRIMARY_DELETE__HLO_to_P__primary_5y__M1__ridge__AUT,POL,2005,2009,16,6.0,3.0,0.2
PRIMARY_DELETE__HLO_to_P__primary_5y__M1__ridge__AUT,QAT,2005,2009,16,13.0,16.0,0.2
PRIMARY_DELETE__HLO_to_P__primary_5y__M1__ridge__AUT,SVN,2005,2009,16,4.0,6.0,0.13333333333333333
PRIMARY_DELETE__HLO_to_P__primary_5y__M1__ridge__AUT,UKR,2005,2009,16,10.0,8.0,0.13333333333333333
PRIMARY_DELETE__HLO_to_P__primary_5y__M1__ridge__AUT,BRA,2010,2014,20,9.0,12.0,0.15789473684210525
PRIMARY_DELETE__HLO_to_P__primary_5y__M1__ridge__AUT,CHL,2010,2014,20,17.0,10.0,0.3684210526315789
PRIMARY_DELETE__HLO_to_P__primary_5y__M1__ridge__AUT,COL,2010,2014,20,12.0,13.0,0.05263157894736842
PRIMARY_DELETE__HLO_to_P__primary_5y__M1__ridge__AUT,DEU,2010,2014,20,3.0,4.0,0.05263157894736842
PRIMARY_DELETE__HLO_to_P__primary_5y__M1__ridge__AUT,ESP,2010,2014,20,6.0,7.0,0.05263157894736842
PRIMARY_DELETE__HLO_to_P__primary_5y__M1__ridge__AUT,FIN,2010,2014,20,1.0,2.0,0.05263157894736842
PRIMARY_DELETE__HLO_to_P__primary_5y__M1__ridge__AUT,GHA,2010,2014,20,20.0,20.0,0.0
PRIMARY_DELETE__HLO_to_P__primary_5y__M1__ridge__AUT,HRV,2010,2014,20,8.0,6.0,0.10526315789473684
PRIMARY_DELETE__HLO_to_P__primary_5y__M1__ridge__AUT,IDN,2010,2014,20,15.0,15.0,0.0
PRIMARY_DELETE__HLO_to_P__primary_5y__M1__ridge__AUT,ITA,2010,2014,20,10.0,5.0,0.2631578947368421
PRIMARY_DELETE__HLO_to_P__primary_5y__M1__ridge__AUT,JOR,2010,2014,20,18.0,17.0,0.05263157894736842
PRIMARY_DELETE__HLO_to_P__primary_5y__M1__ridge__AUT,KAZ,2010,2014,20,13.0,9.0,0.21052631578947367
PRIMARY_DELETE__HLO_to_P__primary_5y__M1__ridge__AUT,KOR,2010,2014,20,2.0,1.0,0.05263157894736842
PRIMARY_DELETE__HLO_to_P__primary_5y__M1__ridge__AUT,MAR,2010,2014,20,19.0,19.0,0.0
PRIMARY_DELETE__HLO_to_P__primary_5y__M1__ridge__AUT,MEX,2010,2014,20,7.0,11.0,0.21052631578947367
PRIMARY_DELETE__HLO_to_P__primary_5y__M1__ridge__AUT,OMN,2010,2014,20,11.0,18.0,0.3684210526315789
PRIMARY_DELETE__HLO_to_P__primary_5y__M1__ridge__AUT,POL,2010,2014,20,4.0,3.0,0.05263157894736842
PRIMARY_DELETE__HLO_to_P__primary_5y__M1__ridge__AUT,SAU,2010,2014,20,16.0,14.0,0.10526315789473684
PRIMARY_DELETE__HLO_to_P__primary_5y__M1__ridge__AUT,SRB,2010,2014,20,5.0,8.0,0.15789473684210525
PRIMARY_DELETE__HLO_to_P__primary_5y__M1__ridge__AUT,ZAF,2010,2014,20,14.0,16.0,0.10526315789473684
PRIMARY_DELETE__HLO_to_P__primary_5y__M1__ridge__AUT,AUS,2015,2017,9,4.0,4.0,0.0
PRIMARY_DELETE__HLO_to_P__primary_5y__M1__ridge__AUT,BHR,2015,2017,9,9.0,6.0,0.375
PRIMARY_DELETE__HLO_to_P__primary_5y__M1__ridge__AUT,DEU,2015,2017,9,3.0,5.0,0.25
PRIMARY_DELETE__HLO_to_P__primary_5y__M1__ridge__AUT,EGY,2015,2017,9,8.0,9.0,0.125
PRIMARY_DELETE__HLO_to_P__primary_5y__M1__ridge__AUT,IDN,2015,2017,9,7.0,7.0,0.0
PRIMARY_DELETE__HLO_to_P__primary_5y__M1__ridge__AUT,JPN,2015,2017,9,2.0,1.0,0.125
PRIMARY_DELETE__HLO_to_P__primary_5y__M1__ridge__AUT,POL,2015,2017,9,1.0,3.0,0.25
PRIMARY_DELETE__HLO_to_P__primary_5y__M1__ridge__AUT,RUS,2015,2017,9,5.0,2.0,0.375
PRIMARY_DELETE__HLO_to_P__primary_5y__M1__ridge__AUT,SAU,2015,2017,9,6.0,8.0,0.25
PRIMARY_DELETE__HLO_to_P__primary_5y__M1__ridge__BHR,ISL,2000,2004,7,2.0,4.0,0.3333333333333333
PRIMARY_DELETE__HLO_to_P__primary_5y__M1__ridge__BHR,LTU,2000,2004,7,4.0,3.0,0.16666666666666666
PRIMARY_DELETE__HLO_to_P__primary_5y__M1__ridge__BHR,NLD,2000,2004,7,3.0,1.0,0.3333333333333333
PRIMARY_DELETE__HLO_to_P__primary_5y__M1__ridge__BHR,NOR,2000,2004,7,1.0,5.0,0.6666666666666666
PRIMARY_DELETE__HLO_to_P__primary_5y__M1__ridge__BHR,PHL,2000,2004,7,6.0,6.0,0.0
PRIMARY_DELETE__HLO_to_P__primary_5y__M1__ridge__BHR,USA,2000,2004,7,5.0,2.0,0.5
PRIMARY_DELETE__HLO_to_P__primary_5y__M1__ridge__BHR,ZAF,2000,2004,7,7.0,7.0,0.0
PRIMARY_DELETE__HLO_to_P__primary_5y__M1__ridge__BHR,AUT,2005,2009,17,2.0,5.0,0.1875
PRIMARY_DELETE__HLO_to_P__primary_5y__M1__ridge__BHR,BRA,2005,2009,17,12.0,13.0,0.0625
PRIMARY_DELETE__HLO_to_P__primary_5y__M1__ridge__BHR,CHL,2005,2009,17,13.0,11.0,0.125
PRIMARY_DELETE__HLO_to_P__primary_5y__M1__ridge__BHR,CRI,2005,2009,17,10.0,10.0,0.0
PRIMARY_DELETE__HLO_to_P__primary_5y__M1__ridge__BHR,DEU,2005,2009,17,4.0,3.0,0.0625
PRIMARY_DELETE__HLO_to_P__primary_5y__M1__ridge__BHR,IDN,2005,2009,17,16.0,14.0,0.125
PRIMARY_DELETE__HLO_to_P__primary_5y__M1__ridge__BHR,IRN,2005,2009,17,15.0,12.0,0.1875
PRIMARY_DELETE__HLO_to_P__primary_5y__M1__ridge__BHR,ITA,2005,2009,17,9.0,6.0,0.1875
PRIMARY_DELETE__HLO_to_P__primary_5y__M1__ridge__BHR,JPN,2005,2009,17,1.0,1.0,0.0
PRIMARY_DELETE__HLO_to_P__primary_5y__M1__ridge__BHR,MAR,2005,2009,17,17.0,16.0,0.0625
PRIMARY_DELETE__HLO_to_P__primary_5y__M1__ridge__BHR,NLD,2005,2009,17,3.0,2.0,0.0625
PRIMARY_DELETE__HLO_to_P__primary_5y__M1__ridge__BHR,NOR,2005,2009,17,6.0,8.0,0.125
PRIMARY_DELETE__HLO_to_P__primary_5y__M1__ridge__BHR,PER,2005,2009,17,8.0,15.0,0.4375
PRIMARY_DELETE__HLO_to_P__primary_5y__M1__ridge__BHR,POL,2005,2009,17,7.0,4.0,0.1875
PRIMARY_DELETE__HLO_to_P__primary_5y__M1__ridge__BHR,QAT,2005,2009,17,14.0,17.0,0.1875
PRIMARY_DELETE__HLO_to_P__primary_5y__M1__ridge__BHR,SVN,2005,2009,17,5.0,7.0,0.125
PRIMARY_DELETE__HLO_to_P__primary_5y__M1__ridge__BHR,UKR,2005,2009,17,11.0,9.0,0.125
PRIMARY_DELETE__HLO_to_P__primary_5y__M1__ridge__BHR,BRA,2010,2014,20,9.0,12.0,0.15789473684210525
PRIMARY_DELETE__HLO_to_P__primary_5y__M1__ridge__BHR,CHL,2010,2014,20,17.0,10.0,0.3684210526315789
PRIMARY_DELETE__HLO_to_P__primary_5y__M1__ridge__BHR,COL,2010,2014,20,12.0,13.0,0.05263157894736842
PRIMARY_DELETE__HLO_to_P__primary_5y__M1__ridge__BHR,DEU,2010,2014,20,3.0,3.0,0.0
PRIMARY_DELETE__HLO_to_P__primary_5y__M1__ridge__BHR,ESP,2010,2014,20,6.0,7.0,0.05263157894736842
PRIMARY_DELETE__HLO_to_P__primary_5y__M1__ridge__BHR,FIN,2010,2014,20,1.0,2.0,0.05263157894736842
PRIMARY_DELETE__HLO_to_P__primary_5y__M1__ridge__BHR,GHA,2010,2014,20,20.0,20.0,0.0
PRIMARY_DELETE__HLO_to_P__primary_5y__M1__ridge__BHR,HRV,2010,2014,20,8.0,6.0,0.10526315789473684
PRIMARY_DELETE__HLO_to_P__primary_5y__M1__ridge__BHR,IDN,2010,2014,20,15.0,15.0,0.0
PRIMARY_DELETE__HLO_to_P__primary_5y__M1__ridge__BHR,ITA,2010,2014,20,10.0,5.0,0.2631578947368421
PRIMARY_DELETE__HLO_to_P__primary_5y__M1__ridge__BHR,JOR,2010,2014,20,18.0,16.0,0.10526315789473684
PRIMARY_DELETE__HLO_to_P__primary_5y__M1__ridge__BHR,KAZ,2010,2014,20,13.0,9.0,0.21052631578947367
PRIMARY_DELETE__HLO_to_P__primary_5y__M1__ridge__BHR,KOR,2010,2014,20,2.0,1.0,0.05263157894736842
PRIMARY_DELETE__HLO_to_P__primary_5y__M1__ridge__BHR,MAR,2010,2014,20,19.0,19.0,0.0
PRIMARY_DELETE__HLO_to_P__primary_5y__M1__ridge__BHR,MEX,2010,2014,20,7.0,11.0,0.21052631578947367
PRIMARY_DELETE__HLO_to_P__primary_5y__M1__ridge__BHR,OMN,2010,2014,20,11.0,18.0,0.3684210526315789
PRIMARY_DELETE__HLO_to_P__primary_5y__M1__ridge__BHR,POL,2010,2014,20,4.0,4.0,0.0
PRIMARY_DELETE__HLO_to_P__primary_5y__M1__ridge__BHR,SAU,2010,2014,20,16.0,14.0,0.10526315789473684
PRIMARY_DELETE__HLO_to_P__primary_5y__M1__ridge__BHR,SRB,2010,2014,20,5.0,8.0,0.15789473684210525
PRIMARY_DELETE__HLO_to_P__primary_5y__M1__ridge__BHR,ZAF,2010,2014,20,14.0,17.0,0.15789473684210525
PRIMARY_DELETE__HLO_to_P__primary_5y__M1__ridge__BHR,AUS,2015,2017,8,4.0,5.0,0.14285714285714285
PRIMARY_DELETE__HLO_to_P__primary_5y__M1__ridge__BHR,DEU,2015,2017,8,3.0,4.0,0.14285714285714285
PRIMARY_DELETE__HLO_to_P__primary_5y__M1__ridge__BHR,EGY,2015,2017,8,8.0,8.0,0.0
PRIMARY_DELETE__HLO_to_P__primary_5y__M1__ridge__BHR,IDN,2015,2017,8,7.0,6.0,0.14285714285714285
PRIMARY_DELETE__HLO_to_P__primary_5y__M1__ridge__BHR,JPN,2015,2017,8,2.0,1.0,0.14285714285714285
PRIMARY_DELETE__HLO_to_P__primary_5y__M1__ridge__BHR,POL,2015,2017,8,1.0,3.0,0.2857142857142857
PRIMARY_DELETE__HLO_to_P__primary_5y__M1__ridge__BHR,RUS,2015,2017,8,5.0,2.0,0.42857142857142855
PRIMARY_DELETE__HLO_to_P__primary_5y__M1__ridge__BHR,SAU,2015,2017,8,6.0,7.0,0.14285714285714285
PRIMARY_DELETE__HLO_to_P__primary_5y__M1__ridge__BRA,ISL,2000,2004,7,2.0,4.0,0.3333333333333333
PRIMARY_DELETE__HLO_to_P__primary_5y__M1__ridge__BRA,LTU,2000,2004,7,4.0,3.0,0.16666666666666666
PRIMARY_DELETE__HLO_to_P__primary_5y__M1__ridge__BRA,NLD,2000,2004,7,3.0,1.0,0.3333333333333333
PRIMARY_DELETE__HLO_to_P__primary_5y__M1__ridge__BRA,NOR,2000,2004,7,1.0,5.0,0.6666666666666666
PRIMARY_DELETE__HLO_to_P__primary_5y__M1__ridge__BRA,PHL,2000,2004,7,6.0,6.0,0.0
PRIMARY_DELETE__HLO_to_P__primary_5y__M1__ridge__BRA,USA,2000,2004,7,5.0,2.0,0.5
PRIMARY_DELETE__HLO_to_P__primary_5y__M1__ridge__BRA,ZAF,2000,2004,7,7.0,7.0,0.0
PRIMARY_DELETE__HLO_to_P__primary_5y__M1__ridge__BRA,AUT,2005,2009,16,2.0,7.0,0.3333333333333333
PRIMARY_DELETE__HLO_to_P__primary_5y__M1__ridge__BRA,CHL,2005,2009,16,12.0,11.0,0.06666666666666667
PRIMARY_DELETE__HLO_to_P__primary_5y__M1__ridge__BRA,CRI,2005,2009,16,10.0,10.0,0.0
PRIMARY_DELETE__HLO_to_P__primary_5y__M1__ridge__BRA,DEU,2005,2009,16,4.0,4.0,0.0
PRIMARY_DELETE__HLO_to_P__primary_5y__M1__ridge__BRA,IDN,2005,2009,16,15.0,13.0,0.13333333333333333
PRIMARY_DELETE__HLO_to_P__primary_5y__M1__ridge__BRA,IRN,2005,2009,16,14.0,12.0,0.13333333333333333
PRIMARY_DELETE__HLO_to_P__primary_5y__M1__ridge__BRA,ITA,2005,2009,16,9.0,6.0,0.2
PRIMARY_DELETE__HLO_to_P__primary_5y__M1__ridge__BRA,JPN,2005,2009,16,1.0,2.0,0.06666666666666667
PRIMARY_DELETE__HLO_to_P__primary_5y__M1__ridge__BRA,MAR,2005,2009,16,16.0,15.0,0.06666666666666667
PRIMARY_DELETE__HLO_to_P__primary_5y__M1__ridge__BRA,NLD,2005,2009,16,3.0,1.0,0.13333333333333333
PRIMARY_DELETE__HLO_to_P__primary_5y__M1__ridge__BRA,NOR,2005,2009,16,6.0,8.0,0.13333333333333333
PRIMARY_DELETE__HLO_to_P__primary_5y__M1__ridge__BRA,PER,2005,2009,16,8.0,14.0,0.4
PRIMARY_DELETE__HLO_to_P__primary_5y__M1__ridge__BRA,POL,2005,2009,16,7.0,3.0,0.26666666666666666
PRIMARY_DELETE__HLO_to_P__primary_5y__M1__ridge__BRA,QAT,2005,2009,16,13.0,16.0,0.2
PRIMARY_DELETE__HLO_to_P__primary_5y__M1__ridge__BRA,SVN,2005,2009,16,5.0,5.0,0.0
PRIMARY_DELETE__HLO_to_P__primary_5y__M1__ridge__BRA,UKR,2005,2009,16,11.0,9.0,0.13333333333333333
PRIMARY_DELETE__HLO_to_P__primary_5y__M1__ridge__BRA,CHL,2010,2014,19,16.0,10.0,0.3333333333333333
PRIMARY_DELETE__HLO_to_P__primary_5y__M1__ridge__BRA,COL,2010,2014,19,11.0,12.0,0.05555555555555555
PRIMARY_DELETE__HLO_to_P__primary_5y__M1__ridge__BRA,DEU,2010,2014,19,3.0,3.0,0.0
PRIMARY_DELETE__HLO_to_P__primary_5y__M1__ridge__BRA,ESP,2010,2014,19,6.0,7.0,0.05555555555555555
PRIMARY_DELETE__HLO_to_P__primary_5y__M1__ridge__BRA,FIN,2010,2014,19,1.0,2.0,0.05555555555555555
PRIMARY_DELETE__HLO_to_P__primary_5y__M1__ridge__BRA,GHA,2010,2014,19,19.0,19.0,0.0
PRIMARY_DELETE__HLO_to_P__primary_5y__M1__ridge__BRA,HRV,2010,2014,19,8.0,5.0,0.16666666666666666
PRIMARY_DELETE__HLO_to_P__primary_5y__M1__ridge__BRA,IDN,2010,2014,19,14.0,14.0,0.0
PRIMARY_DELETE__HLO_to_P__primary_5y__M1__ridge__BRA,ITA,2010,2014,19,9.0,6.0,0.16666666666666666
PRIMARY_DELETE__HLO_to_P__primary_5y__M1__ridge__BRA,JOR,2010,2014,19,17.0,15.0,0.1111111111111111
PRIMARY_DELETE__HLO_to_P__primary_5y__M1__ridge__BRA,KAZ,2010,2014,19,12.0,9.0,0.16666666666666666
PRIMARY_DELETE__HLO_to_P__primary_5y__M1__ridge__BRA,KOR,2010,2014,19,2.0,1.0,0.05555555555555555
PRIMARY_DELETE__HLO_to_P__primary_5y__M1__ridge__BRA,MAR,2010,2014,19,18.0,18.0,0.0
PRIMARY_DELETE__HLO_to_P__primary_5y__M1__ridge__BRA,MEX,2010,2014,19,7.0,11.0,0.2222222222222222
PRIMARY_DELETE__HLO_to_P__primary_5y__M1__ridge__BRA,OMN,2010,2014,19,10.0,17.0,0.3888888888888889
PRIMARY_DELETE__HLO_to_P__primary_5y__M1__ridge__BRA,POL,2010,2014,19,4.0,4.0,0.0
PRIMARY_DELETE__HLO_to_P__primary_5y__M1__ridge__BRA,SAU,2010,2014,19,15.0,13.0,0.1111111111111111
PRIMARY_DELETE__HLO_to_P__primary_5y__M1__ridge__BRA,SRB,2010,2014,19,5.0,8.0,0.16666666666666666
PRIMARY_DELETE__HLO_to_P__primary_5y__M1__ridge__BRA,ZAF,2010,2014,19,13.0,16.0,0.16666666666666666
PRIMARY_DELETE__HLO_to_P__primary_5y__M1__ridge__BRA,AUS,2015,2017,9,4.0,4.0,0.0
PRIMARY_DELETE__HLO_to_P__primary_5y__M1__ridge__BRA,BHR,2015,2017,9,9.0,6.0,0.375
PRIMARY_DELETE__HLO_to_P__primary_5y__M1__ridge__BRA,DEU,2015,2017,9,3.0,5.0,0.25
PRIMARY_DELETE__HLO_to_P__primary_5y__M1__ridge__BRA,EGY,2015,2017,9,8.0,9.0,0.125
PRIMARY_DELETE__HLO_to_P__primary_5y__M1__ridge__BRA,IDN,2015,2017,9,7.0,7.0,0.0
PRIMARY_DELETE__HLO_to_P__primary_5y__M1__ridge__BRA,JPN,2015,2017,9,2.0,2.0,0.0
PRIMARY_DELETE__HLO_to_P__primary_5y__M1__ridge__BRA,POL,2015,2017,9,1.0,3.0,0.25
PRIMARY_DELETE__HLO_to_P__primary_5y__M1__ridge__BRA,RUS,2015,2017,9,5.0,1.0,0.5
PRIMARY_DELETE__HLO_to_P__primary_5y__M1__ridge__BRA,SAU,2015,2017,9,6.0,8.0,0.25
PRIMARY_DELETE__HLO_to_P__primary_5y__M1__ridge__CHL,ISL,2000,2004,7,2.0,4.0,0.3333333333333333
PRIMARY_DELETE__HLO_to_P__primary_5y__M1__ridge__CHL,LTU,2000,2004,7,4.0,3.0,0.16666666666666666
PRIMARY_DELETE__HLO_to_P__primary_5y__M1__ridge__CHL,NLD,2000,2004,7,3.0,1.0,0.3333333333333333
PRIMARY_DELETE__HLO_to_P__primary_5y__M1__ridge__CHL,NOR,2000,2004,7,1.0,5.0,0.6666666666666666
PRIMARY_DELETE__HLO_to_P__primary_5y__M1__ridge__CHL,PHL,2000,2004,7,6.0,6.0,0.0
PRIMARY_DELETE__HLO_to_P__primary_5y__M1__ridge__CHL,USA,2000,2004,7,5.0,2.0,0.5
PRIMARY_DELETE__HLO_to_P__primary_5y__M1__ridge__CHL,ZAF,2000,2004,7,7.0,7.0,0.0
PRIMARY_DELETE__HLO_to_P__primary_5y__M1__ridge__CHL,AUT,2005,2009,16,2.0,5.0,0.2
PRIMARY_DELETE__HLO_to_P__primary_5y__M1__ridge__CHL,BRA,2005,2009,16,12.0,12.0,0.0
PRIMARY_DELETE__HLO_to_P__primary_5y__M1__ridge__CHL,CRI,2005,2009,16,10.0,10.0,0.0
PRIMARY_DELETE__HLO_to_P__primary_5y__M1__ridge__CHL,DEU,2005,2009,16,4.0,4.0,0.0
PRIMARY_DELETE__HLO_to_P__primary_5y__M1__ridge__CHL,IDN,2005,2009,16,15.0,13.0,0.13333333333333333
PRIMARY_DELETE__HLO_to_P__primary_5y__M1__ridge__CHL,IRN,2005,2009,16,14.0,11.0,0.2
PRIMARY_DELETE__HLO_to_P__primary_5y__M1__ridge__CHL,ITA,2005,2009,16,9.0,6.0,0.2
PRIMARY_DELETE__HLO_to_P__primary_5y__M1__ridge__CHL,JPN,2005,2009,16,1.0,1.0,0.0
PRIMARY_DELETE__HLO_to_P__primary_5y__M1__ridge__CHL,MAR,2005,2009,16,16.0,15.0,0.06666666666666667
PRIMARY_DELETE__HLO_to_P__primary_5y__M1__ridge__CHL,NLD,2005,2009,16,3.0,2.0,0.06666666666666667
PRIMARY_DELETE__HLO_to_P__primary_5y__M1__ridge__CHL,NOR,2005,2009,16,6.0,8.0,0.13333333333333333
PRIMARY_DELETE__HLO_to_P__primary_5y__M1__ridge__CHL,PER,2005,2009,16,8.0,14.0,0.4
PRIMARY_DELETE__HLO_to_P__primary_5y__M1__ridge__CHL,POL,2005,2009,16,7.0,3.0,0.26666666666666666
PRIMARY_DELETE__HLO_to_P__primary_5y__M1__ridge__CHL,QAT,2005,2009,16,13.0,16.0,0.2
PRIMARY_DELETE__HLO_to_P__primary_5y__M1__ridge__CHL,SVN,2005,2009,16,5.0,7.0,0.13333333333333333
PRIMARY_DELETE__HLO_to_P__primary_5y__M1__ridge__CHL,UKR,2005,2009,16,11.0,9.0,0.13333333333333333
PRIMARY_DELETE__HLO_to_P__primary_5y__M1__ridge__CHL,BRA,2010,2014,19,9.0,11.0,0.1111111111111111
PRIMARY_DELETE__HLO_to_P__primary_5y__M1__ridge__CHL,COL,2010,2014,19,12.0,12.0,0.0
PRIMARY_DELETE__HLO_to_P__primary_5y__M1__ridge__CHL,DEU,2010,2014,19,3.0,4.0,0.05555555555555555
PRIMARY_DELETE__HLO_to_P__primary_5y__M1__ridge__CHL,ESP,2010,2014,19,6.0,7.0,0.05555555555555555
PRIMARY_DELETE__HLO_to_P__primary_5y__M1__ridge__CHL,FIN,2010,2014,19,1.0,2.0,0.05555555555555555
PRIMARY_DELETE__HLO_to_P__primary_5y__M1__ridge__CHL,GHA,2010,2014,19,19.0,19.0,0.0
PRIMARY_DELETE__HLO_to_P__primary_5y__M1__ridge__CHL,HRV,2010,2014,19,8.0,6.0,0.1111111111111111
PRIMARY_DELETE__HLO_to_P__primary_5y__M1__ridge__CHL,IDN,2010,2014,19,15.0,14.0,0.05555555555555555
PRIMARY_DELETE__HLO_to_P__primary_5y__M1__ridge__CHL,ITA,2010,2014,19,10.0,5.0,0.2777777777777778
PRIMARY_DELETE__HLO_to_P__primary_5y__M1__ridge__CHL,JOR,2010,2014,19,17.0,15.0,0.1111111111111111
PRIMARY_DELETE__HLO_to_P__primary_5y__M1__ridge__CHL,KAZ,2010,2014,19,13.0,9.0,0.2222222222222222
PRIMARY_DELETE__HLO_to_P__primary_5y__M1__ridge__CHL,KOR,2010,2014,19,2.0,1.0,0.05555555555555555
PRIMARY_DELETE__HLO_to_P__primary_5y__M1__ridge__CHL,MAR,2010,2014,19,18.0,18.0,0.0
PRIMARY_DELETE__HLO_to_P__primary_5y__M1__ridge__CHL,MEX,2010,2014,19,7.0,10.0,0.16666666666666666
PRIMARY_DELETE__HLO_to_P__primary_5y__M1__ridge__CHL,OMN,2010,2014,19,11.0,17.0,0.3333333333333333
PRIMARY_DELETE__HLO_to_P__primary_5y__M1__ridge__CHL,POL,2010,2014,19,4.0,3.0,0.05555555555555555
PRIMARY_DELETE__HLO_to_P__primary_5y__M1__ridge__CHL,SAU,2010,2014,19,16.0,13.0,0.16666666666666666
PRIMARY_DELETE__HLO_to_P__primary_5y__M1__ridge__CHL,SRB,2010,2014,19,5.0,8.0,0.16666666666666666
PRIMARY_DELETE__HLO_to_P__primary_5y__M1__ridge__CHL,ZAF,2010,2014,19,14.0,16.0,0.1111111111111111
PRIMARY_DELETE__HLO_to_P__primary_5y__M1__ridge__CHL,AUS,2015,2017,9,4.0,4.0,0.0
PRIMARY_DELETE__HLO_to_P__primary_5y__M1__ridge__CHL,BHR,2015,2017,9,9.0,6.0,0.375
PRIMARY_DELETE__HLO_to_P__primary_5y__M1__ridge__CHL,DEU,2015,2017,9,3.0,5.0,0.25
PRIMARY_DELETE__HLO_to_P__primary_5y__M1__ridge__CHL,EGY,2015,2017,9,8.0,9.0,0.125
PRIMARY_DELETE__HLO_to_P__primary_5y__M1__ridge__CHL,IDN,2015,2017,9,7.0,7.0,0.0
PRIMARY_DELETE__HLO_to_P__primary_5y__M1__ridge__CHL,JPN,2015,2017,9,2.0,1.0,0.125
PRIMARY_DELETE__HLO_to_P__primary_5y__M1__ridge__CHL,POL,2015,2017,9,1.0,3.0,0.25
PRIMARY_DELETE__HLO_to_P__primary_5y__M1__ridge__CHL,RUS,2015,2017,9,5.0,2.0,0.375
PRIMARY_DELETE__HLO_to_P__primary_5y__M1__ridge__CHL,SAU,2015,2017,9,6.0,8.0,0.25
PRIMARY_DELETE__HLO_to_P__primary_5y__M1__ridge__COL,ISL,2000,2004,7,2.0,4.0,0.3333333333333333
PRIMARY_DELETE__HLO_to_P__primary_5y__M1__ridge__COL,LTU,2000,2004,7,4.0,3.0,0.16666666666666666
PRIMARY_DELETE__HLO_to_P__primary_5y__M1__ridge__COL,NLD,2000,2004,7,3.0,1.0,0.3333333333333333
PRIMARY_DELETE__HLO_to_P__primary_5y__M1__ridge__COL,NOR,2000,2004,7,1.0,5.0,0.6666666666666666
PRIMARY_DELETE__HLO_to_P__primary_5y__M1__ridge__COL,PHL,2000,2004,7,6.0,6.0,0.0
PRIMARY_DELETE__HLO_to_P__primary_5y__M1__ridge__COL,USA,2000,2004,7,5.0,2.0,0.5
PRIMARY_DELETE__HLO_to_P__primary_5y__M1__ridge__COL,ZAF,2000,2004,7,7.0,7.0,0.0
PRIMARY_DELETE__HLO_to_P__primary_5y__M1__ridge__COL,AUT,2005,2009,17,2.0,5.0,0.1875
PRIMARY_DELETE__HLO_to_P__primary_5y__M1__ridge__COL,BRA,2005,2009,17,12.0,13.0,0.0625
PRIMARY_DELETE__HLO_to_P__primary_5y__M1__ridge__COL,CHL,2005,2009,17,13.0,11.0,0.125
PRIMARY_DELETE__HLO_to_P__primary_5y__M1__ridge__COL,CRI,2005,2009,17,10.0,10.0,0.0
PRIMARY_DELETE__HLO_to_P__primary_5y__M1__ridge__COL,DEU,2005,2009,17,4.0,3.0,0.0625
PRIMARY_DELETE__HLO_to_P__primary_5y__M1__ridge__COL,IDN,2005,2009,17,16.0,14.0,0.125
PRIMARY_DELETE__HLO_to_P__primary_5y__M1__ridge__COL,IRN,2005,2009,17,15.0,12.0,0.1875
PRIMARY_DELETE__HLO_to_P__primary_5y__M1__ridge__COL,ITA,2005,2009,17,9.0,7.0,0.125
PRIMARY_DELETE__HLO_to_P__primary_5y__M1__ridge__COL,JPN,2005,2009,17,1.0,1.0,0.0
PRIMARY_DELETE__HLO_to_P__primary_5y__M1__ridge__COL,MAR,2005,2009,17,17.0,16.0,0.0625
PRIMARY_DELETE__HLO_to_P__primary_5y__M1__ridge__COL,NLD,2005,2009,17,3.0,2.0,0.0625
PRIMARY_DELETE__HLO_to_P__primary_5y__M1__ridge__COL,NOR,2005,2009,17,6.0,8.0,0.125
PRIMARY_DELETE__HLO_to_P__primary_5y__M1__ridge__COL,PER,2005,2009,17,8.0,15.0,0.4375
PRIMARY_DELETE__HLO_to_P__primary_5y__M1__ridge__COL,POL,2005,2009,17,7.0,4.0,0.1875
PRIMARY_DELETE__HLO_to_P__primary_5y__M1__ridge__COL,QAT,2005,2009,17,14.0,17.0,0.1875
PRIMARY_DELETE__HLO_to_P__primary_5y__M1__ridge__COL,SVN,2005,2009,17,5.0,6.0,0.0625
PRIMARY_DELETE__HLO_to_P__primary_5y__M1__ridge__COL,UKR,2005,2009,17,11.0,9.0,0.125
PRIMARY_DELETE__HLO_to_P__primary_5y__M1__ridge__COL,BRA,2010,2014,19,9.0,12.0,0.16666666666666666
PRIMARY_DELETE__HLO_to_P__primary_5y__M1__ridge__COL,CHL,2010,2014,19,16.0,10.0,0.3333333333333333
PRIMARY_DELETE__HLO_to_P__primary_5y__M1__ridge__COL,DEU,2010,2014,19,3.0,3.0,0.0
PRIMARY_DELETE__HLO_to_P__primary_5y__M1__ridge__COL,ESP,2010,2014,19,6.0,7.0,0.05555555555555555
PRIMARY_DELETE__HLO_to_P__primary_5y__M1__ridge__COL,FIN,2010,2014,19,1.0,2.0,0.05555555555555555
PRIMARY_DELETE__HLO_to_P__primary_5y__M1__ridge__COL,GHA,2010,2014,19,19.0,19.0,0.0
PRIMARY_DELETE__HLO_to_P__primary_5y__M1__ridge__COL,HRV,2010,2014,19,8.0,6.0,0.1111111111111111
PRIMARY_DELETE__HLO_to_P__primary_5y__M1__ridge__COL,IDN,2010,2014,19,14.0,14.0,0.0
PRIMARY_DELETE__HLO_to_P__primary_5y__M1__ridge__COL,ITA,2010,2014,19,10.0,5.0,0.2777777777777778
PRIMARY_DELETE__HLO_to_P__primary_5y__M1__ridge__COL,JOR,2010,2014,19,17.0,15.0,0.1111111111111111
PRIMARY_DELETE__HLO_to_P__primary_5y__M1__ridge__COL,KAZ,2010,2014,19,12.0,9.0,0.16666666666666666
PRIMARY_DELETE__HLO_to_P__primary_5y__M1__ridge__COL,KOR,2010,2014,19,2.0,1.0,0.05555555555555555
PRIMARY_DELETE__HLO_to_P__primary_5y__M1__ridge__COL,MAR,2010,2014,19,18.0,18.0,0.0
PRIMARY_DELETE__HLO_to_P__primary_5y__M1__ridge__COL,MEX,2010,2014,19,7.0,11.0,0.2222222222222222
PRIMARY_DELETE__HLO_to_P__primary_5y__M1__ridge__COL,OMN,2010,2014,19,11.0,17.0,0.3333333333333333
PRIMARY_DELETE__HLO_to_P__primary_5y__M1__ridge__COL,POL,2010,2014,19,4.0,4.0,0.0
PRIMARY_DELETE__HLO_to_P__primary_5y__M1__ridge__COL,SAU,2010,2014,19,15.0,13.0,0.1111111111111111
PRIMARY_DELETE__HLO_to_P__primary_5y__M1__ridge__COL,SRB,2010,2014,19,5.0,8.0,0.16666666666666666
PRIMARY_DELETE__HLO_to_P__primary_5y__M1__ridge__COL,ZAF,2010,2014,19,13.0,16.0,0.16666666666666666
PRIMARY_DELETE__HLO_to_P__primary_5y__M1__ridge__COL,AUS,2015,2017,9,4.0,5.0,0.125
PRIMARY_DELETE__HLO_to_P__primary_5y__M1__ridge__COL,BHR,2015,2017,9,9.0,6.0,0.375
PRIMARY_DELETE__HLO_to_P__primary_5y__M1__ridge__COL,DEU,2015,2017,9,3.0,4.0,0.125
PRIMARY_DELETE__HLO_to_P__primary_5y__M1__ridge__COL,EGY,2015,2017,9,8.0,9.0,0.125
PRIMARY_DELETE__HLO_to_P__primary_5y__M1__ridge__COL,IDN,2015,2017,9,7.0,7.0,0.0
PRIMARY_DELETE__HLO_to_P__primary_5y__M1__ridge__COL,JPN,2015,2017,9,2.0,1.0,0.125
PRIMARY_DELETE__HLO_to_P__primary_5y__M1__ridge__COL,POL,2015,2017,9,1.0,3.0,0.25
PRIMARY_DELETE__HLO_to_P__primary_5y__M1__ridge__COL,RUS,2015,2017,9,5.0,2.0,0.375
PRIMARY_DELETE__HLO_to_P__primary_5y__M1__ridge__COL,SAU,2015,2017,9,6.0,8.0,0.25
PRIMARY_DELETE__HLO_to_P__primary_5y__M1__ridge__CRI,ISL,2000,2004,7,2.0,4.0,0.3333333333333333
PRIMARY_DELETE__HLO_to_P__primary_5y__M1__ridge__CRI,LTU,2000,2004,7,4.0,3.0,0.16666666666666666
PRIMARY_DELETE__HLO_to_P__primary_5y__M1__ridge__CRI,NLD,2000,2004,7,3.0,1.0,0.3333333333333333
PRIMARY_DELETE__HLO_to_P__primary_5y__M1__ridge__CRI,NOR,2000,2004,7,1.0,5.0,0.6666666666666666
PRIMARY_DELETE__HLO_to_P__primary_5y__M1__ridge__CRI,PHL,2000,2004,7,6.0,6.0,0.0
PRIMARY_DELETE__HLO_to_P__primary_5y__M1__ridge__CRI,USA,2000,2004,7,5.0,2.0,0.5
PRIMARY_DELETE__HLO_to_P__primary_5y__M1__ridge__CRI,ZAF,2000,2004,7,7.0,7.0,0.0
PRIMARY_DELETE__HLO_to_P__primary_5y__M1__ridge__CRI,AUT,2005,2009,16,2.0,5.0,0.2
PRIMARY_DELETE__HLO_to_P__primary_5y__M1__ridge__CRI,BRA,2005,2009,16,11.0,12.0,0.06666666666666667
PRIMARY_DELETE__HLO_to_P__primary_5y__M1__ridge__CRI,CHL,2005,2009,16,12.0,10.0,0.13333333333333333
PRIMARY_DELETE__HLO_to_P__primary_5y__M1__ridge__CRI,DEU,2005,2009,16,4.0,3.0,0.06666666666666667
PRIMARY_DELETE__HLO_to_P__primary_5y__M1__ridge__CRI,IDN,2005,2009,16,15.0,13.0,0.13333333333333333
PRIMARY_DELETE__HLO_to_P__primary_5y__M1__ridge__CRI,IRN,2005,2009,16,14.0,11.0,0.2
PRIMARY_DELETE__HLO_to_P__primary_5y__M1__ridge__CRI,ITA,2005,2009,16,9.0,6.0,0.2
PRIMARY_DELETE__HLO_to_P__primary_5y__M1__ridge__CRI,JPN,2005,2009,16,1.0,1.0,0.0
PRIMARY_DELETE__HLO_to_P__primary_5y__M1__ridge__CRI,MAR,2005,2009,16,16.0,15.0,0.06666666666666667
PRIMARY_DELETE__HLO_to_P__primary_5y__M1__ridge__CRI,NLD,2005,2009,16,3.0,2.0,0.06666666666666667
PRIMARY_DELETE__HLO_to_P__primary_5y__M1__ridge__CRI,NOR,2005,2009,16,6.0,8.0,0.13333333333333333
PRIMARY_DELETE__HLO_to_P__primary_5y__M1__ridge__CRI,PER,2005,2009,16,8.0,14.0,0.4
PRIMARY_DELETE__HLO_to_P__primary_5y__M1__ridge__CRI,POL,2005,2009,16,7.0,4.0,0.2
PRIMARY_DELETE__HLO_to_P__primary_5y__M1__ridge__CRI,QAT,2005,2009,16,13.0,16.0,0.2
PRIMARY_DELETE__HLO_to_P__primary_5y__M1__ridge__CRI,SVN,2005,2009,16,5.0,7.0,0.13333333333333333
PRIMARY_DELETE__HLO_to_P__primary_5y__M1__ridge__CRI,UKR,2005,2009,16,10.0,9.0,0.06666666666666667
PRIMARY_DELETE__HLO_to_P__primary_5y__M1__ridge__CRI,BRA,2010,2014,20,9.0,12.0,0.15789473684210525
PRIMARY_DELETE__HLO_to_P__primary_5y__M1__ridge__CRI,CHL,2010,2014,20,17.0,10.0,0.3684210526315789
PRIMARY_DELETE__HLO_to_P__primary_5y__M1__ridge__CRI,COL,2010,2014,20,12.0,13.0,0.05263157894736842
PRIMARY_DELETE__HLO_to_P__primary_5y__M1__ridge__CRI,DEU,2010,2014,20,3.0,3.0,0.0
PRIMARY_DELETE__HLO_to_P__primary_5y__M1__ridge__CRI,ESP,2010,2014,20,6.0,7.0,0.05263157894736842
PRIMARY_DELETE__HLO_to_P__primary_5y__M1__ridge__CRI,FIN,2010,2014,20,1.0,2.0,0.05263157894736842
PRIMARY_DELETE__HLO_to_P__primary_5y__M1__ridge__CRI,GHA,2010,2014,20,20.0,20.0,0.0
PRIMARY_DELETE__HLO_to_P__primary_5y__M1__ridge__CRI,HRV,2010,2014,20,8.0,6.0,0.10526315789473684
PRIMARY_DELETE__HLO_to_P__primary_5y__M1__ridge__CRI,IDN,2010,2014,20,15.0,15.0,0.0
PRIMARY_DELETE__HLO_to_P__primary_5y__M1__ridge__CRI,ITA,2010,2014,20,10.0,5.0,0.2631578947368421
PRIMARY_DELETE__HLO_to_P__primary_5y__M1__ridge__CRI,JOR,2010,2014,20,18.0,16.0,0.10526315789473684
PRIMARY_DELETE__HLO_to_P__primary_5y__M1__ridge__CRI,KAZ,2010,2014,20,13.0,9.0,0.21052631578947367
PRIMARY_DELETE__HLO_to_P__primary_5y__M1__ridge__CRI,KOR,2010,2014,20,2.0,1.0,0.05263157894736842
PRIMARY_DELETE__HLO_to_P__primary_5y__M1__ridge__CRI,MAR,2010,2014,20,19.0,19.0,0.0
PRIMARY_DELETE__HLO_to_P__primary_5y__M1__ridge__CRI,MEX,2010,2014,20,7.0,11.0,0.21052631578947367
PRIMARY_DELETE__HLO_to_P__primary_5y__M1__ridge__CRI,OMN,2010,2014,20,11.0,18.0,0.3684210526315789
PRIMARY_DELETE__HLO_to_P__primary_5y__M1__ridge__CRI,POL,2010,2014,20,4.0,4.0,0.0
PRIMARY_DELETE__HLO_to_P__primary_5y__M1__ridge__CRI,SAU,2010,2014,20,16.0,14.0,0.10526315789473684
PRIMARY_DELETE__HLO_to_P__primary_5y__M1__ridge__CRI,SRB,2010,2014,20,5.0,8.0,0.15789473684210525
PRIMARY_DELETE__HLO_to_P__primary_5y__M1__ridge__CRI,ZAF,2010,2014,20,14.0,17.0,0.15789473684210525
PRIMARY_DELETE__HLO_to_P__primary_5y__M1__ridge__CRI,AUS,2015,2017,9,4.0,5.0,0.125
PRIMARY_DELETE__HLO_to_P__primary_5y__M1__ridge__CRI,BHR,2015,2017,9,9.0,6.0,0.375
PRIMARY_DELETE__HLO_to_P__primary_5y__M1__ridge__CRI,DEU,2015,2017,9,3.0,4.0,0.125
PRIMARY_DELETE__HLO_to_P__primary_5y__M1__ridge__CRI,EGY,2015,2017,9,8.0,9.0,0.125
PRIMARY_DELETE__HLO_to_P__primary_5y__M1__ridge__CRI,IDN,2015,2017,9,7.0,7.0,0.0
PRIMARY_DELETE__HLO_to_P__primary_5y__M1__ridge__CRI,JPN,2015,2017,9,2.0,1.0,0.125
PRIMARY_DELETE__HLO_to_P__primary_5y__M1__ridge__CRI,POL,2015,2017,9,1.0,3.0,0.25
PRIMARY_DELETE__HLO_to_P__primary_5y__M1__ridge__CRI,RUS,2015,2017,9,5.0,2.0,0.375
PRIMARY_DELETE__HLO_to_P__primary_5y__M1__ridge__CRI,SAU,2015,2017,9,6.0,8.0,0.25
PRIMARY_DELETE__HLO_to_P__primary_5y__M1__ridge__DEU,ISL,2000,2004,7,2.0,4.0,0.3333333333333333
PRIMARY_DELETE__HLO_to_P__primary_5y__M1__ridge__DEU,LTU,2000,2004,7,4.0,3.0,0.16666666666666666
PRIMARY_DELETE__HLO_to_P__primary_5y__M1__ridge__DEU,NLD,2000,2004,7,3.0,1.0,0.3333333333333333
PRIMARY_DELETE__HLO_to_P__primary_5y__M1__ridge__DEU,NOR,2000,2004,7,1.0,5.0,0.6666666666666666
PRIMARY_DELETE__HLO_to_P__primary_5y__M1__ridge__DEU,PHL,2000,2004,7,6.0,6.0,0.0
PRIMARY_DELETE__HLO_to_P__primary_5y__M1__ridge__DEU,USA,2000,2004,7,5.0,2.0,0.5
PRIMARY_DELETE__HLO_to_P__primary_5y__M1__ridge__DEU,ZAF,2000,2004,7,7.0,7.0,0.0
PRIMARY_DELETE__HLO_to_P__primary_5y__M1__ridge__DEU,AUT,2005,2009,16,2.0,6.0,0.26666666666666666
PRIMARY_DELETE__HLO_to_P__primary_5y__M1__ridge__DEU,BRA,2005,2009,16,11.0,12.0,0.06666666666666667
PRIMARY_DELETE__HLO_to_P__primary_5y__M1__ridge__DEU,CHL,2005,2009,16,12.0,10.0,0.13333333333333333
PRIMARY_DELETE__HLO_to_P__primary_5y__M1__ridge__DEU,CRI,2005,2009,16,9.0,9.0,0.0
PRIMARY_DELETE__HLO_to_P__primary_5y__M1__ridge__DEU,IDN,2005,2009,16,15.0,13.0,0.13333333333333333
PRIMARY_DELETE__HLO_to_P__primary_5y__M1__ridge__DEU,IRN,2005,2009,16,14.0,11.0,0.2
PRIMARY_DELETE__HLO_to_P__primary_5y__M1__ridge__DEU,ITA,2005,2009,16,8.0,5.0,0.2
PRIMARY_DELETE__HLO_to_P__primary_5y__M1__ridge__DEU,JPN,2005,2009,16,1.0,2.0,0.06666666666666667
PRIMARY_DELETE__HLO_to_P__primary_5y__M1__ridge__DEU,MAR,2005,2009,16,16.0,15.0,0.06666666666666667
PRIMARY_DELETE__HLO_to_P__primary_5y__M1__ridge__DEU,NLD,2005,2009,16,3.0,1.0,0.13333333333333333
PRIMARY_DELETE__HLO_to_P__primary_5y__M1__ridge__DEU,NOR,2005,2009,16,5.0,7.0,0.13333333333333333
PRIMARY_DELETE__HLO_to_P__primary_5y__M1__ridge__DEU,PER,2005,2009,16,7.0,14.0,0.4666666666666667
PRIMARY_DELETE__HLO_to_P__primary_5y__M1__ridge__DEU,POL,2005,2009,16,6.0,3.0,0.2
PRIMARY_DELETE__HLO_to_P__primary_5y__M1__ridge__DEU,QAT,2005,2009,16,13.0,16.0,0.2
PRIMARY_DELETE__HLO_to_P__primary_5y__M1__ridge__DEU,SVN,2005,2009,16,4.0,4.0,0.0
PRIMARY_DELETE__HLO_to_P__primary_5y__M1__ridge__DEU,UKR,2005,2009,16,10.0,8.0,0.13333333333333333
PRIMARY_DELETE__HLO_to_P__primary_5y__M1__ridge__DEU,BRA,2010,2014,19,8.0,11.0,0.16666666666666666
PRIMARY_DELETE__HLO_to_P__primary_5y__M1__ridge__DEU,CHL,2010,2014,19,16.0,9.0,0.3888888888888889
PRIMARY_DELETE__HLO_to_P__primary_5y__M1__ridge__DEU,COL,2010,2014,19,11.0,13.0,0.1111111111111111
PRIMARY_DELETE__HLO_to_P__primary_5y__M1__ridge__DEU,ESP,2010,2014,19,5.0,6.0,0.05555555555555555
PRIMARY_DELETE__HLO_to_P__primary_5y__M1__ridge__DEU,FIN,2010,2014,19,1.0,2.0,0.05555555555555555
PRIMARY_DELETE__HLO_to_P__primary_5y__M1__ridge__DEU,GHA,2010,2014,19,19.0,19.0,0.0
PRIMARY_DELETE__HLO_to_P__primary_5y__M1__ridge__DEU,HRV,2010,2014,19,7.0,4.0,0.16666666666666666
PRIMARY_DELETE__HLO_to_P__primary_5y__M1__ridge__DEU,IDN,2010,2014,19,14.0,14.0,0.0
PRIMARY_DELETE__HLO_to_P__primary_5y__M1__ridge__DEU,ITA,2010,2014,19,9.0,5.0,0.2222222222222222
PRIMARY_DELETE__HLO_to_P__primary_5y__M1__ridge__DEU,JOR,2010,2014,19,17.0,15.0,0.1111111111111111
PRIMARY_DELETE__HLO_to_P__primary_5y__M1__ridge__DEU,KAZ,2010,2014,19,12.0,8.0,0.2222222222222222
PRIMARY_DELETE__HLO_to_P__primary_5y__M1__ridge__DEU,KOR,2010,2014,19,2.0,1.0,0.05555555555555555
PRIMARY_DELETE__HLO_to_P__primary_5y__M1__ridge__DEU,MAR,2010,2014,19,18.0,18.0,0.0
PRIMARY_DELETE__HLO_to_P__primary_5y__M1__ridge__DEU,MEX,2010,2014,19,6.0,10.0,0.2222222222222222
PRIMARY_DELETE__HLO_to_P__primary_5y__M1__ridge__DEU,OMN,2010,2014,19,10.0,17.0,0.3888888888888889
PRIMARY_DELETE__HLO_to_P__primary_5y__M1__ridge__DEU,POL,2010,2014,19,3.0,3.0,0.0
PRIMARY_DELETE__HLO_to_P__primary_5y__M1__ridge__DEU,SAU,2010,2014,19,15.0,12.0,0.16666666666666666
PRIMARY_DELETE__HLO_to_P__primary_5y__M1__ridge__DEU,SRB,2010,2014,19,4.0,7.0,0.16666666666666666
PRIMARY_DELETE__HLO_to_P__primary_5y__M1__ridge__DEU,ZAF,2010,2014,19,13.0,16.0,0.16666666666666666
PRIMARY_DELETE__HLO_to_P__primary_5y__M1__ridge__DEU,AUS,2015,2017,8,3.0,4.0,0.14285714285714285
PRIMARY_DELETE__HLO_to_P__primary_5y__M1__ridge__DEU,BHR,2015,2017,8,8.0,5.0,0.42857142857142855
PRIMARY_DELETE__HLO_to_P__primary_5y__M1__ridge__DEU,EGY,2015,2017,8,7.0,8.0,0.14285714285714285
PRIMARY_DELETE__HLO_to_P__primary_5y__M1__ridge__DEU,IDN,2015,2017,8,6.0,6.0,0.0
PRIMARY_DELETE__HLO_to_P__primary_5y__M1__ridge__DEU,JPN,2015,2017,8,2.0,2.0,0.0
PRIMARY_DELETE__HLO_to_P__primary_5y__M1__ridge__DEU,POL,2015,2017,8,1.0,3.0,0.2857142857142857
PRIMARY_DELETE__HLO_to_P__primary_5y__M1__ridge__DEU,RUS,2015,2017,8,4.0,1.0,0.42857142857142855
PRIMARY_DELETE__HLO_to_P__primary_5y__M1__ridge__DEU,SAU,2015,2017,8,5.0,7.0,0.2857142857142857
PRIMARY_DELETE__HLO_to_P__primary_5y__M1__ridge__EGY,ISL,2000,2004,7,2.0,4.0,0.3333333333333333
PRIMARY_DELETE__HLO_to_P__primary_5y__M1__ridge__EGY,LTU,2000,2004,7,4.0,3.0,0.16666666666666666
PRIMARY_DELETE__HLO_to_P__primary_5y__M1__ridge__EGY,NLD,2000,2004,7,3.0,1.0,0.3333333333333333
PRIMARY_DELETE__HLO_to_P__primary_5y__M1__ridge__EGY,NOR,2000,2004,7,1.0,5.0,0.6666666666666666
PRIMARY_DELETE__HLO_to_P__primary_5y__M1__ridge__EGY,PHL,2000,2004,7,6.0,6.0,0.0
PRIMARY_DELETE__HLO_to_P__primary_5y__M1__ridge__EGY,USA,2000,2004,7,5.0,2.0,0.5
PRIMARY_DELETE__HLO_to_P__primary_5y__M1__ridge__EGY,ZAF,2000,2004,7,7.0,7.0,0.0
PRIMARY_DELETE__HLO_to_P__primary_5y__M1__ridge__EGY,AUT,2005,2009,17,2.0,5.0,0.1875
PRIMARY_DELETE__HLO_to_P__primary_5y__M1__ridge__EGY,BRA,2005,2009,17,12.0,13.0,0.0625
PRIMARY_DELETE__HLO_to_P__primary_5y__M1__ridge__EGY,CHL,2005,2009,17,13.0,11.0,0.125
PRIMARY_DELETE__HLO_to_P__primary_5y__M1__ridge__EGY,CRI,2005,2009,17,10.0,10.0,0.0
PRIMARY_DELETE__HLO_to_P__primary_5y__M1__ridge__EGY,DEU,2005,2009,17,4.0,3.0,0.0625
PRIMARY_DELETE__HLO_to_P__primary_5y__M1__ridge__EGY,IDN,2005,2009,17,16.0,14.0,0.125
PRIMARY_DELETE__HLO_to_P__primary_5y__M1__ridge__EGY,IRN,2005,2009,17,15.0,12.0,0.1875
PRIMARY_DELETE__HLO_to_P__primary_5y__M1__ridge__EGY,ITA,2005,2009,17,9.0,7.0,0.125
PRIMARY_DELETE__HLO_to_P__primary_5y__M1__ridge__EGY,JPN,2005,2009,17,1.0,1.0,0.0
PRIMARY_DELETE__HLO_to_P__primary_5y__M1__ridge__EGY,MAR,2005,2009,17,17.0,16.0,0.0625
PRIMARY_DELETE__HLO_to_P__primary_5y__M1__ridge__EGY,NLD,2005,2009,17,3.0,2.0,0.0625
PRIMARY_DELETE__HLO_to_P__primary_5y__M1__ridge__EGY,NOR,2005,2009,17,6.0,8.0,0.125
PRIMARY_DELETE__HLO_to_P__primary_5y__M1__ridge__EGY,PER,2005,2009,17,8.0,15.0,0.4375
PRIMARY_DELETE__HLO_to_P__primary_5y__M1__ridge__EGY,POL,2005,2009,17,7.0,4.0,0.1875
PRIMARY_DELETE__HLO_to_P__primary_5y__M1__ridge__EGY,QAT,2005,2009,17,14.0,17.0,0.1875
PRIMARY_DELETE__HLO_to_P__primary_5y__M1__ridge__EGY,SVN,2005,2009,17,5.0,6.0,0.0625
PRIMARY_DELETE__HLO_to_P__primary_5y__M1__ridge__EGY,UKR,2005,2009,17,11.0,9.0,0.125
PRIMARY_DELETE__HLO_to_P__primary_5y__M1__ridge__EGY,BRA,2010,2014,20,9.0,12.0,0.15789473684210525
PRIMARY_DELETE__HLO_to_P__primary_5y__M1__ridge__EGY,CHL,2010,2014,20,17.0,10.0,0.3684210526315789
PRIMARY_DELETE__HLO_to_P__primary_5y__M1__ridge__EGY,COL,2010,2014,20,12.0,13.0,0.05263157894736842
PRIMARY_DELETE__HLO_to_P__primary_5y__M1__ridge__EGY,DEU,2010,2014,20,3.0,3.0,0.0
PRIMARY_DELETE__HLO_to_P__primary_5y__M1__ridge__EGY,ESP,2010,2014,20,6.0,7.0,0.05263157894736842
PRIMARY_DELETE__HLO_to_P__primary_5y__M1__ridge__EGY,FIN,2010,2014,20,1.0,2.0,0.05263157894736842
PRIMARY_DELETE__HLO_to_P__primary_5y__M1__ridge__EGY,GHA,2010,2014,20,20.0,20.0,0.0
PRIMARY_DELETE__HLO_to_P__primary_5y__M1__ridge__EGY,HRV,2010,2014,20,8.0,6.0,0.10526315789473684
PRIMARY_DELETE__HLO_to_P__primary_5y__M1__ridge__EGY,IDN,2010,2014,20,15.0,15.0,0.0
PRIMARY_DELETE__HLO_to_P__primary_5y__M1__ridge__EGY,ITA,2010,2014,20,10.0,5.0,0.2631578947368421
PRIMARY_DELETE__HLO_to_P__primary_5y__M1__ridge__EGY,JOR,2010,2014,20,18.0,16.0,0.10526315789473684
PRIMARY_DELETE__HLO_to_P__primary_5y__M1__ridge__EGY,KAZ,2010,2014,20,13.0,9.0,0.21052631578947367
PRIMARY_DELETE__HLO_to_P__primary_5y__M1__ridge__EGY,KOR,2010,2014,20,2.0,1.0,0.05263157894736842
PRIMARY_DELETE__HLO_to_P__primary_5y__M1__ridge__EGY,MAR,2010,2014,20,19.0,19.0,0.0
PRIMARY_DELETE__HLO_to_P__primary_5y__M1__ridge__EGY,MEX,2010,2014,20,7.0,11.0,0.21052631578947367
PRIMARY_DELETE__HLO_to_P__primary_5y__M1__ridge__EGY,OMN,2010,2014,20,11.0,18.0,0.3684210526315789
PRIMARY_DELETE__HLO_to_P__primary_5y__M1__ridge__EGY,POL,2010,2014,20,4.0,4.0,0.0
PRIMARY_DELETE__HLO_to_P__primary_5y__M1__ridge__EGY,SAU,2010,2014,20,16.0,14.0,0.10526315789473684
PRIMARY_DELETE__HLO_to_P__primary_5y__M1__ridge__EGY,SRB,2010,2014,20,5.0,8.0,0.15789473684210525
PRIMARY_DELETE__HLO_to_P__primary_5y__M1__ridge__EGY,ZAF,2010,2014,20,14.0,17.0,0.15789473684210525
PRIMARY_DELETE__HLO_to_P__primary_5y__M1__ridge__EGY,AUS,2015,2017,8,4.0,5.0,0.14285714285714285
PRIMARY_DELETE__HLO_to_P__primary_5y__M1__ridge__EGY,BHR,2015,2017,8,8.0,6.0,0.2857142857142857
PRIMARY_DELETE__HLO_to_P__primary_5y__M1__ridge__EGY,DEU,2015,2017,8,3.0,4.0,0.14285714285714285
PRIMARY_DELETE__HLO_to_P__primary_5y__M1__ridge__EGY,IDN,2015,2017,8,7.0,7.0,0.0
PRIMARY_DELETE__HLO_to_P__primary_5y__M1__ridge__EGY,JPN,2015,2017,8,2.0,1.0,0.14285714285714285
PRIMARY_DELETE__HLO_to_P__primary_5y__M1__ridge__EGY,POL,2015,2017,8,1.0,3.0,0.2857142857142857
PRIMARY_DELETE__HLO_to_P__primary_5y__M1__ridge__EGY,RUS,2015,2017,8,5.0,2.0,0.42857142857142855
PRIMARY_DELETE__HLO_to_P__primary_5y__M1__ridge__EGY,SAU,2015,2017,8,6.0,8.0,0.2857142857142857
PRIMARY_DELETE__HLO_to_P__primary_5y__M1__ridge__ESP,ISL,2000,2004,7,2.0,4.0,0.3333333333333333
PRIMARY_DELETE__HLO_to_P__primary_5y__M1__ridge__ESP,LTU,2000,2004,7,4.0,3.0,0.16666666666666666
PRIMARY_DELETE__HLO_to_P__primary_5y__M1__ridge__ESP,NLD,2000,2004,7,3.0,1.0,0.3333333333333333
PRIMARY_DELETE__HLO_to_P__primary_5y__M1__ridge__ESP,NOR,2000,2004,7,1.0,5.0,0.6666666666666666
PRIMARY_DELETE__HLO_to_P__primary_5y__M1__ridge__ESP,PHL,2000,2004,7,6.0,6.0,0.0
PRIMARY_DELETE__HLO_to_P__primary_5y__M1__ridge__ESP,USA,2000,2004,7,5.0,2.0,0.5
PRIMARY_DELETE__HLO_to_P__primary_5y__M1__ridge__ESP,ZAF,2000,2004,7,7.0,7.0,0.0
PRIMARY_DELETE__HLO_to_P__primary_5y__M1__ridge__ESP,AUT,2005,2009,17,2.0,6.0,0.25
PRIMARY_DELETE__HLO_to_P__primary_5y__M1__ridge__ESP,BRA,2005,2009,17,12.0,13.0,0.0625
PRIMARY_DELETE__HLO_to_P__primary_5y__M1__ridge__ESP,CHL,2005,2009,17,13.0,11.0,0.125
PRIMARY_DELETE__HLO_to_P__primary_5y__M1__ridge__ESP,CRI,2005,2009,17,10.0,10.0,0.0
PRIMARY_DELETE__HLO_to_P__primary_5y__M1__ridge__ESP,DEU,2005,2009,17,4.0,4.0,0.0
PRIMARY_DELETE__HLO_to_P__primary_5y__M1__ridge__ESP,IDN,2005,2009,17,16.0,14.0,0.125
PRIMARY_DELETE__HLO_to_P__primary_5y__M1__ridge__ESP,IRN,2005,2009,17,15.0,12.0,0.1875
PRIMARY_DELETE__HLO_to_P__primary_5y__M1__ridge__ESP,ITA,2005,2009,17,9.0,7.0,0.125
PRIMARY_DELETE__HLO_to_P__primary_5y__M1__ridge__ESP,JPN,2005,2009,17,1.0,2.0,0.0625
PRIMARY_DELETE__HLO_to_P__primary_5y__M1__ridge__ESP,MAR,2005,2009,17,17.0,16.0,0.0625
PRIMARY_DELETE__HLO_to_P__primary_5y__M1__ridge__ESP,NLD,2005,2009,17,3.0,1.0,0.125
PRIMARY_DELETE__HLO_to_P__primary_5y__M1__ridge__ESP,NOR,2005,2009,17,6.0,8.0,0.125
PRIMARY_DELETE__HLO_to_P__primary_5y__M1__ridge__ESP,PER,2005,2009,17,8.0,15.0,0.4375
PRIMARY_DELETE__HLO_to_P__primary_5y__M1__ridge__ESP,POL,2005,2009,17,7.0,3.0,0.25
PRIMARY_DELETE__HLO_to_P__primary_5y__M1__ridge__ESP,QAT,2005,2009,17,14.0,17.0,0.1875
PRIMARY_DELETE__HLO_to_P__primary_5y__M1__ridge__ESP,SVN,2005,2009,17,5.0,5.0,0.0
PRIMARY_DELETE__HLO_to_P__primary_5y__M1__ridge__ESP,UKR,2005,2009,17,11.0,9.0,0.125
PRIMARY_DELETE__HLO_to_P__primary_5y__M1__ridge__ESP,BRA,2010,2014,19,8.0,11.0,0.16666666666666666
PRIMARY_DELETE__HLO_to_P__primary_5y__M1__ridge__ESP,CHL,2010,2014,19,16.0,9.0,0.3888888888888889
PRIMARY_DELETE__HLO_to_P__primary_5y__M1__ridge__ESP,COL,2010,2014,19,11.0,12.0,0.05555555555555555
PRIMARY_DELETE__HLO_to_P__primary_5y__M1__ridge__ESP,DEU,2010,2014,19,3.0,3.0,0.0
PRIMARY_DELETE__HLO_to_P__primary_5y__M1__ridge__ESP,FIN,2010,2014,19,1.0,2.0,0.05555555555555555
PRIMARY_DELETE__HLO_to_P__primary_5y__M1__ridge__ESP,GHA,2010,2014,19,19.0,19.0,0.0
PRIMARY_DELETE__HLO_to_P__primary_5y__M1__ridge__ESP,HRV,2010,2014,19,7.0,5.0,0.1111111111111111
PRIMARY_DELETE__HLO_to_P__primary_5y__M1__ridge__ESP,IDN,2010,2014,19,14.0,14.0,0.0
PRIMARY_DELETE__HLO_to_P__primary_5y__M1__ridge__ESP,ITA,2010,2014,19,9.0,6.0,0.16666666666666666
PRIMARY_DELETE__HLO_to_P__primary_5y__M1__ridge__ESP,JOR,2010,2014,19,17.0,15.0,0.1111111111111111
PRIMARY_DELETE__HLO_to_P__primary_5y__M1__ridge__ESP,KAZ,2010,2014,19,12.0,8.0,0.2222222222222222
PRIMARY_DELETE__HLO_to_P__primary_5y__M1__ridge__ESP,KOR,2010,2014,19,2.0,1.0,0.05555555555555555
PRIMARY_DELETE__HLO_to_P__primary_5y__M1__ridge__ESP,MAR,2010,2014,19,18.0,18.0,0.0
PRIMARY_DELETE__HLO_to_P__primary_5y__M1__ridge__ESP,MEX,2010,2014,19,6.0,10.0,0.2222222222222222
PRIMARY_DELETE__HLO_to_P__primary_5y__M1__ridge__ESP,OMN,2010,2014,19,10.0,17.0,0.3888888888888889
PRIMARY_DELETE__HLO_to_P__primary_5y__M1__ridge__ESP,POL,2010,2014,19,4.0,4.0,0.0
PRIMARY_DELETE__HLO_to_P__primary_5y__M1__ridge__ESP,SAU,2010,2014,19,15.0,13.0,0.1111111111111111
PRIMARY_DELETE__HLO_to_P__primary_5y__M1__ridge__ESP,SRB,2010,2014,19,5.0,7.0,0.1111111111111111
PRIMARY_DELETE__HLO_to_P__primary_5y__M1__ridge__ESP,ZAF,2010,2014,19,13.0,16.0,0.16666666666666666
PRIMARY_DELETE__HLO_to_P__primary_5y__M1__ridge__ESP,AUS,2015,2017,9,4.0,4.0,0.0
PRIMARY_DELETE__HLO_to_P__primary_5y__M1__ridge__ESP,BHR,2015,2017,9,9.0,6.0,0.375
PRIMARY_DELETE__HLO_to_P__primary_5y__M1__ridge__ESP,DEU,2015,2017,9,3.0,5.0,0.25
PRIMARY_DELETE__HLO_to_P__primary_5y__M1__ridge__ESP,EGY,2015,2017,9,8.0,9.0,0.125
PRIMARY_DELETE__HLO_to_P__primary_5y__M1__ridge__ESP,IDN,2015,2017,9,7.0,7.0,0.0
PRIMARY_DELETE__HLO_to_P__primary_5y__M1__ridge__ESP,JPN,2015,2017,9,2.0,2.0,0.0
PRIMARY_DELETE__HLO_to_P__primary_5y__M1__ridge__ESP,POL,2015,2017,9,1.0,3.0,0.25
PRIMARY_DELETE__HLO_to_P__primary_5y__M1__ridge__ESP,RUS,2015,2017,9,5.0,1.0,0.5
PRIMARY_DELETE__HLO_to_P__primary_5y__M1__ridge__ESP,SAU,2015,2017,9,6.0,8.0,0.25
PRIMARY_DELETE__HLO_to_P__primary_5y__M1__ridge__FIN,ISL,2000,2004,7,2.0,4.0,0.3333333333333333
PRIMARY_DELETE__HLO_to_P__primary_5y__M1__ridge__FIN,LTU,2000,2004,7,4.0,3.0,0.16666666666666666
PRIMARY_DELETE__HLO_to_P__primary_5y__M1__ridge__FIN,NLD,2000,2004,7,3.0,1.0,0.3333333333333333
PRIMARY_DELETE__HLO_to_P__primary_5y__M1__ridge__FIN,NOR,2000,2004,7,1.0,5.0,0.6666666666666666
PRIMARY_DELETE__HLO_to_P__primary_5y__M1__ridge__FIN,PHL,2000,2004,7,6.0,6.0,0.0
PRIMARY_DELETE__HLO_to_P__primary_5y__M1__ridge__FIN,USA,2000,2004,7,5.0,2.0,0.5
PRIMARY_DELETE__HLO_to_P__primary_5y__M1__ridge__FIN,ZAF,2000,2004,7,7.0,7.0,0.0
PRIMARY_DELETE__HLO_to_P__primary_5y__M1__ridge__FIN,AUT,2005,2009,17,2.0,6.0,0.25
PRIMARY_DELETE__HLO_to_P__primary_5y__M1__ridge__FIN,BRA,2005,2009,17,12.0,13.0,0.0625
PRIMARY_DELETE__HLO_to_P__primary_5y__M1__ridge__FIN,CHL,2005,2009,17,13.0,11.0,0.125
PRIMARY_DELETE__HLO_to_P__primary_5y__M1__ridge__FIN,CRI,2005,2009,17,10.0,10.0,0.0
PRIMARY_DELETE__HLO_to_P__primary_5y__M1__ridge__FIN,DEU,2005,2009,17,4.0,4.0,0.0
PRIMARY_DELETE__HLO_to_P__primary_5y__M1__ridge__FIN,IDN,2005,2009,17,16.0,14.0,0.125
PRIMARY_DELETE__HLO_to_P__primary_5y__M1__ridge__FIN,IRN,2005,2009,17,15.0,12.0,0.1875
PRIMARY_DELETE__HLO_to_P__primary_5y__M1__ridge__FIN,ITA,2005,2009,17,9.0,5.0,0.25
PRIMARY_DELETE__HLO_to_P__primary_5y__M1__ridge__FIN,JPN,2005,2009,17,1.0,1.0,0.0
PRIMARY_DELETE__HLO_to_P__primary_5y__M1__ridge__FIN,MAR,2005,2009,17,17.0,16.0,0.0625
PRIMARY_DELETE__HLO_to_P__primary_5y__M1__ridge__FIN,NLD,2005,2009,17,3.0,2.0,0.0625
PRIMARY_DELETE__HLO_to_P__primary_5y__M1__ridge__FIN,NOR,2005,2009,17,6.0,8.0,0.125
PRIMARY_DELETE__HLO_to_P__primary_5y__M1__ridge__FIN,PER,2005,2009,17,8.0,15.0,0.4375
PRIMARY_DELETE__HLO_to_P__primary_5y__M1__ridge__FIN,POL,2005,2009,17,7.0,3.0,0.25
PRIMARY_DELETE__HLO_to_P__primary_5y__M1__ridge__FIN,QAT,2005,2009,17,14.0,17.0,0.1875
PRIMARY_DELETE__HLO_to_P__primary_5y__M1__ridge__FIN,SVN,2005,2009,17,5.0,7.0,0.125
PRIMARY_DELETE__HLO_to_P__primary_5y__M1__ridge__FIN,UKR,2005,2009,17,11.0,9.0,0.125
PRIMARY_DELETE__HLO_to_P__primary_5y__M1__ridge__FIN,BRA,2010,2014,19,8.0,11.0,0.16666666666666666
PRIMARY_DELETE__HLO_to_P__primary_5y__M1__ridge__FIN,CHL,2010,2014,19,16.0,9.0,0.3888888888888889
PRIMARY_DELETE__HLO_to_P__primary_5y__M1__ridge__FIN,COL,2010,2014,19,11.0,12.0,0.05555555555555555
PRIMARY_DELETE__HLO_to_P__primary_5y__M1__ridge__FIN,DEU,2010,2014,19,2.0,3.0,0.05555555555555555
PRIMARY_DELETE__HLO_to_P__primary_5y__M1__ridge__FIN,ESP,2010,2014,19,5.0,6.0,0.05555555555555555
PRIMARY_DELETE__HLO_to_P__primary_5y__M1__ridge__FIN,GHA,2010,2014,19,19.0,19.0,0.0
PRIMARY_DELETE__HLO_to_P__primary_5y__M1__ridge__FIN,HRV,2010,2014,19,7.0,5.0,0.1111111111111111
PRIMARY_DELETE__HLO_to_P__primary_5y__M1__ridge__FIN,IDN,2010,2014,19,14.0,14.0,0.0
PRIMARY_DELETE__HLO_to_P__primary_5y__M1__ridge__FIN,ITA,2010,2014,19,9.0,4.0,0.2777777777777778
PRIMARY_DELETE__HLO_to_P__primary_5y__M1__ridge__FIN,JOR,2010,2014,19,17.0,16.0,0.05555555555555555
PRIMARY_DELETE__HLO_to_P__primary_5y__M1__ridge__FIN,KAZ,2010,2014,19,12.0,8.0,0.2222222222222222
PRIMARY_DELETE__HLO_to_P__primary_5y__M1__ridge__FIN,KOR,2010,2014,19,1.0,1.0,0.0
PRIMARY_DELETE__HLO_to_P__primary_5y__M1__ridge__FIN,MAR,2010,2014,19,18.0,18.0,0.0
PRIMARY_DELETE__HLO_to_P__primary_5y__M1__ridge__FIN,MEX,2010,2014,19,6.0,10.0,0.2222222222222222
PRIMARY_DELETE__HLO_to_P__primary_5y__M1__ridge__FIN,OMN,2010,2014,19,10.0,17.0,0.3888888888888889
PRIMARY_DELETE__HLO_to_P__primary_5y__M1__ridge__FIN,POL,2010,2014,19,3.0,2.0,0.05555555555555555
PRIMARY_DELETE__HLO_to_P__primary_5y__M1__ridge__FIN,SAU,2010,2014,19,15.0,13.0,0.1111111111111111
PRIMARY_DELETE__HLO_to_P__primary_5y__M1__ridge__FIN,SRB,2010,2014,19,4.0,7.0,0.16666666666666666
PRIMARY_DELETE__HLO_to_P__primary_5y__M1__ridge__FIN,ZAF,2010,2014,19,13.0,15.0,0.1111111111111111
PRIMARY_DELETE__HLO_to_P__primary_5y__M1__ridge__FIN,AUS,2015,2017,9,4.0,4.0,0.0
PRIMARY_DELETE__HLO_to_P__primary_5y__M1__ridge__FIN,BHR,2015,2017,9,9.0,6.0,0.375
PRIMARY_DELETE__HLO_to_P__primary_5y__M1__ridge__FIN,DEU,2015,2017,9,3.0,5.0,0.25
PRIMARY_DELETE__HLO_to_P__primary_5y__M1__ridge__FIN,EGY,2015,2017,9,8.0,9.0,0.125
PRIMARY_DELETE__HLO_to_P__primary_5y__M1__ridge__FIN,IDN,2015,2017,9,7.0,7.0,0.0
PRIMARY_DELETE__HLO_to_P__primary_5y__M1__ridge__FIN,JPN,2015,2017,9,2.0,1.0,0.125
PRIMARY_DELETE__HLO_to_P__primary_5y__M1__ridge__FIN,POL,2015,2017,9,1.0,3.0,0.25
PRIMARY_DELETE__HLO_to_P__primary_5y__M1__ridge__FIN,RUS,2015,2017,9,5.0,2.0,0.375
PRIMARY_DELETE__HLO_to_P__primary_5y__M1__ridge__FIN,SAU,2015,2017,9,6.0,8.0,0.25
PRIMARY_DELETE__HLO_to_P__primary_5y__M1__ridge__GHA,ISL,2000,2004,7,2.0,4.0,0.3333333333333333
PRIMARY_DELETE__HLO_to_P__primary_5y__M1__ridge__GHA,LTU,2000,2004,7,4.0,2.0,0.3333333333333333
PRIMARY_DELETE__HLO_to_P__primary_5y__M1__ridge__GHA,NLD,2000,2004,7,3.0,1.0,0.3333333333333333
PRIMARY_DELETE__HLO_to_P__primary_5y__M1__ridge__GHA,NOR,2000,2004,7,1.0,5.0,0.6666666666666666
PRIMARY_DELETE__HLO_to_P__primary_5y__M1__ridge__GHA,PHL,2000,2004,7,6.0,6.0,0.0
PRIMARY_DELETE__HLO_to_P__primary_5y__M1__ridge__GHA,USA,2000,2004,7,5.0,3.0,0.3333333333333333
PRIMARY_DELETE__HLO_to_P__primary_5y__M1__ridge__GHA,ZAF,2000,2004,7,7.0,7.0,0.0
PRIMARY_DELETE__HLO_to_P__primary_5y__M1__ridge__GHA,AUT,2005,2009,17,2.0,7.0,0.3125
PRIMARY_DELETE__HLO_to_P__primary_5y__M1__ridge__GHA,BRA,2005,2009,17,12.0,13.0,0.0625
PRIMARY_DELETE__HLO_to_P__primary_5y__M1__ridge__GHA,CHL,2005,2009,17,13.0,11.0,0.125
PRIMARY_DELETE__HLO_to_P__primary_5y__M1__ridge__GHA,CRI,2005,2009,17,10.0,10.0,0.0
PRIMARY_DELETE__HLO_to_P__primary_5y__M1__ridge__GHA,DEU,2005,2009,17,4.0,3.0,0.0625
PRIMARY_DELETE__HLO_to_P__primary_5y__M1__ridge__GHA,IDN,2005,2009,17,16.0,14.0,0.125
PRIMARY_DELETE__HLO_to_P__primary_5y__M1__ridge__GHA,IRN,2005,2009,17,15.0,12.0,0.1875
PRIMARY_DELETE__HLO_to_P__primary_5y__M1__ridge__GHA,ITA,2005,2009,17,9.0,5.0,0.25
PRIMARY_DELETE__HLO_to_P__primary_5y__M1__ridge__GHA,JPN,2005,2009,17,1.0,1.0,0.0
PRIMARY_DELETE__HLO_to_P__primary_5y__M1__ridge__GHA,MAR,2005,2009,17,17.0,16.0,0.0625
PRIMARY_DELETE__HLO_to_P__primary_5y__M1__ridge__GHA,NLD,2005,2009,17,3.0,2.0,0.0625
PRIMARY_DELETE__HLO_to_P__primary_5y__M1__ridge__GHA,NOR,2005,2009,17,6.0,8.0,0.125
PRIMARY_DELETE__HLO_to_P__primary_5y__M1__ridge__GHA,PER,2005,2009,17,8.0,15.0,0.4375
PRIMARY_DELETE__HLO_to_P__primary_5y__M1__ridge__GHA,POL,2005,2009,17,7.0,4.0,0.1875
PRIMARY_DELETE__HLO_to_P__primary_5y__M1__ridge__GHA,QAT,2005,2009,17,14.0,17.0,0.1875
PRIMARY_DELETE__HLO_to_P__primary_5y__M1__ridge__GHA,SVN,2005,2009,17,5.0,6.0,0.0625
PRIMARY_DELETE__HLO_to_P__primary_5y__M1__ridge__GHA,UKR,2005,2009,17,11.0,9.0,0.125
PRIMARY_DELETE__HLO_to_P__primary_5y__M1__ridge__GHA,BRA,2010,2014,19,9.0,12.0,0.16666666666666666
PRIMARY_DELETE__HLO_to_P__primary_5y__M1__ridge__GHA,CHL,2010,2014,19,17.0,10.0,0.3888888888888889
PRIMARY_DELETE__HLO_to_P__primary_5y__M1__ridge__GHA,COL,2010,2014,19,12.0,14.0,0.1111111111111111
PRIMARY_DELETE__HLO_to_P__primary_5y__M1__ridge__GHA,DEU,2010,2014,19,3.0,3.0,0.0
PRIMARY_DELETE__HLO_to_P__primary_5y__M1__ridge__GHA,ESP,2010,2014,19,6.0,7.0,0.05555555555555555
PRIMARY_DELETE__HLO_to_P__primary_5y__M1__ridge__GHA,FIN,2010,2014,19,1.0,2.0,0.05555555555555555
PRIMARY_DELETE__HLO_to_P__primary_5y__M1__ridge__GHA,HRV,2010,2014,19,8.0,6.0,0.1111111111111111
PRIMARY_DELETE__HLO_to_P__primary_5y__M1__ridge__GHA,IDN,2010,2014,19,15.0,15.0,0.0
PRIMARY_DELETE__HLO_to_P__primary_5y__M1__ridge__GHA,ITA,2010,2014,19,10.0,5.0,0.2777777777777778
PRIMARY_DELETE__HLO_to_P__primary_5y__M1__ridge__GHA,JOR,2010,2014,19,18.0,16.0,0.1111111111111111
PRIMARY_DELETE__HLO_to_P__primary_5y__M1__ridge__GHA,KAZ,2010,2014,19,13.0,9.0,0.2222222222222222
PRIMARY_DELETE__HLO_to_P__primary_5y__M1__ridge__GHA,KOR,2010,2014,19,2.0,1.0,0.05555555555555555
PRIMARY_DELETE__HLO_to_P__primary_5y__M1__ridge__GHA,MAR,2010,2014,19,19.0,19.0,0.0
PRIMARY_DELETE__HLO_to_P__primary_5y__M1__ridge__GHA,MEX,2010,2014,19,7.0,11.0,0.2222222222222222
PRIMARY_DELETE__HLO_to_P__primary_5y__M1__ridge__GHA,OMN,2010,2014,19,11.0,18.0,0.3888888888888889
PRIMARY_DELETE__HLO_to_P__primary_5y__M1__ridge__GHA,POL,2010,2014,19,4.0,4.0,0.0
PRIMARY_DELETE__HLO_to_P__primary_5y__M1__ridge__GHA,SAU,2010,2014,19,16.0,13.0,0.16666666666666666
PRIMARY_DELETE__HLO_to_P__primary_5y__M1__ridge__GHA,SRB,2010,2014,19,5.0,8.0,0.16666666666666666
PRIMARY_DELETE__HLO_to_P__primary_5y__M1__ridge__GHA,ZAF,2010,2014,19,14.0,17.0,0.16666666666666666
PRIMARY_DELETE__HLO_to_P__primary_5y__M1__ridge__GHA,AUS,2015,2017,9,4.0,5.0,0.125
PRIMARY_DELETE__HLO_to_P__primary_5y__M1__ridge__GHA,BHR,2015,2017,9,9.0,6.0,0.375
PRIMARY_DELETE__HLO_to_P__primary_5y__M1__ridge__GHA,DEU,2015,2017,9,3.0,4.0,0.125
PRIMARY_DELETE__HLO_to_P__primary_5y__M1__ridge__GHA,EGY,2015,2017,9,8.0,9.0,0.125
PRIMARY_DELETE__HLO_to_P__primary_5y__M1__ridge__GHA,IDN,2015,2017,9,7.0,7.0,0.0
PRIMARY_DELETE__HLO_to_P__primary_5y__M1__ridge__GHA,JPN,2015,2017,9,2.0,1.0,0.125
PRIMARY_DELETE__HLO_to_P__primary_5y__M1__ridge__GHA,POL,2015,2017,9,1.0,3.0,0.25
PRIMARY_DELETE__HLO_to_P__primary_5y__M1__ridge__GHA,RUS,2015,2017,9,5.0,2.0,0.375
PRIMARY_DELETE__HLO_to_P__primary_5y__M1__ridge__GHA,SAU,2015,2017,9,6.0,8.0,0.25
PRIMARY_DELETE__HLO_to_P__primary_5y__M1__ridge__HRV,ISL,2000,2004,7,2.0,4.0,0.3333333333333333
PRIMARY_DELETE__HLO_to_P__primary_5y__M1__ridge__HRV,LTU,2000,2004,7,4.0,3.0,0.16666666666666666
PRIMARY_DELETE__HLO_to_P__primary_5y__M1__ridge__HRV,NLD,2000,2004,7,3.0,1.0,0.3333333333333333
PRIMARY_DELETE__HLO_to_P__primary_5y__M1__ridge__HRV,NOR,2000,2004,7,1.0,5.0,0.6666666666666666
PRIMARY_DELETE__HLO_to_P__primary_5y__M1__ridge__HRV,PHL,2000,2004,7,6.0,6.0,0.0
PRIMARY_DELETE__HLO_to_P__primary_5y__M1__ridge__HRV,USA,2000,2004,7,5.0,2.0,0.5
PRIMARY_DELETE__HLO_to_P__primary_5y__M1__ridge__HRV,ZAF,2000,2004,7,7.0,7.0,0.0
PRIMARY_DELETE__HLO_to_P__primary_5y__M1__ridge__HRV,AUT,2005,2009,17,2.0,5.0,0.1875
PRIMARY_DELETE__HLO_to_P__primary_5y__M1__ridge__HRV,BRA,2005,2009,17,12.0,13.0,0.0625
PRIMARY_DELETE__HLO_to_P__primary_5y__M1__ridge__HRV,CHL,2005,2009,17,13.0,11.0,0.125
PRIMARY_DELETE__HLO_to_P__primary_5y__M1__ridge__HRV,CRI,2005,2009,17,10.0,10.0,0.0
PRIMARY_DELETE__HLO_to_P__primary_5y__M1__ridge__HRV,DEU,2005,2009,17,4.0,3.0,0.0625
PRIMARY_DELETE__HLO_to_P__primary_5y__M1__ridge__HRV,IDN,2005,2009,17,16.0,14.0,0.125
PRIMARY_DELETE__HLO_to_P__primary_5y__M1__ridge__HRV,IRN,2005,2009,17,15.0,12.0,0.1875
PRIMARY_DELETE__HLO_to_P__primary_5y__M1__ridge__HRV,ITA,2005,2009,17,9.0,6.0,0.1875
PRIMARY_DELETE__HLO_to_P__primary_5y__M1__ridge__HRV,JPN,2005,2009,17,1.0,1.0,0.0
PRIMARY_DELETE__HLO_to_P__primary_5y__M1__ridge__HRV,MAR,2005,2009,17,17.0,16.0,0.0625
PRIMARY_DELETE__HLO_to_P__primary_5y__M1__ridge__HRV,NLD,2005,2009,17,3.0,2.0,0.0625
PRIMARY_DELETE__HLO_to_P__primary_5y__M1__ridge__HRV,NOR,2005,2009,17,6.0,8.0,0.125
PRIMARY_DELETE__HLO_to_P__primary_5y__M1__ridge__HRV,PER,2005,2009,17,8.0,15.0,0.4375
PRIMARY_DELETE__HLO_to_P__primary_5y__M1__ridge__HRV,POL,2005,2009,17,7.0,4.0,0.1875
PRIMARY_DELETE__HLO_to_P__primary_5y__M1__ridge__HRV,QAT,2005,2009,17,14.0,17.0,0.1875
PRIMARY_DELETE__HLO_to_P__primary_5y__M1__ridge__HRV,SVN,2005,2009,17,5.0,7.0,0.125
PRIMARY_DELETE__HLO_to_P__primary_5y__M1__ridge__HRV,UKR,2005,2009,17,11.0,9.0,0.125
PRIMARY_DELETE__HLO_to_P__primary_5y__M1__ridge__HRV,BRA,2010,2014,19,8.0,11.0,0.16666666666666666
PRIMARY_DELETE__HLO_to_P__primary_5y__M1__ridge__HRV,CHL,2010,2014,19,16.0,9.0,0.3888888888888889
PRIMARY_DELETE__HLO_to_P__primary_5y__M1__ridge__HRV,COL,2010,2014,19,11.0,12.0,0.05555555555555555
PRIMARY_DELETE__HLO_to_P__primary_5y__M1__ridge__HRV,DEU,2010,2014,19,3.0,3.0,0.0
PRIMARY_DELETE__HLO_to_P__primary_5y__M1__ridge__HRV,ESP,2010,2014,19,6.0,6.0,0.0
PRIMARY_DELETE__HLO_to_P__primary_5y__M1__ridge__HRV,FIN,2010,2014,19,1.0,2.0,0.05555555555555555
PRIMARY_DELETE__HLO_to_P__primary_5y__M1__ridge__HRV,GHA,2010,2014,19,19.0,19.0,0.0
PRIMARY_DELETE__HLO_to_P__primary_5y__M1__ridge__HRV,IDN,2010,2014,19,14.0,14.0,0.0
PRIMARY_DELETE__HLO_to_P__primary_5y__M1__ridge__HRV,ITA,2010,2014,19,9.0,5.0,0.2222222222222222
PRIMARY_DELETE__HLO_to_P__primary_5y__M1__ridge__HRV,JOR,2010,2014,19,17.0,15.0,0.1111111111111111
PRIMARY_DELETE__HLO_to_P__primary_5y__M1__ridge__HRV,KAZ,2010,2014,19,12.0,8.0,0.2222222222222222
PRIMARY_DELETE__HLO_to_P__primary_5y__M1__ridge__HRV,KOR,2010,2014,19,2.0,1.0,0.05555555555555555
PRIMARY_DELETE__HLO_to_P__primary_5y__M1__ridge__HRV,MAR,2010,2014,19,18.0,18.0,0.0
PRIMARY_DELETE__HLO_to_P__primary_5y__M1__ridge__HRV,MEX,2010,2014,19,7.0,10.0,0.16666666666666666
PRIMARY_DELETE__HLO_to_P__primary_5y__M1__ridge__HRV,OMN,2010,2014,19,10.0,17.0,0.3888888888888889
PRIMARY_DELETE__HLO_to_P__primary_5y__M1__ridge__HRV,POL,2010,2014,19,4.0,4.0,0.0
PRIMARY_DELETE__HLO_to_P__primary_5y__M1__ridge__HRV,SAU,2010,2014,19,15.0,13.0,0.1111111111111111
PRIMARY_DELETE__HLO_to_P__primary_5y__M1__ridge__HRV,SRB,2010,2014,19,5.0,7.0,0.1111111111111111
PRIMARY_DELETE__HLO_to_P__primary_5y__M1__ridge__HRV,ZAF,2010,2014,19,13.0,16.0,0.16666666666666666
PRIMARY_DELETE__HLO_to_P__primary_5y__M1__ridge__HRV,AUS,2015,2017,9,4.0,5.0,0.125
PRIMARY_DELETE__HLO_to_P__primary_5y__M1__ridge__HRV,BHR,2015,2017,9,9.0,6.0,0.375
PRIMARY_DELETE__HLO_to_P__primary_5y__M1__ridge__HRV,DEU,2015,2017,9,3.0,4.0,0.125
PRIMARY_DELETE__HLO_to_P__primary_5y__M1__ridge__HRV,EGY,2015,2017,9,8.0,9.0,0.125
PRIMARY_DELETE__HLO_to_P__primary_5y__M1__ridge__HRV,IDN,2015,2017,9,7.0,7.0,0.0
PRIMARY_DELETE__HLO_to_P__primary_5y__M1__ridge__HRV,JPN,2015,2017,9,2.0,1.0,0.125
PRIMARY_DELETE__HLO_to_P__primary_5y__M1__ridge__HRV,POL,2015,2017,9,1.0,3.0,0.25
PRIMARY_DELETE__HLO_to_P__primary_5y__M1__ridge__HRV,RUS,2015,2017,9,5.0,2.0,0.375
PRIMARY_DELETE__HLO_to_P__primary_5y__M1__ridge__HRV,SAU,2015,2017,9,6.0,8.0,0.25
PRIMARY_DELETE__HLO_to_P__primary_5y__M1__ridge__IDN,ISL,2000,2004,7,2.0,4.0,0.3333333333333333
PRIMARY_DELETE__HLO_to_P__primary_5y__M1__ridge__IDN,LTU,2000,2004,7,4.0,3.0,0.16666666666666666
PRIMARY_DELETE__HLO_to_P__primary_5y__M1__ridge__IDN,NLD,2000,2004,7,3.0,1.0,0.3333333333333333
PRIMARY_DELETE__HLO_to_P__primary_5y__M1__ridge__IDN,NOR,2000,2004,7,1.0,5.0,0.6666666666666666
PRIMARY_DELETE__HLO_to_P__primary_5y__M1__ridge__IDN,PHL,2000,2004,7,6.0,6.0,0.0
PRIMARY_DELETE__HLO_to_P__primary_5y__M1__ridge__IDN,USA,2000,2004,7,5.0,2.0,0.5
PRIMARY_DELETE__HLO_to_P__primary_5y__M1__ridge__IDN,ZAF,2000,2004,7,7.0,7.0,0.0
PRIMARY_DELETE__HLO_to_P__primary_5y__M1__ridge__IDN,AUT,2005,2009,16,2.0,5.0,0.2
PRIMARY_DELETE__HLO_to_P__primary_5y__M1__ridge__IDN,BRA,2005,2009,16,12.0,13.0,0.06666666666666667
PRIMARY_DELETE__HLO_to_P__primary_5y__M1__ridge__IDN,CHL,2005,2009,16,13.0,11.0,0.13333333333333333
PRIMARY_DELETE__HLO_to_P__primary_5y__M1__ridge__IDN,CRI,2005,2009,16,10.0,10.0,0.0
PRIMARY_DELETE__HLO_to_P__primary_5y__M1__ridge__IDN,DEU,2005,2009,16,4.0,4.0,0.0
PRIMARY_DELETE__HLO_to_P__primary_5y__M1__ridge__IDN,IRN,2005,2009,16,15.0,12.0,0.2
PRIMARY_DELETE__HLO_to_P__primary_5y__M1__ridge__IDN,ITA,2005,2009,16,9.0,6.0,0.2
PRIMARY_DELETE__HLO_to_P__primary_5y__M1__ridge__IDN,JPN,2005,2009,16,1.0,1.0,0.0
PRIMARY_DELETE__HLO_to_P__primary_5y__M1__ridge__IDN,MAR,2005,2009,16,16.0,15.0,0.06666666666666667
PRIMARY_DELETE__HLO_to_P__primary_5y__M1__ridge__IDN,NLD,2005,2009,16,3.0,2.0,0.06666666666666667
PRIMARY_DELETE__HLO_to_P__primary_5y__M1__ridge__IDN,NOR,2005,2009,16,6.0,8.0,0.13333333333333333
PRIMARY_DELETE__HLO_to_P__primary_5y__M1__ridge__IDN,PER,2005,2009,16,8.0,14.0,0.4
PRIMARY_DELETE__HLO_to_P__primary_5y__M1__ridge__IDN,POL,2005,2009,16,7.0,3.0,0.26666666666666666
PRIMARY_DELETE__HLO_to_P__primary_5y__M1__ridge__IDN,QAT,2005,2009,16,14.0,16.0,0.13333333333333333
PRIMARY_DELETE__HLO_to_P__primary_5y__M1__ridge__IDN,SVN,2005,2009,16,5.0,7.0,0.13333333333333333
PRIMARY_DELETE__HLO_to_P__primary_5y__M1__ridge__IDN,UKR,2005,2009,16,11.0,9.0,0.13333333333333333
PRIMARY_DELETE__HLO_to_P__primary_5y__M1__ridge__IDN,BRA,2010,2014,19,9.0,12.0,0.16666666666666666
PRIMARY_DELETE__HLO_to_P__primary_5y__M1__ridge__IDN,CHL,2010,2014,19,16.0,10.0,0.3333333333333333
PRIMARY_DELETE__HLO_to_P__primary_5y__M1__ridge__IDN,COL,2010,2014,19,12.0,13.0,0.05555555555555555
PRIMARY_DELETE__HLO_to_P__primary_5y__M1__ridge__IDN,DEU,2010,2014,19,3.0,4.0,0.05555555555555555
PRIMARY_DELETE__HLO_to_P__primary_5y__M1__ridge__IDN,ESP,2010,2014,19,6.0,7.0,0.05555555555555555
PRIMARY_DELETE__HLO_to_P__primary_5y__M1__ridge__IDN,FIN,2010,2014,19,1.0,2.0,0.05555555555555555
PRIMARY_DELETE__HLO_to_P__primary_5y__M1__ridge__IDN,GHA,2010,2014,19,19.0,19.0,0.0
PRIMARY_DELETE__HLO_to_P__primary_5y__M1__ridge__IDN,HRV,2010,2014,19,8.0,6.0,0.1111111111111111
PRIMARY_DELETE__HLO_to_P__primary_5y__M1__ridge__IDN,ITA,2010,2014,19,10.0,5.0,0.2777777777777778
PRIMARY_DELETE__HLO_to_P__primary_5y__M1__ridge__IDN,JOR,2010,2014,19,17.0,16.0,0.05555555555555555
PRIMARY_DELETE__HLO_to_P__primary_5y__M1__ridge__IDN,KAZ,2010,2014,19,13.0,9.0,0.2222222222222222
PRIMARY_DELETE__HLO_to_P__primary_5y__M1__ridge__IDN,KOR,2010,2014,19,2.0,1.0,0.05555555555555555
PRIMARY_DELETE__HLO_to_P__primary_5y__M1__ridge__IDN,MAR,2010,2014,19,18.0,18.0,0.0
PRIMARY_DELETE__HLO_to_P__primary_5y__M1__ridge__IDN,MEX,2010,2014,19,7.0,11.0,0.2222222222222222
PRIMARY_DELETE__HLO_to_P__primary_5y__M1__ridge__IDN,OMN,2010,2014,19,11.0,17.0,0.3333333333333333
PRIMARY_DELETE__HLO_to_P__primary_5y__M1__ridge__IDN,POL,2010,2014,19,4.0,3.0,0.05555555555555555
PRIMARY_DELETE__HLO_to_P__primary_5y__M1__ridge__IDN,SAU,2010,2014,19,15.0,14.0,0.05555555555555555
PRIMARY_DELETE__HLO_to_P__primary_5y__M1__ridge__IDN,SRB,2010,2014,19,5.0,8.0,0.16666666666666666
PRIMARY_DELETE__HLO_to_P__primary_5y__M1__ridge__IDN,ZAF,2010,2014,19,14.0,15.0,0.05555555555555555
PRIMARY_DELETE__HLO_to_P__primary_5y__M1__ridge__IDN,AUS,2015,2017,8,4.0,4.0,0.0
PRIMARY_DELETE__HLO_to_P__primary_5y__M1__ridge__IDN,BHR,2015,2017,8,8.0,6.0,0.2857142857142857
PRIMARY_DELETE__HLO_to_P__primary_5y__M1__ridge__IDN,DEU,2015,2017,8,3.0,5.0,0.2857142857142857
PRIMARY_DELETE__HLO_to_P__primary_5y__M1__ridge__IDN,EGY,2015,2017,8,7.0,8.0,0.14285714285714285
PRIMARY_DELETE__HLO_to_P__primary_5y__M1__ridge__IDN,JPN,2015,2017,8,2.0,1.0,0.14285714285714285
PRIMARY_DELETE__HLO_to_P__primary_5y__M1__ridge__IDN,POL,2015,2017,8,1.0,3.0,0.2857142857142857
PRIMARY_DELETE__HLO_to_P__primary_5y__M1__ridge__IDN,RUS,2015,2017,8,5.0,2.0,0.42857142857142855
PRIMARY_DELETE__HLO_to_P__primary_5y__M1__ridge__IDN,SAU,2015,2017,8,6.0,7.0,0.14285714285714285
PRIMARY_DELETE__HLO_to_P__primary_5y__M1__ridge__IRN,ISL,2000,2004,7,2.0,4.0,0.3333333333333333
PRIMARY_DELETE__HLO_to_P__primary_5y__M1__ridge__IRN,LTU,2000,2004,7,4.0,3.0,0.16666666666666666
PRIMARY_DELETE__HLO_to_P__primary_5y__M1__ridge__IRN,NLD,2000,2004,7,3.0,1.0,0.3333333333333333
PRIMARY_DELETE__HLO_to_P__primary_5y__M1__ridge__IRN,NOR,2000,2004,7,1.0,5.0,0.6666666666666666
PRIMARY_DELETE__HLO_to_P__primary_5y__M1__ridge__IRN,PHL,2000,2004,7,6.0,6.0,0.0
PRIMARY_DELETE__HLO_to_P__primary_5y__M1__ridge__IRN,USA,2000,2004,7,5.0,2.0,0.5
PRIMARY_DELETE__HLO_to_P__primary_5y__M1__ridge__IRN,ZAF,2000,2004,7,7.0,7.0,0.0
PRIMARY_DELETE__HLO_to_P__primary_5y__M1__ridge__IRN,AUT,2005,2009,16,2.0,5.0,0.2
PRIMARY_DELETE__HLO_to_P__primary_5y__M1__ridge__IRN,BRA,2005,2009,16,12.0,12.0,0.0
PRIMARY_DELETE__HLO_to_P__primary_5y__M1__ridge__IRN,CHL,2005,2009,16,13.0,11.0,0.13333333333333333
PRIMARY_DELETE__HLO_to_P__primary_5y__M1__ridge__IRN,CRI,2005,2009,16,10.0,10.0,0.0
PRIMARY_DELETE__HLO_to_P__primary_5y__M1__ridge__IRN,DEU,2005,2009,16,4.0,3.0,0.06666666666666667
PRIMARY_DELETE__HLO_to_P__primary_5y__M1__ridge__IRN,IDN,2005,2009,16,15.0,13.0,0.13333333333333333
PRIMARY_DELETE__HLO_to_P__primary_5y__M1__ridge__IRN,ITA,2005,2009,16,9.0,6.0,0.2
PRIMARY_DELETE__HLO_to_P__primary_5y__M1__ridge__IRN,JPN,2005,2009,16,1.0,1.0,0.0
PRIMARY_DELETE__HLO_to_P__primary_5y__M1__ridge__IRN,MAR,2005,2009,16,16.0,15.0,0.06666666666666667
PRIMARY_DELETE__HLO_to_P__primary_5y__M1__ridge__IRN,NLD,2005,2009,16,3.0,2.0,0.06666666666666667
PRIMARY_DELETE__HLO_to_P__primary_5y__M1__ridge__IRN,NOR,2005,2009,16,6.0,8.0,0.13333333333333333
PRIMARY_DELETE__HLO_to_P__primary_5y__M1__ridge__IRN,PER,2005,2009,16,8.0,14.0,0.4
PRIMARY_DELETE__HLO_to_P__primary_5y__M1__ridge__IRN,POL,2005,2009,16,7.0,4.0,0.2
PRIMARY_DELETE__HLO_to_P__primary_5y__M1__ridge__IRN,QAT,2005,2009,16,14.0,16.0,0.13333333333333333
PRIMARY_DELETE__HLO_to_P__primary_5y__M1__ridge__IRN,SVN,2005,2009,16,5.0,7.0,0.13333333333333333
PRIMARY_DELETE__HLO_to_P__primary_5y__M1__ridge__IRN,UKR,2005,2009,16,11.0,9.0,0.13333333333333333
PRIMARY_DELETE__HLO_to_P__primary_5y__M1__ridge__IRN,BRA,2010,2014,20,9.0,12.0,0.15789473684210525
PRIMARY_DELETE__HLO_to_P__primary_5y__M1__ridge__IRN,CHL,2010,2014,20,17.0,10.0,0.3684210526315789
PRIMARY_DELETE__HLO_to_P__primary_5y__M1__ridge__IRN,COL,2010,2014,20,12.0,13.0,0.05263157894736842
PRIMARY_DELETE__HLO_to_P__primary_5y__M1__ridge__IRN,DEU,2010,2014,20,3.0,3.0,0.0
PRIMARY_DELETE__HLO_to_P__primary_5y__M1__ridge__IRN,ESP,2010,2014,20,6.0,7.0,0.05263157894736842
PRIMARY_DELETE__HLO_to_P__primary_5y__M1__ridge__IRN,FIN,2010,2014,20,1.0,2.0,0.05263157894736842
PRIMARY_DELETE__HLO_to_P__primary_5y__M1__ridge__IRN,GHA,2010,2014,20,20.0,20.0,0.0
PRIMARY_DELETE__HLO_to_P__primary_5y__M1__ridge__IRN,HRV,2010,2014,20,8.0,6.0,0.10526315789473684
PRIMARY_DELETE__HLO_to_P__primary_5y__M1__ridge__IRN,IDN,2010,2014,20,15.0,15.0,0.0
PRIMARY_DELETE__HLO_to_P__primary_5y__M1__ridge__IRN,ITA,2010,2014,20,10.0,5.0,0.2631578947368421
PRIMARY_DELETE__HLO_to_P__primary_5y__M1__ridge__IRN,JOR,2010,2014,20,18.0,16.0,0.10526315789473684
PRIMARY_DELETE__HLO_to_P__primary_5y__M1__ridge__IRN,KAZ,2010,2014,20,13.0,9.0,0.21052631578947367
PRIMARY_DELETE__HLO_to_P__primary_5y__M1__ridge__IRN,KOR,2010,2014,20,2.0,1.0,0.05263157894736842
PRIMARY_DELETE__HLO_to_P__primary_5y__M1__ridge__IRN,MAR,2010,2014,20,19.0,19.0,0.0
PRIMARY_DELETE__HLO_to_P__primary_5y__M1__ridge__IRN,MEX,2010,2014,20,7.0,11.0,0.21052631578947367
PRIMARY_DELETE__HLO_to_P__primary_5y__M1__ridge__IRN,OMN,2010,2014,20,11.0,18.0,0.3684210526315789
PRIMARY_DELETE__HLO_to_P__primary_5y__M1__ridge__IRN,POL,2010,2014,20,4.0,4.0,0.0
PRIMARY_DELETE__HLO_to_P__primary_5y__M1__ridge__IRN,SAU,2010,2014,20,16.0,14.0,0.10526315789473684
PRIMARY_DELETE__HLO_to_P__primary_5y__M1__ridge__IRN,SRB,2010,2014,20,5.0,8.0,0.15789473684210525
PRIMARY_DELETE__HLO_to_P__primary_5y__M1__ridge__IRN,ZAF,2010,2014,20,14.0,17.0,0.15789473684210525
PRIMARY_DELETE__HLO_to_P__primary_5y__M1__ridge__IRN,AUS,2015,2017,9,4.0,5.0,0.125
PRIMARY_DELETE__HLO_to_P__primary_5y__M1__ridge__IRN,BHR,2015,2017,9,9.0,6.0,0.375
PRIMARY_DELETE__HLO_to_P__primary_5y__M1__ridge__IRN,DEU,2015,2017,9,3.0,4.0,0.125
PRIMARY_DELETE__HLO_to_P__primary_5y__M1__ridge__IRN,EGY,2015,2017,9,8.0,9.0,0.125
PRIMARY_DELETE__HLO_to_P__primary_5y__M1__ridge__IRN,IDN,2015,2017,9,7.0,7.0,0.0
PRIMARY_DELETE__HLO_to_P__primary_5y__M1__ridge__IRN,JPN,2015,2017,9,2.0,1.0,0.125
PRIMARY_DELETE__HLO_to_P__primary_5y__M1__ridge__IRN,POL,2015,2017,9,1.0,3.0,0.25
PRIMARY_DELETE__HLO_to_P__primary_5y__M1__ridge__IRN,RUS,2015,2017,9,5.0,2.0,0.375
PRIMARY_DELETE__HLO_to_P__primary_5y__M1__ridge__IRN,SAU,2015,2017,9,6.0,8.0,0.25
PRIMARY_DELETE__HLO_to_P__primary_5y__M1__ridge__ISL,LTU,2000,2004,6,3.0,3.0,0.0
PRIMARY_DELETE__HLO_to_P__primary_5y__M1__ridge__ISL,NLD,2000,2004,6,2.0,1.0,0.2
PRIMARY_DELETE__HLO_to_P__primary_5y__M1__ridge__ISL,NOR,2000,2004,6,1.0,4.0,0.6
PRIMARY_DELETE__HLO_to_P__primary_5y__M1__ridge__ISL,PHL,2000,2004,6,5.0,5.0,0.0
PRIMARY_DELETE__HLO_to_P__primary_5y__M1__ridge__ISL,USA,2000,2004,6,4.0,2.0,0.4
PRIMARY_DELETE__HLO_to_P__primary_5y__M1__ridge__ISL,ZAF,2000,2004,6,6.0,6.0,0.0
PRIMARY_DELETE__HLO_to_P__primary_5y__M1__ridge__ISL,AUT,2005,2009,17,2.0,5.0,0.1875
PRIMARY_DELETE__HLO_to_P__primary_5y__M1__ridge__ISL,BRA,2005,2009,17,12.0,13.0,0.0625
PRIMARY_DELETE__HLO_to_P__primary_5y__M1__ridge__ISL,CHL,2005,2009,17,13.0,11.0,0.125
PRIMARY_DELETE__HLO_to_P__primary_5y__M1__ridge__ISL,CRI,2005,2009,17,10.0,10.0,0.0
PRIMARY_DELETE__HLO_to_P__primary_5y__M1__ridge__ISL,DEU,2005,2009,17,4.0,4.0,0.0
PRIMARY_DELETE__HLO_to_P__primary_5y__M1__ridge__ISL,IDN,2005,2009,17,16.0,14.0,0.125
PRIMARY_DELETE__HLO_to_P__primary_5y__M1__ridge__ISL,IRN,2005,2009,17,15.0,12.0,0.1875
PRIMARY_DELETE__HLO_to_P__primary_5y__M1__ridge__ISL,ITA,2005,2009,17,9.0,6.0,0.1875
PRIMARY_DELETE__HLO_to_P__primary_5y__M1__ridge__ISL,JPN,2005,2009,17,1.0,1.0,0.0
PRIMARY_DELETE__HLO_to_P__primary_5y__M1__ridge__ISL,MAR,2005,2009,17,17.0,16.0,0.0625
PRIMARY_DELETE__HLO_to_P__primary_5y__M1__ridge__ISL,NLD,2005,2009,17,3.0,2.0,0.0625
PRIMARY_DELETE__HLO_to_P__primary_5y__M1__ridge__ISL,NOR,2005,2009,17,6.0,8.0,0.125
PRIMARY_DELETE__HLO_to_P__primary_5y__M1__ridge__ISL,PER,2005,2009,17,8.0,15.0,0.4375
PRIMARY_DELETE__HLO_to_P__primary_5y__M1__ridge__ISL,POL,2005,2009,17,7.0,3.0,0.25
PRIMARY_DELETE__HLO_to_P__primary_5y__M1__ridge__ISL,QAT,2005,2009,17,14.0,17.0,0.1875
PRIMARY_DELETE__HLO_to_P__primary_5y__M1__ridge__ISL,SVN,2005,2009,17,5.0,7.0,0.125
PRIMARY_DELETE__HLO_to_P__primary_5y__M1__ridge__ISL,UKR,2005,2009,17,11.0,9.0,0.125
PRIMARY_DELETE__HLO_to_P__primary_5y__M1__ridge__ISL,BRA,2010,2014,20,9.0,12.0,0.15789473684210525
PRIMARY_DELETE__HLO_to_P__primary_5y__M1__ridge__ISL,CHL,2010,2014,20,17.0,10.0,0.3684210526315789
PRIMARY_DELETE__HLO_to_P__primary_5y__M1__ridge__ISL,COL,2010,2014,20,12.0,13.0,0.05263157894736842
PRIMARY_DELETE__HLO_to_P__primary_5y__M1__ridge__ISL,DEU,2010,2014,20,3.0,4.0,0.05263157894736842
PRIMARY_DELETE__HLO_to_P__primary_5y__M1__ridge__ISL,ESP,2010,2014,20,6.0,7.0,0.05263157894736842
PRIMARY_DELETE__HLO_to_P__primary_5y__M1__ridge__ISL,FIN,2010,2014,20,1.0,2.0,0.05263157894736842
PRIMARY_DELETE__HLO_to_P__primary_5y__M1__ridge__ISL,GHA,2010,2014,20,20.0,20.0,0.0
PRIMARY_DELETE__HLO_to_P__primary_5y__M1__ridge__ISL,HRV,2010,2014,20,8.0,6.0,0.10526315789473684
PRIMARY_DELETE__HLO_to_P__primary_5y__M1__ridge__ISL,IDN,2010,2014,20,15.0,15.0,0.0
PRIMARY_DELETE__HLO_to_P__primary_5y__M1__ridge__ISL,ITA,2010,2014,20,10.0,5.0,0.2631578947368421
PRIMARY_DELETE__HLO_to_P__primary_5y__M1__ridge__ISL,JOR,2010,2014,20,18.0,17.0,0.05263157894736842
PRIMARY_DELETE__HLO_to_P__primary_5y__M1__ridge__ISL,KAZ,2010,2014,20,13.0,9.0,0.21052631578947367
PRIMARY_DELETE__HLO_to_P__primary_5y__M1__ridge__ISL,KOR,2010,2014,20,2.0,1.0,0.05263157894736842
PRIMARY_DELETE__HLO_to_P__primary_5y__M1__ridge__ISL,MAR,2010,2014,20,19.0,19.0,0.0
PRIMARY_DELETE__HLO_to_P__primary_5y__M1__ridge__ISL,MEX,2010,2014,20,7.0,11.0,0.21052631578947367
PRIMARY_DELETE__HLO_to_P__primary_5y__M1__ridge__ISL,OMN,2010,2014,20,11.0,18.0,0.3684210526315789
PRIMARY_DELETE__HLO_to_P__primary_5y__M1__ridge__ISL,POL,2010,2014,20,4.0,3.0,0.05263157894736842
PRIMARY_DELETE__HLO_to_P__primary_5y__M1__ridge__ISL,SAU,2010,2014,20,16.0,14.0,0.10526315789473684
PRIMARY_DELETE__HLO_to_P__primary_5y__M1__ridge__ISL,SRB,2010,2014,20,5.0,8.0,0.15789473684210525
PRIMARY_DELETE__HLO_to_P__primary_5y__M1__ridge__ISL,ZAF,2010,2014,20,14.0,16.0,0.10526315789473684
PRIMARY_DELETE__HLO_to_P__primary_5y__M1__ridge__ISL,AUS,2015,2017,9,4.0,4.0,0.0
PRIMARY_DELETE__HLO_to_P__primary_5y__M1__ridge__ISL,BHR,2015,2017,9,9.0,6.0,0.375
PRIMARY_DELETE__HLO_to_P__primary_5y__M1__ridge__ISL,DEU,2015,2017,9,3.0,5.0,0.25
PRIMARY_DELETE__HLO_to_P__primary_5y__M1__ridge__ISL,EGY,2015,2017,9,8.0,9.0,0.125
PRIMARY_DELETE__HLO_to_P__primary_5y__M1__ridge__ISL,IDN,2015,2017,9,7.0,7.0,0.0
PRIMARY_DELETE__HLO_to_P__primary_5y__M1__ridge__ISL,JPN,2015,2017,9,2.0,1.0,0.125
PRIMARY_DELETE__HLO_to_P__primary_5y__M1__ridge__ISL,POL,2015,2017,9,1.0,3.0,0.25
PRIMARY_DELETE__HLO_to_P__primary_5y__M1__ridge__ISL,RUS,2015,2017,9,5.0,2.0,0.375
PRIMARY_DELETE__HLO_to_P__primary_5y__M1__ridge__ISL,SAU,2015,2017,9,6.0,8.0,0.25
PRIMARY_DELETE__HLO_to_P__primary_5y__M1__ridge__ITA,ISL,2000,2004,7,2.0,4.0,0.3333333333333333
PRIMARY_DELETE__HLO_to_P__primary_5y__M1__ridge__ITA,LTU,2000,2004,7,4.0,3.0,0.16666666666666666
PRIMARY_DELETE__HLO_to_P__primary_5y__M1__ridge__ITA,NLD,2000,2004,7,3.0,1.0,0.3333333333333333
PRIMARY_DELETE__HLO_to_P__primary_5y__M1__ridge__ITA,NOR,2000,2004,7,1.0,5.0,0.6666666666666666
PRIMARY_DELETE__HLO_to_P__primary_5y__M1__ridge__ITA,PHL,2000,2004,7,6.0,6.0,0.0
PRIMARY_DELETE__HLO_to_P__primary_5y__M1__ridge__ITA,USA,2000,2004,7,5.0,2.0,0.5
PRIMARY_DELETE__HLO_to_P__primary_5y__M1__ridge__ITA,ZAF,2000,2004,7,7.0,7.0,0.0
PRIMARY_DELETE__HLO_to_P__primary_5y__M1__ridge__ITA,AUT,2005,2009,16,2.0,5.0,0.2
PRIMARY_DELETE__HLO_to_P__primary_5y__M1__ridge__ITA,BRA,2005,2009,16,11.0,12.0,0.06666666666666667
PRIMARY_DELETE__HLO_to_P__primary_5y__M1__ridge__ITA,CHL,2005,2009,16,12.0,10.0,0.13333333333333333
PRIMARY_DELETE__HLO_to_P__primary_5y__M1__ridge__ITA,CRI,2005,2009,16,9.0,9.0,0.0
PRIMARY_DELETE__HLO_to_P__primary_5y__M1__ridge__ITA,DEU,2005,2009,16,4.0,4.0,0.0
PRIMARY_DELETE__HLO_to_P__primary_5y__M1__ridge__ITA,IDN,2005,2009,16,15.0,13.0,0.13333333333333333
PRIMARY_DELETE__HLO_to_P__primary_5y__M1__ridge__ITA,IRN,2005,2009,16,14.0,11.0,0.2
PRIMARY_DELETE__HLO_to_P__primary_5y__M1__ridge__ITA,JPN,2005,2009,16,1.0,1.0,0.0
PRIMARY_DELETE__HLO_to_P__primary_5y__M1__ridge__ITA,MAR,2005,2009,16,16.0,15.0,0.06666666666666667
PRIMARY_DELETE__HLO_to_P__primary_5y__M1__ridge__ITA,NLD,2005,2009,16,3.0,2.0,0.06666666666666667
PRIMARY_DELETE__HLO_to_P__primary_5y__M1__ridge__ITA,NOR,2005,2009,16,6.0,7.0,0.06666666666666667
PRIMARY_DELETE__HLO_to_P__primary_5y__M1__ridge__ITA,PER,2005,2009,16,8.0,14.0,0.4
PRIMARY_DELETE__HLO_to_P__primary_5y__M1__ridge__ITA,POL,2005,2009,16,7.0,3.0,0.26666666666666666
PRIMARY_DELETE__HLO_to_P__primary_5y__M1__ridge__ITA,QAT,2005,2009,16,13.0,16.0,0.2
PRIMARY_DELETE__HLO_to_P__primary_5y__M1__ridge__ITA,SVN,2005,2009,16,5.0,6.0,0.06666666666666667
PRIMARY_DELETE__HLO_to_P__primary_5y__M1__ridge__ITA,UKR,2005,2009,16,10.0,8.0,0.13333333333333333
PRIMARY_DELETE__HLO_to_P__primary_5y__M1__ridge__ITA,BRA,2010,2014,19,9.0,11.0,0.1111111111111111
PRIMARY_DELETE__HLO_to_P__primary_5y__M1__ridge__ITA,CHL,2010,2014,19,16.0,9.0,0.3888888888888889
PRIMARY_DELETE__HLO_to_P__primary_5y__M1__ridge__ITA,COL,2010,2014,19,11.0,12.0,0.05555555555555555
PRIMARY_DELETE__HLO_to_P__primary_5y__M1__ridge__ITA,DEU,2010,2014,19,3.0,4.0,0.05555555555555555
PRIMARY_DELETE__HLO_to_P__primary_5y__M1__ridge__ITA,ESP,2010,2014,19,6.0,6.0,0.0
PRIMARY_DELETE__HLO_to_P__primary_5y__M1__ridge__ITA,FIN,2010,2014,19,1.0,2.0,0.05555555555555555
PRIMARY_DELETE__HLO_to_P__primary_5y__M1__ridge__ITA,GHA,2010,2014,19,19.0,19.0,0.0
PRIMARY_DELETE__HLO_to_P__primary_5y__M1__ridge__ITA,HRV,2010,2014,19,8.0,5.0,0.16666666666666666
PRIMARY_DELETE__HLO_to_P__primary_5y__M1__ridge__ITA,IDN,2010,2014,19,14.0,14.0,0.0
PRIMARY_DELETE__HLO_to_P__primary_5y__M1__ridge__ITA,JOR,2010,2014,19,17.0,16.0,0.05555555555555555
PRIMARY_DELETE__HLO_to_P__primary_5y__M1__ridge__ITA,KAZ,2010,2014,19,12.0,8.0,0.2222222222222222
PRIMARY_DELETE__HLO_to_P__primary_5y__M1__ridge__ITA,KOR,2010,2014,19,2.0,1.0,0.05555555555555555
PRIMARY_DELETE__HLO_to_P__primary_5y__M1__ridge__ITA,MAR,2010,2014,19,18.0,18.0,0.0
PRIMARY_DELETE__HLO_to_P__primary_5y__M1__ridge__ITA,MEX,2010,2014,19,7.0,10.0,0.16666666666666666
PRIMARY_DELETE__HLO_to_P__primary_5y__M1__ridge__ITA,OMN,2010,2014,19,10.0,17.0,0.3888888888888889
PRIMARY_DELETE__HLO_to_P__primary_5y__M1__ridge__ITA,POL,2010,2014,19,4.0,3.0,0.05555555555555555
PRIMARY_DELETE__HLO_to_P__primary_5y__M1__ridge__ITA,SAU,2010,2014,19,15.0,13.0,0.1111111111111111
PRIMARY_DELETE__HLO_to_P__primary_5y__M1__ridge__ITA,SRB,2010,2014,19,5.0,7.0,0.1111111111111111
PRIMARY_DELETE__HLO_to_P__primary_5y__M1__ridge__ITA,ZAF,2010,2014,19,13.0,15.0,0.1111111111111111
PRIMARY_DELETE__HLO_to_P__primary_5y__M1__ridge__ITA,AUS,2015,2017,9,4.0,4.0,0.0
PRIMARY_DELETE__HLO_to_P__primary_5y__M1__ridge__ITA,BHR,2015,2017,9,9.0,6.0,0.375
PRIMARY_DELETE__HLO_to_P__primary_5y__M1__ridge__ITA,DEU,2015,2017,9,3.0,5.0,0.25
PRIMARY_DELETE__HLO_to_P__primary_5y__M1__ridge__ITA,EGY,2015,2017,9,8.0,9.0,0.125
PRIMARY_DELETE__HLO_to_P__primary_5y__M1__ridge__ITA,IDN,2015,2017,9,7.0,7.0,0.0
PRIMARY_DELETE__HLO_to_P__primary_5y__M1__ridge__ITA,JPN,2015,2017,9,2.0,1.0,0.125
PRIMARY_DELETE__HLO_to_P__primary_5y__M1__ridge__ITA,POL,2015,2017,9,1.0,3.0,0.25
PRIMARY_DELETE__HLO_to_P__primary_5y__M1__ridge__ITA,RUS,2015,2017,9,5.0,2.0,0.375
PRIMARY_DELETE__HLO_to_P__primary_5y__M1__ridge__ITA,SAU,2015,2017,9,6.0,8.0,0.25
PRIMARY_DELETE__HLO_to_P__primary_5y__M1__ridge__JOR,ISL,2000,2004,7,2.0,4.0,0.3333333333333333
PRIMARY_DELETE__HLO_to_P__primary_5y__M1__ridge__JOR,LTU,2000,2004,7,4.0,3.0,0.16666666666666666
PRIMARY_DELETE__HLO_to_P__primary_5y__M1__ridge__JOR,NLD,2000,2004,7,3.0,1.0,0.3333333333333333
PRIMARY_DELETE__HLO_to_P__primary_5y__M1__ridge__JOR,NOR,2000,2004,7,1.0,5.0,0.6666666666666666
PRIMARY_DELETE__HLO_to_P__primary_5y__M1__ridge__JOR,PHL,2000,2004,7,6.0,6.0,0.0
PRIMARY_DELETE__HLO_to_P__primary_5y__M1__ridge__JOR,USA,2000,2004,7,5.0,2.0,0.5
PRIMARY_DELETE__HLO_to_P__primary_5y__M1__ridge__JOR,ZAF,2000,2004,7,7.0,7.0,0.0
PRIMARY_DELETE__HLO_to_P__primary_5y__M1__ridge__JOR,AUT,2005,2009,17,2.0,6.0,0.25
PRIMARY_DELETE__HLO_to_P__primary_5y__M1__ridge__JOR,BRA,2005,2009,17,12.0,13.0,0.0625
PRIMARY_DELETE__HLO_to_P__primary_5y__M1__ridge__JOR,CHL,2005,2009,17,13.0,11.0,0.125
PRIMARY_DELETE__HLO_to_P__primary_5y__M1__ridge__JOR,CRI,2005,2009,17,10.0,10.0,0.0
PRIMARY_DELETE__HLO_to_P__primary_5y__M1__ridge__JOR,DEU,2005,2009,17,4.0,4.0,0.0
PRIMARY_DELETE__HLO_to_P__primary_5y__M1__ridge__JOR,IDN,2005,2009,17,16.0,14.0,0.125
PRIMARY_DELETE__HLO_to_P__primary_5y__M1__ridge__JOR,IRN,2005,2009,17,15.0,12.0,0.1875
PRIMARY_DELETE__HLO_to_P__primary_5y__M1__ridge__JOR,ITA,2005,2009,17,9.0,5.0,0.25
PRIMARY_DELETE__HLO_to_P__primary_5y__M1__ridge__JOR,JPN,2005,2009,17,1.0,1.0,0.0
PRIMARY_DELETE__HLO_to_P__primary_5y__M1__ridge__JOR,MAR,2005,2009,17,17.0,16.0,0.0625
PRIMARY_DELETE__HLO_to_P__primary_5y__M1__ridge__JOR,NLD,2005,2009,17,3.0,2.0,0.0625
PRIMARY_DELETE__HLO_to_P__primary_5y__M1__ridge__JOR,NOR,2005,2009,17,6.0,8.0,0.125
PRIMARY_DELETE__HLO_to_P__primary_5y__M1__ridge__JOR,PER,2005,2009,17,8.0,15.0,0.4375
PRIMARY_DELETE__HLO_to_P__primary_5y__M1__ridge__JOR,POL,2005,2009,17,7.0,3.0,0.25
PRIMARY_DELETE__HLO_to_P__primary_5y__M1__ridge__JOR,QAT,2005,2009,17,14.0,17.0,0.1875
PRIMARY_DELETE__HLO_to_P__primary_5y__M1__ridge__JOR,SVN,2005,2009,17,5.0,7.0,0.125
PRIMARY_DELETE__HLO_to_P__primary_5y__M1__ridge__JOR,UKR,2005,2009,17,11.0,9.0,0.125
PRIMARY_DELETE__HLO_to_P__primary_5y__M1__ridge__JOR,BRA,2010,2014,19,9.0,12.0,0.16666666666666666
PRIMARY_DELETE__HLO_to_P__primary_5y__M1__ridge__JOR,CHL,2010,2014,19,17.0,10.0,0.3888888888888889
PRIMARY_DELETE__HLO_to_P__primary_5y__M1__ridge__JOR,COL,2010,2014,19,12.0,13.0,0.05555555555555555
PRIMARY_DELETE__HLO_to_P__primary_5y__M1__ridge__JOR,DEU,2010,2014,19,3.0,3.0,0.0
PRIMARY_DELETE__HLO_to_P__primary_5y__M1__ridge__JOR,ESP,2010,2014,19,6.0,7.0,0.05555555555555555
PRIMARY_DELETE__HLO_to_P__primary_5y__M1__ridge__JOR,FIN,2010,2014,19,1.0,2.0,0.05555555555555555
PRIMARY_DELETE__HLO_to_P__primary_5y__M1__ridge__JOR,GHA,2010,2014,19,19.0,19.0,0.0
PRIMARY_DELETE__HLO_to_P__primary_5y__M1__ridge__JOR,HRV,2010,2014,19,8.0,6.0,0.1111111111111111
PRIMARY_DELETE__HLO_to_P__primary_5y__M1__ridge__JOR,IDN,2010,2014,19,15.0,15.0,0.0
PRIMARY_DELETE__HLO_to_P__primary_5y__M1__ridge__JOR,ITA,2010,2014,19,10.0,5.0,0.2777777777777778
PRIMARY_DELETE__HLO_to_P__primary_5y__M1__ridge__JOR,KAZ,2010,2014,19,13.0,9.0,0.2222222222222222
PRIMARY_DELETE__HLO_to_P__primary_5y__M1__ridge__JOR,KOR,2010,2014,19,2.0,1.0,0.05555555555555555
PRIMARY_DELETE__HLO_to_P__primary_5y__M1__ridge__JOR,MAR,2010,2014,19,18.0,18.0,0.0
PRIMARY_DELETE__HLO_to_P__primary_5y__M1__ridge__JOR,MEX,2010,2014,19,7.0,11.0,0.2222222222222222
PRIMARY_DELETE__HLO_to_P__primary_5y__M1__ridge__JOR,OMN,2010,2014,19,11.0,17.0,0.3333333333333333
PRIMARY_DELETE__HLO_to_P__primary_5y__M1__ridge__JOR,POL,2010,2014,19,4.0,4.0,0.0
PRIMARY_DELETE__HLO_to_P__primary_5y__M1__ridge__JOR,SAU,2010,2014,19,16.0,14.0,0.1111111111111111
PRIMARY_DELETE__HLO_to_P__primary_5y__M1__ridge__JOR,SRB,2010,2014,19,5.0,8.0,0.16666666666666666
PRIMARY_DELETE__HLO_to_P__primary_5y__M1__ridge__JOR,ZAF,2010,2014,19,14.0,16.0,0.1111111111111111
PRIMARY_DELETE__HLO_to_P__primary_5y__M1__ridge__JOR,AUS,2015,2017,9,4.0,4.0,0.0
PRIMARY_DELETE__HLO_to_P__primary_5y__M1__ridge__JOR,BHR,2015,2017,9,9.0,6.0,0.375
PRIMARY_DELETE__HLO_to_P__primary_5y__M1__ridge__JOR,DEU,2015,2017,9,3.0,5.0,0.25
PRIMARY_DELETE__HLO_to_P__primary_5y__M1__ridge__JOR,EGY,2015,2017,9,8.0,9.0,0.125
PRIMARY_DELETE__HLO_to_P__primary_5y__M1__ridge__JOR,IDN,2015,2017,9,7.0,7.0,0.0
PRIMARY_DELETE__HLO_to_P__primary_5y__M1__ridge__JOR,JPN,2015,2017,9,2.0,1.0,0.125
PRIMARY_DELETE__HLO_to_P__primary_5y__M1__ridge__JOR,POL,2015,2017,9,1.0,3.0,0.25
PRIMARY_DELETE__HLO_to_P__primary_5y__M1__ridge__JOR,RUS,2015,2017,9,5.0,2.0,0.375
PRIMARY_DELETE__HLO_to_P__primary_5y__M1__ridge__JOR,SAU,2015,2017,9,6.0,8.0,0.25
PRIMARY_DELETE__HLO_to_P__primary_5y__M1__ridge__JPN,ISL,2000,2004,7,2.0,4.0,0.3333333333333333
PRIMARY_DELETE__HLO_to_P__primary_5y__M1__ridge__JPN,LTU,2000,2004,7,4.0,3.0,0.16666666666666666
PRIMARY_DELETE__HLO_to_P__primary_5y__M1__ridge__JPN,NLD,2000,2004,7,3.0,1.0,0.3333333333333333
PRIMARY_DELETE__HLO_to_P__primary_5y__M1__ridge__JPN,NOR,2000,2004,7,1.0,5.0,0.6666666666666666
PRIMARY_DELETE__HLO_to_P__primary_5y__M1__ridge__JPN,PHL,2000,2004,7,6.0,6.0,0.0
PRIMARY_DELETE__HLO_to_P__primary_5y__M1__ridge__JPN,USA,2000,2004,7,5.0,2.0,0.5
PRIMARY_DELETE__HLO_to_P__primary_5y__M1__ridge__JPN,ZAF,2000,2004,7,7.0,7.0,0.0
PRIMARY_DELETE__HLO_to_P__primary_5y__M1__ridge__JPN,AUT,2005,2009,16,1.0,4.0,0.2
PRIMARY_DELETE__HLO_to_P__primary_5y__M1__ridge__JPN,BRA,2005,2009,16,11.0,12.0,0.06666666666666667
PRIMARY_DELETE__HLO_to_P__primary_5y__M1__ridge__JPN,CHL,2005,2009,16,12.0,10.0,0.13333333333333333
PRIMARY_DELETE__HLO_to_P__primary_5y__M1__ridge__JPN,CRI,2005,2009,16,9.0,9.0,0.0
PRIMARY_DELETE__HLO_to_P__primary_5y__M1__ridge__JPN,DEU,2005,2009,16,3.0,3.0,0.0
PRIMARY_DELETE__HLO_to_P__primary_5y__M1__ridge__JPN,IDN,2005,2009,16,15.0,13.0,0.13333333333333333
PRIMARY_DELETE__HLO_to_P__primary_5y__M1__ridge__JPN,IRN,2005,2009,16,14.0,11.0,0.2
PRIMARY_DELETE__HLO_to_P__primary_5y__M1__ridge__JPN,ITA,2005,2009,16,8.0,5.0,0.2
PRIMARY_DELETE__HLO_to_P__primary_5y__M1__ridge__JPN,MAR,2005,2009,16,16.0,15.0,0.06666666666666667
PRIMARY_DELETE__HLO_to_P__primary_5y__M1__ridge__JPN,NLD,2005,2009,16,2.0,1.0,0.06666666666666667
PRIMARY_DELETE__HLO_to_P__primary_5y__M1__ridge__JPN,NOR,2005,2009,16,5.0,7.0,0.13333333333333333
PRIMARY_DELETE__HLO_to_P__primary_5y__M1__ridge__JPN,PER,2005,2009,16,7.0,14.0,0.4666666666666667
PRIMARY_DELETE__HLO_to_P__primary_5y__M1__ridge__JPN,POL,2005,2009,16,6.0,2.0,0.26666666666666666
PRIMARY_DELETE__HLO_to_P__primary_5y__M1__ridge__JPN,QAT,2005,2009,16,13.0,16.0,0.2
PRIMARY_DELETE__HLO_to_P__primary_5y__M1__ridge__JPN,SVN,2005,2009,16,4.0,6.0,0.13333333333333333
PRIMARY_DELETE__HLO_to_P__primary_5y__M1__ridge__JPN,UKR,2005,2009,16,10.0,8.0,0.13333333333333333
PRIMARY_DELETE__HLO_to_P__primary_5y__M1__ridge__JPN,BRA,2010,2014,20,9.0,12.0,0.15789473684210525
PRIMARY_DELETE__HLO_to_P__primary_5y__M1__ridge__JPN,CHL,2010,2014,20,17.0,10.0,0.3684210526315789
PRIMARY_DELETE__HLO_to_P__primary_5y__M1__ridge__JPN,COL,2010,2014,20,12.0,13.0,0.05263157894736842
PRIMARY_DELETE__HLO_to_P__primary_5y__M1__ridge__JPN,DEU,2010,2014,20,3.0,4.0,0.05263157894736842
PRIMARY_DELETE__HLO_to_P__primary_5y__M1__ridge__JPN,ESP,2010,2014,20,6.0,7.0,0.05263157894736842
PRIMARY_DELETE__HLO_to_P__primary_5y__M1__ridge__JPN,FIN,2010,2014,20,1.0,2.0,0.05263157894736842
PRIMARY_DELETE__HLO_to_P__primary_5y__M1__ridge__JPN,GHA,2010,2014,20,20.0,20.0,0.0
PRIMARY_DELETE__HLO_to_P__primary_5y__M1__ridge__JPN,HRV,2010,2014,20,8.0,6.0,0.10526315789473684
PRIMARY_DELETE__HLO_to_P__primary_5y__M1__ridge__JPN,IDN,2010,2014,20,15.0,15.0,0.0
PRIMARY_DELETE__HLO_to_P__primary_5y__M1__ridge__JPN,ITA,2010,2014,20,10.0,5.0,0.2631578947368421
PRIMARY_DELETE__HLO_to_P__primary_5y__M1__ridge__JPN,JOR,2010,2014,20,18.0,17.0,0.05263157894736842
PRIMARY_DELETE__HLO_to_P__primary_5y__M1__ridge__JPN,KAZ,2010,2014,20,13.0,9.0,0.21052631578947367
PRIMARY_DELETE__HLO_to_P__primary_5y__M1__ridge__JPN,KOR,2010,2014,20,2.0,1.0,0.05263157894736842
PRIMARY_DELETE__HLO_to_P__primary_5y__M1__ridge__JPN,MAR,2010,2014,20,19.0,19.0,0.0
PRIMARY_DELETE__HLO_to_P__primary_5y__M1__ridge__JPN,MEX,2010,2014,20,7.0,11.0,0.21052631578947367
PRIMARY_DELETE__HLO_to_P__primary_5y__M1__ridge__JPN,OMN,2010,2014,20,11.0,18.0,0.3684210526315789
PRIMARY_DELETE__HLO_to_P__primary_5y__M1__ridge__JPN,POL,2010,2014,20,4.0,3.0,0.05263157894736842
PRIMARY_DELETE__HLO_to_P__primary_5y__M1__ridge__JPN,SAU,2010,2014,20,16.0,14.0,0.10526315789473684
PRIMARY_DELETE__HLO_to_P__primary_5y__M1__ridge__JPN,SRB,2010,2014,20,5.0,8.0,0.15789473684210525
PRIMARY_DELETE__HLO_to_P__primary_5y__M1__ridge__JPN,ZAF,2010,2014,20,14.0,16.0,0.10526315789473684
PRIMARY_DELETE__HLO_to_P__primary_5y__M1__ridge__JPN,AUS,2015,2017,8,3.0,3.0,0.0
PRIMARY_DELETE__HLO_to_P__primary_5y__M1__ridge__JPN,BHR,2015,2017,8,8.0,5.0,0.42857142857142855
PRIMARY_DELETE__HLO_to_P__primary_5y__M1__ridge__JPN,DEU,2015,2017,8,2.0,4.0,0.2857142857142857
PRIMARY_DELETE__HLO_to_P__primary_5y__M1__ridge__JPN,EGY,2015,2017,8,7.0,8.0,0.14285714285714285
PRIMARY_DELETE__HLO_to_P__primary_5y__M1__ridge__JPN,IDN,2015,2017,8,6.0,6.0,0.0
PRIMARY_DELETE__HLO_to_P__primary_5y__M1__ridge__JPN,POL,2015,2017,8,1.0,2.0,0.14285714285714285
PRIMARY_DELETE__HLO_to_P__primary_5y__M1__ridge__JPN,RUS,2015,2017,8,4.0,1.0,0.42857142857142855
PRIMARY_DELETE__HLO_to_P__primary_5y__M1__ridge__JPN,SAU,2015,2017,8,5.0,7.0,0.2857142857142857
PRIMARY_DELETE__HLO_to_P__primary_5y__M1__ridge__KAZ,ISL,2000,2004,7,2.0,4.0,0.3333333333333333
PRIMARY_DELETE__HLO_to_P__primary_5y__M1__ridge__KAZ,LTU,2000,2004,7,4.0,3.0,0.16666666666666666
PRIMARY_DELETE__HLO_to_P__primary_5y__M1__ridge__KAZ,NLD,2000,2004,7,3.0,1.0,0.3333333333333333
PRIMARY_DELETE__HLO_to_P__primary_5y__M1__ridge__KAZ,NOR,2000,2004,7,1.0,5.0,0.6666666666666666
PRIMARY_DELETE__HLO_to_P__primary_5y__M1__ridge__KAZ,PHL,2000,2004,7,6.0,6.0,0.0
PRIMARY_DELETE__HLO_to_P__primary_5y__M1__ridge__KAZ,USA,2000,2004,7,5.0,2.0,0.5
PRIMARY_DELETE__HLO_to_P__primary_5y__M1__ridge__KAZ,ZAF,2000,2004,7,7.0,7.0,0.0
PRIMARY_DELETE__HLO_to_P__primary_5y__M1__ridge__KAZ,AUT,2005,2009,17,2.0,5.0,0.1875
PRIMARY_DELETE__HLO_to_P__primary_5y__M1__ridge__KAZ,BRA,2005,2009,17,12.0,13.0,0.0625
PRIMARY_DELETE__HLO_to_P__primary_5y__M1__ridge__KAZ,CHL,2005,2009,17,13.0,11.0,0.125
PRIMARY_DELETE__HLO_to_P__primary_5y__M1__ridge__KAZ,CRI,2005,2009,17,10.0,10.0,0.0
PRIMARY_DELETE__HLO_to_P__primary_5y__M1__ridge__KAZ,DEU,2005,2009,17,4.0,3.0,0.0625
PRIMARY_DELETE__HLO_to_P__primary_5y__M1__ridge__KAZ,IDN,2005,2009,17,16.0,14.0,0.125
PRIMARY_DELETE__HLO_to_P__primary_5y__M1__ridge__KAZ,IRN,2005,2009,17,15.0,12.0,0.1875
PRIMARY_DELETE__HLO_to_P__primary_5y__M1__ridge__KAZ,ITA,2005,2009,17,9.0,7.0,0.125
PRIMARY_DELETE__HLO_to_P__primary_5y__M1__ridge__KAZ,JPN,2005,2009,17,1.0,1.0,0.0
PRIMARY_DELETE__HLO_to_P__primary_5y__M1__ridge__KAZ,MAR,2005,2009,17,17.0,16.0,0.0625
PRIMARY_DELETE__HLO_to_P__primary_5y__M1__ridge__KAZ,NLD,2005,2009,17,3.0,2.0,0.0625
PRIMARY_DELETE__HLO_to_P__primary_5y__M1__ridge__KAZ,NOR,2005,2009,17,6.0,8.0,0.125
PRIMARY_DELETE__HLO_to_P__primary_5y__M1__ridge__KAZ,PER,2005,2009,17,8.0,15.0,0.4375
PRIMARY_DELETE__HLO_to_P__primary_5y__M1__ridge__KAZ,POL,2005,2009,17,7.0,4.0,0.1875
PRIMARY_DELETE__HLO_to_P__primary_5y__M1__ridge__KAZ,QAT,2005,2009,17,14.0,17.0,0.1875
PRIMARY_DELETE__HLO_to_P__primary_5y__M1__ridge__KAZ,SVN,2005,2009,17,5.0,6.0,0.0625
PRIMARY_DELETE__HLO_to_P__primary_5y__M1__ridge__KAZ,UKR,2005,2009,17,11.0,9.0,0.125
PRIMARY_DELETE__HLO_to_P__primary_5y__M1__ridge__KAZ,BRA,2010,2014,19,9.0,11.0,0.1111111111111111
PRIMARY_DELETE__HLO_to_P__primary_5y__M1__ridge__KAZ,CHL,2010,2014,19,16.0,9.0,0.3888888888888889
PRIMARY_DELETE__HLO_to_P__primary_5y__M1__ridge__KAZ,COL,2010,2014,19,12.0,12.0,0.0
PRIMARY_DELETE__HLO_to_P__primary_5y__M1__ridge__KAZ,DEU,2010,2014,19,3.0,3.0,0.0
PRIMARY_DELETE__HLO_to_P__primary_5y__M1__ridge__KAZ,ESP,2010,2014,19,6.0,7.0,0.05555555555555555
PRIMARY_DELETE__HLO_to_P__primary_5y__M1__ridge__KAZ,FIN,2010,2014,19,1.0,2.0,0.05555555555555555
PRIMARY_DELETE__HLO_to_P__primary_5y__M1__ridge__KAZ,GHA,2010,2014,19,19.0,19.0,0.0
PRIMARY_DELETE__HLO_to_P__primary_5y__M1__ridge__KAZ,HRV,2010,2014,19,8.0,6.0,0.1111111111111111
PRIMARY_DELETE__HLO_to_P__primary_5y__M1__ridge__KAZ,IDN,2010,2014,19,14.0,14.0,0.0
PRIMARY_DELETE__HLO_to_P__primary_5y__M1__ridge__KAZ,ITA,2010,2014,19,10.0,5.0,0.2777777777777778
PRIMARY_DELETE__HLO_to_P__primary_5y__M1__ridge__KAZ,JOR,2010,2014,19,17.0,15.0,0.1111111111111111
PRIMARY_DELETE__HLO_to_P__primary_5y__M1__ridge__KAZ,KOR,2010,2014,19,2.0,1.0,0.05555555555555555
PRIMARY_DELETE__HLO_to_P__primary_5y__M1__ridge__KAZ,MAR,2010,2014,19,18.0,18.0,0.0
PRIMARY_DELETE__HLO_to_P__primary_5y__M1__ridge__KAZ,MEX,2010,2014,19,7.0,10.0,0.16666666666666666
PRIMARY_DELETE__HLO_to_P__primary_5y__M1__ridge__KAZ,OMN,2010,2014,19,11.0,17.0,0.3333333333333333
PRIMARY_DELETE__HLO_to_P__primary_5y__M1__ridge__KAZ,POL,2010,2014,19,4.0,4.0,0.0
PRIMARY_DELETE__HLO_to_P__primary_5y__M1__ridge__KAZ,SAU,2010,2014,19,15.0,13.0,0.1111111111111111
PRIMARY_DELETE__HLO_to_P__primary_5y__M1__ridge__KAZ,SRB,2010,2014,19,5.0,8.0,0.16666666666666666
PRIMARY_DELETE__HLO_to_P__primary_5y__M1__ridge__KAZ,ZAF,2010,2014,19,13.0,16.0,0.16666666666666666
PRIMARY_DELETE__HLO_to_P__primary_5y__M1__ridge__KAZ,AUS,2015,2017,9,4.0,5.0,0.125
PRIMARY_DELETE__HLO_to_P__primary_5y__M1__ridge__KAZ,BHR,2015,2017,9,9.0,6.0,0.375
PRIMARY_DELETE__HLO_to_P__primary_5y__M1__ridge__KAZ,DEU,2015,2017,9,3.0,4.0,0.125
PRIMARY_DELETE__HLO_to_P__primary_5y__M1__ridge__KAZ,EGY,2015,2017,9,8.0,9.0,0.125
PRIMARY_DELETE__HLO_to_P__primary_5y__M1__ridge__KAZ,IDN,2015,2017,9,7.0,7.0,0.0
PRIMARY_DELETE__HLO_to_P__primary_5y__M1__ridge__KAZ,JPN,2015,2017,9,2.0,1.0,0.125
PRIMARY_DELETE__HLO_to_P__primary_5y__M1__ridge__KAZ,POL,2015,2017,9,1.0,3.0,0.25
PRIMARY_DELETE__HLO_to_P__primary_5y__M1__ridge__KAZ,RUS,2015,2017,9,5.0,2.0,0.375
PRIMARY_DELETE__HLO_to_P__primary_5y__M1__ridge__KAZ,SAU,2015,2017,9,6.0,8.0,0.25
PRIMARY_DELETE__HLO_to_P__primary_5y__M1__ridge__KOR,ISL,2000,2004,7,2.0,4.0,0.3333333333333333
PRIMARY_DELETE__HLO_to_P__primary_5y__M1__ridge__KOR,LTU,2000,2004,7,4.0,3.0,0.16666666666666666
PRIMARY_DELETE__HLO_to_P__primary_5y__M1__ridge__KOR,NLD,2000,2004,7,3.0,1.0,0.3333333333333333
PRIMARY_DELETE__HLO_to_P__primary_5y__M1__ridge__KOR,NOR,2000,2004,7,1.0,5.0,0.6666666666666666
PRIMARY_DELETE__HLO_to_P__primary_5y__M1__ridge__KOR,PHL,2000,2004,7,6.0,6.0,0.0
PRIMARY_DELETE__HLO_to_P__primary_5y__M1__ridge__KOR,USA,2000,2004,7,5.0,2.0,0.5
PRIMARY_DELETE__HLO_to_P__primary_5y__M1__ridge__KOR,ZAF,2000,2004,7,7.0,7.0,0.0
PRIMARY_DELETE__HLO_to_P__primary_5y__M1__ridge__KOR,AUT,2005,2009,17,2.0,6.0,0.25
PRIMARY_DELETE__HLO_to_P__primary_5y__M1__ridge__KOR,BRA,2005,2009,17,12.0,13.0,0.0625
PRIMARY_DELETE__HLO_to_P__primary_5y__M1__ridge__KOR,CHL,2005,2009,17,13.0,11.0,0.125
PRIMARY_DELETE__HLO_to_P__primary_5y__M1__ridge__KOR,CRI,2005,2009,17,10.0,10.0,0.0
PRIMARY_DELETE__HLO_to_P__primary_5y__M1__ridge__KOR,DEU,2005,2009,17,4.0,3.0,0.0625
PRIMARY_DELETE__HLO_to_P__primary_5y__M1__ridge__KOR,IDN,2005,2009,17,16.0,14.0,0.125
PRIMARY_DELETE__HLO_to_P__primary_5y__M1__ridge__KOR,IRN,2005,2009,17,15.0,12.0,0.1875
PRIMARY_DELETE__HLO_to_P__primary_5y__M1__ridge__KOR,ITA,2005,2009,17,9.0,7.0,0.125
PRIMARY_DELETE__HLO_to_P__primary_5y__M1__ridge__KOR,JPN,2005,2009,17,1.0,1.0,0.0
PRIMARY_DELETE__HLO_to_P__primary_5y__M1__ridge__KOR,MAR,2005,2009,17,17.0,16.0,0.0625
PRIMARY_DELETE__HLO_to_P__primary_5y__M1__ridge__KOR,NLD,2005,2009,17,3.0,2.0,0.0625
PRIMARY_DELETE__HLO_to_P__primary_5y__M1__ridge__KOR,NOR,2005,2009,17,6.0,8.0,0.125
PRIMARY_DELETE__HLO_to_P__primary_5y__M1__ridge__KOR,PER,2005,2009,17,8.0,15.0,0.4375
PRIMARY_DELETE__HLO_to_P__primary_5y__M1__ridge__KOR,POL,2005,2009,17,7.0,4.0,0.1875
PRIMARY_DELETE__HLO_to_P__primary_5y__M1__ridge__KOR,QAT,2005,2009,17,14.0,17.0,0.1875
PRIMARY_DELETE__HLO_to_P__primary_5y__M1__ridge__KOR,SVN,2005,2009,17,5.0,5.0,0.0
PRIMARY_DELETE__HLO_to_P__primary_5y__M1__ridge__KOR,UKR,2005,2009,17,11.0,9.0,0.125
PRIMARY_DELETE__HLO_to_P__primary_5y__M1__ridge__KOR,BRA,2010,2014,19,8.0,11.0,0.16666666666666666
PRIMARY_DELETE__HLO_to_P__primary_5y__M1__ridge__KOR,CHL,2010,2014,19,16.0,9.0,0.3888888888888889
PRIMARY_DELETE__HLO_to_P__primary_5y__M1__ridge__KOR,COL,2010,2014,19,11.0,12.0,0.05555555555555555
PRIMARY_DELETE__HLO_to_P__primary_5y__M1__ridge__KOR,DEU,2010,2014,19,2.0,2.0,0.0
PRIMARY_DELETE__HLO_to_P__primary_5y__M1__ridge__KOR,ESP,2010,2014,19,5.0,6.0,0.05555555555555555
PRIMARY_DELETE__HLO_to_P__primary_5y__M1__ridge__KOR,FIN,2010,2014,19,1.0,1.0,0.0
PRIMARY_DELETE__HLO_to_P__primary_5y__M1__ridge__KOR,GHA,2010,2014,19,19.0,19.0,0.0
PRIMARY_DELETE__HLO_to_P__primary_5y__M1__ridge__KOR,HRV,2010,2014,19,7.0,4.0,0.16666666666666666
PRIMARY_DELETE__HLO_to_P__primary_5y__M1__ridge__KOR,IDN,2010,2014,19,14.0,14.0,0.0
PRIMARY_DELETE__HLO_to_P__primary_5y__M1__ridge__KOR,ITA,2010,2014,19,9.0,5.0,0.2222222222222222
PRIMARY_DELETE__HLO_to_P__primary_5y__M1__ridge__KOR,JOR,2010,2014,19,17.0,15.0,0.1111111111111111
PRIMARY_DELETE__HLO_to_P__primary_5y__M1__ridge__KOR,KAZ,2010,2014,19,12.0,8.0,0.2222222222222222
PRIMARY_DELETE__HLO_to_P__primary_5y__M1__ridge__KOR,MAR,2010,2014,19,18.0,18.0,0.0
PRIMARY_DELETE__HLO_to_P__primary_5y__M1__ridge__KOR,MEX,2010,2014,19,6.0,10.0,0.2222222222222222
PRIMARY_DELETE__HLO_to_P__primary_5y__M1__ridge__KOR,OMN,2010,2014,19,10.0,17.0,0.3888888888888889
PRIMARY_DELETE__HLO_to_P__primary_5y__M1__ridge__KOR,POL,2010,2014,19,3.0,3.0,0.0
PRIMARY_DELETE__HLO_to_P__primary_5y__M1__ridge__KOR,SAU,2010,2014,19,15.0,13.0,0.1111111111111111
PRIMARY_DELETE__HLO_to_P__primary_5y__M1__ridge__KOR,SRB,2010,2014,19,4.0,7.0,0.16666666666666666
PRIMARY_DELETE__HLO_to_P__primary_5y__M1__ridge__KOR,ZAF,2010,2014,19,13.0,16.0,0.16666666666666666
PRIMARY_DELETE__HLO_to_P__primary_5y__M1__ridge__KOR,AUS,2015,2017,9,4.0,5.0,0.125
PRIMARY_DELETE__HLO_to_P__primary_5y__M1__ridge__KOR,BHR,2015,2017,9,9.0,6.0,0.375
PRIMARY_DELETE__HLO_to_P__primary_5y__M1__ridge__KOR,DEU,2015,2017,9,3.0,4.0,0.125
PRIMARY_DELETE__HLO_to_P__primary_5y__M1__ridge__KOR,EGY,2015,2017,9,8.0,9.0,0.125
PRIMARY_DELETE__HLO_to_P__primary_5y__M1__ridge__KOR,IDN,2015,2017,9,7.0,7.0,0.0
PRIMARY_DELETE__HLO_to_P__primary_5y__M1__ridge__KOR,JPN,2015,2017,9,2.0,1.0,0.125
PRIMARY_DELETE__HLO_to_P__primary_5y__M1__ridge__KOR,POL,2015,2017,9,1.0,3.0,0.25
PRIMARY_DELETE__HLO_to_P__primary_5y__M1__ridge__KOR,RUS,2015,2017,9,5.0,2.0,0.375
PRIMARY_DELETE__HLO_to_P__primary_5y__M1__ridge__KOR,SAU,2015,2017,9,6.0,8.0,0.25
PRIMARY_DELETE__HLO_to_P__primary_5y__M1__ridge__LTU,ISL,2000,2004,6,2.0,3.0,0.2
PRIMARY_DELETE__HLO_to_P__primary_5y__M1__ridge__LTU,NLD,2000,2004,6,3.0,1.0,0.4
PRIMARY_DELETE__HLO_to_P__primary_5y__M1__ridge__LTU,NOR,2000,2004,6,1.0,4.0,0.6
PRIMARY_DELETE__HLO_to_P__primary_5y__M1__ridge__LTU,PHL,2000,2004,6,5.0,5.0,0.0
PRIMARY_DELETE__HLO_to_P__primary_5y__M1__ridge__LTU,USA,2000,2004,6,4.0,2.0,0.4
PRIMARY_DELETE__HLO_to_P__primary_5y__M1__ridge__LTU,ZAF,2000,2004,6,6.0,6.0,0.0
PRIMARY_DELETE__HLO_to_P__primary_5y__M1__ridge__LTU,AUT,2005,2009,17,2.0,5.0,0.1875
PRIMARY_DELETE__HLO_to_P__primary_5y__M1__ridge__LTU,BRA,2005,2009,17,12.0,13.0,0.0625
PRIMARY_DELETE__HLO_to_P__primary_5y__M1__ridge__LTU,CHL,2005,2009,17,13.0,11.0,0.125
PRIMARY_DELETE__HLO_to_P__primary_5y__M1__ridge__LTU,CRI,2005,2009,17,10.0,10.0,0.0
PRIMARY_DELETE__HLO_to_P__primary_5y__M1__ridge__LTU,DEU,2005,2009,17,4.0,3.0,0.0625
PRIMARY_DELETE__HLO_to_P__primary_5y__M1__ridge__LTU,IDN,2005,2009,17,16.0,14.0,0.125
PRIMARY_DELETE__HLO_to_P__primary_5y__M1__ridge__LTU,IRN,2005,2009,17,15.0,12.0,0.1875
PRIMARY_DELETE__HLO_to_P__primary_5y__M1__ridge__LTU,ITA,2005,2009,17,9.0,7.0,0.125
PRIMARY_DELETE__HLO_to_P__primary_5y__M1__ridge__LTU,JPN,2005,2009,17,1.0,1.0,0.0
PRIMARY_DELETE__HLO_to_P__primary_5y__M1__ridge__LTU,MAR,2005,2009,17,17.0,16.0,0.0625
PRIMARY_DELETE__HLO_to_P__primary_5y__M1__ridge__LTU,NLD,2005,2009,17,3.0,2.0,0.0625
PRIMARY_DELETE__HLO_to_P__primary_5y__M1__ridge__LTU,NOR,2005,2009,17,6.0,8.0,0.125
PRIMARY_DELETE__HLO_to_P__primary_5y__M1__ridge__LTU,PER,2005,2009,17,8.0,15.0,0.4375
PRIMARY_DELETE__HLO_to_P__primary_5y__M1__ridge__LTU,POL,2005,2009,17,7.0,4.0,0.1875
PRIMARY_DELETE__HLO_to_P__primary_5y__M1__ridge__LTU,QAT,2005,2009,17,14.0,17.0,0.1875
PRIMARY_DELETE__HLO_to_P__primary_5y__M1__ridge__LTU,SVN,2005,2009,17,5.0,6.0,0.0625
PRIMARY_DELETE__HLO_to_P__primary_5y__M1__ridge__LTU,UKR,2005,2009,17,11.0,9.0,0.125
PRIMARY_DELETE__HLO_to_P__primary_5y__M1__ridge__LTU,BRA,2010,2014,20,9.0,12.0,0.15789473684210525
PRIMARY_DELETE__HLO_to_P__primary_5y__M1__ridge__LTU,CHL,2010,2014,20,17.0,10.0,0.3684210526315789
PRIMARY_DELETE__HLO_to_P__primary_5y__M1__ridge__LTU,COL,2010,2014,20,12.0,13.0,0.05263157894736842
PRIMARY_DELETE__HLO_to_P__primary_5y__M1__ridge__LTU,DEU,2010,2014,20,3.0,3.0,0.0
PRIMARY_DELETE__HLO_to_P__primary_5y__M1__ridge__LTU,ESP,2010,2014,20,6.0,7.0,0.05263157894736842
PRIMARY_DELETE__HLO_to_P__primary_5y__M1__ridge__LTU,FIN,2010,2014,20,1.0,2.0,0.05263157894736842
PRIMARY_DELETE__HLO_to_P__primary_5y__M1__ridge__LTU,GHA,2010,2014,20,20.0,20.0,0.0
PRIMARY_DELETE__HLO_to_P__primary_5y__M1__ridge__LTU,HRV,2010,2014,20,8.0,6.0,0.10526315789473684
PRIMARY_DELETE__HLO_to_P__primary_5y__M1__ridge__LTU,IDN,2010,2014,20,15.0,15.0,0.0
PRIMARY_DELETE__HLO_to_P__primary_5y__M1__ridge__LTU,ITA,2010,2014,20,10.0,5.0,0.2631578947368421
PRIMARY_DELETE__HLO_to_P__primary_5y__M1__ridge__LTU,JOR,2010,2014,20,18.0,16.0,0.10526315789473684
PRIMARY_DELETE__HLO_to_P__primary_5y__M1__ridge__LTU,KAZ,2010,2014,20,13.0,9.0,0.21052631578947367
PRIMARY_DELETE__HLO_to_P__primary_5y__M1__ridge__LTU,KOR,2010,2014,20,2.0,1.0,0.05263157894736842
PRIMARY_DELETE__HLO_to_P__primary_5y__M1__ridge__LTU,MAR,2010,2014,20,19.0,19.0,0.0
PRIMARY_DELETE__HLO_to_P__primary_5y__M1__ridge__LTU,MEX,2010,2014,20,7.0,11.0,0.21052631578947367
PRIMARY_DELETE__HLO_to_P__primary_5y__M1__ridge__LTU,OMN,2010,2014,20,11.0,18.0,0.3684210526315789
PRIMARY_DELETE__HLO_to_P__primary_5y__M1__ridge__LTU,POL,2010,2014,20,4.0,4.0,0.0
PRIMARY_DELETE__HLO_to_P__primary_5y__M1__ridge__LTU,SAU,2010,2014,20,16.0,14.0,0.10526315789473684
PRIMARY_DELETE__HLO_to_P__primary_5y__M1__ridge__LTU,SRB,2010,2014,20,5.0,8.0,0.15789473684210525
PRIMARY_DELETE__HLO_to_P__primary_5y__M1__ridge__LTU,ZAF,2010,2014,20,14.0,17.0,0.15789473684210525
PRIMARY_DELETE__HLO_to_P__primary_5y__M1__ridge__LTU,AUS,2015,2017,9,4.0,5.0,0.125
PRIMARY_DELETE__HLO_to_P__primary_5y__M1__ridge__LTU,BHR,2015,2017,9,9.0,6.0,0.375
PRIMARY_DELETE__HLO_to_P__primary_5y__M1__ridge__LTU,DEU,2015,2017,9,3.0,4.0,0.125
PRIMARY_DELETE__HLO_to_P__primary_5y__M1__ridge__LTU,EGY,2015,2017,9,8.0,9.0,0.125
PRIMARY_DELETE__HLO_to_P__primary_5y__M1__ridge__LTU,IDN,2015,2017,9,7.0,7.0,0.0
PRIMARY_DELETE__HLO_to_P__primary_5y__M1__ridge__LTU,JPN,2015,2017,9,2.0,1.0,0.125
PRIMARY_DELETE__HLO_to_P__primary_5y__M1__ridge__LTU,POL,2015,2017,9,1.0,3.0,0.25
PRIMARY_DELETE__HLO_to_P__primary_5y__M1__ridge__LTU,RUS,2015,2017,9,5.0,2.0,0.375
PRIMARY_DELETE__HLO_to_P__primary_5y__M1__ridge__LTU,SAU,2015,2017,9,6.0,8.0,0.25
PRIMARY_DELETE__HLO_to_P__primary_5y__M1__ridge__MAR,ISL,2000,2004,7,2.0,4.0,0.3333333333333333
PRIMARY_DELETE__HLO_to_P__primary_5y__M1__ridge__MAR,LTU,2000,2004,7,4.0,3.0,0.16666666666666666
PRIMARY_DELETE__HLO_to_P__primary_5y__M1__ridge__MAR,NLD,2000,2004,7,3.0,1.0,0.3333333333333333
PRIMARY_DELETE__HLO_to_P__primary_5y__M1__ridge__MAR,NOR,2000,2004,7,1.0,5.0,0.6666666666666666
PRIMARY_DELETE__HLO_to_P__primary_5y__M1__ridge__MAR,PHL,2000,2004,7,6.0,6.0,0.0
PRIMARY_DELETE__HLO_to_P__primary_5y__M1__ridge__MAR,USA,2000,2004,7,5.0,2.0,0.5
PRIMARY_DELETE__HLO_to_P__primary_5y__M1__ridge__MAR,ZAF,2000,2004,7,7.0,7.0,0.0
PRIMARY_DELETE__HLO_to_P__primary_5y__M1__ridge__MAR,AUT,2005,2009,16,2.0,7.0,0.3333333333333333
PRIMARY_DELETE__HLO_to_P__primary_5y__M1__ridge__MAR,BRA,2005,2009,16,12.0,13.0,0.06666666666666667
PRIMARY_DELETE__HLO_to_P__primary_5y__M1__ridge__MAR,CHL,2005,2009,16,13.0,11.0,0.13333333333333333
PRIMARY_DELETE__HLO_to_P__primary_5y__M1__ridge__MAR,CRI,2005,2009,16,10.0,10.0,0.0
PRIMARY_DELETE__HLO_to_P__primary_5y__M1__ridge__MAR,DEU,2005,2009,16,4.0,3.0,0.06666666666666667
PRIMARY_DELETE__HLO_to_P__primary_5y__M1__ridge__MAR,IDN,2005,2009,16,16.0,14.0,0.13333333333333333
PRIMARY_DELETE__HLO_to_P__primary_5y__M1__ridge__MAR,IRN,2005,2009,16,15.0,12.0,0.2
PRIMARY_DELETE__HLO_to_P__primary_5y__M1__ridge__MAR,ITA,2005,2009,16,9.0,5.0,0.26666666666666666
PRIMARY_DELETE__HLO_to_P__primary_5y__M1__ridge__MAR,JPN,2005,2009,16,1.0,2.0,0.06666666666666667
PRIMARY_DELETE__HLO_to_P__primary_5y__M1__ridge__MAR,NLD,2005,2009,16,3.0,1.0,0.13333333333333333
PRIMARY_DELETE__HLO_to_P__primary_5y__M1__ridge__MAR,NOR,2005,2009,16,6.0,8.0,0.13333333333333333
PRIMARY_DELETE__HLO_to_P__primary_5y__M1__ridge__MAR,PER,2005,2009,16,8.0,15.0,0.4666666666666667
PRIMARY_DELETE__HLO_to_P__primary_5y__M1__ridge__MAR,POL,2005,2009,16,7.0,4.0,0.2
PRIMARY_DELETE__HLO_to_P__primary_5y__M1__ridge__MAR,QAT,2005,2009,16,14.0,16.0,0.13333333333333333
PRIMARY_DELETE__HLO_to_P__primary_5y__M1__ridge__MAR,SVN,2005,2009,16,5.0,6.0,0.06666666666666667
PRIMARY_DELETE__HLO_to_P__primary_5y__M1__ridge__MAR,UKR,2005,2009,16,11.0,9.0,0.13333333333333333
PRIMARY_DELETE__HLO_to_P__primary_5y__M1__ridge__MAR,BRA,2010,2014,19,9.0,13.0,0.2222222222222222
PRIMARY_DELETE__HLO_to_P__primary_5y__M1__ridge__MAR,CHL,2010,2014,19,17.0,10.0,0.3888888888888889
PRIMARY_DELETE__HLO_to_P__primary_5y__M1__ridge__MAR,COL,2010,2014,19,12.0,14.0,0.1111111111111111
PRIMARY_DELETE__HLO_to_P__primary_5y__M1__ridge__MAR,DEU,2010,2014,19,3.0,3.0,0.0
PRIMARY_DELETE__HLO_to_P__primary_5y__M1__ridge__MAR,ESP,2010,2014,19,6.0,7.0,0.05555555555555555
PRIMARY_DELETE__HLO_to_P__primary_5y__M1__ridge__MAR,FIN,2010,2014,19,1.0,2.0,0.05555555555555555
PRIMARY_DELETE__HLO_to_P__primary_5y__M1__ridge__MAR,GHA,2010,2014,19,19.0,19.0,0.0
PRIMARY_DELETE__HLO_to_P__primary_5y__M1__ridge__MAR,HRV,2010,2014,19,8.0,5.0,0.16666666666666666
PRIMARY_DELETE__HLO_to_P__primary_5y__M1__ridge__MAR,IDN,2010,2014,19,15.0,15.0,0.0
PRIMARY_DELETE__HLO_to_P__primary_5y__M1__ridge__MAR,ITA,2010,2014,19,10.0,6.0,0.2222222222222222
PRIMARY_DELETE__HLO_to_P__primary_5y__M1__ridge__MAR,JOR,2010,2014,19,18.0,16.0,0.1111111111111111
PRIMARY_DELETE__HLO_to_P__primary_5y__M1__ridge__MAR,KAZ,2010,2014,19,13.0,9.0,0.2222222222222222
PRIMARY_DELETE__HLO_to_P__primary_5y__M1__ridge__MAR,KOR,2010,2014,19,2.0,1.0,0.05555555555555555
PRIMARY_DELETE__HLO_to_P__primary_5y__M1__ridge__MAR,MEX,2010,2014,19,7.0,11.0,0.2222222222222222
PRIMARY_DELETE__HLO_to_P__primary_5y__M1__ridge__MAR,OMN,2010,2014,19,11.0,18.0,0.3888888888888889
PRIMARY_DELETE__HLO_to_P__primary_5y__M1__ridge__MAR,POL,2010,2014,19,4.0,4.0,0.0
PRIMARY_DELETE__HLO_to_P__primary_5y__M1__ridge__MAR,SAU,2010,2014,19,16.0,12.0,0.2222222222222222
PRIMARY_DELETE__HLO_to_P__primary_5y__M1__ridge__MAR,SRB,2010,2014,19,5.0,8.0,0.16666666666666666
PRIMARY_DELETE__HLO_to_P__primary_5y__M1__ridge__MAR,ZAF,2010,2014,19,14.0,17.0,0.16666666666666666
PRIMARY_DELETE__HLO_to_P__primary_5y__M1__ridge__MAR,AUS,2015,2017,9,4.0,4.0,0.0
PRIMARY_DELETE__HLO_to_P__primary_5y__M1__ridge__MAR,BHR,2015,2017,9,9.0,6.0,0.375
PRIMARY_DELETE__HLO_to_P__primary_5y__M1__ridge__MAR,DEU,2015,2017,9,3.0,5.0,0.25
PRIMARY_DELETE__HLO_to_P__primary_5y__M1__ridge__MAR,EGY,2015,2017,9,8.0,9.0,0.125
PRIMARY_DELETE__HLO_to_P__primary_5y__M1__ridge__MAR,IDN,2015,2017,9,7.0,7.0,0.0
PRIMARY_DELETE__HLO_to_P__primary_5y__M1__ridge__MAR,JPN,2015,2017,9,2.0,2.0,0.0
PRIMARY_DELETE__HLO_to_P__primary_5y__M1__ridge__MAR,POL,2015,2017,9,1.0,3.0,0.25
PRIMARY_DELETE__HLO_to_P__primary_5y__M1__ridge__MAR,RUS,2015,2017,9,5.0,1.0,0.5
PRIMARY_DELETE__HLO_to_P__primary_5y__M1__ridge__MAR,SAU,2015,2017,9,6.0,8.0,0.25
PRIMARY_DELETE__HLO_to_P__primary_5y__M1__ridge__MEX,ISL,2000,2004,7,2.0,4.0,0.3333333333333333
PRIMARY_DELETE__HLO_to_P__primary_5y__M1__ridge__MEX,LTU,2000,2004,7,4.0,3.0,0.16666666666666666
PRIMARY_DELETE__HLO_to_P__primary_5y__M1__ridge__MEX,NLD,2000,2004,7,3.0,1.0,0.3333333333333333
PRIMARY_DELETE__HLO_to_P__primary_5y__M1__ridge__MEX,NOR,2000,2004,7,1.0,5.0,0.6666666666666666
PRIMARY_DELETE__HLO_to_P__primary_5y__M1__ridge__MEX,PHL,2000,2004,7,6.0,6.0,0.0
PRIMARY_DELETE__HLO_to_P__primary_5y__M1__ridge__MEX,USA,2000,2004,7,5.0,2.0,0.5
PRIMARY_DELETE__HLO_to_P__primary_5y__M1__ridge__MEX,ZAF,2000,2004,7,7.0,7.0,0.0
PRIMARY_DELETE__HLO_to_P__primary_5y__M1__ridge__MEX,AUT,2005,2009,17,2.0,5.0,0.1875
PRIMARY_DELETE__HLO_to_P__primary_5y__M1__ridge__MEX,BRA,2005,2009,17,12.0,13.0,0.0625
PRIMARY_DELETE__HLO_to_P__primary_5y__M1__ridge__MEX,CHL,2005,2009,17,13.0,11.0,0.125
PRIMARY_DELETE__HLO_to_P__primary_5y__M1__ridge__MEX,CRI,2005,2009,17,10.0,10.0,0.0
PRIMARY_DELETE__HLO_to_P__primary_5y__M1__ridge__MEX,DEU,2005,2009,17,4.0,3.0,0.0625
PRIMARY_DELETE__HLO_to_P__primary_5y__M1__ridge__MEX,IDN,2005,2009,17,16.0,14.0,0.125
PRIMARY_DELETE__HLO_to_P__primary_5y__M1__ridge__MEX,IRN,2005,2009,17,15.0,12.0,0.1875
PRIMARY_DELETE__HLO_to_P__primary_5y__M1__ridge__MEX,ITA,2005,2009,17,9.0,6.0,0.1875
PRIMARY_DELETE__HLO_to_P__primary_5y__M1__ridge__MEX,JPN,2005,2009,17,1.0,1.0,0.0
PRIMARY_DELETE__HLO_to_P__primary_5y__M1__ridge__MEX,MAR,2005,2009,17,17.0,16.0,0.0625
PRIMARY_DELETE__HLO_to_P__primary_5y__M1__ridge__MEX,NLD,2005,2009,17,3.0,2.0,0.0625
PRIMARY_DELETE__HLO_to_P__primary_5y__M1__ridge__MEX,NOR,2005,2009,17,6.0,8.0,0.125
PRIMARY_DELETE__HLO_to_P__primary_5y__M1__ridge__MEX,PER,2005,2009,17,8.0,15.0,0.4375
PRIMARY_DELETE__HLO_to_P__primary_5y__M1__ridge__MEX,POL,2005,2009,17,7.0,4.0,0.1875
PRIMARY_DELETE__HLO_to_P__primary_5y__M1__ridge__MEX,QAT,2005,2009,17,14.0,17.0,0.1875
PRIMARY_DELETE__HLO_to_P__primary_5y__M1__ridge__MEX,SVN,2005,2009,17,5.0,7.0,0.125
PRIMARY_DELETE__HLO_to_P__primary_5y__M1__ridge__MEX,UKR,2005,2009,17,11.0,9.0,0.125
PRIMARY_DELETE__HLO_to_P__primary_5y__M1__ridge__MEX,BRA,2010,2014,19,8.0,11.0,0.16666666666666666
PRIMARY_DELETE__HLO_to_P__primary_5y__M1__ridge__MEX,CHL,2010,2014,19,16.0,10.0,0.3333333333333333
PRIMARY_DELETE__HLO_to_P__primary_5y__M1__ridge__MEX,COL,2010,2014,19,11.0,12.0,0.05555555555555555
PRIMARY_DELETE__HLO_to_P__primary_5y__M1__ridge__MEX,DEU,2010,2014,19,3.0,3.0,0.0
PRIMARY_DELETE__HLO_to_P__primary_5y__M1__ridge__MEX,ESP,2010,2014,19,6.0,7.0,0.05555555555555555
PRIMARY_DELETE__HLO_to_P__primary_5y__M1__ridge__MEX,FIN,2010,2014,19,1.0,2.0,0.05555555555555555
PRIMARY_DELETE__HLO_to_P__primary_5y__M1__ridge__MEX,GHA,2010,2014,19,19.0,19.0,0.0
PRIMARY_DELETE__HLO_to_P__primary_5y__M1__ridge__MEX,HRV,2010,2014,19,7.0,6.0,0.05555555555555555
PRIMARY_DELETE__HLO_to_P__primary_5y__M1__ridge__MEX,IDN,2010,2014,19,14.0,14.0,0.0
PRIMARY_DELETE__HLO_to_P__primary_5y__M1__ridge__MEX,ITA,2010,2014,19,9.0,5.0,0.2222222222222222
PRIMARY_DELETE__HLO_to_P__primary_5y__M1__ridge__MEX,JOR,2010,2014,19,17.0,15.0,0.1111111111111111
PRIMARY_DELETE__HLO_to_P__primary_5y__M1__ridge__MEX,KAZ,2010,2014,19,12.0,9.0,0.16666666666666666
PRIMARY_DELETE__HLO_to_P__primary_5y__M1__ridge__MEX,KOR,2010,2014,19,2.0,1.0,0.05555555555555555
PRIMARY_DELETE__HLO_to_P__primary_5y__M1__ridge__MEX,MAR,2010,2014,19,18.0,18.0,0.0
PRIMARY_DELETE__HLO_to_P__primary_5y__M1__ridge__MEX,OMN,2010,2014,19,10.0,17.0,0.3888888888888889
PRIMARY_DELETE__HLO_to_P__primary_5y__M1__ridge__MEX,POL,2010,2014,19,4.0,4.0,0.0
PRIMARY_DELETE__HLO_to_P__primary_5y__M1__ridge__MEX,SAU,2010,2014,19,15.0,13.0,0.1111111111111111
PRIMARY_DELETE__HLO_to_P__primary_5y__M1__ridge__MEX,SRB,2010,2014,19,5.0,8.0,0.16666666666666666
PRIMARY_DELETE__HLO_to_P__primary_5y__M1__ridge__MEX,ZAF,2010,2014,19,13.0,16.0,0.16666666666666666
PRIMARY_DELETE__HLO_to_P__primary_5y__M1__ridge__MEX,AUS,2015,2017,9,4.0,5.0,0.125
PRIMARY_DELETE__HLO_to_P__primary_5y__M1__ridge__MEX,BHR,2015,2017,9,9.0,6.0,0.375
PRIMARY_DELETE__HLO_to_P__primary_5y__M1__ridge__MEX,DEU,2015,2017,9,3.0,4.0,0.125
PRIMARY_DELETE__HLO_to_P__primary_5y__M1__ridge__MEX,EGY,2015,2017,9,8.0,9.0,0.125
PRIMARY_DELETE__HLO_to_P__primary_5y__M1__ridge__MEX,IDN,2015,2017,9,7.0,7.0,0.0
PRIMARY_DELETE__HLO_to_P__primary_5y__M1__ridge__MEX,JPN,2015,2017,9,2.0,1.0,0.125
PRIMARY_DELETE__HLO_to_P__primary_5y__M1__ridge__MEX,POL,2015,2017,9,1.0,3.0,0.25
PRIMARY_DELETE__HLO_to_P__primary_5y__M1__ridge__MEX,RUS,2015,2017,9,5.0,2.0,0.375
PRIMARY_DELETE__HLO_to_P__primary_5y__M1__ridge__MEX,SAU,2015,2017,9,6.0,8.0,0.25
PRIMARY_DELETE__HLO_to_P__primary_5y__M1__ridge__NLD,ISL,2000,2004,6,2.0,3.0,0.2
PRIMARY_DELETE__HLO_to_P__primary_5y__M1__ridge__NLD,LTU,2000,2004,6,3.0,2.0,0.2
PRIMARY_DELETE__HLO_to_P__primary_5y__M1__ridge__NLD,NOR,2000,2004,6,1.0,4.0,0.6
PRIMARY_DELETE__HLO_to_P__primary_5y__M1__ridge__NLD,PHL,2000,2004,6,5.0,5.0,0.0
PRIMARY_DELETE__HLO_to_P__primary_5y__M1__ridge__NLD,USA,2000,2004,6,4.0,1.0,0.6
PRIMARY_DELETE__HLO_to_P__primary_5y__M1__ridge__NLD,ZAF,2000,2004,6,6.0,6.0,0.0
PRIMARY_DELETE__HLO_to_P__primary_5y__M1__ridge__NLD,AUT,2005,2009,16,2.0,4.0,0.13333333333333333
PRIMARY_DELETE__HLO_to_P__primary_5y__M1__ridge__NLD,BRA,2005,2009,16,11.0,12.0,0.06666666666666667
PRIMARY_DELETE__HLO_to_P__primary_5y__M1__ridge__NLD,CHL,2005,2009,16,12.0,10.0,0.13333333333333333
PRIMARY_DELETE__HLO_to_P__primary_5y__M1__ridge__NLD,CRI,2005,2009,16,9.0,9.0,0.0
PRIMARY_DELETE__HLO_to_P__primary_5y__M1__ridge__NLD,DEU,2005,2009,16,3.0,2.0,0.06666666666666667
PRIMARY_DELETE__HLO_to_P__primary_5y__M1__ridge__NLD,IDN,2005,2009,16,15.0,13.0,0.13333333333333333
PRIMARY_DELETE__HLO_to_P__primary_5y__M1__ridge__NLD,IRN,2005,2009,16,14.0,11.0,0.2
PRIMARY_DELETE__HLO_to_P__primary_5y__M1__ridge__NLD,ITA,2005,2009,16,8.0,5.0,0.2
PRIMARY_DELETE__HLO_to_P__primary_5y__M1__ridge__NLD,JPN,2005,2009,16,1.0,1.0,0.0
PRIMARY_DELETE__HLO_to_P__primary_5y__M1__ridge__NLD,MAR,2005,2009,16,16.0,15.0,0.06666666666666667
PRIMARY_DELETE__HLO_to_P__primary_5y__M1__ridge__NLD,NOR,2005,2009,16,5.0,7.0,0.13333333333333333
PRIMARY_DELETE__HLO_to_P__primary_5y__M1__ridge__NLD,PER,2005,2009,16,7.0,14.0,0.4666666666666667
PRIMARY_DELETE__HLO_to_P__primary_5y__M1__ridge__NLD,POL,2005,2009,16,6.0,3.0,0.2
PRIMARY_DELETE__HLO_to_P__primary_5y__M1__ridge__NLD,QAT,2005,2009,16,13.0,16.0,0.2
PRIMARY_DELETE__HLO_to_P__primary_5y__M1__ridge__NLD,SVN,2005,2009,16,4.0,6.0,0.13333333333333333
PRIMARY_DELETE__HLO_to_P__primary_5y__M1__ridge__NLD,UKR,2005,2009,16,10.0,8.0,0.13333333333333333
PRIMARY_DELETE__HLO_to_P__primary_5y__M1__ridge__NLD,BRA,2010,2014,20,9.0,12.0,0.15789473684210525
PRIMARY_DELETE__HLO_to_P__primary_5y__M1__ridge__NLD,CHL,2010,2014,20,17.0,10.0,0.3684210526315789
PRIMARY_DELETE__HLO_to_P__primary_5y__M1__ridge__NLD,COL,2010,2014,20,12.0,13.0,0.05263157894736842
PRIMARY_DELETE__HLO_to_P__primary_5y__M1__ridge__NLD,DEU,2010,2014,20,3.0,3.0,0.0
PRIMARY_DELETE__HLO_to_P__primary_5y__M1__ridge__NLD,ESP,2010,2014,20,6.0,7.0,0.05263157894736842
PRIMARY_DELETE__HLO_to_P__primary_5y__M1__ridge__NLD,FIN,2010,2014,20,1.0,2.0,0.05263157894736842
PRIMARY_DELETE__HLO_to_P__primary_5y__M1__ridge__NLD,GHA,2010,2014,20,20.0,20.0,0.0
PRIMARY_DELETE__HLO_to_P__primary_5y__M1__ridge__NLD,HRV,2010,2014,20,8.0,6.0,0.10526315789473684
PRIMARY_DELETE__HLO_to_P__primary_5y__M1__ridge__NLD,IDN,2010,2014,20,15.0,15.0,0.0
PRIMARY_DELETE__HLO_to_P__primary_5y__M1__ridge__NLD,ITA,2010,2014,20,10.0,5.0,0.2631578947368421
PRIMARY_DELETE__HLO_to_P__primary_5y__M1__ridge__NLD,JOR,2010,2014,20,18.0,16.0,0.10526315789473684
PRIMARY_DELETE__HLO_to_P__primary_5y__M1__ridge__NLD,KAZ,2010,2014,20,13.0,9.0,0.21052631578947367
PRIMARY_DELETE__HLO_to_P__primary_5y__M1__ridge__NLD,KOR,2010,2014,20,2.0,1.0,0.05263157894736842
PRIMARY_DELETE__HLO_to_P__primary_5y__M1__ridge__NLD,MAR,2010,2014,20,19.0,19.0,0.0
PRIMARY_DELETE__HLO_to_P__primary_5y__M1__ridge__NLD,MEX,2010,2014,20,7.0,11.0,0.21052631578947367
PRIMARY_DELETE__HLO_to_P__primary_5y__M1__ridge__NLD,OMN,2010,2014,20,11.0,18.0,0.3684210526315789
PRIMARY_DELETE__HLO_to_P__primary_5y__M1__ridge__NLD,POL,2010,2014,20,4.0,4.0,0.0
PRIMARY_DELETE__HLO_to_P__primary_5y__M1__ridge__NLD,SAU,2010,2014,20,16.0,14.0,0.10526315789473684
PRIMARY_DELETE__HLO_to_P__primary_5y__M1__ridge__NLD,SRB,2010,2014,20,5.0,8.0,0.15789473684210525
PRIMARY_DELETE__HLO_to_P__primary_5y__M1__ridge__NLD,ZAF,2010,2014,20,14.0,17.0,0.15789473684210525
PRIMARY_DELETE__HLO_to_P__primary_5y__M1__ridge__NLD,AUS,2015,2017,9,4.0,5.0,0.125
PRIMARY_DELETE__HLO_to_P__primary_5y__M1__ridge__NLD,BHR,2015,2017,9,9.0,6.0,0.375
PRIMARY_DELETE__HLO_to_P__primary_5y__M1__ridge__NLD,DEU,2015,2017,9,3.0,4.0,0.125
PRIMARY_DELETE__HLO_to_P__primary_5y__M1__ridge__NLD,EGY,2015,2017,9,8.0,9.0,0.125
PRIMARY_DELETE__HLO_to_P__primary_5y__M1__ridge__NLD,IDN,2015,2017,9,7.0,7.0,0.0
PRIMARY_DELETE__HLO_to_P__primary_5y__M1__ridge__NLD,JPN,2015,2017,9,2.0,1.0,0.125
PRIMARY_DELETE__HLO_to_P__primary_5y__M1__ridge__NLD,POL,2015,2017,9,1.0,3.0,0.25
PRIMARY_DELETE__HLO_to_P__primary_5y__M1__ridge__NLD,RUS,2015,2017,9,5.0,2.0,0.375
PRIMARY_DELETE__HLO_to_P__primary_5y__M1__ridge__NLD,SAU,2015,2017,9,6.0,8.0,0.25
PRIMARY_DELETE__HLO_to_P__primary_5y__M1__ridge__NOR,ISL,2000,2004,6,1.0,4.0,0.6
PRIMARY_DELETE__HLO_to_P__primary_5y__M1__ridge__NOR,LTU,2000,2004,6,3.0,3.0,0.0
PRIMARY_DELETE__HLO_to_P__primary_5y__M1__ridge__NOR,NLD,2000,2004,6,2.0,1.0,0.2
PRIMARY_DELETE__HLO_to_P__primary_5y__M1__ridge__NOR,PHL,2000,2004,6,5.0,5.0,0.0
PRIMARY_DELETE__HLO_to_P__primary_5y__M1__ridge__NOR,USA,2000,2004,6,4.0,2.0,0.4
PRIMARY_DELETE__HLO_to_P__primary_5y__M1__ridge__NOR,ZAF,2000,2004,6,6.0,6.0,0.0
PRIMARY_DELETE__HLO_to_P__primary_5y__M1__ridge__NOR,AUT,2005,2009,16,2.0,5.0,0.2
PRIMARY_DELETE__HLO_to_P__primary_5y__M1__ridge__NOR,BRA,2005,2009,16,11.0,12.0,0.06666666666666667
PRIMARY_DELETE__HLO_to_P__primary_5y__M1__ridge__NOR,CHL,2005,2009,16,12.0,10.0,0.13333333333333333
PRIMARY_DELETE__HLO_to_P__primary_5y__M1__ridge__NOR,CRI,2005,2009,16,9.0,9.0,0.0
PRIMARY_DELETE__HLO_to_P__primary_5y__M1__ridge__NOR,DEU,2005,2009,16,4.0,3.0,0.06666666666666667
PRIMARY_DELETE__HLO_to_P__primary_5y__M1__ridge__NOR,IDN,2005,2009,16,15.0,13.0,0.13333333333333333
PRIMARY_DELETE__HLO_to_P__primary_5y__M1__ridge__NOR,IRN,2005,2009,16,14.0,11.0,0.2
PRIMARY_DELETE__HLO_to_P__primary_5y__M1__ridge__NOR,ITA,2005,2009,16,8.0,7.0,0.06666666666666667
PRIMARY_DELETE__HLO_to_P__primary_5y__M1__ridge__NOR,JPN,2005,2009,16,1.0,1.0,0.0
PRIMARY_DELETE__HLO_to_P__primary_5y__M1__ridge__NOR,MAR,2005,2009,16,16.0,15.0,0.06666666666666667
PRIMARY_DELETE__HLO_to_P__primary_5y__M1__ridge__NOR,NLD,2005,2009,16,3.0,2.0,0.06666666666666667
PRIMARY_DELETE__HLO_to_P__primary_5y__M1__ridge__NOR,PER,2005,2009,16,7.0,14.0,0.4666666666666667
PRIMARY_DELETE__HLO_to_P__primary_5y__M1__ridge__NOR,POL,2005,2009,16,6.0,4.0,0.13333333333333333
PRIMARY_DELETE__HLO_to_P__primary_5y__M1__ridge__NOR,QAT,2005,2009,16,13.0,16.0,0.2
PRIMARY_DELETE__HLO_to_P__primary_5y__M1__ridge__NOR,SVN,2005,2009,16,5.0,6.0,0.06666666666666667
PRIMARY_DELETE__HLO_to_P__primary_5y__M1__ridge__NOR,UKR,2005,2009,16,10.0,8.0,0.13333333333333333
PRIMARY_DELETE__HLO_to_P__primary_5y__M1__ridge__NOR,BRA,2010,2014,20,9.0,12.0,0.15789473684210525
PRIMARY_DELETE__HLO_to_P__primary_5y__M1__ridge__NOR,CHL,2010,2014,20,17.0,10.0,0.3684210526315789
PRIMARY_DELETE__HLO_to_P__primary_5y__M1__ridge__NOR,COL,2010,2014,20,12.0,13.0,0.05263157894736842
PRIMARY_DELETE__HLO_to_P__primary_5y__M1__ridge__NOR,DEU,2010,2014,20,3.0,3.0,0.0
PRIMARY_DELETE__HLO_to_P__primary_5y__M1__ridge__NOR,ESP,2010,2014,20,6.0,7.0,0.05263157894736842
PRIMARY_DELETE__HLO_to_P__primary_5y__M1__ridge__NOR,FIN,2010,2014,20,1.0,2.0,0.05263157894736842
PRIMARY_DELETE__HLO_to_P__primary_5y__M1__ridge__NOR,GHA,2010,2014,20,20.0,20.0,0.0
PRIMARY_DELETE__HLO_to_P__primary_5y__M1__ridge__NOR,HRV,2010,2014,20,8.0,6.0,0.10526315789473684
PRIMARY_DELETE__HLO_to_P__primary_5y__M1__ridge__NOR,IDN,2010,2014,20,15.0,15.0,0.0
PRIMARY_DELETE__HLO_to_P__primary_5y__M1__ridge__NOR,ITA,2010,2014,20,10.0,5.0,0.2631578947368421
PRIMARY_DELETE__HLO_to_P__primary_5y__M1__ridge__NOR,JOR,2010,2014,20,18.0,16.0,0.10526315789473684
PRIMARY_DELETE__HLO_to_P__primary_5y__M1__ridge__NOR,KAZ,2010,2014,20,13.0,9.0,0.21052631578947367
PRIMARY_DELETE__HLO_to_P__primary_5y__M1__ridge__NOR,KOR,2010,2014,20,2.0,1.0,0.05263157894736842
PRIMARY_DELETE__HLO_to_P__primary_5y__M1__ridge__NOR,MAR,2010,2014,20,19.0,19.0,0.0
PRIMARY_DELETE__HLO_to_P__primary_5y__M1__ridge__NOR,MEX,2010,2014,20,7.0,11.0,0.21052631578947367
PRIMARY_DELETE__HLO_to_P__primary_5y__M1__ridge__NOR,OMN,2010,2014,20,11.0,18.0,0.3684210526315789
PRIMARY_DELETE__HLO_to_P__primary_5y__M1__ridge__NOR,POL,2010,2014,20,4.0,4.0,0.0
PRIMARY_DELETE__HLO_to_P__primary_5y__M1__ridge__NOR,SAU,2010,2014,20,16.0,14.0,0.10526315789473684
PRIMARY_DELETE__HLO_to_P__primary_5y__M1__ridge__NOR,SRB,2010,2014,20,5.0,8.0,0.15789473684210525
PRIMARY_DELETE__HLO_to_P__primary_5y__M1__ridge__NOR,ZAF,2010,2014,20,14.0,17.0,0.15789473684210525
PRIMARY_DELETE__HLO_to_P__primary_5y__M1__ridge__NOR,AUS,2015,2017,9,4.0,5.0,0.125
PRIMARY_DELETE__HLO_to_P__primary_5y__M1__ridge__NOR,BHR,2015,2017,9,9.0,6.0,0.375
PRIMARY_DELETE__HLO_to_P__primary_5y__M1__ridge__NOR,DEU,2015,2017,9,3.0,4.0,0.125
PRIMARY_DELETE__HLO_to_P__primary_5y__M1__ridge__NOR,EGY,2015,2017,9,8.0,9.0,0.125
PRIMARY_DELETE__HLO_to_P__primary_5y__M1__ridge__NOR,IDN,2015,2017,9,7.0,7.0,0.0
PRIMARY_DELETE__HLO_to_P__primary_5y__M1__ridge__NOR,JPN,2015,2017,9,2.0,1.0,0.125
PRIMARY_DELETE__HLO_to_P__primary_5y__M1__ridge__NOR,POL,2015,2017,9,1.0,3.0,0.25
PRIMARY_DELETE__HLO_to_P__primary_5y__M1__ridge__NOR,RUS,2015,2017,9,5.0,2.0,0.375
PRIMARY_DELETE__HLO_to_P__primary_5y__M1__ridge__NOR,SAU,2015,2017,9,6.0,8.0,0.25
PRIMARY_DELETE__HLO_to_P__primary_5y__M1__ridge__OMN,ISL,2000,2004,7,2.0,4.0,0.3333333333333333
PRIMARY_DELETE__HLO_to_P__primary_5y__M1__ridge__OMN,LTU,2000,2004,7,4.0,3.0,0.16666666666666666
PRIMARY_DELETE__HLO_to_P__primary_5y__M1__ridge__OMN,NLD,2000,2004,7,3.0,1.0,0.3333333333333333
PRIMARY_DELETE__HLO_to_P__primary_5y__M1__ridge__OMN,NOR,2000,2004,7,1.0,5.0,0.6666666666666666
PRIMARY_DELETE__HLO_to_P__primary_5y__M1__ridge__OMN,PHL,2000,2004,7,6.0,6.0,0.0
PRIMARY_DELETE__HLO_to_P__primary_5y__M1__ridge__OMN,USA,2000,2004,7,5.0,2.0,0.5
PRIMARY_DELETE__HLO_to_P__primary_5y__M1__ridge__OMN,ZAF,2000,2004,7,7.0,7.0,0.0
PRIMARY_DELETE__HLO_to_P__primary_5y__M1__ridge__OMN,AUT,2005,2009,17,2.0,5.0,0.1875
PRIMARY_DELETE__HLO_to_P__primary_5y__M1__ridge__OMN,BRA,2005,2009,17,12.0,13.0,0.0625
PRIMARY_DELETE__HLO_to_P__primary_5y__M1__ridge__OMN,CHL,2005,2009,17,13.0,11.0,0.125
PRIMARY_DELETE__HLO_to_P__primary_5y__M1__ridge__OMN,CRI,2005,2009,17,10.0,10.0,0.0
PRIMARY_DELETE__HLO_to_P__primary_5y__M1__ridge__OMN,DEU,2005,2009,17,4.0,3.0,0.0625
PRIMARY_DELETE__HLO_to_P__primary_5y__M1__ridge__OMN,IDN,2005,2009,17,16.0,14.0,0.125
PRIMARY_DELETE__HLO_to_P__primary_5y__M1__ridge__OMN,IRN,2005,2009,17,15.0,12.0,0.1875
PRIMARY_DELETE__HLO_to_P__primary_5y__M1__ridge__OMN,ITA,2005,2009,17,9.0,6.0,0.1875
PRIMARY_DELETE__HLO_to_P__primary_5y__M1__ridge__OMN,JPN,2005,2009,17,1.0,1.0,0.0
PRIMARY_DELETE__HLO_to_P__primary_5y__M1__ridge__OMN,MAR,2005,2009,17,17.0,16.0,0.0625
PRIMARY_DELETE__HLO_to_P__primary_5y__M1__ridge__OMN,NLD,2005,2009,17,3.0,2.0,0.0625
PRIMARY_DELETE__HLO_to_P__primary_5y__M1__ridge__OMN,NOR,2005,2009,17,6.0,8.0,0.125
PRIMARY_DELETE__HLO_to_P__primary_5y__M1__ridge__OMN,PER,2005,2009,17,8.0,15.0,0.4375
PRIMARY_DELETE__HLO_to_P__primary_5y__M1__ridge__OMN,POL,2005,2009,17,7.0,4.0,0.1875
PRIMARY_DELETE__HLO_to_P__primary_5y__M1__ridge__OMN,QAT,2005,2009,17,14.0,17.0,0.1875
PRIMARY_DELETE__HLO_to_P__primary_5y__M1__ridge__OMN,SVN,2005,2009,17,5.0,7.0,0.125
PRIMARY_DELETE__HLO_to_P__primary_5y__M1__ridge__OMN,UKR,2005,2009,17,11.0,9.0,0.125
PRIMARY_DELETE__HLO_to_P__primary_5y__M1__ridge__OMN,BRA,2010,2014,19,9.0,12.0,0.16666666666666666
PRIMARY_DELETE__HLO_to_P__primary_5y__M1__ridge__OMN,CHL,2010,2014,19,16.0,10.0,0.3333333333333333
PRIMARY_DELETE__HLO_to_P__primary_5y__M1__ridge__OMN,COL,2010,2014,19,11.0,13.0,0.1111111111111111
PRIMARY_DELETE__HLO_to_P__primary_5y__M1__ridge__OMN,DEU,2010,2014,19,3.0,3.0,0.0
PRIMARY_DELETE__HLO_to_P__primary_5y__M1__ridge__OMN,ESP,2010,2014,19,6.0,7.0,0.05555555555555555
PRIMARY_DELETE__HLO_to_P__primary_5y__M1__ridge__OMN,FIN,2010,2014,19,1.0,2.0,0.05555555555555555
PRIMARY_DELETE__HLO_to_P__primary_5y__M1__ridge__OMN,GHA,2010,2014,19,19.0,19.0,0.0
PRIMARY_DELETE__HLO_to_P__primary_5y__M1__ridge__OMN,HRV,2010,2014,19,8.0,6.0,0.1111111111111111
PRIMARY_DELETE__HLO_to_P__primary_5y__M1__ridge__OMN,IDN,2010,2014,19,14.0,15.0,0.05555555555555555
PRIMARY_DELETE__HLO_to_P__primary_5y__M1__ridge__OMN,ITA,2010,2014,19,10.0,5.0,0.2777777777777778
PRIMARY_DELETE__HLO_to_P__primary_5y__M1__ridge__OMN,JOR,2010,2014,19,17.0,16.0,0.05555555555555555
PRIMARY_DELETE__HLO_to_P__primary_5y__M1__ridge__OMN,KAZ,2010,2014,19,12.0,9.0,0.16666666666666666
PRIMARY_DELETE__HLO_to_P__primary_5y__M1__ridge__OMN,KOR,2010,2014,19,2.0,1.0,0.05555555555555555
PRIMARY_DELETE__HLO_to_P__primary_5y__M1__ridge__OMN,MAR,2010,2014,19,18.0,18.0,0.0
PRIMARY_DELETE__HLO_to_P__primary_5y__M1__ridge__OMN,MEX,2010,2014,19,7.0,11.0,0.2222222222222222
PRIMARY_DELETE__HLO_to_P__primary_5y__M1__ridge__OMN,POL,2010,2014,19,4.0,4.0,0.0
PRIMARY_DELETE__HLO_to_P__primary_5y__M1__ridge__OMN,SAU,2010,2014,19,15.0,14.0,0.05555555555555555
PRIMARY_DELETE__HLO_to_P__primary_5y__M1__ridge__OMN,SRB,2010,2014,19,5.0,8.0,0.16666666666666666
PRIMARY_DELETE__HLO_to_P__primary_5y__M1__ridge__OMN,ZAF,2010,2014,19,13.0,17.0,0.2222222222222222
PRIMARY_DELETE__HLO_to_P__primary_5y__M1__ridge__OMN,AUS,2015,2017,9,4.0,5.0,0.125
PRIMARY_DELETE__HLO_to_P__primary_5y__M1__ridge__OMN,BHR,2015,2017,9,9.0,6.0,0.375
PRIMARY_DELETE__HLO_to_P__primary_5y__M1__ridge__OMN,DEU,2015,2017,9,3.0,4.0,0.125
PRIMARY_DELETE__HLO_to_P__primary_5y__M1__ridge__OMN,EGY,2015,2017,9,8.0,9.0,0.125
PRIMARY_DELETE__HLO_to_P__primary_5y__M1__ridge__OMN,IDN,2015,2017,9,7.0,7.0,0.0
PRIMARY_DELETE__HLO_to_P__primary_5y__M1__ridge__OMN,JPN,2015,2017,9,2.0,1.0,0.125
PRIMARY_DELETE__HLO_to_P__primary_5y__M1__ridge__OMN,POL,2015,2017,9,1.0,3.0,0.25
PRIMARY_DELETE__HLO_to_P__primary_5y__M1__ridge__OMN,RUS,2015,2017,9,5.0,2.0,0.375
PRIMARY_DELETE__HLO_to_P__primary_5y__M1__ridge__OMN,SAU,2015,2017,9,6.0,8.0,0.25
PRIMARY_DELETE__HLO_to_P__primary_5y__M1__ridge__PER,ISL,2000,2004,7,2.0,4.0,0.3333333333333333
PRIMARY_DELETE__HLO_to_P__primary_5y__M1__ridge__PER,LTU,2000,2004,7,4.0,3.0,0.16666666666666666
PRIMARY_DELETE__HLO_to_P__primary_5y__M1__ridge__PER,NLD,2000,2004,7,3.0,1.0,0.3333333333333333
PRIMARY_DELETE__HLO_to_P__primary_5y__M1__ridge__PER,NOR,2000,2004,7,1.0,5.0,0.6666666666666666
PRIMARY_DELETE__HLO_to_P__primary_5y__M1__ridge__PER,PHL,2000,2004,7,6.0,6.0,0.0
PRIMARY_DELETE__HLO_to_P__primary_5y__M1__ridge__PER,USA,2000,2004,7,5.0,2.0,0.5
PRIMARY_DELETE__HLO_to_P__primary_5y__M1__ridge__PER,ZAF,2000,2004,7,7.0,7.0,0.0
PRIMARY_DELETE__HLO_to_P__primary_5y__M1__ridge__PER,AUT,2005,2009,16,2.0,5.0,0.2
PRIMARY_DELETE__HLO_to_P__primary_5y__M1__ridge__PER,BRA,2005,2009,16,11.0,13.0,0.13333333333333333
PRIMARY_DELETE__HLO_to_P__primary_5y__M1__ridge__PER,CHL,2005,2009,16,12.0,11.0,0.06666666666666667
PRIMARY_DELETE__HLO_to_P__primary_5y__M1__ridge__PER,CRI,2005,2009,16,9.0,10.0,0.06666666666666667
PRIMARY_DELETE__HLO_to_P__primary_5y__M1__ridge__PER,DEU,2005,2009,16,4.0,3.0,0.06666666666666667
PRIMARY_DELETE__HLO_to_P__primary_5y__M1__ridge__PER,IDN,2005,2009,16,15.0,14.0,0.06666666666666667
PRIMARY_DELETE__HLO_to_P__primary_5y__M1__ridge__PER,IRN,2005,2009,16,14.0,12.0,0.13333333333333333
PRIMARY_DELETE__HLO_to_P__primary_5y__M1__ridge__PER,ITA,2005,2009,16,8.0,6.0,0.13333333333333333
PRIMARY_DELETE__HLO_to_P__primary_5y__M1__ridge__PER,JPN,2005,2009,16,1.0,1.0,0.0
PRIMARY_DELETE__HLO_to_P__primary_5y__M1__ridge__PER,MAR,2005,2009,16,16.0,15.0,0.06666666666666667
PRIMARY_DELETE__HLO_to_P__primary_5y__M1__ridge__PER,NLD,2005,2009,16,3.0,2.0,0.06666666666666667
PRIMARY_DELETE__HLO_to_P__primary_5y__M1__ridge__PER,NOR,2005,2009,16,6.0,8.0,0.13333333333333333
PRIMARY_DELETE__HLO_to_P__primary_5y__M1__ridge__PER,POL,2005,2009,16,7.0,4.0,0.2
PRIMARY_DELETE__HLO_to_P__primary_5y__M1__ridge__PER,QAT,2005,2009,16,13.0,16.0,0.2
PRIMARY_DELETE__HLO_to_P__primary_5y__M1__ridge__PER,SVN,2005,2009,16,5.0,7.0,0.13333333333333333
PRIMARY_DELETE__HLO_to_P__primary_5y__M1__ridge__PER,UKR,2005,2009,16,10.0,9.0,0.06666666666666667
PRIMARY_DELETE__HLO_to_P__primary_5y__M1__ridge__PER,BRA,2010,2014,20,9.0,12.0,0.15789473684210525
PRIMARY_DELETE__HLO_to_P__primary_5y__M1__ridge__PER,CHL,2010,2014,20,17.0,10.0,0.3684210526315789
PRIMARY_DELETE__HLO_to_P__primary_5y__M1__ridge__PER,COL,2010,2014,20,12.0,13.0,0.05263157894736842
PRIMARY_DELETE__HLO_to_P__primary_5y__M1__ridge__PER,DEU,2010,2014,20,3.0,3.0,0.0
PRIMARY_DELETE__HLO_to_P__primary_5y__M1__ridge__PER,ESP,2010,2014,20,6.0,7.0,0.05263157894736842
PRIMARY_DELETE__HLO_to_P__primary_5y__M1__ridge__PER,FIN,2010,2014,20,1.0,2.0,0.05263157894736842
PRIMARY_DELETE__HLO_to_P__primary_5y__M1__ridge__PER,GHA,2010,2014,20,20.0,20.0,0.0
PRIMARY_DELETE__HLO_to_P__primary_5y__M1__ridge__PER,HRV,2010,2014,20,8.0,6.0,0.10526315789473684
PRIMARY_DELETE__HLO_to_P__primary_5y__M1__ridge__PER,IDN,2010,2014,20,15.0,15.0,0.0
PRIMARY_DELETE__HLO_to_P__primary_5y__M1__ridge__PER,ITA,2010,2014,20,10.0,5.0,0.2631578947368421
PRIMARY_DELETE__HLO_to_P__primary_5y__M1__ridge__PER,JOR,2010,2014,20,18.0,16.0,0.10526315789473684
PRIMARY_DELETE__HLO_to_P__primary_5y__M1__ridge__PER,KAZ,2010,2014,20,13.0,9.0,0.21052631578947367
PRIMARY_DELETE__HLO_to_P__primary_5y__M1__ridge__PER,KOR,2010,2014,20,2.0,1.0,0.05263157894736842
PRIMARY_DELETE__HLO_to_P__primary_5y__M1__ridge__PER,MAR,2010,2014,20,19.0,19.0,0.0
PRIMARY_DELETE__HLO_to_P__primary_5y__M1__ridge__PER,MEX,2010,2014,20,7.0,11.0,0.21052631578947367
PRIMARY_DELETE__HLO_to_P__primary_5y__M1__ridge__PER,OMN,2010,2014,20,11.0,18.0,0.3684210526315789
PRIMARY_DELETE__HLO_to_P__primary_5y__M1__ridge__PER,POL,2010,2014,20,4.0,4.0,0.0
PRIMARY_DELETE__HLO_to_P__primary_5y__M1__ridge__PER,SAU,2010,2014,20,16.0,14.0,0.10526315789473684
PRIMARY_DELETE__HLO_to_P__primary_5y__M1__ridge__PER,SRB,2010,2014,20,5.0,8.0,0.15789473684210525
PRIMARY_DELETE__HLO_to_P__primary_5y__M1__ridge__PER,ZAF,2010,2014,20,14.0,17.0,0.15789473684210525
PRIMARY_DELETE__HLO_to_P__primary_5y__M1__ridge__PER,AUS,2015,2017,9,4.0,5.0,0.125
PRIMARY_DELETE__HLO_to_P__primary_5y__M1__ridge__PER,BHR,2015,2017,9,9.0,6.0,0.375
PRIMARY_DELETE__HLO_to_P__primary_5y__M1__ridge__PER,DEU,2015,2017,9,3.0,4.0,0.125
PRIMARY_DELETE__HLO_to_P__primary_5y__M1__ridge__PER,EGY,2015,2017,9,8.0,9.0,0.125
PRIMARY_DELETE__HLO_to_P__primary_5y__M1__ridge__PER,IDN,2015,2017,9,7.0,7.0,0.0
PRIMARY_DELETE__HLO_to_P__primary_5y__M1__ridge__PER,JPN,2015,2017,9,2.0,1.0,0.125
PRIMARY_DELETE__HLO_to_P__primary_5y__M1__ridge__PER,POL,2015,2017,9,1.0,3.0,0.25
PRIMARY_DELETE__HLO_to_P__primary_5y__M1__ridge__PER,RUS,2015,2017,9,5.0,2.0,0.375
PRIMARY_DELETE__HLO_to_P__primary_5y__M1__ridge__PER,SAU,2015,2017,9,6.0,8.0,0.25
PRIMARY_DELETE__HLO_to_P__primary_5y__M1__ridge__PHL,ISL,2000,2004,6,2.0,4.0,0.4
PRIMARY_DELETE__HLO_to_P__primary_5y__M1__ridge__PHL,LTU,2000,2004,6,4.0,3.0,0.2
PRIMARY_DELETE__HLO_to_P__primary_5y__M1__ridge__PHL,NLD,2000,2004,6,3.0,1.0,0.4
PRIMARY_DELETE__HLO_to_P__primary_5y__M1__ridge__PHL,NOR,2000,2004,6,1.0,5.0,0.8
PRIMARY_DELETE__HLO_to_P__primary_5y__M1__ridge__PHL,USA,2000,2004,6,5.0,2.0,0.6
PRIMARY_DELETE__HLO_to_P__primary_5y__M1__ridge__PHL,ZAF,2000,2004,6,6.0,6.0,0.0
PRIMARY_DELETE__HLO_to_P__primary_5y__M1__ridge__PHL,AUT,2005,2009,17,2.0,5.0,0.1875
PRIMARY_DELETE__HLO_to_P__primary_5y__M1__ridge__PHL,BRA,2005,2009,17,12.0,13.0,0.0625
PRIMARY_DELETE__HLO_to_P__primary_5y__M1__ridge__PHL,CHL,2005,2009,17,13.0,11.0,0.125
PRIMARY_DELETE__HLO_to_P__primary_5y__M1__ridge__PHL,CRI,2005,2009,17,10.0,10.0,0.0
PRIMARY_DELETE__HLO_to_P__primary_5y__M1__ridge__PHL,DEU,2005,2009,17,4.0,3.0,0.0625
PRIMARY_DELETE__HLO_to_P__primary_5y__M1__ridge__PHL,IDN,2005,2009,17,16.0,14.0,0.125
PRIMARY_DELETE__HLO_to_P__primary_5y__M1__ridge__PHL,IRN,2005,2009,17,15.0,12.0,0.1875
PRIMARY_DELETE__HLO_to_P__primary_5y__M1__ridge__PHL,ITA,2005,2009,17,9.0,7.0,0.125
PRIMARY_DELETE__HLO_to_P__primary_5y__M1__ridge__PHL,JPN,2005,2009,17,1.0,1.0,0.0
PRIMARY_DELETE__HLO_to_P__primary_5y__M1__ridge__PHL,MAR,2005,2009,17,17.0,16.0,0.0625
PRIMARY_DELETE__HLO_to_P__primary_5y__M1__ridge__PHL,NLD,2005,2009,17,3.0,2.0,0.0625
PRIMARY_DELETE__HLO_to_P__primary_5y__M1__ridge__PHL,NOR,2005,2009,17,6.0,8.0,0.125
PRIMARY_DELETE__HLO_to_P__primary_5y__M1__ridge__PHL,PER,2005,2009,17,8.0,15.0,0.4375
PRIMARY_DELETE__HLO_to_P__primary_5y__M1__ridge__PHL,POL,2005,2009,17,7.0,4.0,0.1875
PRIMARY_DELETE__HLO_to_P__primary_5y__M1__ridge__PHL,QAT,2005,2009,17,14.0,17.0,0.1875
PRIMARY_DELETE__HLO_to_P__primary_5y__M1__ridge__PHL,SVN,2005,2009,17,5.0,6.0,0.0625
PRIMARY_DELETE__HLO_to_P__primary_5y__M1__ridge__PHL,UKR,2005,2009,17,11.0,9.0,0.125
PRIMARY_DELETE__HLO_to_P__primary_5y__M1__ridge__PHL,BRA,2010,2014,20,9.0,12.0,0.15789473684210525
PRIMARY_DELETE__HLO_to_P__primary_5y__M1__ridge__PHL,CHL,2010,2014,20,17.0,10.0,0.3684210526315789
PRIMARY_DELETE__HLO_to_P__primary_5y__M1__ridge__PHL,COL,2010,2014,20,12.0,13.0,0.05263157894736842
PRIMARY_DELETE__HLO_to_P__primary_5y__M1__ridge__PHL,DEU,2010,2014,20,3.0,3.0,0.0
PRIMARY_DELETE__HLO_to_P__primary_5y__M1__ridge__PHL,ESP,2010,2014,20,6.0,7.0,0.05263157894736842
PRIMARY_DELETE__HLO_to_P__primary_5y__M1__ridge__PHL,FIN,2010,2014,20,1.0,2.0,0.05263157894736842
PRIMARY_DELETE__HLO_to_P__primary_5y__M1__ridge__PHL,GHA,2010,2014,20,20.0,20.0,0.0
PRIMARY_DELETE__HLO_to_P__primary_5y__M1__ridge__PHL,HRV,2010,2014,20,8.0,6.0,0.10526315789473684
PRIMARY_DELETE__HLO_to_P__primary_5y__M1__ridge__PHL,IDN,2010,2014,20,15.0,15.0,0.0
PRIMARY_DELETE__HLO_to_P__primary_5y__M1__ridge__PHL,ITA,2010,2014,20,10.0,5.0,0.2631578947368421
PRIMARY_DELETE__HLO_to_P__primary_5y__M1__ridge__PHL,JOR,2010,2014,20,18.0,16.0,0.10526315789473684
PRIMARY_DELETE__HLO_to_P__primary_5y__M1__ridge__PHL,KAZ,2010,2014,20,13.0,9.0,0.21052631578947367
PRIMARY_DELETE__HLO_to_P__primary_5y__M1__ridge__PHL,KOR,2010,2014,20,2.0,1.0,0.05263157894736842
PRIMARY_DELETE__HLO_to_P__primary_5y__M1__ridge__PHL,MAR,2010,2014,20,19.0,19.0,0.0
PRIMARY_DELETE__HLO_to_P__primary_5y__M1__ridge__PHL,MEX,2010,2014,20,7.0,11.0,0.21052631578947367
PRIMARY_DELETE__HLO_to_P__primary_5y__M1__ridge__PHL,OMN,2010,2014,20,11.0,18.0,0.3684210526315789
PRIMARY_DELETE__HLO_to_P__primary_5y__M1__ridge__PHL,POL,2010,2014,20,4.0,4.0,0.0
PRIMARY_DELETE__HLO_to_P__primary_5y__M1__ridge__PHL,SAU,2010,2014,20,16.0,14.0,0.10526315789473684
PRIMARY_DELETE__HLO_to_P__primary_5y__M1__ridge__PHL,SRB,2010,2014,20,5.0,8.0,0.15789473684210525
PRIMARY_DELETE__HLO_to_P__primary_5y__M1__ridge__PHL,ZAF,2010,2014,20,14.0,17.0,0.15789473684210525
PRIMARY_DELETE__HLO_to_P__primary_5y__M1__ridge__PHL,AUS,2015,2017,9,4.0,5.0,0.125
PRIMARY_DELETE__HLO_to_P__primary_5y__M1__ridge__PHL,BHR,2015,2017,9,9.0,6.0,0.375
PRIMARY_DELETE__HLO_to_P__primary_5y__M1__ridge__PHL,DEU,2015,2017,9,3.0,4.0,0.125
PRIMARY_DELETE__HLO_to_P__primary_5y__M1__ridge__PHL,EGY,2015,2017,9,8.0,9.0,0.125
PRIMARY_DELETE__HLO_to_P__primary_5y__M1__ridge__PHL,IDN,2015,2017,9,7.0,7.0,0.0
PRIMARY_DELETE__HLO_to_P__primary_5y__M1__ridge__PHL,JPN,2015,2017,9,2.0,1.0,0.125
PRIMARY_DELETE__HLO_to_P__primary_5y__M1__ridge__PHL,POL,2015,2017,9,1.0,3.0,0.25
PRIMARY_DELETE__HLO_to_P__primary_5y__M1__ridge__PHL,RUS,2015,2017,9,5.0,2.0,0.375
PRIMARY_DELETE__HLO_to_P__primary_5y__M1__ridge__PHL,SAU,2015,2017,9,6.0,8.0,0.25
PRIMARY_DELETE__HLO_to_P__primary_5y__M1__ridge__POL,ISL,2000,2004,7,2.0,4.0,0.3333333333333333
PRIMARY_DELETE__HLO_to_P__primary_5y__M1__ridge__POL,LTU,2000,2004,7,4.0,3.0,0.16666666666666666
PRIMARY_DELETE__HLO_to_P__primary_5y__M1__ridge__POL,NLD,2000,2004,7,3.0,1.0,0.3333333333333333
PRIMARY_DELETE__HLO_to_P__primary_5y__M1__ridge__POL,NOR,2000,2004,7,1.0,5.0,0.6666666666666666
PRIMARY_DELETE__HLO_to_P__primary_5y__M1__ridge__POL,PHL,2000,2004,7,6.0,6.0,0.0
PRIMARY_DELETE__HLO_to_P__primary_5y__M1__ridge__POL,USA,2000,2004,7,5.0,2.0,0.5
PRIMARY_DELETE__HLO_to_P__primary_5y__M1__ridge__POL,ZAF,2000,2004,7,7.0,7.0,0.0
PRIMARY_DELETE__HLO_to_P__primary_5y__M1__ridge__POL,AUT,2005,2009,16,2.0,5.0,0.2
PRIMARY_DELETE__HLO_to_P__primary_5y__M1__ridge__POL,BRA,2005,2009,16,11.0,12.0,0.06666666666666667
PRIMARY_DELETE__HLO_to_P__primary_5y__M1__ridge__POL,CHL,2005,2009,16,12.0,10.0,0.13333333333333333
PRIMARY_DELETE__HLO_to_P__primary_5y__M1__ridge__POL,CRI,2005,2009,16,9.0,9.0,0.0
PRIMARY_DELETE__HLO_to_P__primary_5y__M1__ridge__POL,DEU,2005,2009,16,4.0,3.0,0.06666666666666667
PRIMARY_DELETE__HLO_to_P__primary_5y__M1__ridge__POL,IDN,2005,2009,16,15.0,13.0,0.13333333333333333
PRIMARY_DELETE__HLO_to_P__primary_5y__M1__ridge__POL,IRN,2005,2009,16,14.0,11.0,0.2
PRIMARY_DELETE__HLO_to_P__primary_5y__M1__ridge__POL,ITA,2005,2009,16,8.0,4.0,0.26666666666666666
PRIMARY_DELETE__HLO_to_P__primary_5y__M1__ridge__POL,JPN,2005,2009,16,1.0,1.0,0.0
PRIMARY_DELETE__HLO_to_P__primary_5y__M1__ridge__POL,MAR,2005,2009,16,16.0,15.0,0.06666666666666667
PRIMARY_DELETE__HLO_to_P__primary_5y__M1__ridge__POL,NLD,2005,2009,16,3.0,2.0,0.06666666666666667
PRIMARY_DELETE__HLO_to_P__primary_5y__M1__ridge__POL,NOR,2005,2009,16,6.0,7.0,0.06666666666666667
PRIMARY_DELETE__HLO_to_P__primary_5y__M1__ridge__POL,PER,2005,2009,16,7.0,14.0,0.4666666666666667
PRIMARY_DELETE__HLO_to_P__primary_5y__M1__ridge__POL,QAT,2005,2009,16,13.0,16.0,0.2
PRIMARY_DELETE__HLO_to_P__primary_5y__M1__ridge__POL,SVN,2005,2009,16,5.0,6.0,0.06666666666666667
PRIMARY_DELETE__HLO_to_P__primary_5y__M1__ridge__POL,UKR,2005,2009,16,10.0,8.0,0.13333333333333333
PRIMARY_DELETE__HLO_to_P__primary_5y__M1__ridge__POL,BRA,2010,2014,19,8.0,11.0,0.16666666666666666
PRIMARY_DELETE__HLO_to_P__primary_5y__M1__ridge__POL,CHL,2010,2014,19,16.0,9.0,0.3888888888888889
PRIMARY_DELETE__HLO_to_P__primary_5y__M1__ridge__POL,COL,2010,2014,19,11.0,12.0,0.05555555555555555
PRIMARY_DELETE__HLO_to_P__primary_5y__M1__ridge__POL,DEU,2010,2014,19,3.0,3.0,0.0
PRIMARY_DELETE__HLO_to_P__primary_5y__M1__ridge__POL,ESP,2010,2014,19,5.0,6.0,0.05555555555555555
PRIMARY_DELETE__HLO_to_P__primary_5y__M1__ridge__POL,FIN,2010,2014,19,1.0,2.0,0.05555555555555555
PRIMARY_DELETE__HLO_to_P__primary_5y__M1__ridge__POL,GHA,2010,2014,19,19.0,19.0,0.0
PRIMARY_DELETE__HLO_to_P__primary_5y__M1__ridge__POL,HRV,2010,2014,19,7.0,5.0,0.1111111111111111
PRIMARY_DELETE__HLO_to_P__primary_5y__M1__ridge__POL,IDN,2010,2014,19,14.0,14.0,0.0
PRIMARY_DELETE__HLO_to_P__primary_5y__M1__ridge__POL,ITA,2010,2014,19,9.0,4.0,0.2777777777777778
PRIMARY_DELETE__HLO_to_P__primary_5y__M1__ridge__POL,JOR,2010,2014,19,17.0,15.0,0.1111111111111111
PRIMARY_DELETE__HLO_to_P__primary_5y__M1__ridge__POL,KAZ,2010,2014,19,12.0,8.0,0.2222222222222222
PRIMARY_DELETE__HLO_to_P__primary_5y__M1__ridge__POL,KOR,2010,2014,19,2.0,1.0,0.05555555555555555
PRIMARY_DELETE__HLO_to_P__primary_5y__M1__ridge__POL,MAR,2010,2014,19,18.0,18.0,0.0
PRIMARY_DELETE__HLO_to_P__primary_5y__M1__ridge__POL,MEX,2010,2014,19,6.0,10.0,0.2222222222222222
PRIMARY_DELETE__HLO_to_P__primary_5y__M1__ridge__POL,OMN,2010,2014,19,10.0,17.0,0.3888888888888889
PRIMARY_DELETE__HLO_to_P__primary_5y__M1__ridge__POL,SAU,2010,2014,19,15.0,13.0,0.1111111111111111
PRIMARY_DELETE__HLO_to_P__primary_5y__M1__ridge__POL,SRB,2010,2014,19,4.0,7.0,0.16666666666666666
PRIMARY_DELETE__HLO_to_P__primary_5y__M1__ridge__POL,ZAF,2010,2014,19,13.0,16.0,0.16666666666666666
PRIMARY_DELETE__HLO_to_P__primary_5y__M1__ridge__POL,AUS,2015,2017,8,3.0,4.0,0.14285714285714285
PRIMARY_DELETE__HLO_to_P__primary_5y__M1__ridge__POL,BHR,2015,2017,8,8.0,5.0,0.42857142857142855
PRIMARY_DELETE__HLO_to_P__primary_5y__M1__ridge__POL,DEU,2015,2017,8,2.0,3.0,0.14285714285714285
PRIMARY_DELETE__HLO_to_P__primary_5y__M1__ridge__POL,EGY,2015,2017,8,7.0,8.0,0.14285714285714285
PRIMARY_DELETE__HLO_to_P__primary_5y__M1__ridge__POL,IDN,2015,2017,8,6.0,6.0,0.0
PRIMARY_DELETE__HLO_to_P__primary_5y__M1__ridge__POL,JPN,2015,2017,8,1.0,1.0,0.0
PRIMARY_DELETE__HLO_to_P__primary_5y__M1__ridge__POL,RUS,2015,2017,8,4.0,2.0,0.2857142857142857
PRIMARY_DELETE__HLO_to_P__primary_5y__M1__ridge__POL,SAU,2015,2017,8,5.0,7.0,0.2857142857142857
PRIMARY_DELETE__HLO_to_P__primary_5y__M1__ridge__QAT,ISL,2000,2004,7,2.0,4.0,0.3333333333333333
PRIMARY_DELETE__HLO_to_P__primary_5y__M1__ridge__QAT,LTU,2000,2004,7,4.0,3.0,0.16666666666666666
PRIMARY_DELETE__HLO_to_P__primary_5y__M1__ridge__QAT,NLD,2000,2004,7,3.0,1.0,0.3333333333333333
PRIMARY_DELETE__HLO_to_P__primary_5y__M1__ridge__QAT,NOR,2000,2004,7,1.0,5.0,0.6666666666666666
PRIMARY_DELETE__HLO_to_P__primary_5y__M1__ridge__QAT,PHL,2000,2004,7,6.0,6.0,0.0
PRIMARY_DELETE__HLO_to_P__primary_5y__M1__ridge__QAT,USA,2000,2004,7,5.0,2.0,0.5
PRIMARY_DELETE__HLO_to_P__primary_5y__M1__ridge__QAT,ZAF,2000,2004,7,7.0,7.0,0.0
PRIMARY_DELETE__HLO_to_P__primary_5y__M1__ridge__QAT,AUT,2005,2009,16,2.0,5.0,0.2
PRIMARY_DELETE__HLO_to_P__primary_5y__M1__ridge__QAT,BRA,2005,2009,16,12.0,13.0,0.06666666666666667
PRIMARY_DELETE__HLO_to_P__primary_5y__M1__ridge__QAT,CHL,2005,2009,16,13.0,11.0,0.13333333333333333
PRIMARY_DELETE__HLO_to_P__primary_5y__M1__ridge__QAT,CRI,2005,2009,16,10.0,10.0,0.0
PRIMARY_DELETE__HLO_to_P__primary_5y__M1__ridge__QAT,DEU,2005,2009,16,4.0,3.0,0.06666666666666667
PRIMARY_DELETE__HLO_to_P__primary_5y__M1__ridge__QAT,IDN,2005,2009,16,15.0,14.0,0.06666666666666667
PRIMARY_DELETE__HLO_to_P__primary_5y__M1__ridge__QAT,IRN,2005,2009,16,14.0,12.0,0.13333333333333333
PRIMARY_DELETE__HLO_to_P__primary_5y__M1__ridge__QAT,ITA,2005,2009,16,9.0,7.0,0.13333333333333333
PRIMARY_DELETE__HLO_to_P__primary_5y__M1__ridge__QAT,JPN,2005,2009,16,1.0,1.0,0.0
PRIMARY_DELETE__HLO_to_P__primary_5y__M1__ridge__QAT,MAR,2005,2009,16,16.0,16.0,0.0
PRIMARY_DELETE__HLO_to_P__primary_5y__M1__ridge__QAT,NLD,2005,2009,16,3.0,2.0,0.06666666666666667
PRIMARY_DELETE__HLO_to_P__primary_5y__M1__ridge__QAT,NOR,2005,2009,16,6.0,8.0,0.13333333333333333
PRIMARY_DELETE__HLO_to_P__primary_5y__M1__ridge__QAT,PER,2005,2009,16,8.0,15.0,0.4666666666666667
PRIMARY_DELETE__HLO_to_P__primary_5y__M1__ridge__QAT,POL,2005,2009,16,7.0,4.0,0.2
PRIMARY_DELETE__HLO_to_P__primary_5y__M1__ridge__QAT,SVN,2005,2009,16,5.0,6.0,0.06666666666666667
PRIMARY_DELETE__HLO_to_P__primary_5y__M1__ridge__QAT,UKR,2005,2009,16,11.0,9.0,0.13333333333333333
PRIMARY_DELETE__HLO_to_P__primary_5y__M1__ridge__QAT,BRA,2010,2014,20,9.0,12.0,0.15789473684210525
PRIMARY_DELETE__HLO_to_P__primary_5y__M1__ridge__QAT,CHL,2010,2014,20,17.0,10.0,0.3684210526315789
PRIMARY_DELETE__HLO_to_P__primary_5y__M1__ridge__QAT,COL,2010,2014,20,12.0,13.0,0.05263157894736842
PRIMARY_DELETE__HLO_to_P__primary_5y__M1__ridge__QAT,DEU,2010,2014,20,3.0,3.0,0.0
PRIMARY_DELETE__HLO_to_P__primary_5y__M1__ridge__QAT,ESP,2010,2014,20,6.0,7.0,0.05263157894736842
PRIMARY_DELETE__HLO_to_P__primary_5y__M1__ridge__QAT,FIN,2010,2014,20,1.0,2.0,0.05263157894736842
PRIMARY_DELETE__HLO_to_P__primary_5y__M1__ridge__QAT,GHA,2010,2014,20,20.0,20.0,0.0
PRIMARY_DELETE__HLO_to_P__primary_5y__M1__ridge__QAT,HRV,2010,2014,20,8.0,6.0,0.10526315789473684
PRIMARY_DELETE__HLO_to_P__primary_5y__M1__ridge__QAT,IDN,2010,2014,20,15.0,15.0,0.0
PRIMARY_DELETE__HLO_to_P__primary_5y__M1__ridge__QAT,ITA,2010,2014,20,10.0,5.0,0.2631578947368421
PRIMARY_DELETE__HLO_to_P__primary_5y__M1__ridge__QAT,JOR,2010,2014,20,18.0,16.0,0.10526315789473684
PRIMARY_DELETE__HLO_to_P__primary_5y__M1__ridge__QAT,KAZ,2010,2014,20,13.0,9.0,0.21052631578947367
PRIMARY_DELETE__HLO_to_P__primary_5y__M1__ridge__QAT,KOR,2010,2014,20,2.0,1.0,0.05263157894736842
PRIMARY_DELETE__HLO_to_P__primary_5y__M1__ridge__QAT,MAR,2010,2014,20,19.0,19.0,0.0
PRIMARY_DELETE__HLO_to_P__primary_5y__M1__ridge__QAT,MEX,2010,2014,20,7.0,11.0,0.21052631578947367
PRIMARY_DELETE__HLO_to_P__primary_5y__M1__ridge__QAT,OMN,2010,2014,20,11.0,18.0,0.3684210526315789
PRIMARY_DELETE__HLO_to_P__primary_5y__M1__ridge__QAT,POL,2010,2014,20,4.0,4.0,0.0
PRIMARY_DELETE__HLO_to_P__primary_5y__M1__ridge__QAT,SAU,2010,2014,20,16.0,14.0,0.10526315789473684
PRIMARY_DELETE__HLO_to_P__primary_5y__M1__ridge__QAT,SRB,2010,2014,20,5.0,8.0,0.15789473684210525
PRIMARY_DELETE__HLO_to_P__primary_5y__M1__ridge__QAT,ZAF,2010,2014,20,14.0,17.0,0.15789473684210525
PRIMARY_DELETE__HLO_to_P__primary_5y__M1__ridge__QAT,AUS,2015,2017,9,4.0,5.0,0.125
PRIMARY_DELETE__HLO_to_P__primary_5y__M1__ridge__QAT,BHR,2015,2017,9,9.0,6.0,0.375
PRIMARY_DELETE__HLO_to_P__primary_5y__M1__ridge__QAT,DEU,2015,2017,9,3.0,4.0,0.125
PRIMARY_DELETE__HLO_to_P__primary_5y__M1__ridge__QAT,EGY,2015,2017,9,8.0,9.0,0.125
PRIMARY_DELETE__HLO_to_P__primary_5y__M1__ridge__QAT,IDN,2015,2017,9,7.0,7.0,0.0
PRIMARY_DELETE__HLO_to_P__primary_5y__M1__ridge__QAT,JPN,2015,2017,9,2.0,1.0,0.125
PRIMARY_DELETE__HLO_to_P__primary_5y__M1__ridge__QAT,POL,2015,2017,9,1.0,3.0,0.25
PRIMARY_DELETE__HLO_to_P__primary_5y__M1__ridge__QAT,RUS,2015,2017,9,5.0,2.0,0.375
PRIMARY_DELETE__HLO_to_P__primary_5y__M1__ridge__QAT,SAU,2015,2017,9,6.0,8.0,0.25
PRIMARY_DELETE__HLO_to_P__primary_5y__M1__ridge__RUS,ISL,2000,2004,7,2.0,4.0,0.3333333333333333
PRIMARY_DELETE__HLO_to_P__primary_5y__M1__ridge__RUS,LTU,2000,2004,7,4.0,3.0,0.16666666666666666
PRIMARY_DELETE__HLO_to_P__primary_5y__M1__ridge__RUS,NLD,2000,2004,7,3.0,1.0,0.3333333333333333
PRIMARY_DELETE__HLO_to_P__primary_5y__M1__ridge__RUS,NOR,2000,2004,7,1.0,5.0,0.6666666666666666
PRIMARY_DELETE__HLO_to_P__primary_5y__M1__ridge__RUS,PHL,2000,2004,7,6.0,6.0,0.0
PRIMARY_DELETE__HLO_to_P__primary_5y__M1__ridge__RUS,USA,2000,2004,7,5.0,2.0,0.5
PRIMARY_DELETE__HLO_to_P__primary_5y__M1__ridge__RUS,ZAF,2000,2004,7,7.0,7.0,0.0
PRIMARY_DELETE__HLO_to_P__primary_5y__M1__ridge__RUS,AUT,2005,2009,17,2.0,5.0,0.1875
PRIMARY_DELETE__HLO_to_P__primary_5y__M1__ridge__RUS,BRA,2005,2009,17,12.0,13.0,0.0625
PRIMARY_DELETE__HLO_to_P__primary_5y__M1__ridge__RUS,CHL,2005,2009,17,13.0,11.0,0.125
PRIMARY_DELETE__HLO_to_P__primary_5y__M1__ridge__RUS,CRI,2005,2009,17,10.0,10.0,0.0
PRIMARY_DELETE__HLO_to_P__primary_5y__M1__ridge__RUS,DEU,2005,2009,17,4.0,3.0,0.0625
PRIMARY_DELETE__HLO_to_P__primary_5y__M1__ridge__RUS,IDN,2005,2009,17,16.0,14.0,0.125
PRIMARY_DELETE__HLO_to_P__primary_5y__M1__ridge__RUS,IRN,2005,2009,17,15.0,12.0,0.1875
PRIMARY_DELETE__HLO_to_P__primary_5y__M1__ridge__RUS,ITA,2005,2009,17,9.0,6.0,0.1875
PRIMARY_DELETE__HLO_to_P__primary_5y__M1__ridge__RUS,JPN,2005,2009,17,1.0,1.0,0.0
PRIMARY_DELETE__HLO_to_P__primary_5y__M1__ridge__RUS,MAR,2005,2009,17,17.0,16.0,0.0625
PRIMARY_DELETE__HLO_to_P__primary_5y__M1__ridge__RUS,NLD,2005,2009,17,3.0,2.0,0.0625
PRIMARY_DELETE__HLO_to_P__primary_5y__M1__ridge__RUS,NOR,2005,2009,17,6.0,8.0,0.125
PRIMARY_DELETE__HLO_to_P__primary_5y__M1__ridge__RUS,PER,2005,2009,17,8.0,15.0,0.4375
PRIMARY_DELETE__HLO_to_P__primary_5y__M1__ridge__RUS,POL,2005,2009,17,7.0,4.0,0.1875
PRIMARY_DELETE__HLO_to_P__primary_5y__M1__ridge__RUS,QAT,2005,2009,17,14.0,17.0,0.1875
PRIMARY_DELETE__HLO_to_P__primary_5y__M1__ridge__RUS,SVN,2005,2009,17,5.0,7.0,0.125
PRIMARY_DELETE__HLO_to_P__primary_5y__M1__ridge__RUS,UKR,2005,2009,17,11.0,9.0,0.125
PRIMARY_DELETE__HLO_to_P__primary_5y__M1__ridge__RUS,BRA,2010,2014,20,9.0,12.0,0.15789473684210525
PRIMARY_DELETE__HLO_to_P__primary_5y__M1__ridge__RUS,CHL,2010,2014,20,17.0,10.0,0.3684210526315789
PRIMARY_DELETE__HLO_to_P__primary_5y__M1__ridge__RUS,COL,2010,2014,20,12.0,13.0,0.05263157894736842
PRIMARY_DELETE__HLO_to_P__primary_5y__M1__ridge__RUS,DEU,2010,2014,20,3.0,3.0,0.0
PRIMARY_DELETE__HLO_to_P__primary_5y__M1__ridge__RUS,ESP,2010,2014,20,6.0,7.0,0.05263157894736842
PRIMARY_DELETE__HLO_to_P__primary_5y__M1__ridge__RUS,FIN,2010,2014,20,1.0,2.0,0.05263157894736842
PRIMARY_DELETE__HLO_to_P__primary_5y__M1__ridge__RUS,GHA,2010,2014,20,20.0,20.0,0.0
PRIMARY_DELETE__HLO_to_P__primary_5y__M1__ridge__RUS,HRV,2010,2014,20,8.0,6.0,0.10526315789473684
PRIMARY_DELETE__HLO_to_P__primary_5y__M1__ridge__RUS,IDN,2010,2014,20,15.0,15.0,0.0
PRIMARY_DELETE__HLO_to_P__primary_5y__M1__ridge__RUS,ITA,2010,2014,20,10.0,5.0,0.2631578947368421
PRIMARY_DELETE__HLO_to_P__primary_5y__M1__ridge__RUS,JOR,2010,2014,20,18.0,16.0,0.10526315789473684
PRIMARY_DELETE__HLO_to_P__primary_5y__M1__ridge__RUS,KAZ,2010,2014,20,13.0,9.0,0.21052631578947367
PRIMARY_DELETE__HLO_to_P__primary_5y__M1__ridge__RUS,KOR,2010,2014,20,2.0,1.0,0.05263157894736842
PRIMARY_DELETE__HLO_to_P__primary_5y__M1__ridge__RUS,MAR,2010,2014,20,19.0,19.0,0.0
PRIMARY_DELETE__HLO_to_P__primary_5y__M1__ridge__RUS,MEX,2010,2014,20,7.0,11.0,0.21052631578947367
PRIMARY_DELETE__HLO_to_P__primary_5y__M1__ridge__RUS,OMN,2010,2014,20,11.0,18.0,0.3684210526315789
PRIMARY_DELETE__HLO_to_P__primary_5y__M1__ridge__RUS,POL,2010,2014,20,4.0,4.0,0.0
PRIMARY_DELETE__HLO_to_P__primary_5y__M1__ridge__RUS,SAU,2010,2014,20,16.0,14.0,0.10526315789473684
PRIMARY_DELETE__HLO_to_P__primary_5y__M1__ridge__RUS,SRB,2010,2014,20,5.0,8.0,0.15789473684210525
PRIMARY_DELETE__HLO_to_P__primary_5y__M1__ridge__RUS,ZAF,2010,2014,20,14.0,17.0,0.15789473684210525
PRIMARY_DELETE__HLO_to_P__primary_5y__M1__ridge__RUS,AUS,2015,2017,8,4.0,4.0,0.0
PRIMARY_DELETE__HLO_to_P__primary_5y__M1__ridge__RUS,BHR,2015,2017,8,8.0,5.0,0.42857142857142855
PRIMARY_DELETE__HLO_to_P__primary_5y__M1__ridge__RUS,DEU,2015,2017,8,3.0,3.0,0.0
PRIMARY_DELETE__HLO_to_P__primary_5y__M1__ridge__RUS,EGY,2015,2017,8,7.0,8.0,0.14285714285714285
PRIMARY_DELETE__HLO_to_P__primary_5y__M1__ridge__RUS,IDN,2015,2017,8,6.0,6.0,0.0
PRIMARY_DELETE__HLO_to_P__primary_5y__M1__ridge__RUS,JPN,2015,2017,8,2.0,1.0,0.14285714285714285
PRIMARY_DELETE__HLO_to_P__primary_5y__M1__ridge__RUS,POL,2015,2017,8,1.0,2.0,0.14285714285714285
PRIMARY_DELETE__HLO_to_P__primary_5y__M1__ridge__RUS,SAU,2015,2017,8,5.0,7.0,0.2857142857142857
PRIMARY_DELETE__HLO_to_P__primary_5y__M1__ridge__SAU,ISL,2000,2004,7,2.0,4.0,0.3333333333333333
PRIMARY_DELETE__HLO_to_P__primary_5y__M1__ridge__SAU,LTU,2000,2004,7,4.0,3.0,0.16666666666666666
PRIMARY_DELETE__HLO_to_P__primary_5y__M1__ridge__SAU,NLD,2000,2004,7,3.0,1.0,0.3333333333333333
PRIMARY_DELETE__HLO_to_P__primary_5y__M1__ridge__SAU,NOR,2000,2004,7,1.0,5.0,0.6666666666666666
PRIMARY_DELETE__HLO_to_P__primary_5y__M1__ridge__SAU,PHL,2000,2004,7,6.0,6.0,0.0
PRIMARY_DELETE__HLO_to_P__primary_5y__M1__ridge__SAU,USA,2000,2004,7,5.0,2.0,0.5
PRIMARY_DELETE__HLO_to_P__primary_5y__M1__ridge__SAU,ZAF,2000,2004,7,7.0,7.0,0.0
PRIMARY_DELETE__HLO_to_P__primary_5y__M1__ridge__SAU,AUT,2005,2009,17,2.0,5.0,0.1875
PRIMARY_DELETE__HLO_to_P__primary_5y__M1__ridge__SAU,BRA,2005,2009,17,12.0,13.0,0.0625
PRIMARY_DELETE__HLO_to_P__primary_5y__M1__ridge__SAU,CHL,2005,2009,17,13.0,11.0,0.125
PRIMARY_DELETE__HLO_to_P__primary_5y__M1__ridge__SAU,CRI,2005,2009,17,10.0,10.0,0.0
PRIMARY_DELETE__HLO_to_P__primary_5y__M1__ridge__SAU,DEU,2005,2009,17,4.0,4.0,0.0
PRIMARY_DELETE__HLO_to_P__primary_5y__M1__ridge__SAU,IDN,2005,2009,17,16.0,14.0,0.125
PRIMARY_DELETE__HLO_to_P__primary_5y__M1__ridge__SAU,IRN,2005,2009,17,15.0,12.0,0.1875
PRIMARY_DELETE__HLO_to_P__primary_5y__M1__ridge__SAU,ITA,2005,2009,17,9.0,6.0,0.1875
PRIMARY_DELETE__HLO_to_P__primary_5y__M1__ridge__SAU,JPN,2005,2009,17,1.0,1.0,0.0
PRIMARY_DELETE__HLO_to_P__primary_5y__M1__ridge__SAU,MAR,2005,2009,17,17.0,16.0,0.0625
PRIMARY_DELETE__HLO_to_P__primary_5y__M1__ridge__SAU,NLD,2005,2009,17,3.0,2.0,0.0625
PRIMARY_DELETE__HLO_to_P__primary_5y__M1__ridge__SAU,NOR,2005,2009,17,6.0,8.0,0.125
PRIMARY_DELETE__HLO_to_P__primary_5y__M1__ridge__SAU,PER,2005,2009,17,8.0,15.0,0.4375
PRIMARY_DELETE__HLO_to_P__primary_5y__M1__ridge__SAU,POL,2005,2009,17,7.0,3.0,0.25
PRIMARY_DELETE__HLO_to_P__primary_5y__M1__ridge__SAU,QAT,2005,2009,17,14.0,17.0,0.1875
PRIMARY_DELETE__HLO_to_P__primary_5y__M1__ridge__SAU,SVN,2005,2009,17,5.0,7.0,0.125
PRIMARY_DELETE__HLO_to_P__primary_5y__M1__ridge__SAU,UKR,2005,2009,17,11.0,9.0,0.125
PRIMARY_DELETE__HLO_to_P__primary_5y__M1__ridge__SAU,BRA,2010,2014,19,9.0,12.0,0.16666666666666666
PRIMARY_DELETE__HLO_to_P__primary_5y__M1__ridge__SAU,CHL,2010,2014,19,16.0,10.0,0.3333333333333333
PRIMARY_DELETE__HLO_to_P__primary_5y__M1__ridge__SAU,COL,2010,2014,19,12.0,13.0,0.05555555555555555
PRIMARY_DELETE__HLO_to_P__primary_5y__M1__ridge__SAU,DEU,2010,2014,19,3.0,4.0,0.05555555555555555
PRIMARY_DELETE__HLO_to_P__primary_5y__M1__ridge__SAU,ESP,2010,2014,19,6.0,7.0,0.05555555555555555
PRIMARY_DELETE__HLO_to_P__primary_5y__M1__ridge__SAU,FIN,2010,2014,19,1.0,2.0,0.05555555555555555
PRIMARY_DELETE__HLO_to_P__primary_5y__M1__ridge__SAU,GHA,2010,2014,19,19.0,19.0,0.0
PRIMARY_DELETE__HLO_to_P__primary_5y__M1__ridge__SAU,HRV,2010,2014,19,8.0,6.0,0.1111111111111111
PRIMARY_DELETE__HLO_to_P__primary_5y__M1__ridge__SAU,IDN,2010,2014,19,15.0,14.0,0.05555555555555555
PRIMARY_DELETE__HLO_to_P__primary_5y__M1__ridge__SAU,ITA,2010,2014,19,10.0,5.0,0.2777777777777778
PRIMARY_DELETE__HLO_to_P__primary_5y__M1__ridge__SAU,JOR,2010,2014,19,17.0,15.0,0.1111111111111111
PRIMARY_DELETE__HLO_to_P__primary_5y__M1__ridge__SAU,KAZ,2010,2014,19,13.0,9.0,0.2222222222222222
PRIMARY_DELETE__HLO_to_P__primary_5y__M1__ridge__SAU,KOR,2010,2014,19,2.0,1.0,0.05555555555555555
PRIMARY_DELETE__HLO_to_P__primary_5y__M1__ridge__SAU,MAR,2010,2014,19,18.0,18.0,0.0
PRIMARY_DELETE__HLO_to_P__primary_5y__M1__ridge__SAU,MEX,2010,2014,19,7.0,11.0,0.2222222222222222
PRIMARY_DELETE__HLO_to_P__primary_5y__M1__ridge__SAU,OMN,2010,2014,19,11.0,17.0,0.3333333333333333
PRIMARY_DELETE__HLO_to_P__primary_5y__M1__ridge__SAU,POL,2010,2014,19,4.0,3.0,0.05555555555555555
PRIMARY_DELETE__HLO_to_P__primary_5y__M1__ridge__SAU,SRB,2010,2014,19,5.0,8.0,0.16666666666666666
PRIMARY_DELETE__HLO_to_P__primary_5y__M1__ridge__SAU,ZAF,2010,2014,19,14.0,16.0,0.1111111111111111
PRIMARY_DELETE__HLO_to_P__primary_5y__M1__ridge__SAU,AUS,2015,2017,8,4.0,4.0,0.0
PRIMARY_DELETE__HLO_to_P__primary_5y__M1__ridge__SAU,BHR,2015,2017,8,8.0,6.0,0.2857142857142857
PRIMARY_DELETE__HLO_to_P__primary_5y__M1__ridge__SAU,DEU,2015,2017,8,3.0,5.0,0.2857142857142857
PRIMARY_DELETE__HLO_to_P__primary_5y__M1__ridge__SAU,EGY,2015,2017,8,7.0,8.0,0.14285714285714285
PRIMARY_DELETE__HLO_to_P__primary_5y__M1__ridge__SAU,IDN,2015,2017,8,6.0,7.0,0.14285714285714285
PRIMARY_DELETE__HLO_to_P__primary_5y__M1__ridge__SAU,JPN,2015,2017,8,2.0,1.0,0.14285714285714285
PRIMARY_DELETE__HLO_to_P__primary_5y__M1__ridge__SAU,POL,2015,2017,8,1.0,3.0,0.2857142857142857
PRIMARY_DELETE__HLO_to_P__primary_5y__M1__ridge__SAU,RUS,2015,2017,8,5.0,2.0,0.42857142857142855
PRIMARY_DELETE__HLO_to_P__primary_5y__M1__ridge__SRB,ISL,2000,2004,7,2.0,4.0,0.3333333333333333
PRIMARY_DELETE__HLO_to_P__primary_5y__M1__ridge__SRB,LTU,2000,2004,7,4.0,3.0,0.16666666666666666
PRIMARY_DELETE__HLO_to_P__primary_5y__M1__ridge__SRB,NLD,2000,2004,7,3.0,1.0,0.3333333333333333
PRIMARY_DELETE__HLO_to_P__primary_5y__M1__ridge__SRB,NOR,2000,2004,7,1.0,5.0,0.6666666666666666
PRIMARY_DELETE__HLO_to_P__primary_5y__M1__ridge__SRB,PHL,2000,2004,7,6.0,6.0,0.0
PRIMARY_DELETE__HLO_to_P__primary_5y__M1__ridge__SRB,USA,2000,2004,7,5.0,2.0,0.5
PRIMARY_DELETE__HLO_to_P__primary_5y__M1__ridge__SRB,ZAF,2000,2004,7,7.0,7.0,0.0
PRIMARY_DELETE__HLO_to_P__primary_5y__M1__ridge__SRB,AUT,2005,2009,17,2.0,6.0,0.25
PRIMARY_DELETE__HLO_to_P__primary_5y__M1__ridge__SRB,BRA,2005,2009,17,12.0,13.0,0.0625
PRIMARY_DELETE__HLO_to_P__primary_5y__M1__ridge__SRB,CHL,2005,2009,17,13.0,11.0,0.125
PRIMARY_DELETE__HLO_to_P__primary_5y__M1__ridge__SRB,CRI,2005,2009,17,10.0,10.0,0.0
PRIMARY_DELETE__HLO_to_P__primary_5y__M1__ridge__SRB,DEU,2005,2009,17,4.0,4.0,0.0
PRIMARY_DELETE__HLO_to_P__primary_5y__M1__ridge__SRB,IDN,2005,2009,17,16.0,14.0,0.125
PRIMARY_DELETE__HLO_to_P__primary_5y__M1__ridge__SRB,IRN,2005,2009,17,15.0,12.0,0.1875
PRIMARY_DELETE__HLO_to_P__primary_5y__M1__ridge__SRB,ITA,2005,2009,17,9.0,7.0,0.125
PRIMARY_DELETE__HLO_to_P__primary_5y__M1__ridge__SRB,JPN,2005,2009,17,1.0,2.0,0.0625
PRIMARY_DELETE__HLO_to_P__primary_5y__M1__ridge__SRB,MAR,2005,2009,17,17.0,16.0,0.0625
PRIMARY_DELETE__HLO_to_P__primary_5y__M1__ridge__SRB,NLD,2005,2009,17,3.0,1.0,0.125
PRIMARY_DELETE__HLO_to_P__primary_5y__M1__ridge__SRB,NOR,2005,2009,17,6.0,8.0,0.125
PRIMARY_DELETE__HLO_to_P__primary_5y__M1__ridge__SRB,PER,2005,2009,17,8.0,15.0,0.4375
PRIMARY_DELETE__HLO_to_P__primary_5y__M1__ridge__SRB,POL,2005,2009,17,7.0,3.0,0.25
PRIMARY_DELETE__HLO_to_P__primary_5y__M1__ridge__SRB,QAT,2005,2009,17,14.0,17.0,0.1875
PRIMARY_DELETE__HLO_to_P__primary_5y__M1__ridge__SRB,SVN,2005,2009,17,5.0,5.0,0.0
PRIMARY_DELETE__HLO_to_P__primary_5y__M1__ridge__SRB,UKR,2005,2009,17,11.0,9.0,0.125
PRIMARY_DELETE__HLO_to_P__primary_5y__M1__ridge__SRB,BRA,2010,2014,19,8.0,11.0,0.16666666666666666
PRIMARY_DELETE__HLO_to_P__primary_5y__M1__ridge__SRB,CHL,2010,2014,19,16.0,9.0,0.3888888888888889
PRIMARY_DELETE__HLO_to_P__primary_5y__M1__ridge__SRB,COL,2010,2014,19,11.0,12.0,0.05555555555555555
PRIMARY_DELETE__HLO_to_P__primary_5y__M1__ridge__SRB,DEU,2010,2014,19,3.0,3.0,0.0
PRIMARY_DELETE__HLO_to_P__primary_5y__M1__ridge__SRB,ESP,2010,2014,19,5.0,7.0,0.1111111111111111
PRIMARY_DELETE__HLO_to_P__primary_5y__M1__ridge__SRB,FIN,2010,2014,19,1.0,2.0,0.05555555555555555
PRIMARY_DELETE__HLO_to_P__primary_5y__M1__ridge__SRB,GHA,2010,2014,19,19.0,19.0,0.0
PRIMARY_DELETE__HLO_to_P__primary_5y__M1__ridge__SRB,HRV,2010,2014,19,7.0,5.0,0.1111111111111111
PRIMARY_DELETE__HLO_to_P__primary_5y__M1__ridge__SRB,IDN,2010,2014,19,14.0,14.0,0.0
PRIMARY_DELETE__HLO_to_P__primary_5y__M1__ridge__SRB,ITA,2010,2014,19,9.0,6.0,0.16666666666666666
PRIMARY_DELETE__HLO_to_P__primary_5y__M1__ridge__SRB,JOR,2010,2014,19,17.0,15.0,0.1111111111111111
PRIMARY_DELETE__HLO_to_P__primary_5y__M1__ridge__SRB,KAZ,2010,2014,19,12.0,8.0,0.2222222222222222
PRIMARY_DELETE__HLO_to_P__primary_5y__M1__ridge__SRB,KOR,2010,2014,19,2.0,1.0,0.05555555555555555
PRIMARY_DELETE__HLO_to_P__primary_5y__M1__ridge__SRB,MAR,2010,2014,19,18.0,18.0,0.0
PRIMARY_DELETE__HLO_to_P__primary_5y__M1__ridge__SRB,MEX,2010,2014,19,6.0,10.0,0.2222222222222222
PRIMARY_DELETE__HLO_to_P__primary_5y__M1__ridge__SRB,OMN,2010,2014,19,10.0,17.0,0.3888888888888889
PRIMARY_DELETE__HLO_to_P__primary_5y__M1__ridge__SRB,POL,2010,2014,19,4.0,4.0,0.0
PRIMARY_DELETE__HLO_to_P__primary_5y__M1__ridge__SRB,SAU,2010,2014,19,15.0,13.0,0.1111111111111111
PRIMARY_DELETE__HLO_to_P__primary_5y__M1__ridge__SRB,ZAF,2010,2014,19,13.0,16.0,0.16666666666666666
PRIMARY_DELETE__HLO_to_P__primary_5y__M1__ridge__SRB,AUS,2015,2017,9,4.0,4.0,0.0
PRIMARY_DELETE__HLO_to_P__primary_5y__M1__ridge__SRB,BHR,2015,2017,9,9.0,6.0,0.375
PRIMARY_DELETE__HLO_to_P__primary_5y__M1__ridge__SRB,DEU,2015,2017,9,3.0,5.0,0.25
PRIMARY_DELETE__HLO_to_P__primary_5y__M1__ridge__SRB,EGY,2015,2017,9,8.0,9.0,0.125
PRIMARY_DELETE__HLO_to_P__primary_5y__M1__ridge__SRB,IDN,2015,2017,9,7.0,7.0,0.0
PRIMARY_DELETE__HLO_to_P__primary_5y__M1__ridge__SRB,JPN,2015,2017,9,2.0,2.0,0.0
PRIMARY_DELETE__HLO_to_P__primary_5y__M1__ridge__SRB,POL,2015,2017,9,1.0,3.0,0.25
PRIMARY_DELETE__HLO_to_P__primary_5y__M1__ridge__SRB,RUS,2015,2017,9,5.0,1.0,0.5
PRIMARY_DELETE__HLO_to_P__primary_5y__M1__ridge__SRB,SAU,2015,2017,9,6.0,8.0,0.25
PRIMARY_DELETE__HLO_to_P__primary_5y__M1__ridge__SVN,ISL,2000,2004,7,2.0,4.0,0.3333333333333333
PRIMARY_DELETE__HLO_to_P__primary_5y__M1__ridge__SVN,LTU,2000,2004,7,4.0,3.0,0.16666666666666666
PRIMARY_DELETE__HLO_to_P__primary_5y__M1__ridge__SVN,NLD,2000,2004,7,3.0,1.0,0.3333333333333333
PRIMARY_DELETE__HLO_to_P__primary_5y__M1__ridge__SVN,NOR,2000,2004,7,1.0,5.0,0.6666666666666666
PRIMARY_DELETE__HLO_to_P__primary_5y__M1__ridge__SVN,PHL,2000,2004,7,6.0,6.0,0.0
PRIMARY_DELETE__HLO_to_P__primary_5y__M1__ridge__SVN,USA,2000,2004,7,5.0,2.0,0.5
PRIMARY_DELETE__HLO_to_P__primary_5y__M1__ridge__SVN,ZAF,2000,2004,7,7.0,7.0,0.0
PRIMARY_DELETE__HLO_to_P__primary_5y__M1__ridge__SVN,AUT,2005,2009,16,2.0,5.0,0.2
PRIMARY_DELETE__HLO_to_P__primary_5y__M1__ridge__SVN,BRA,2005,2009,16,11.0,12.0,0.06666666666666667
PRIMARY_DELETE__HLO_to_P__primary_5y__M1__ridge__SVN,CHL,2005,2009,16,12.0,10.0,0.13333333333333333
PRIMARY_DELETE__HLO_to_P__primary_5y__M1__ridge__SVN,CRI,2005,2009,16,9.0,9.0,0.0
PRIMARY_DELETE__HLO_to_P__primary_5y__M1__ridge__SVN,DEU,2005,2009,16,4.0,3.0,0.06666666666666667
PRIMARY_DELETE__HLO_to_P__primary_5y__M1__ridge__SVN,IDN,2005,2009,16,15.0,13.0,0.13333333333333333
PRIMARY_DELETE__HLO_to_P__primary_5y__M1__ridge__SVN,IRN,2005,2009,16,14.0,11.0,0.2
PRIMARY_DELETE__HLO_to_P__primary_5y__M1__ridge__SVN,ITA,2005,2009,16,8.0,6.0,0.13333333333333333
PRIMARY_DELETE__HLO_to_P__primary_5y__M1__ridge__SVN,JPN,2005,2009,16,1.0,1.0,0.0
PRIMARY_DELETE__HLO_to_P__primary_5y__M1__ridge__SVN,MAR,2005,2009,16,16.0,15.0,0.06666666666666667
PRIMARY_DELETE__HLO_to_P__primary_5y__M1__ridge__SVN,NLD,2005,2009,16,3.0,2.0,0.06666666666666667
PRIMARY_DELETE__HLO_to_P__primary_5y__M1__ridge__SVN,NOR,2005,2009,16,5.0,7.0,0.13333333333333333
PRIMARY_DELETE__HLO_to_P__primary_5y__M1__ridge__SVN,PER,2005,2009,16,7.0,14.0,0.4666666666666667
PRIMARY_DELETE__HLO_to_P__primary_5y__M1__ridge__SVN,POL,2005,2009,16,6.0,4.0,0.13333333333333333
PRIMARY_DELETE__HLO_to_P__primary_5y__M1__ridge__SVN,QAT,2005,2009,16,13.0,16.0,0.2
PRIMARY_DELETE__HLO_to_P__primary_5y__M1__ridge__SVN,UKR,2005,2009,16,10.0,8.0,0.13333333333333333
PRIMARY_DELETE__HLO_to_P__primary_5y__M1__ridge__SVN,BRA,2010,2014,20,9.0,12.0,0.15789473684210525
PRIMARY_DELETE__HLO_to_P__primary_5y__M1__ridge__SVN,CHL,2010,2014,20,17.0,10.0,0.3684210526315789
PRIMARY_DELETE__HLO_to_P__primary_5y__M1__ridge__SVN,COL,2010,2014,20,12.0,13.0,0.05263157894736842
PRIMARY_DELETE__HLO_to_P__primary_5y__M1__ridge__SVN,DEU,2010,2014,20,3.0,3.0,0.0
PRIMARY_DELETE__HLO_to_P__primary_5y__M1__ridge__SVN,ESP,2010,2014,20,6.0,7.0,0.05263157894736842
PRIMARY_DELETE__HLO_to_P__primary_5y__M1__ridge__SVN,FIN,2010,2014,20,1.0,2.0,0.05263157894736842
PRIMARY_DELETE__HLO_to_P__primary_5y__M1__ridge__SVN,GHA,2010,2014,20,20.0,20.0,0.0
PRIMARY_DELETE__HLO_to_P__primary_5y__M1__ridge__SVN,HRV,2010,2014,20,8.0,5.0,0.15789473684210525
PRIMARY_DELETE__HLO_to_P__primary_5y__M1__ridge__SVN,IDN,2010,2014,20,15.0,15.0,0.0
PRIMARY_DELETE__HLO_to_P__primary_5y__M1__ridge__SVN,ITA,2010,2014,20,10.0,6.0,0.21052631578947367
PRIMARY_DELETE__HLO_to_P__primary_5y__M1__ridge__SVN,JOR,2010,2014,20,18.0,16.0,0.10526315789473684
PRIMARY_DELETE__HLO_to_P__primary_5y__M1__ridge__SVN,KAZ,2010,2014,20,13.0,9.0,0.21052631578947367
PRIMARY_DELETE__HLO_to_P__primary_5y__M1__ridge__SVN,KOR,2010,2014,20,2.0,1.0,0.05263157894736842
PRIMARY_DELETE__HLO_to_P__primary_5y__M1__ridge__SVN,MAR,2010,2014,20,19.0,19.0,0.0
PRIMARY_DELETE__HLO_to_P__primary_5y__M1__ridge__SVN,MEX,2010,2014,20,7.0,11.0,0.21052631578947367
PRIMARY_DELETE__HLO_to_P__primary_5y__M1__ridge__SVN,OMN,2010,2014,20,11.0,18.0,0.3684210526315789
PRIMARY_DELETE__HLO_to_P__primary_5y__M1__ridge__SVN,POL,2010,2014,20,4.0,4.0,0.0
PRIMARY_DELETE__HLO_to_P__primary_5y__M1__ridge__SVN,SAU,2010,2014,20,16.0,14.0,0.10526315789473684
PRIMARY_DELETE__HLO_to_P__primary_5y__M1__ridge__SVN,SRB,2010,2014,20,5.0,8.0,0.15789473684210525
PRIMARY_DELETE__HLO_to_P__primary_5y__M1__ridge__SVN,ZAF,2010,2014,20,14.0,17.0,0.15789473684210525
PRIMARY_DELETE__HLO_to_P__primary_5y__M1__ridge__SVN,AUS,2015,2017,9,4.0,5.0,0.125
PRIMARY_DELETE__HLO_to_P__primary_5y__M1__ridge__SVN,BHR,2015,2017,9,9.0,6.0,0.375
PRIMARY_DELETE__HLO_to_P__primary_5y__M1__ridge__SVN,DEU,2015,2017,9,3.0,4.0,0.125
PRIMARY_DELETE__HLO_to_P__primary_5y__M1__ridge__SVN,EGY,2015,2017,9,8.0,9.0,0.125
PRIMARY_DELETE__HLO_to_P__primary_5y__M1__ridge__SVN,IDN,2015,2017,9,7.0,7.0,0.0
PRIMARY_DELETE__HLO_to_P__primary_5y__M1__ridge__SVN,JPN,2015,2017,9,2.0,1.0,0.125
PRIMARY_DELETE__HLO_to_P__primary_5y__M1__ridge__SVN,POL,2015,2017,9,1.0,3.0,0.25
PRIMARY_DELETE__HLO_to_P__primary_5y__M1__ridge__SVN,RUS,2015,2017,9,5.0,2.0,0.375
PRIMARY_DELETE__HLO_to_P__primary_5y__M1__ridge__SVN,SAU,2015,2017,9,6.0,8.0,0.25
PRIMARY_DELETE__HLO_to_P__primary_5y__M1__ridge__UKR,ISL,2000,2004,7,2.0,4.0,0.3333333333333333
PRIMARY_DELETE__HLO_to_P__primary_5y__M1__ridge__UKR,LTU,2000,2004,7,4.0,3.0,0.16666666666666666
PRIMARY_DELETE__HLO_to_P__primary_5y__M1__ridge__UKR,NLD,2000,2004,7,3.0,1.0,0.3333333333333333
PRIMARY_DELETE__HLO_to_P__primary_5y__M1__ridge__UKR,NOR,2000,2004,7,1.0,5.0,0.6666666666666666
PRIMARY_DELETE__HLO_to_P__primary_5y__M1__ridge__UKR,PHL,2000,2004,7,6.0,6.0,0.0
PRIMARY_DELETE__HLO_to_P__primary_5y__M1__ridge__UKR,USA,2000,2004,7,5.0,2.0,0.5
PRIMARY_DELETE__HLO_to_P__primary_5y__M1__ridge__UKR,ZAF,2000,2004,7,7.0,7.0,0.0
PRIMARY_DELETE__HLO_to_P__primary_5y__M1__ridge__UKR,AUT,2005,2009,16,2.0,6.0,0.26666666666666666
PRIMARY_DELETE__HLO_to_P__primary_5y__M1__ridge__UKR,BRA,2005,2009,16,11.0,12.0,0.06666666666666667
PRIMARY_DELETE__HLO_to_P__primary_5y__M1__ridge__UKR,CHL,2005,2009,16,12.0,10.0,0.13333333333333333
PRIMARY_DELETE__HLO_to_P__primary_5y__M1__ridge__UKR,CRI,2005,2009,16,10.0,9.0,0.06666666666666667
PRIMARY_DELETE__HLO_to_P__primary_5y__M1__ridge__UKR,DEU,2005,2009,16,4.0,4.0,0.0
PRIMARY_DELETE__HLO_to_P__primary_5y__M1__ridge__UKR,IDN,2005,2009,16,15.0,13.0,0.13333333333333333
PRIMARY_DELETE__HLO_to_P__primary_5y__M1__ridge__UKR,IRN,2005,2009,16,14.0,11.0,0.2
PRIMARY_DELETE__HLO_to_P__primary_5y__M1__ridge__UKR,ITA,2005,2009,16,9.0,7.0,0.13333333333333333
PRIMARY_DELETE__HLO_to_P__primary_5y__M1__ridge__UKR,JPN,2005,2009,16,1.0,2.0,0.06666666666666667
PRIMARY_DELETE__HLO_to_P__primary_5y__M1__ridge__UKR,MAR,2005,2009,16,16.0,15.0,0.06666666666666667
PRIMARY_DELETE__HLO_to_P__primary_5y__M1__ridge__UKR,NLD,2005,2009,16,3.0,1.0,0.13333333333333333
PRIMARY_DELETE__HLO_to_P__primary_5y__M1__ridge__UKR,NOR,2005,2009,16,6.0,8.0,0.13333333333333333
PRIMARY_DELETE__HLO_to_P__primary_5y__M1__ridge__UKR,PER,2005,2009,16,8.0,14.0,0.4
PRIMARY_DELETE__HLO_to_P__primary_5y__M1__ridge__UKR,POL,2005,2009,16,7.0,3.0,0.26666666666666666
PRIMARY_DELETE__HLO_to_P__primary_5y__M1__ridge__UKR,QAT,2005,2009,16,13.0,16.0,0.2
PRIMARY_DELETE__HLO_to_P__primary_5y__M1__ridge__UKR,SVN,2005,2009,16,5.0,5.0,0.0
PRIMARY_DELETE__HLO_to_P__primary_5y__M1__ridge__UKR,BRA,2010,2014,20,9.0,12.0,0.15789473684210525
PRIMARY_DELETE__HLO_to_P__primary_5y__M1__ridge__UKR,CHL,2010,2014,20,17.0,10.0,0.3684210526315789
PRIMARY_DELETE__HLO_to_P__primary_5y__M1__ridge__UKR,COL,2010,2014,20,12.0,13.0,0.05263157894736842
PRIMARY_DELETE__HLO_to_P__primary_5y__M1__ridge__UKR,DEU,2010,2014,20,3.0,3.0,0.0
PRIMARY_DELETE__HLO_to_P__primary_5y__M1__ridge__UKR,ESP,2010,2014,20,6.0,7.0,0.05263157894736842
PRIMARY_DELETE__HLO_to_P__primary_5y__M1__ridge__UKR,FIN,2010,2014,20,1.0,2.0,0.05263157894736842
PRIMARY_DELETE__HLO_to_P__primary_5y__M1__ridge__UKR,GHA,2010,2014,20,20.0,20.0,0.0
PRIMARY_DELETE__HLO_to_P__primary_5y__M1__ridge__UKR,HRV,2010,2014,20,8.0,6.0,0.10526315789473684
PRIMARY_DELETE__HLO_to_P__primary_5y__M1__ridge__UKR,IDN,2010,2014,20,15.0,15.0,0.0
PRIMARY_DELETE__HLO_to_P__primary_5y__M1__ridge__UKR,ITA,2010,2014,20,10.0,5.0,0.2631578947368421
PRIMARY_DELETE__HLO_to_P__primary_5y__M1__ridge__UKR,JOR,2010,2014,20,18.0,16.0,0.10526315789473684
PRIMARY_DELETE__HLO_to_P__primary_5y__M1__ridge__UKR,KAZ,2010,2014,20,13.0,9.0,0.21052631578947367
PRIMARY_DELETE__HLO_to_P__primary_5y__M1__ridge__UKR,KOR,2010,2014,20,2.0,1.0,0.05263157894736842
PRIMARY_DELETE__HLO_to_P__primary_5y__M1__ridge__UKR,MAR,2010,2014,20,19.0,19.0,0.0
PRIMARY_DELETE__HLO_to_P__primary_5y__M1__ridge__UKR,MEX,2010,2014,20,7.0,11.0,0.21052631578947367
PRIMARY_DELETE__HLO_to_P__primary_5y__M1__ridge__UKR,OMN,2010,2014,20,11.0,18.0,0.3684210526315789
PRIMARY_DELETE__HLO_to_P__primary_5y__M1__ridge__UKR,POL,2010,2014,20,4.0,4.0,0.0
PRIMARY_DELETE__HLO_to_P__primary_5y__M1__ridge__UKR,SAU,2010,2014,20,16.0,14.0,0.10526315789473684
PRIMARY_DELETE__HLO_to_P__primary_5y__M1__ridge__UKR,SRB,2010,2014,20,5.0,8.0,0.15789473684210525
PRIMARY_DELETE__HLO_to_P__primary_5y__M1__ridge__UKR,ZAF,2010,2014,20,14.0,17.0,0.15789473684210525
PRIMARY_DELETE__HLO_to_P__primary_5y__M1__ridge__UKR,AUS,2015,2017,9,4.0,4.0,0.0
PRIMARY_DELETE__HLO_to_P__primary_5y__M1__ridge__UKR,BHR,2015,2017,9,9.0,6.0,0.375
PRIMARY_DELETE__HLO_to_P__primary_5y__M1__ridge__UKR,DEU,2015,2017,9,3.0,5.0,0.25
PRIMARY_DELETE__HLO_to_P__primary_5y__M1__ridge__UKR,EGY,2015,2017,9,8.0,9.0,0.125
PRIMARY_DELETE__HLO_to_P__primary_5y__M1__ridge__UKR,IDN,2015,2017,9,7.0,7.0,0.0
PRIMARY_DELETE__HLO_to_P__primary_5y__M1__ridge__UKR,JPN,2015,2017,9,2.0,2.0,0.0
PRIMARY_DELETE__HLO_to_P__primary_5y__M1__ridge__UKR,POL,2015,2017,9,1.0,3.0,0.25
PRIMARY_DELETE__HLO_to_P__primary_5y__M1__ridge__UKR,RUS,2015,2017,9,5.0,1.0,0.5
PRIMARY_DELETE__HLO_to_P__primary_5y__M1__ridge__UKR,SAU,2015,2017,9,6.0,8.0,0.25
PRIMARY_DELETE__HLO_to_P__primary_5y__M1__ridge__USA,ISL,2000,2004,6,2.0,3.0,0.2
PRIMARY_DELETE__HLO_to_P__primary_5y__M1__ridge__USA,LTU,2000,2004,6,4.0,2.0,0.4
PRIMARY_DELETE__HLO_to_P__primary_5y__M1__ridge__USA,NLD,2000,2004,6,3.0,1.0,0.4
PRIMARY_DELETE__HLO_to_P__primary_5y__M1__ridge__USA,NOR,2000,2004,6,1.0,4.0,0.6
PRIMARY_DELETE__HLO_to_P__primary_5y__M1__ridge__USA,PHL,2000,2004,6,5.0,5.0,0.0
PRIMARY_DELETE__HLO_to_P__primary_5y__M1__ridge__USA,ZAF,2000,2004,6,6.0,6.0,0.0
PRIMARY_DELETE__HLO_to_P__primary_5y__M1__ridge__USA,AUT,2005,2009,17,2.0,5.0,0.1875
PRIMARY_DELETE__HLO_to_P__primary_5y__M1__ridge__USA,BRA,2005,2009,17,12.0,13.0,0.0625
PRIMARY_DELETE__HLO_to_P__primary_5y__M1__ridge__USA,CHL,2005,2009,17,13.0,11.0,0.125
PRIMARY_DELETE__HLO_to_P__primary_5y__M1__ridge__USA,CRI,2005,2009,17,10.0,10.0,0.0
PRIMARY_DELETE__HLO_to_P__primary_5y__M1__ridge__USA,DEU,2005,2009,17,4.0,3.0,0.0625
PRIMARY_DELETE__HLO_to_P__primary_5y__M1__ridge__USA,IDN,2005,2009,17,16.0,14.0,0.125
PRIMARY_DELETE__HLO_to_P__primary_5y__M1__ridge__USA,IRN,2005,2009,17,15.0,12.0,0.1875
PRIMARY_DELETE__HLO_to_P__primary_5y__M1__ridge__USA,ITA,2005,2009,17,9.0,6.0,0.1875
PRIMARY_DELETE__HLO_to_P__primary_5y__M1__ridge__USA,JPN,2005,2009,17,1.0,1.0,0.0
PRIMARY_DELETE__HLO_to_P__primary_5y__M1__ridge__USA,MAR,2005,2009,17,17.0,16.0,0.0625
PRIMARY_DELETE__HLO_to_P__primary_5y__M1__ridge__USA,NLD,2005,2009,17,3.0,2.0,0.0625
PRIMARY_DELETE__HLO_to_P__primary_5y__M1__ridge__USA,NOR,2005,2009,17,6.0,8.0,0.125
PRIMARY_DELETE__HLO_to_P__primary_5y__M1__ridge__USA,PER,2005,2009,17,8.0,15.0,0.4375
PRIMARY_DELETE__HLO_to_P__primary_5y__M1__ridge__USA,POL,2005,2009,17,7.0,4.0,0.1875
PRIMARY_DELETE__HLO_to_P__primary_5y__M1__ridge__USA,QAT,2005,2009,17,14.0,17.0,0.1875
PRIMARY_DELETE__HLO_to_P__primary_5y__M1__ridge__USA,SVN,2005,2009,17,5.0,7.0,0.125
PRIMARY_DELETE__HLO_to_P__primary_5y__M1__ridge__USA,UKR,2005,2009,17,11.0,9.0,0.125
PRIMARY_DELETE__HLO_to_P__primary_5y__M1__ridge__USA,BRA,2010,2014,20,9.0,12.0,0.15789473684210525
PRIMARY_DELETE__HLO_to_P__primary_5y__M1__ridge__USA,CHL,2010,2014,20,17.0,10.0,0.3684210526315789
PRIMARY_DELETE__HLO_to_P__primary_5y__M1__ridge__USA,COL,2010,2014,20,12.0,13.0,0.05263157894736842
PRIMARY_DELETE__HLO_to_P__primary_5y__M1__ridge__USA,DEU,2010,2014,20,3.0,3.0,0.0
PRIMARY_DELETE__HLO_to_P__primary_5y__M1__ridge__USA,ESP,2010,2014,20,6.0,7.0,0.05263157894736842
PRIMARY_DELETE__HLO_to_P__primary_5y__M1__ridge__USA,FIN,2010,2014,20,1.0,2.0,0.05263157894736842
PRIMARY_DELETE__HLO_to_P__primary_5y__M1__ridge__USA,GHA,2010,2014,20,20.0,20.0,0.0
PRIMARY_DELETE__HLO_to_P__primary_5y__M1__ridge__USA,HRV,2010,2014,20,8.0,6.0,0.10526315789473684
PRIMARY_DELETE__HLO_to_P__primary_5y__M1__ridge__USA,IDN,2010,2014,20,15.0,15.0,0.0
PRIMARY_DELETE__HLO_to_P__primary_5y__M1__ridge__USA,ITA,2010,2014,20,10.0,5.0,0.2631578947368421
PRIMARY_DELETE__HLO_to_P__primary_5y__M1__ridge__USA,JOR,2010,2014,20,18.0,16.0,0.10526315789473684
PRIMARY_DELETE__HLO_to_P__primary_5y__M1__ridge__USA,KAZ,2010,2014,20,13.0,9.0,0.21052631578947367
PRIMARY_DELETE__HLO_to_P__primary_5y__M1__ridge__USA,KOR,2010,2014,20,2.0,1.0,0.05263157894736842
PRIMARY_DELETE__HLO_to_P__primary_5y__M1__ridge__USA,MAR,2010,2014,20,19.0,19.0,0.0
PRIMARY_DELETE__HLO_to_P__primary_5y__M1__ridge__USA,MEX,2010,2014,20,7.0,11.0,0.21052631578947367
PRIMARY_DELETE__HLO_to_P__primary_5y__M1__ridge__USA,OMN,2010,2014,20,11.0,18.0,0.3684210526315789
PRIMARY_DELETE__HLO_to_P__primary_5y__M1__ridge__USA,POL,2010,2014,20,4.0,4.0,0.0
PRIMARY_DELETE__HLO_to_P__primary_5y__M1__ridge__USA,SAU,2010,2014,20,16.0,14.0,0.10526315789473684
PRIMARY_DELETE__HLO_to_P__primary_5y__M1__ridge__USA,SRB,2010,2014,20,5.0,8.0,0.15789473684210525
PRIMARY_DELETE__HLO_to_P__primary_5y__M1__ridge__USA,ZAF,2010,2014,20,14.0,17.0,0.15789473684210525
PRIMARY_DELETE__HLO_to_P__primary_5y__M1__ridge__USA,AUS,2015,2017,9,4.0,5.0,0.125
PRIMARY_DELETE__HLO_to_P__primary_5y__M1__ridge__USA,BHR,2015,2017,9,9.0,6.0,0.375
PRIMARY_DELETE__HLO_to_P__primary_5y__M1__ridge__USA,DEU,2015,2017,9,3.0,4.0,0.125
PRIMARY_DELETE__HLO_to_P__primary_5y__M1__ridge__USA,EGY,2015,2017,9,8.0,9.0,0.125
PRIMARY_DELETE__HLO_to_P__primary_5y__M1__ridge__USA,IDN,2015,2017,9,7.0,7.0,0.0
PRIMARY_DELETE__HLO_to_P__primary_5y__M1__ridge__USA,JPN,2015,2017,9,2.0,1.0,0.125
PRIMARY_DELETE__HLO_to_P__primary_5y__M1__ridge__USA,POL,2015,2017,9,1.0,3.0,0.25
PRIMARY_DELETE__HLO_to_P__primary_5y__M1__ridge__USA,RUS,2015,2017,9,5.0,2.0,0.375
PRIMARY_DELETE__HLO_to_P__primary_5y__M1__ridge__USA,SAU,2015,2017,9,6.0,8.0,0.25
PRIMARY_DELETE__HLO_to_P__primary_5y__M1__ridge__ZAF,ISL,2000,2004,6,2.0,4.0,0.4
PRIMARY_DELETE__HLO_to_P__primary_5y__M1__ridge__ZAF,LTU,2000,2004,6,4.0,3.0,0.2
PRIMARY_DELETE__HLO_to_P__primary_5y__M1__ridge__ZAF,NLD,2000,2004,6,3.0,1.0,0.4
PRIMARY_DELETE__HLO_to_P__primary_5y__M1__ridge__ZAF,NOR,2000,2004,6,1.0,5.0,0.8
PRIMARY_DELETE__HLO_to_P__primary_5y__M1__ridge__ZAF,PHL,2000,2004,6,6.0,6.0,0.0
PRIMARY_DELETE__HLO_to_P__primary_5y__M1__ridge__ZAF,USA,2000,2004,6,5.0,2.0,0.6
PRIMARY_DELETE__HLO_to_P__primary_5y__M1__ridge__ZAF,AUT,2005,2009,17,2.0,7.0,0.3125
PRIMARY_DELETE__HLO_to_P__primary_5y__M1__ridge__ZAF,BRA,2005,2009,17,12.0,13.0,0.0625
PRIMARY_DELETE__HLO_to_P__primary_5y__M1__ridge__ZAF,CHL,2005,2009,17,13.0,11.0,0.125
PRIMARY_DELETE__HLO_to_P__primary_5y__M1__ridge__ZAF,CRI,2005,2009,17,10.0,10.0,0.0
PRIMARY_DELETE__HLO_to_P__primary_5y__M1__ridge__ZAF,DEU,2005,2009,17,4.0,3.0,0.0625
PRIMARY_DELETE__HLO_to_P__primary_5y__M1__ridge__ZAF,IDN,2005,2009,17,16.0,14.0,0.125
PRIMARY_DELETE__HLO_to_P__primary_5y__M1__ridge__ZAF,IRN,2005,2009,17,15.0,12.0,0.1875
PRIMARY_DELETE__HLO_to_P__primary_5y__M1__ridge__ZAF,ITA,2005,2009,17,9.0,6.0,0.1875
PRIMARY_DELETE__HLO_to_P__primary_5y__M1__ridge__ZAF,JPN,2005,2009,17,1.0,2.0,0.0625
PRIMARY_DELETE__HLO_to_P__primary_5y__M1__ridge__ZAF,MAR,2005,2009,17,17.0,16.0,0.0625
PRIMARY_DELETE__HLO_to_P__primary_5y__M1__ridge__ZAF,NLD,2005,2009,17,3.0,1.0,0.125
PRIMARY_DELETE__HLO_to_P__primary_5y__M1__ridge__ZAF,NOR,2005,2009,17,6.0,8.0,0.125
PRIMARY_DELETE__HLO_to_P__primary_5y__M1__ridge__ZAF,PER,2005,2009,17,8.0,15.0,0.4375
PRIMARY_DELETE__HLO_to_P__primary_5y__M1__ridge__ZAF,POL,2005,2009,17,7.0,4.0,0.1875
PRIMARY_DELETE__HLO_to_P__primary_5y__M1__ridge__ZAF,QAT,2005,2009,17,14.0,17.0,0.1875
PRIMARY_DELETE__HLO_to_P__primary_5y__M1__ridge__ZAF,SVN,2005,2009,17,5.0,5.0,0.0
PRIMARY_DELETE__HLO_to_P__primary_5y__M1__ridge__ZAF,UKR,2005,2009,17,11.0,9.0,0.125
PRIMARY_DELETE__HLO_to_P__primary_5y__M1__ridge__ZAF,BRA,2010,2014,19,9.0,12.0,0.16666666666666666
PRIMARY_DELETE__HLO_to_P__primary_5y__M1__ridge__ZAF,CHL,2010,2014,19,16.0,10.0,0.3333333333333333
PRIMARY_DELETE__HLO_to_P__primary_5y__M1__ridge__ZAF,COL,2010,2014,19,12.0,13.0,0.05555555555555555
PRIMARY_DELETE__HLO_to_P__primary_5y__M1__ridge__ZAF,DEU,2010,2014,19,3.0,3.0,0.0
PRIMARY_DELETE__HLO_to_P__primary_5y__M1__ridge__ZAF,ESP,2010,2014,19,6.0,7.0,0.05555555555555555
PRIMARY_DELETE__HLO_to_P__primary_5y__M1__ridge__ZAF,FIN,2010,2014,19,1.0,2.0,0.05555555555555555
PRIMARY_DELETE__HLO_to_P__primary_5y__M1__ridge__ZAF,GHA,2010,2014,19,19.0,19.0,0.0
PRIMARY_DELETE__HLO_to_P__primary_5y__M1__ridge__ZAF,HRV,2010,2014,19,8.0,5.0,0.16666666666666666
PRIMARY_DELETE__HLO_to_P__primary_5y__M1__ridge__ZAF,IDN,2010,2014,19,14.0,14.0,0.0
PRIMARY_DELETE__HLO_to_P__primary_5y__M1__ridge__ZAF,ITA,2010,2014,19,10.0,6.0,0.2222222222222222
PRIMARY_DELETE__HLO_to_P__primary_5y__M1__ridge__ZAF,JOR,2010,2014,19,17.0,16.0,0.05555555555555555
PRIMARY_DELETE__HLO_to_P__primary_5y__M1__ridge__ZAF,KAZ,2010,2014,19,13.0,9.0,0.2222222222222222
PRIMARY_DELETE__HLO_to_P__primary_5y__M1__ridge__ZAF,KOR,2010,2014,19,2.0,1.0,0.05555555555555555
PRIMARY_DELETE__HLO_to_P__primary_5y__M1__ridge__ZAF,MAR,2010,2014,19,18.0,18.0,0.0
PRIMARY_DELETE__HLO_to_P__primary_5y__M1__ridge__ZAF,MEX,2010,2014,19,7.0,11.0,0.2222222222222222
PRIMARY_DELETE__HLO_to_P__primary_5y__M1__ridge__ZAF,OMN,2010,2014,19,11.0,17.0,0.3333333333333333
PRIMARY_DELETE__HLO_to_P__primary_5y__M1__ridge__ZAF,POL,2010,2014,19,4.0,4.0,0.0
PRIMARY_DELETE__HLO_to_P__primary_5y__M1__ridge__ZAF,SAU,2010,2014,19,15.0,15.0,0.0
PRIMARY_DELETE__HLO_to_P__primary_5y__M1__ridge__ZAF,SRB,2010,2014,19,5.0,8.0,0.16666666666666666
PRIMARY_DELETE__HLO_to_P__primary_5y__M1__ridge__ZAF,AUS,2015,2017,9,4.0,5.0,0.125
PRIMARY_DELETE__HLO_to_P__primary_5y__M1__ridge__ZAF,BHR,2015,2017,9,9.0,6.0,0.375
PRIMARY_DELETE__HLO_to_P__primary_5y__M1__ridge__ZAF,DEU,2015,2017,9,3.0,4.0,0.125
PRIMARY_DELETE__HLO_to_P__primary_5y__M1__ridge__ZAF,EGY,2015,2017,9,8.0,9.0,0.125
PRIMARY_DELETE__HLO_to_P__primary_5y__M1__ridge__ZAF,IDN,2015,2017,9,7.0,7.0,0.0
PRIMARY_DELETE__HLO_to_P__primary_5y__M1__ridge__ZAF,JPN,2015,2017,9,2.0,2.0,0.0
PRIMARY_DELETE__HLO_to_P__primary_5y__M1__ridge__ZAF,POL,2015,2017,9,1.0,3.0,0.25
PRIMARY_DELETE__HLO_to_P__primary_5y__M1__ridge__ZAF,RUS,2015,2017,9,5.0,1.0,0.5
PRIMARY_DELETE__HLO_to_P__primary_5y__M1__ridge__ZAF,SAU,2015,2017,9,6.0,8.0,0.25
PRIMARY_DELETE__HLO_to_P__primary_5y__M2__ridge__AUS,ISL,2000,2004,7,2.0,3.0,0.16666666666666666
PRIMARY_DELETE__HLO_to_P__primary_5y__M2__ridge__AUS,LTU,2000,2004,7,4.0,5.0,0.16666666666666666
PRIMARY_DELETE__HLO_to_P__primary_5y__M2__ridge__AUS,NLD,2000,2004,7,3.0,2.0,0.16666666666666666
PRIMARY_DELETE__HLO_to_P__primary_5y__M2__ridge__AUS,NOR,2000,2004,7,1.0,1.0,0.0
PRIMARY_DELETE__HLO_to_P__primary_5y__M2__ridge__AUS,PHL,2000,2004,7,6.0,7.0,0.16666666666666666
PRIMARY_DELETE__HLO_to_P__primary_5y__M2__ridge__AUS,USA,2000,2004,7,5.0,4.0,0.16666666666666666
PRIMARY_DELETE__HLO_to_P__primary_5y__M2__ridge__AUS,ZAF,2000,2004,7,7.0,6.0,0.16666666666666666
PRIMARY_DELETE__HLO_to_P__primary_5y__M2__ridge__AUS,AUT,2005,2009,17,2.0,4.0,0.125
PRIMARY_DELETE__HLO_to_P__primary_5y__M2__ridge__AUS,BRA,2005,2009,17,12.0,13.0,0.0625
PRIMARY_DELETE__HLO_to_P__primary_5y__M2__ridge__AUS,CHL,2005,2009,17,13.0,11.0,0.125
PRIMARY_DELETE__HLO_to_P__primary_5y__M2__ridge__AUS,CRI,2005,2009,17,10.0,10.0,0.0
PRIMARY_DELETE__HLO_to_P__primary_5y__M2__ridge__AUS,DEU,2005,2009,17,4.0,6.0,0.125
PRIMARY_DELETE__HLO_to_P__primary_5y__M2__ridge__AUS,IDN,2005,2009,17,16.0,17.0,0.0625
PRIMARY_DELETE__HLO_to_P__primary_5y__M2__ridge__AUS,IRN,2005,2009,17,15.0,14.0,0.0625
PRIMARY_DELETE__HLO_to_P__primary_5y__M2__ridge__AUS,ITA,2005,2009,17,9.0,5.0,0.25
PRIMARY_DELETE__HLO_to_P__primary_5y__M2__ridge__AUS,JPN,2005,2009,17,1.0,8.0,0.4375
PRIMARY_DELETE__HLO_to_P__primary_5y__M2__ridge__AUS,MAR,2005,2009,17,17.0,16.0,0.0625
PRIMARY_DELETE__HLO_to_P__primary_5y__M2__ridge__AUS,NLD,2005,2009,17,3.0,3.0,0.0
PRIMARY_DELETE__HLO_to_P__primary_5y__M2__ridge__AUS,NOR,2005,2009,17,6.0,2.0,0.25
PRIMARY_DELETE__HLO_to_P__primary_5y__M2__ridge__AUS,PER,2005,2009,17,8.0,15.0,0.4375
PRIMARY_DELETE__HLO_to_P__primary_5y__M2__ridge__AUS,POL,2005,2009,17,7.0,7.0,0.0
PRIMARY_DELETE__HLO_to_P__primary_5y__M2__ridge__AUS,QAT,2005,2009,17,14.0,12.0,0.125
PRIMARY_DELETE__HLO_to_P__primary_5y__M2__ridge__AUS,SVN,2005,2009,17,5.0,1.0,0.25
PRIMARY_DELETE__HLO_to_P__primary_5y__M2__ridge__AUS,UKR,2005,2009,17,11.0,9.0,0.125
PRIMARY_DELETE__HLO_to_P__primary_5y__M2__ridge__AUS,BRA,2010,2014,20,9.0,12.0,0.15789473684210525
PRIMARY_DELETE__HLO_to_P__primary_5y__M2__ridge__AUS,CHL,2010,2014,20,17.0,9.0,0.42105263157894735
PRIMARY_DELETE__HLO_to_P__primary_5y__M2__ridge__AUS,COL,2010,2014,20,12.0,11.0,0.05263157894736842
PRIMARY_DELETE__HLO_to_P__primary_5y__M2__ridge__AUS,DEU,2010,2014,20,3.0,3.0,0.0
PRIMARY_DELETE__HLO_to_P__primary_5y__M2__ridge__AUS,ESP,2010,2014,20,6.0,2.0,0.21052631578947367
PRIMARY_DELETE__HLO_to_P__primary_5y__M2__ridge__AUS,FIN,2010,2014,20,1.0,1.0,0.0
PRIMARY_DELETE__HLO_to_P__primary_5y__M2__ridge__AUS,GHA,2010,2014,20,20.0,20.0,0.0
PRIMARY_DELETE__HLO_to_P__primary_5y__M2__ridge__AUS,HRV,2010,2014,20,8.0,5.0,0.15789473684210525
PRIMARY_DELETE__HLO_to_P__primary_5y__M2__ridge__AUS,IDN,2010,2014,20,15.0,18.0,0.15789473684210525
PRIMARY_DELETE__HLO_to_P__primary_5y__M2__ridge__AUS,ITA,2010,2014,20,10.0,6.0,0.21052631578947367
PRIMARY_DELETE__HLO_to_P__primary_5y__M2__ridge__AUS,JOR,2010,2014,20,18.0,14.0,0.21052631578947367
PRIMARY_DELETE__HLO_to_P__primary_5y__M2__ridge__AUS,KAZ,2010,2014,20,13.0,16.0,0.15789473684210525
PRIMARY_DELETE__HLO_to_P__primary_5y__M2__ridge__AUS,KOR,2010,2014,20,2.0,4.0,0.10526315789473684
PRIMARY_DELETE__HLO_to_P__primary_5y__M2__ridge__AUS,MAR,2010,2014,20,19.0,17.0,0.10526315789473684
PRIMARY_DELETE__HLO_to_P__primary_5y__M2__ridge__AUS,MEX,2010,2014,20,7.0,15.0,0.42105263157894735
PRIMARY_DELETE__HLO_to_P__primary_5y__M2__ridge__AUS,OMN,2010,2014,20,11.0,13.0,0.10526315789473684
PRIMARY_DELETE__HLO_to_P__primary_5y__M2__ridge__AUS,POL,2010,2014,20,4.0,7.0,0.15789473684210525
PRIMARY_DELETE__HLO_to_P__primary_5y__M2__ridge__AUS,SAU,2010,2014,20,16.0,10.0,0.3157894736842105
PRIMARY_DELETE__HLO_to_P__primary_5y__M2__ridge__AUS,SRB,2010,2014,20,5.0,8.0,0.15789473684210525
PRIMARY_DELETE__HLO_to_P__primary_5y__M2__ridge__AUS,ZAF,2010,2014,20,14.0,19.0,0.2631578947368421
PRIMARY_DELETE__HLO_to_P__primary_5y__M2__ridge__AUS,BHR,2015,2017,8,8.0,3.0,0.7142857142857143
PRIMARY_DELETE__HLO_to_P__primary_5y__M2__ridge__AUS,DEU,2015,2017,8,3.0,1.0,0.2857142857142857
PRIMARY_DELETE__HLO_to_P__primary_5y__M2__ridge__AUS,EGY,2015,2017,8,7.0,8.0,0.14285714285714285
PRIMARY_DELETE__HLO_to_P__primary_5y__M2__ridge__AUS,IDN,2015,2017,8,6.0,7.0,0.14285714285714285
PRIMARY_DELETE__HLO_to_P__primary_5y__M2__ridge__AUS,JPN,2015,2017,8,2.0,5.0,0.42857142857142855
PRIMARY_DELETE__HLO_to_P__primary_5y__M2__ridge__AUS,POL,2015,2017,8,1.0,2.0,0.14285714285714285
PRIMARY_DELETE__HLO_to_P__primary_5y__M2__ridge__AUS,RUS,2015,2017,8,4.0,6.0,0.2857142857142857
PRIMARY_DELETE__HLO_to_P__primary_5y__M2__ridge__AUS,SAU,2015,2017,8,5.0,4.0,0.14285714285714285
PRIMARY_DELETE__HLO_to_P__primary_5y__M2__ridge__AUT,ISL,2000,2004,7,2.0,3.0,0.16666666666666666
PRIMARY_DELETE__HLO_to_P__primary_5y__M2__ridge__AUT,LTU,2000,2004,7,4.0,5.0,0.16666666666666666
PRIMARY_DELETE__HLO_to_P__primary_5y__M2__ridge__AUT,NLD,2000,2004,7,3.0,1.0,0.3333333333333333
PRIMARY_DELETE__HLO_to_P__primary_5y__M2__ridge__AUT,NOR,2000,2004,7,1.0,2.0,0.16666666666666666
PRIMARY_DELETE__HLO_to_P__primary_5y__M2__ridge__AUT,PHL,2000,2004,7,6.0,7.0,0.16666666666666666
PRIMARY_DELETE__HLO_to_P__primary_5y__M2__ridge__AUT,USA,2000,2004,7,5.0,4.0,0.16666666666666666
PRIMARY_DELETE__HLO_to_P__primary_5y__M2__ridge__AUT,ZAF,2000,2004,7,7.0,6.0,0.16666666666666666
PRIMARY_DELETE__HLO_to_P__primary_5y__M2__ridge__AUT,BRA,2005,2009,16,11.0,12.0,0.06666666666666667
PRIMARY_DELETE__HLO_to_P__primary_5y__M2__ridge__AUT,CHL,2005,2009,16,12.0,10.0,0.13333333333333333
PRIMARY_DELETE__HLO_to_P__primary_5y__M2__ridge__AUT,CRI,2005,2009,16,9.0,9.0,0.0
PRIMARY_DELETE__HLO_to_P__primary_5y__M2__ridge__AUT,DEU,2005,2009,16,3.0,4.0,0.06666666666666667
PRIMARY_DELETE__HLO_to_P__primary_5y__M2__ridge__AUT,IDN,2005,2009,16,15.0,16.0,0.06666666666666667
PRIMARY_DELETE__HLO_to_P__primary_5y__M2__ridge__AUT,IRN,2005,2009,16,14.0,13.0,0.06666666666666667
PRIMARY_DELETE__HLO_to_P__primary_5y__M2__ridge__AUT,ITA,2005,2009,16,8.0,5.0,0.2
PRIMARY_DELETE__HLO_to_P__primary_5y__M2__ridge__AUT,JPN,2005,2009,16,1.0,7.0,0.4
PRIMARY_DELETE__HLO_to_P__primary_5y__M2__ridge__AUT,MAR,2005,2009,16,16.0,15.0,0.06666666666666667
PRIMARY_DELETE__HLO_to_P__primary_5y__M2__ridge__AUT,NLD,2005,2009,16,2.0,3.0,0.06666666666666667
PRIMARY_DELETE__HLO_to_P__primary_5y__M2__ridge__AUT,NOR,2005,2009,16,5.0,2.0,0.2
PRIMARY_DELETE__HLO_to_P__primary_5y__M2__ridge__AUT,PER,2005,2009,16,7.0,14.0,0.4666666666666667
PRIMARY_DELETE__HLO_to_P__primary_5y__M2__ridge__AUT,POL,2005,2009,16,6.0,6.0,0.0
PRIMARY_DELETE__HLO_to_P__primary_5y__M2__ridge__AUT,QAT,2005,2009,16,13.0,11.0,0.13333333333333333
PRIMARY_DELETE__HLO_to_P__primary_5y__M2__ridge__AUT,SVN,2005,2009,16,4.0,1.0,0.2
PRIMARY_DELETE__HLO_to_P__primary_5y__M2__ridge__AUT,UKR,2005,2009,16,10.0,8.0,0.13333333333333333
PRIMARY_DELETE__HLO_to_P__primary_5y__M2__ridge__AUT,BRA,2010,2014,20,9.0,12.0,0.15789473684210525
PRIMARY_DELETE__HLO_to_P__primary_5y__M2__ridge__AUT,CHL,2010,2014,20,17.0,9.0,0.42105263157894735
PRIMARY_DELETE__HLO_to_P__primary_5y__M2__ridge__AUT,COL,2010,2014,20,12.0,11.0,0.05263157894736842
PRIMARY_DELETE__HLO_to_P__primary_5y__M2__ridge__AUT,DEU,2010,2014,20,3.0,3.0,0.0
PRIMARY_DELETE__HLO_to_P__primary_5y__M2__ridge__AUT,ESP,2010,2014,20,6.0,2.0,0.21052631578947367
PRIMARY_DELETE__HLO_to_P__primary_5y__M2__ridge__AUT,FIN,2010,2014,20,1.0,1.0,0.0
PRIMARY_DELETE__HLO_to_P__primary_5y__M2__ridge__AUT,GHA,2010,2014,20,20.0,20.0,0.0
PRIMARY_DELETE__HLO_to_P__primary_5y__M2__ridge__AUT,HRV,2010,2014,20,8.0,5.0,0.15789473684210525
PRIMARY_DELETE__HLO_to_P__primary_5y__M2__ridge__AUT,IDN,2010,2014,20,15.0,18.0,0.15789473684210525
PRIMARY_DELETE__HLO_to_P__primary_5y__M2__ridge__AUT,ITA,2010,2014,20,10.0,6.0,0.21052631578947367
PRIMARY_DELETE__HLO_to_P__primary_5y__M2__ridge__AUT,JOR,2010,2014,20,18.0,14.0,0.21052631578947367
PRIMARY_DELETE__HLO_to_P__primary_5y__M2__ridge__AUT,KAZ,2010,2014,20,13.0,16.0,0.15789473684210525
PRIMARY_DELETE__HLO_to_P__primary_5y__M2__ridge__AUT,KOR,2010,2014,20,2.0,4.0,0.10526315789473684
PRIMARY_DELETE__HLO_to_P__primary_5y__M2__ridge__AUT,MAR,2010,2014,20,19.0,17.0,0.10526315789473684
PRIMARY_DELETE__HLO_to_P__primary_5y__M2__ridge__AUT,MEX,2010,2014,20,7.0,15.0,0.42105263157894735
PRIMARY_DELETE__HLO_to_P__primary_5y__M2__ridge__AUT,OMN,2010,2014,20,11.0,13.0,0.10526315789473684
PRIMARY_DELETE__HLO_to_P__primary_5y__M2__ridge__AUT,POL,2010,2014,20,4.0,7.0,0.15789473684210525
PRIMARY_DELETE__HLO_to_P__primary_5y__M2__ridge__AUT,SAU,2010,2014,20,16.0,10.0,0.3157894736842105
PRIMARY_DELETE__HLO_to_P__primary_5y__M2__ridge__AUT,SRB,2010,2014,20,5.0,8.0,0.15789473684210525
PRIMARY_DELETE__HLO_to_P__primary_5y__M2__ridge__AUT,ZAF,2010,2014,20,14.0,19.0,0.2631578947368421
PRIMARY_DELETE__HLO_to_P__primary_5y__M2__ridge__AUT,AUS,2015,2017,9,4.0,4.0,0.0
PRIMARY_DELETE__HLO_to_P__primary_5y__M2__ridge__AUT,BHR,2015,2017,9,9.0,3.0,0.75
PRIMARY_DELETE__HLO_to_P__primary_5y__M2__ridge__AUT,DEU,2015,2017,9,3.0,1.0,0.25
PRIMARY_DELETE__HLO_to_P__primary_5y__M2__ridge__AUT,EGY,2015,2017,9,8.0,9.0,0.125
PRIMARY_DELETE__HLO_to_P__primary_5y__M2__ridge__AUT,IDN,2015,2017,9,7.0,8.0,0.125
PRIMARY_DELETE__HLO_to_P__primary_5y__M2__ridge__AUT,JPN,2015,2017,9,2.0,5.0,0.375
PRIMARY_DELETE__HLO_to_P__primary_5y__M2__ridge__AUT,POL,2015,2017,9,1.0,2.0,0.125
PRIMARY_DELETE__HLO_to_P__primary_5y__M2__ridge__AUT,RUS,2015,2017,9,5.0,7.0,0.25
PRIMARY_DELETE__HLO_to_P__primary_5y__M2__ridge__AUT,SAU,2015,2017,9,6.0,6.0,0.0
PRIMARY_DELETE__HLO_to_P__primary_5y__M2__ridge__BHR,ISL,2000,2004,7,2.0,2.0,0.0
PRIMARY_DELETE__HLO_to_P__primary_5y__M2__ridge__BHR,LTU,2000,2004,7,4.0,5.0,0.16666666666666666
PRIMARY_DELETE__HLO_to_P__primary_5y__M2__ridge__BHR,NLD,2000,2004,7,3.0,1.0,0.3333333333333333
PRIMARY_DELETE__HLO_to_P__primary_5y__M2__ridge__BHR,NOR,2000,2004,7,1.0,4.0,0.5
PRIMARY_DELETE__HLO_to_P__primary_5y__M2__ridge__BHR,PHL,2000,2004,7,6.0,7.0,0.16666666666666666
PRIMARY_DELETE__HLO_to_P__primary_5y__M2__ridge__BHR,USA,2000,2004,7,5.0,3.0,0.3333333333333333
PRIMARY_DELETE__HLO_to_P__primary_5y__M2__ridge__BHR,ZAF,2000,2004,7,7.0,6.0,0.16666666666666666
PRIMARY_DELETE__HLO_to_P__primary_5y__M2__ridge__BHR,AUT,2005,2009,17,2.0,5.0,0.1875
PRIMARY_DELETE__HLO_to_P__primary_5y__M2__ridge__BHR,BRA,2005,2009,17,12.0,13.0,0.0625
PRIMARY_DELETE__HLO_to_P__primary_5y__M2__ridge__BHR,CHL,2005,2009,17,13.0,10.0,0.1875
PRIMARY_DELETE__HLO_to_P__primary_5y__M2__ridge__BHR,CRI,2005,2009,17,10.0,11.0,0.0625
PRIMARY_DELETE__HLO_to_P__primary_5y__M2__ridge__BHR,DEU,2005,2009,17,4.0,4.0,0.0
PRIMARY_DELETE__HLO_to_P__primary_5y__M2__ridge__BHR,IDN,2005,2009,17,16.0,17.0,0.0625
PRIMARY_DELETE__HLO_to_P__primary_5y__M2__ridge__BHR,IRN,2005,2009,17,15.0,14.0,0.0625
PRIMARY_DELETE__HLO_to_P__primary_5y__M2__ridge__BHR,ITA,2005,2009,17,9.0,6.0,0.1875
PRIMARY_DELETE__HLO_to_P__primary_5y__M2__ridge__BHR,JPN,2005,2009,17,1.0,8.0,0.4375
PRIMARY_DELETE__HLO_to_P__primary_5y__M2__ridge__BHR,MAR,2005,2009,17,17.0,16.0,0.0625
PRIMARY_DELETE__HLO_to_P__primary_5y__M2__ridge__BHR,NLD,2005,2009,17,3.0,1.0,0.125
PRIMARY_DELETE__HLO_to_P__primary_5y__M2__ridge__BHR,NOR,2005,2009,17,6.0,2.0,0.25
PRIMARY_DELETE__HLO_to_P__primary_5y__M2__ridge__BHR,PER,2005,2009,17,8.0,15.0,0.4375
PRIMARY_DELETE__HLO_to_P__primary_5y__M2__ridge__BHR,POL,2005,2009,17,7.0,7.0,0.0
PRIMARY_DELETE__HLO_to_P__primary_5y__M2__ridge__BHR,QAT,2005,2009,17,14.0,12.0,0.125
PRIMARY_DELETE__HLO_to_P__primary_5y__M2__ridge__BHR,SVN,2005,2009,17,5.0,3.0,0.125
PRIMARY_DELETE__HLO_to_P__primary_5y__M2__ridge__BHR,UKR,2005,2009,17,11.0,9.0,0.125
PRIMARY_DELETE__HLO_to_P__primary_5y__M2__ridge__BHR,BRA,2010,2014,20,9.0,12.0,0.15789473684210525
PRIMARY_DELETE__HLO_to_P__primary_5y__M2__ridge__BHR,CHL,2010,2014,20,17.0,9.0,0.42105263157894735
PRIMARY_DELETE__HLO_to_P__primary_5y__M2__ridge__BHR,COL,2010,2014,20,12.0,11.0,0.05263157894736842
PRIMARY_DELETE__HLO_to_P__primary_5y__M2__ridge__BHR,DEU,2010,2014,20,3.0,3.0,0.0
PRIMARY_DELETE__HLO_to_P__primary_5y__M2__ridge__BHR,ESP,2010,2014,20,6.0,2.0,0.21052631578947367
PRIMARY_DELETE__HLO_to_P__primary_5y__M2__ridge__BHR,FIN,2010,2014,20,1.0,1.0,0.0
PRIMARY_DELETE__HLO_to_P__primary_5y__M2__ridge__BHR,GHA,2010,2014,20,20.0,20.0,0.0
PRIMARY_DELETE__HLO_to_P__primary_5y__M2__ridge__BHR,HRV,2010,2014,20,8.0,5.0,0.15789473684210525
PRIMARY_DELETE__HLO_to_P__primary_5y__M2__ridge__BHR,IDN,2010,2014,20,15.0,18.0,0.15789473684210525
PRIMARY_DELETE__HLO_to_P__primary_5y__M2__ridge__BHR,ITA,2010,2014,20,10.0,6.0,0.21052631578947367
PRIMARY_DELETE__HLO_to_P__primary_5y__M2__ridge__BHR,JOR,2010,2014,20,18.0,14.0,0.21052631578947367
PRIMARY_DELETE__HLO_to_P__primary_5y__M2__ridge__BHR,KAZ,2010,2014,20,13.0,15.0,0.10526315789473684
PRIMARY_DELETE__HLO_to_P__primary_5y__M2__ridge__BHR,KOR,2010,2014,20,2.0,4.0,0.10526315789473684
PRIMARY_DELETE__HLO_to_P__primary_5y__M2__ridge__BHR,MAR,2010,2014,20,19.0,17.0,0.10526315789473684
PRIMARY_DELETE__HLO_to_P__primary_5y__M2__ridge__BHR,MEX,2010,2014,20,7.0,16.0,0.47368421052631576
PRIMARY_DELETE__HLO_to_P__primary_5y__M2__ridge__BHR,OMN,2010,2014,20,11.0,13.0,0.10526315789473684
PRIMARY_DELETE__HLO_to_P__primary_5y__M2__ridge__BHR,POL,2010,2014,20,4.0,7.0,0.15789473684210525
PRIMARY_DELETE__HLO_to_P__primary_5y__M2__ridge__BHR,SAU,2010,2014,20,16.0,10.0,0.3157894736842105
PRIMARY_DELETE__HLO_to_P__primary_5y__M2__ridge__BHR,SRB,2010,2014,20,5.0,8.0,0.15789473684210525
PRIMARY_DELETE__HLO_to_P__primary_5y__M2__ridge__BHR,ZAF,2010,2014,20,14.0,19.0,0.2631578947368421
PRIMARY_DELETE__HLO_to_P__primary_5y__M2__ridge__BHR,AUS,2015,2017,8,4.0,3.0,0.14285714285714285
PRIMARY_DELETE__HLO_to_P__primary_5y__M2__ridge__BHR,DEU,2015,2017,8,3.0,1.0,0.2857142857142857
PRIMARY_DELETE__HLO_to_P__primary_5y__M2__ridge__BHR,EGY,2015,2017,8,8.0,8.0,0.0
PRIMARY_DELETE__HLO_to_P__primary_5y__M2__ridge__BHR,IDN,2015,2017,8,7.0,7.0,0.0
PRIMARY_DELETE__HLO_to_P__primary_5y__M2__ridge__BHR,JPN,2015,2017,8,2.0,4.0,0.2857142857142857
PRIMARY_DELETE__HLO_to_P__primary_5y__M2__ridge__BHR,POL,2015,2017,8,1.0,2.0,0.14285714285714285
PRIMARY_DELETE__HLO_to_P__primary_5y__M2__ridge__BHR,RUS,2015,2017,8,5.0,5.0,0.0
PRIMARY_DELETE__HLO_to_P__primary_5y__M2__ridge__BHR,SAU,2015,2017,8,6.0,6.0,0.0
PRIMARY_DELETE__HLO_to_P__primary_5y__M2__ridge__BRA,ISL,2000,2004,7,2.0,3.0,0.16666666666666666
PRIMARY_DELETE__HLO_to_P__primary_5y__M2__ridge__BRA,LTU,2000,2004,7,4.0,5.0,0.16666666666666666
PRIMARY_DELETE__HLO_to_P__primary_5y__M2__ridge__BRA,NLD,2000,2004,7,3.0,2.0,0.16666666666666666
PRIMARY_DELETE__HLO_to_P__primary_5y__M2__ridge__BRA,NOR,2000,2004,7,1.0,1.0,0.0
PRIMARY_DELETE__HLO_to_P__primary_5y__M2__ridge__BRA,PHL,2000,2004,7,6.0,7.0,0.16666666666666666
PRIMARY_DELETE__HLO_to_P__primary_5y__M2__ridge__BRA,USA,2000,2004,7,5.0,4.0,0.16666666666666666
PRIMARY_DELETE__HLO_to_P__primary_5y__M2__ridge__BRA,ZAF,2000,2004,7,7.0,6.0,0.16666666666666666
PRIMARY_DELETE__HLO_to_P__primary_5y__M2__ridge__BRA,AUT,2005,2009,16,2.0,4.0,0.13333333333333333
PRIMARY_DELETE__HLO_to_P__primary_5y__M2__ridge__BRA,CHL,2005,2009,16,12.0,11.0,0.06666666666666667
PRIMARY_DELETE__HLO_to_P__primary_5y__M2__ridge__BRA,CRI,2005,2009,16,10.0,10.0,0.0
PRIMARY_DELETE__HLO_to_P__primary_5y__M2__ridge__BRA,DEU,2005,2009,16,4.0,5.0,0.06666666666666667
PRIMARY_DELETE__HLO_to_P__primary_5y__M2__ridge__BRA,IDN,2005,2009,16,15.0,16.0,0.06666666666666667
PRIMARY_DELETE__HLO_to_P__primary_5y__M2__ridge__BRA,IRN,2005,2009,16,14.0,13.0,0.06666666666666667
PRIMARY_DELETE__HLO_to_P__primary_5y__M2__ridge__BRA,ITA,2005,2009,16,9.0,6.0,0.2
PRIMARY_DELETE__HLO_to_P__primary_5y__M2__ridge__BRA,JPN,2005,2009,16,1.0,8.0,0.4666666666666667
PRIMARY_DELETE__HLO_to_P__primary_5y__M2__ridge__BRA,MAR,2005,2009,16,16.0,15.0,0.06666666666666667
PRIMARY_DELETE__HLO_to_P__primary_5y__M2__ridge__BRA,NLD,2005,2009,16,3.0,3.0,0.0
PRIMARY_DELETE__HLO_to_P__primary_5y__M2__ridge__BRA,NOR,2005,2009,16,6.0,1.0,0.3333333333333333
PRIMARY_DELETE__HLO_to_P__primary_5y__M2__ridge__BRA,PER,2005,2009,16,8.0,14.0,0.4
PRIMARY_DELETE__HLO_to_P__primary_5y__M2__ridge__BRA,POL,2005,2009,16,7.0,7.0,0.0
PRIMARY_DELETE__HLO_to_P__primary_5y__M2__ridge__BRA,QAT,2005,2009,16,13.0,12.0,0.06666666666666667
PRIMARY_DELETE__HLO_to_P__primary_5y__M2__ridge__BRA,SVN,2005,2009,16,5.0,2.0,0.2
PRIMARY_DELETE__HLO_to_P__primary_5y__M2__ridge__BRA,UKR,2005,2009,16,11.0,9.0,0.13333333333333333
PRIMARY_DELETE__HLO_to_P__primary_5y__M2__ridge__BRA,CHL,2010,2014,19,16.0,9.0,0.3888888888888889
PRIMARY_DELETE__HLO_to_P__primary_5y__M2__ridge__BRA,COL,2010,2014,19,11.0,11.0,0.0
PRIMARY_DELETE__HLO_to_P__primary_5y__M2__ridge__BRA,DEU,2010,2014,19,3.0,3.0,0.0
PRIMARY_DELETE__HLO_to_P__primary_5y__M2__ridge__BRA,ESP,2010,2014,19,6.0,2.0,0.2222222222222222
PRIMARY_DELETE__HLO_to_P__primary_5y__M2__ridge__BRA,FIN,2010,2014,19,1.0,1.0,0.0
PRIMARY_DELETE__HLO_to_P__primary_5y__M2__ridge__BRA,GHA,2010,2014,19,19.0,19.0,0.0
PRIMARY_DELETE__HLO_to_P__primary_5y__M2__ridge__BRA,HRV,2010,2014,19,8.0,5.0,0.16666666666666666
PRIMARY_DELETE__HLO_to_P__primary_5y__M2__ridge__BRA,IDN,2010,2014,19,14.0,17.0,0.16666666666666666
PRIMARY_DELETE__HLO_to_P__primary_5y__M2__ridge__BRA,ITA,2010,2014,19,9.0,6.0,0.16666666666666666
PRIMARY_DELETE__HLO_to_P__primary_5y__M2__ridge__BRA,JOR,2010,2014,19,17.0,14.0,0.16666666666666666
PRIMARY_DELETE__HLO_to_P__primary_5y__M2__ridge__BRA,KAZ,2010,2014,19,12.0,15.0,0.16666666666666666
PRIMARY_DELETE__HLO_to_P__primary_5y__M2__ridge__BRA,KOR,2010,2014,19,2.0,4.0,0.1111111111111111
PRIMARY_DELETE__HLO_to_P__primary_5y__M2__ridge__BRA,MAR,2010,2014,19,18.0,16.0,0.1111111111111111
PRIMARY_DELETE__HLO_to_P__primary_5y__M2__ridge__BRA,MEX,2010,2014,19,7.0,13.0,0.3333333333333333
PRIMARY_DELETE__HLO_to_P__primary_5y__M2__ridge__BRA,OMN,2010,2014,19,10.0,12.0,0.1111111111111111
PRIMARY_DELETE__HLO_to_P__primary_5y__M2__ridge__BRA,POL,2010,2014,19,4.0,7.0,0.16666666666666666
PRIMARY_DELETE__HLO_to_P__primary_5y__M2__ridge__BRA,SAU,2010,2014,19,15.0,10.0,0.2777777777777778
PRIMARY_DELETE__HLO_to_P__primary_5y__M2__ridge__BRA,SRB,2010,2014,19,5.0,8.0,0.16666666666666666
PRIMARY_DELETE__HLO_to_P__primary_5y__M2__ridge__BRA,ZAF,2010,2014,19,13.0,18.0,0.2777777777777778
PRIMARY_DELETE__HLO_to_P__primary_5y__M2__ridge__BRA,AUS,2015,2017,9,4.0,3.0,0.125
PRIMARY_DELETE__HLO_to_P__primary_5y__M2__ridge__BRA,BHR,2015,2017,9,9.0,4.0,0.625
PRIMARY_DELETE__HLO_to_P__primary_5y__M2__ridge__BRA,DEU,2015,2017,9,3.0,1.0,0.25
PRIMARY_DELETE__HLO_to_P__primary_5y__M2__ridge__BRA,EGY,2015,2017,9,8.0,9.0,0.125
PRIMARY_DELETE__HLO_to_P__primary_5y__M2__ridge__BRA,IDN,2015,2017,9,7.0,8.0,0.125
PRIMARY_DELETE__HLO_to_P__primary_5y__M2__ridge__BRA,JPN,2015,2017,9,2.0,6.0,0.5
PRIMARY_DELETE__HLO_to_P__primary_5y__M2__ridge__BRA,POL,2015,2017,9,1.0,2.0,0.125
PRIMARY_DELETE__HLO_to_P__primary_5y__M2__ridge__BRA,RUS,2015,2017,9,5.0,7.0,0.25
PRIMARY_DELETE__HLO_to_P__primary_5y__M2__ridge__BRA,SAU,2015,2017,9,6.0,5.0,0.125
PRIMARY_DELETE__HLO_to_P__primary_5y__M2__ridge__CHL,ISL,2000,2004,7,2.0,3.0,0.16666666666666666
PRIMARY_DELETE__HLO_to_P__primary_5y__M2__ridge__CHL,LTU,2000,2004,7,4.0,5.0,0.16666666666666666
PRIMARY_DELETE__HLO_to_P__primary_5y__M2__ridge__CHL,NLD,2000,2004,7,3.0,1.0,0.3333333333333333
PRIMARY_DELETE__HLO_to_P__primary_5y__M2__ridge__CHL,NOR,2000,2004,7,1.0,2.0,0.16666666666666666
PRIMARY_DELETE__HLO_to_P__primary_5y__M2__ridge__CHL,PHL,2000,2004,7,6.0,7.0,0.16666666666666666
PRIMARY_DELETE__HLO_to_P__primary_5y__M2__ridge__CHL,USA,2000,2004,7,5.0,4.0,0.16666666666666666
PRIMARY_DELETE__HLO_to_P__primary_5y__M2__ridge__CHL,ZAF,2000,2004,7,7.0,6.0,0.16666666666666666
PRIMARY_DELETE__HLO_to_P__primary_5y__M2__ridge__CHL,AUT,2005,2009,16,2.0,5.0,0.2
PRIMARY_DELETE__HLO_to_P__primary_5y__M2__ridge__CHL,BRA,2005,2009,16,12.0,12.0,0.0
PRIMARY_DELETE__HLO_to_P__primary_5y__M2__ridge__CHL,CRI,2005,2009,16,10.0,10.0,0.0
PRIMARY_DELETE__HLO_to_P__primary_5y__M2__ridge__CHL,DEU,2005,2009,16,4.0,4.0,0.0
PRIMARY_DELETE__HLO_to_P__primary_5y__M2__ridge__CHL,IDN,2005,2009,16,15.0,16.0,0.06666666666666667
PRIMARY_DELETE__HLO_to_P__primary_5y__M2__ridge__CHL,IRN,2005,2009,16,14.0,13.0,0.06666666666666667
PRIMARY_DELETE__HLO_to_P__primary_5y__M2__ridge__CHL,ITA,2005,2009,16,9.0,6.0,0.2
PRIMARY_DELETE__HLO_to_P__primary_5y__M2__ridge__CHL,JPN,2005,2009,16,1.0,8.0,0.4666666666666667
PRIMARY_DELETE__HLO_to_P__primary_5y__M2__ridge__CHL,MAR,2005,2009,16,16.0,15.0,0.06666666666666667
PRIMARY_DELETE__HLO_to_P__primary_5y__M2__ridge__CHL,NLD,2005,2009,16,3.0,2.0,0.06666666666666667
PRIMARY_DELETE__HLO_to_P__primary_5y__M2__ridge__CHL,NOR,2005,2009,16,6.0,3.0,0.2
PRIMARY_DELETE__HLO_to_P__primary_5y__M2__ridge__CHL,PER,2005,2009,16,8.0,14.0,0.4
PRIMARY_DELETE__HLO_to_P__primary_5y__M2__ridge__CHL,POL,2005,2009,16,7.0,7.0,0.0
PRIMARY_DELETE__HLO_to_P__primary_5y__M2__ridge__CHL,QAT,2005,2009,16,13.0,11.0,0.13333333333333333
PRIMARY_DELETE__HLO_to_P__primary_5y__M2__ridge__CHL,SVN,2005,2009,16,5.0,1.0,0.26666666666666666
PRIMARY_DELETE__HLO_to_P__primary_5y__M2__ridge__CHL,UKR,2005,2009,16,11.0,9.0,0.13333333333333333
PRIMARY_DELETE__HLO_to_P__primary_5y__M2__ridge__CHL,BRA,2010,2014,19,9.0,11.0,0.1111111111111111
PRIMARY_DELETE__HLO_to_P__primary_5y__M2__ridge__CHL,COL,2010,2014,19,12.0,10.0,0.1111111111111111
PRIMARY_DELETE__HLO_to_P__primary_5y__M2__ridge__CHL,DEU,2010,2014,19,3.0,3.0,0.0
PRIMARY_DELETE__HLO_to_P__primary_5y__M2__ridge__CHL,ESP,2010,2014,19,6.0,2.0,0.2222222222222222
PRIMARY_DELETE__HLO_to_P__primary_5y__M2__ridge__CHL,FIN,2010,2014,19,1.0,1.0,0.0
PRIMARY_DELETE__HLO_to_P__primary_5y__M2__ridge__CHL,GHA,2010,2014,19,19.0,19.0,0.0
PRIMARY_DELETE__HLO_to_P__primary_5y__M2__ridge__CHL,HRV,2010,2014,19,8.0,5.0,0.16666666666666666
PRIMARY_DELETE__HLO_to_P__primary_5y__M2__ridge__CHL,IDN,2010,2014,19,15.0,17.0,0.1111111111111111
PRIMARY_DELETE__HLO_to_P__primary_5y__M2__ridge__CHL,ITA,2010,2014,19,10.0,6.0,0.2222222222222222
PRIMARY_DELETE__HLO_to_P__primary_5y__M2__ridge__CHL,JOR,2010,2014,19,17.0,15.0,0.1111111111111111
PRIMARY_DELETE__HLO_to_P__primary_5y__M2__ridge__CHL,KAZ,2010,2014,19,13.0,14.0,0.05555555555555555
PRIMARY_DELETE__HLO_to_P__primary_5y__M2__ridge__CHL,KOR,2010,2014,19,2.0,4.0,0.1111111111111111
PRIMARY_DELETE__HLO_to_P__primary_5y__M2__ridge__CHL,MAR,2010,2014,19,18.0,16.0,0.1111111111111111
PRIMARY_DELETE__HLO_to_P__primary_5y__M2__ridge__CHL,MEX,2010,2014,19,7.0,13.0,0.3333333333333333
PRIMARY_DELETE__HLO_to_P__primary_5y__M2__ridge__CHL,OMN,2010,2014,19,11.0,12.0,0.05555555555555555
PRIMARY_DELETE__HLO_to_P__primary_5y__M2__ridge__CHL,POL,2010,2014,19,4.0,7.0,0.16666666666666666
PRIMARY_DELETE__HLO_to_P__primary_5y__M2__ridge__CHL,SAU,2010,2014,19,16.0,9.0,0.3888888888888889
PRIMARY_DELETE__HLO_to_P__primary_5y__M2__ridge__CHL,SRB,2010,2014,19,5.0,8.0,0.16666666666666666
PRIMARY_DELETE__HLO_to_P__primary_5y__M2__ridge__CHL,ZAF,2010,2014,19,14.0,18.0,0.2222222222222222
PRIMARY_DELETE__HLO_to_P__primary_5y__M2__ridge__CHL,AUS,2015,2017,9,4.0,4.0,0.0
PRIMARY_DELETE__HLO_to_P__primary_5y__M2__ridge__CHL,BHR,2015,2017,9,9.0,3.0,0.75
PRIMARY_DELETE__HLO_to_P__primary_5y__M2__ridge__CHL,DEU,2015,2017,9,3.0,1.0,0.25
PRIMARY_DELETE__HLO_to_P__primary_5y__M2__ridge__CHL,EGY,2015,2017,9,8.0,9.0,0.125
PRIMARY_DELETE__HLO_to_P__primary_5y__M2__ridge__CHL,IDN,2015,2017,9,7.0,8.0,0.125
PRIMARY_DELETE__HLO_to_P__primary_5y__M2__ridge__CHL,JPN,2015,2017,9,2.0,5.0,0.375
PRIMARY_DELETE__HLO_to_P__primary_5y__M2__ridge__CHL,POL,2015,2017,9,1.0,2.0,0.125
PRIMARY_DELETE__HLO_to_P__primary_5y__M2__ridge__CHL,RUS,2015,2017,9,5.0,7.0,0.25
PRIMARY_DELETE__HLO_to_P__primary_5y__M2__ridge__CHL,SAU,2015,2017,9,6.0,6.0,0.0
PRIMARY_DELETE__HLO_to_P__primary_5y__M2__ridge__COL,ISL,2000,2004,7,2.0,3.0,0.16666666666666666
PRIMARY_DELETE__HLO_to_P__primary_5y__M2__ridge__COL,LTU,2000,2004,7,4.0,5.0,0.16666666666666666
PRIMARY_DELETE__HLO_to_P__primary_5y__M2__ridge__COL,NLD,2000,2004,7,3.0,2.0,0.16666666666666666
PRIMARY_DELETE__HLO_to_P__primary_5y__M2__ridge__COL,NOR,2000,2004,7,1.0,1.0,0.0
PRIMARY_DELETE__HLO_to_P__primary_5y__M2__ridge__COL,PHL,2000,2004,7,6.0,7.0,0.16666666666666666
PRIMARY_DELETE__HLO_to_P__primary_5y__M2__ridge__COL,USA,2000,2004,7,5.0,4.0,0.16666666666666666
PRIMARY_DELETE__HLO_to_P__primary_5y__M2__ridge__COL,ZAF,2000,2004,7,7.0,6.0,0.16666666666666666
PRIMARY_DELETE__HLO_to_P__primary_5y__M2__ridge__COL,AUT,2005,2009,17,2.0,4.0,0.125
PRIMARY_DELETE__HLO_to_P__primary_5y__M2__ridge__COL,BRA,2005,2009,17,12.0,13.0,0.0625
PRIMARY_DELETE__HLO_to_P__primary_5y__M2__ridge__COL,CHL,2005,2009,17,13.0,11.0,0.125
PRIMARY_DELETE__HLO_to_P__primary_5y__M2__ridge__COL,CRI,2005,2009,17,10.0,10.0,0.0
PRIMARY_DELETE__HLO_to_P__primary_5y__M2__ridge__COL,DEU,2005,2009,17,4.0,5.0,0.0625
PRIMARY_DELETE__HLO_to_P__primary_5y__M2__ridge__COL,IDN,2005,2009,17,16.0,17.0,0.0625
PRIMARY_DELETE__HLO_to_P__primary_5y__M2__ridge__COL,IRN,2005,2009,17,15.0,14.0,0.0625
PRIMARY_DELETE__HLO_to_P__primary_5y__M2__ridge__COL,ITA,2005,2009,17,9.0,6.0,0.1875
PRIMARY_DELETE__HLO_to_P__primary_5y__M2__ridge__COL,JPN,2005,2009,17,1.0,8.0,0.4375
PRIMARY_DELETE__HLO_to_P__primary_5y__M2__ridge__COL,MAR,2005,2009,17,17.0,15.0,0.125
PRIMARY_DELETE__HLO_to_P__primary_5y__M2__ridge__COL,NLD,2005,2009,17,3.0,3.0,0.0
PRIMARY_DELETE__HLO_to_P__primary_5y__M2__ridge__COL,NOR,2005,2009,17,6.0,1.0,0.3125
PRIMARY_DELETE__HLO_to_P__primary_5y__M2__ridge__COL,PER,2005,2009,17,8.0,16.0,0.5
PRIMARY_DELETE__HLO_to_P__primary_5y__M2__ridge__COL,POL,2005,2009,17,7.0,7.0,0.0
PRIMARY_DELETE__HLO_to_P__primary_5y__M2__ridge__COL,QAT,2005,2009,17,14.0,12.0,0.125
PRIMARY_DELETE__HLO_to_P__primary_5y__M2__ridge__COL,SVN,2005,2009,17,5.0,2.0,0.1875
PRIMARY_DELETE__HLO_to_P__primary_5y__M2__ridge__COL,UKR,2005,2009,17,11.0,9.0,0.125
PRIMARY_DELETE__HLO_to_P__primary_5y__M2__ridge__COL,BRA,2010,2014,19,9.0,11.0,0.1111111111111111
PRIMARY_DELETE__HLO_to_P__primary_5y__M2__ridge__COL,CHL,2010,2014,19,16.0,10.0,0.3333333333333333
PRIMARY_DELETE__HLO_to_P__primary_5y__M2__ridge__COL,DEU,2010,2014,19,3.0,3.0,0.0
PRIMARY_DELETE__HLO_to_P__primary_5y__M2__ridge__COL,ESP,2010,2014,19,6.0,2.0,0.2222222222222222
PRIMARY_DELETE__HLO_to_P__primary_5y__M2__ridge__COL,FIN,2010,2014,19,1.0,1.0,0.0
PRIMARY_DELETE__HLO_to_P__primary_5y__M2__ridge__COL,GHA,2010,2014,19,19.0,19.0,0.0
PRIMARY_DELETE__HLO_to_P__primary_5y__M2__ridge__COL,HRV,2010,2014,19,8.0,5.0,0.16666666666666666
PRIMARY_DELETE__HLO_to_P__primary_5y__M2__ridge__COL,IDN,2010,2014,19,14.0,17.0,0.16666666666666666
PRIMARY_DELETE__HLO_to_P__primary_5y__M2__ridge__COL,ITA,2010,2014,19,10.0,6.0,0.2222222222222222
PRIMARY_DELETE__HLO_to_P__primary_5y__M2__ridge__COL,JOR,2010,2014,19,17.0,14.0,0.16666666666666666
PRIMARY_DELETE__HLO_to_P__primary_5y__M2__ridge__COL,KAZ,2010,2014,19,12.0,15.0,0.16666666666666666
PRIMARY_DELETE__HLO_to_P__primary_5y__M2__ridge__COL,KOR,2010,2014,19,2.0,4.0,0.1111111111111111
PRIMARY_DELETE__HLO_to_P__primary_5y__M2__ridge__COL,MAR,2010,2014,19,18.0,16.0,0.1111111111111111
PRIMARY_DELETE__HLO_to_P__primary_5y__M2__ridge__COL,MEX,2010,2014,19,7.0,13.0,0.3333333333333333
PRIMARY_DELETE__HLO_to_P__primary_5y__M2__ridge__COL,OMN,2010,2014,19,11.0,12.0,0.05555555555555555
PRIMARY_DELETE__HLO_to_P__primary_5y__M2__ridge__COL,POL,2010,2014,19,4.0,7.0,0.16666666666666666
PRIMARY_DELETE__HLO_to_P__primary_5y__M2__ridge__COL,SAU,2010,2014,19,15.0,8.0,0.3888888888888889
PRIMARY_DELETE__HLO_to_P__primary_5y__M2__ridge__COL,SRB,2010,2014,19,5.0,9.0,0.2222222222222222
PRIMARY_DELETE__HLO_to_P__primary_5y__M2__ridge__COL,ZAF,2010,2014,19,13.0,18.0,0.2777777777777778
PRIMARY_DELETE__HLO_to_P__primary_5y__M2__ridge__COL,AUS,2015,2017,9,4.0,4.0,0.0
PRIMARY_DELETE__HLO_to_P__primary_5y__M2__ridge__COL,BHR,2015,2017,9,9.0,5.0,0.5
PRIMARY_DELETE__HLO_to_P__primary_5y__M2__ridge__COL,DEU,2015,2017,9,3.0,1.0,0.25
PRIMARY_DELETE__HLO_to_P__primary_5y__M2__ridge__COL,EGY,2015,2017,9,8.0,9.0,0.125
PRIMARY_DELETE__HLO_to_P__primary_5y__M2__ridge__COL,IDN,2015,2017,9,7.0,8.0,0.125
PRIMARY_DELETE__HLO_to_P__primary_5y__M2__ridge__COL,JPN,2015,2017,9,2.0,6.0,0.5
PRIMARY_DELETE__HLO_to_P__primary_5y__M2__ridge__COL,POL,2015,2017,9,1.0,2.0,0.125
PRIMARY_DELETE__HLO_to_P__primary_5y__M2__ridge__COL,RUS,2015,2017,9,5.0,7.0,0.25
PRIMARY_DELETE__HLO_to_P__primary_5y__M2__ridge__COL,SAU,2015,2017,9,6.0,3.0,0.375
PRIMARY_DELETE__HLO_to_P__primary_5y__M2__ridge__CRI,ISL,2000,2004,7,2.0,3.0,0.16666666666666666
PRIMARY_DELETE__HLO_to_P__primary_5y__M2__ridge__CRI,LTU,2000,2004,7,4.0,5.0,0.16666666666666666
PRIMARY_DELETE__HLO_to_P__primary_5y__M2__ridge__CRI,NLD,2000,2004,7,3.0,2.0,0.16666666666666666
PRIMARY_DELETE__HLO_to_P__primary_5y__M2__ridge__CRI,NOR,2000,2004,7,1.0,1.0,0.0
PRIMARY_DELETE__HLO_to_P__primary_5y__M2__ridge__CRI,PHL,2000,2004,7,6.0,7.0,0.16666666666666666
PRIMARY_DELETE__HLO_to_P__primary_5y__M2__ridge__CRI,USA,2000,2004,7,5.0,4.0,0.16666666666666666
PRIMARY_DELETE__HLO_to_P__primary_5y__M2__ridge__CRI,ZAF,2000,2004,7,7.0,6.0,0.16666666666666666
PRIMARY_DELETE__HLO_to_P__primary_5y__M2__ridge__CRI,AUT,2005,2009,16,2.0,4.0,0.13333333333333333
PRIMARY_DELETE__HLO_to_P__primary_5y__M2__ridge__CRI,BRA,2005,2009,16,11.0,12.0,0.06666666666666667
PRIMARY_DELETE__HLO_to_P__primary_5y__M2__ridge__CRI,CHL,2005,2009,16,12.0,10.0,0.13333333333333333
PRIMARY_DELETE__HLO_to_P__primary_5y__M2__ridge__CRI,DEU,2005,2009,16,4.0,6.0,0.13333333333333333
PRIMARY_DELETE__HLO_to_P__primary_5y__M2__ridge__CRI,IDN,2005,2009,16,15.0,16.0,0.06666666666666667
PRIMARY_DELETE__HLO_to_P__primary_5y__M2__ridge__CRI,IRN,2005,2009,16,14.0,13.0,0.06666666666666667
PRIMARY_DELETE__HLO_to_P__primary_5y__M2__ridge__CRI,ITA,2005,2009,16,9.0,5.0,0.26666666666666666
PRIMARY_DELETE__HLO_to_P__primary_5y__M2__ridge__CRI,JPN,2005,2009,16,1.0,8.0,0.4666666666666667
PRIMARY_DELETE__HLO_to_P__primary_5y__M2__ridge__CRI,MAR,2005,2009,16,16.0,14.0,0.13333333333333333
PRIMARY_DELETE__HLO_to_P__primary_5y__M2__ridge__CRI,NLD,2005,2009,16,3.0,3.0,0.0
PRIMARY_DELETE__HLO_to_P__primary_5y__M2__ridge__CRI,NOR,2005,2009,16,6.0,1.0,0.3333333333333333
PRIMARY_DELETE__HLO_to_P__primary_5y__M2__ridge__CRI,PER,2005,2009,16,8.0,15.0,0.4666666666666667
PRIMARY_DELETE__HLO_to_P__primary_5y__M2__ridge__CRI,POL,2005,2009,16,7.0,7.0,0.0
PRIMARY_DELETE__HLO_to_P__primary_5y__M2__ridge__CRI,QAT,2005,2009,16,13.0,11.0,0.13333333333333333
PRIMARY_DELETE__HLO_to_P__primary_5y__M2__ridge__CRI,SVN,2005,2009,16,5.0,2.0,0.2
PRIMARY_DELETE__HLO_to_P__primary_5y__M2__ridge__CRI,UKR,2005,2009,16,10.0,9.0,0.06666666666666667
PRIMARY_DELETE__HLO_to_P__primary_5y__M2__ridge__CRI,BRA,2010,2014,20,9.0,12.0,0.15789473684210525
PRIMARY_DELETE__HLO_to_P__primary_5y__M2__ridge__CRI,CHL,2010,2014,20,17.0,9.0,0.42105263157894735
PRIMARY_DELETE__HLO_to_P__primary_5y__M2__ridge__CRI,COL,2010,2014,20,12.0,11.0,0.05263157894736842
PRIMARY_DELETE__HLO_to_P__primary_5y__M2__ridge__CRI,DEU,2010,2014,20,3.0,3.0,0.0
PRIMARY_DELETE__HLO_to_P__primary_5y__M2__ridge__CRI,ESP,2010,2014,20,6.0,2.0,0.21052631578947367
PRIMARY_DELETE__HLO_to_P__primary_5y__M2__ridge__CRI,FIN,2010,2014,20,1.0,1.0,0.0
PRIMARY_DELETE__HLO_to_P__primary_5y__M2__ridge__CRI,GHA,2010,2014,20,20.0,20.0,0.0
PRIMARY_DELETE__HLO_to_P__primary_5y__M2__ridge__CRI,HRV,2010,2014,20,8.0,5.0,0.15789473684210525
PRIMARY_DELETE__HLO_to_P__primary_5y__M2__ridge__CRI,IDN,2010,2014,20,15.0,18.0,0.15789473684210525
PRIMARY_DELETE__HLO_to_P__primary_5y__M2__ridge__CRI,ITA,2010,2014,20,10.0,6.0,0.21052631578947367
PRIMARY_DELETE__HLO_to_P__primary_5y__M2__ridge__CRI,JOR,2010,2014,20,18.0,14.0,0.21052631578947367
PRIMARY_DELETE__HLO_to_P__primary_5y__M2__ridge__CRI,KAZ,2010,2014,20,13.0,16.0,0.15789473684210525
PRIMARY_DELETE__HLO_to_P__primary_5y__M2__ridge__CRI,KOR,2010,2014,20,2.0,4.0,0.10526315789473684
PRIMARY_DELETE__HLO_to_P__primary_5y__M2__ridge__CRI,MAR,2010,2014,20,19.0,17.0,0.10526315789473684
PRIMARY_DELETE__HLO_to_P__primary_5y__M2__ridge__CRI,MEX,2010,2014,20,7.0,15.0,0.42105263157894735
PRIMARY_DELETE__HLO_to_P__primary_5y__M2__ridge__CRI,OMN,2010,2014,20,11.0,13.0,0.10526315789473684
PRIMARY_DELETE__HLO_to_P__primary_5y__M2__ridge__CRI,POL,2010,2014,20,4.0,7.0,0.15789473684210525
PRIMARY_DELETE__HLO_to_P__primary_5y__M2__ridge__CRI,SAU,2010,2014,20,16.0,10.0,0.3157894736842105
PRIMARY_DELETE__HLO_to_P__primary_5y__M2__ridge__CRI,SRB,2010,2014,20,5.0,8.0,0.15789473684210525
PRIMARY_DELETE__HLO_to_P__primary_5y__M2__ridge__CRI,ZAF,2010,2014,20,14.0,19.0,0.2631578947368421
PRIMARY_DELETE__HLO_to_P__primary_5y__M2__ridge__CRI,AUS,2015,2017,9,4.0,3.0,0.125
PRIMARY_DELETE__HLO_to_P__primary_5y__M2__ridge__CRI,BHR,2015,2017,9,9.0,4.0,0.625
PRIMARY_DELETE__HLO_to_P__primary_5y__M2__ridge__CRI,DEU,2015,2017,9,3.0,1.0,0.25
PRIMARY_DELETE__HLO_to_P__primary_5y__M2__ridge__CRI,EGY,2015,2017,9,8.0,9.0,0.125
PRIMARY_DELETE__HLO_to_P__primary_5y__M2__ridge__CRI,IDN,2015,2017,9,7.0,8.0,0.125
PRIMARY_DELETE__HLO_to_P__primary_5y__M2__ridge__CRI,JPN,2015,2017,9,2.0,6.0,0.5
PRIMARY_DELETE__HLO_to_P__primary_5y__M2__ridge__CRI,POL,2015,2017,9,1.0,2.0,0.125
PRIMARY_DELETE__HLO_to_P__primary_5y__M2__ridge__CRI,RUS,2015,2017,9,5.0,7.0,0.25
PRIMARY_DELETE__HLO_to_P__primary_5y__M2__ridge__CRI,SAU,2015,2017,9,6.0,5.0,0.125
PRIMARY_DELETE__HLO_to_P__primary_5y__M2__ridge__DEU,ISL,2000,2004,7,2.0,3.0,0.16666666666666666
PRIMARY_DELETE__HLO_to_P__primary_5y__M2__ridge__DEU,LTU,2000,2004,7,4.0,5.0,0.16666666666666666
PRIMARY_DELETE__HLO_to_P__primary_5y__M2__ridge__DEU,NLD,2000,2004,7,3.0,2.0,0.16666666666666666
PRIMARY_DELETE__HLO_to_P__primary_5y__M2__ridge__DEU,NOR,2000,2004,7,1.0,1.0,0.0
PRIMARY_DELETE__HLO_to_P__primary_5y__M2__ridge__DEU,PHL,2000,2004,7,6.0,7.0,0.16666666666666666
PRIMARY_DELETE__HLO_to_P__primary_5y__M2__ridge__DEU,USA,2000,2004,7,5.0,4.0,0.16666666666666666
PRIMARY_DELETE__HLO_to_P__primary_5y__M2__ridge__DEU,ZAF,2000,2004,7,7.0,6.0,0.16666666666666666
PRIMARY_DELETE__HLO_to_P__primary_5y__M2__ridge__DEU,AUT,2005,2009,16,2.0,4.0,0.13333333333333333
PRIMARY_DELETE__HLO_to_P__primary_5y__M2__ridge__DEU,BRA,2005,2009,16,11.0,12.0,0.06666666666666667
PRIMARY_DELETE__HLO_to_P__primary_5y__M2__ridge__DEU,CHL,2005,2009,16,12.0,10.0,0.13333333333333333
PRIMARY_DELETE__HLO_to_P__primary_5y__M2__ridge__DEU,CRI,2005,2009,16,9.0,9.0,0.0
PRIMARY_DELETE__HLO_to_P__primary_5y__M2__ridge__DEU,IDN,2005,2009,16,15.0,16.0,0.06666666666666667
PRIMARY_DELETE__HLO_to_P__primary_5y__M2__ridge__DEU,IRN,2005,2009,16,14.0,13.0,0.06666666666666667
PRIMARY_DELETE__HLO_to_P__primary_5y__M2__ridge__DEU,ITA,2005,2009,16,8.0,5.0,0.2
PRIMARY_DELETE__HLO_to_P__primary_5y__M2__ridge__DEU,JPN,2005,2009,16,1.0,7.0,0.4
PRIMARY_DELETE__HLO_to_P__primary_5y__M2__ridge__DEU,MAR,2005,2009,16,16.0,15.0,0.06666666666666667
PRIMARY_DELETE__HLO_to_P__primary_5y__M2__ridge__DEU,NLD,2005,2009,16,3.0,3.0,0.0
PRIMARY_DELETE__HLO_to_P__primary_5y__M2__ridge__DEU,NOR,2005,2009,16,5.0,1.0,0.26666666666666666
PRIMARY_DELETE__HLO_to_P__primary_5y__M2__ridge__DEU,PER,2005,2009,16,7.0,14.0,0.4666666666666667
PRIMARY_DELETE__HLO_to_P__primary_5y__M2__ridge__DEU,POL,2005,2009,16,6.0,6.0,0.0
PRIMARY_DELETE__HLO_to_P__primary_5y__M2__ridge__DEU,QAT,2005,2009,16,13.0,11.0,0.13333333333333333
PRIMARY_DELETE__HLO_to_P__primary_5y__M2__ridge__DEU,SVN,2005,2009,16,4.0,2.0,0.13333333333333333
PRIMARY_DELETE__HLO_to_P__primary_5y__M2__ridge__DEU,UKR,2005,2009,16,10.0,8.0,0.13333333333333333
PRIMARY_DELETE__HLO_to_P__primary_5y__M2__ridge__DEU,BRA,2010,2014,19,8.0,11.0,0.16666666666666666
PRIMARY_DELETE__HLO_to_P__primary_5y__M2__ridge__DEU,CHL,2010,2014,19,16.0,8.0,0.4444444444444444
PRIMARY_DELETE__HLO_to_P__primary_5y__M2__ridge__DEU,COL,2010,2014,19,11.0,10.0,0.05555555555555555
PRIMARY_DELETE__HLO_to_P__primary_5y__M2__ridge__DEU,ESP,2010,2014,19,5.0,2.0,0.16666666666666666
PRIMARY_DELETE__HLO_to_P__primary_5y__M2__ridge__DEU,FIN,2010,2014,19,1.0,1.0,0.0
PRIMARY_DELETE__HLO_to_P__primary_5y__M2__ridge__DEU,GHA,2010,2014,19,19.0,19.0,0.0
PRIMARY_DELETE__HLO_to_P__primary_5y__M2__ridge__DEU,HRV,2010,2014,19,7.0,4.0,0.16666666666666666
PRIMARY_DELETE__HLO_to_P__primary_5y__M2__ridge__DEU,IDN,2010,2014,19,14.0,17.0,0.16666666666666666
PRIMARY_DELETE__HLO_to_P__primary_5y__M2__ridge__DEU,ITA,2010,2014,19,9.0,5.0,0.2222222222222222
PRIMARY_DELETE__HLO_to_P__primary_5y__M2__ridge__DEU,JOR,2010,2014,19,17.0,13.0,0.2222222222222222
PRIMARY_DELETE__HLO_to_P__primary_5y__M2__ridge__DEU,KAZ,2010,2014,19,12.0,15.0,0.16666666666666666
PRIMARY_DELETE__HLO_to_P__primary_5y__M2__ridge__DEU,KOR,2010,2014,19,2.0,3.0,0.05555555555555555
PRIMARY_DELETE__HLO_to_P__primary_5y__M2__ridge__DEU,MAR,2010,2014,19,18.0,16.0,0.1111111111111111
PRIMARY_DELETE__HLO_to_P__primary_5y__M2__ridge__DEU,MEX,2010,2014,19,6.0,14.0,0.4444444444444444
PRIMARY_DELETE__HLO_to_P__primary_5y__M2__ridge__DEU,OMN,2010,2014,19,10.0,12.0,0.1111111111111111
PRIMARY_DELETE__HLO_to_P__primary_5y__M2__ridge__DEU,POL,2010,2014,19,3.0,6.0,0.16666666666666666
PRIMARY_DELETE__HLO_to_P__primary_5y__M2__ridge__DEU,SAU,2010,2014,19,15.0,9.0,0.3333333333333333
PRIMARY_DELETE__HLO_to_P__primary_5y__M2__ridge__DEU,SRB,2010,2014,19,4.0,7.0,0.16666666666666666
PRIMARY_DELETE__HLO_to_P__primary_5y__M2__ridge__DEU,ZAF,2010,2014,19,13.0,18.0,0.2777777777777778
PRIMARY_DELETE__HLO_to_P__primary_5y__M2__ridge__DEU,AUS,2015,2017,8,3.0,3.0,0.0
PRIMARY_DELETE__HLO_to_P__primary_5y__M2__ridge__DEU,BHR,2015,2017,8,8.0,2.0,0.8571428571428571
PRIMARY_DELETE__HLO_to_P__primary_5y__M2__ridge__DEU,EGY,2015,2017,8,7.0,8.0,0.14285714285714285
PRIMARY_DELETE__HLO_to_P__primary_5y__M2__ridge__DEU,IDN,2015,2017,8,6.0,7.0,0.14285714285714285
PRIMARY_DELETE__HLO_to_P__primary_5y__M2__ridge__DEU,JPN,2015,2017,8,2.0,6.0,0.5714285714285714
PRIMARY_DELETE__HLO_to_P__primary_5y__M2__ridge__DEU,POL,2015,2017,8,1.0,1.0,0.0
PRIMARY_DELETE__HLO_to_P__primary_5y__M2__ridge__DEU,RUS,2015,2017,8,4.0,4.0,0.0
PRIMARY_DELETE__HLO_to_P__primary_5y__M2__ridge__DEU,SAU,2015,2017,8,5.0,5.0,0.0
PRIMARY_DELETE__HLO_to_P__primary_5y__M2__ridge__EGY,ISL,2000,2004,7,2.0,3.0,0.16666666666666666
PRIMARY_DELETE__HLO_to_P__primary_5y__M2__ridge__EGY,LTU,2000,2004,7,4.0,5.0,0.16666666666666666
PRIMARY_DELETE__HLO_to_P__primary_5y__M2__ridge__EGY,NLD,2000,2004,7,3.0,2.0,0.16666666666666666
PRIMARY_DELETE__HLO_to_P__primary_5y__M2__ridge__EGY,NOR,2000,2004,7,1.0,1.0,0.0
PRIMARY_DELETE__HLO_to_P__primary_5y__M2__ridge__EGY,PHL,2000,2004,7,6.0,7.0,0.16666666666666666
PRIMARY_DELETE__HLO_to_P__primary_5y__M2__ridge__EGY,USA,2000,2004,7,5.0,4.0,0.16666666666666666
PRIMARY_DELETE__HLO_to_P__primary_5y__M2__ridge__EGY,ZAF,2000,2004,7,7.0,6.0,0.16666666666666666
PRIMARY_DELETE__HLO_to_P__primary_5y__M2__ridge__EGY,AUT,2005,2009,17,2.0,4.0,0.125
PRIMARY_DELETE__HLO_to_P__primary_5y__M2__ridge__EGY,BRA,2005,2009,17,12.0,12.0,0.0
PRIMARY_DELETE__HLO_to_P__primary_5y__M2__ridge__EGY,CHL,2005,2009,17,13.0,11.0,0.125
PRIMARY_DELETE__HLO_to_P__primary_5y__M2__ridge__EGY,CRI,2005,2009,17,10.0,10.0,0.0
PRIMARY_DELETE__HLO_to_P__primary_5y__M2__ridge__EGY,DEU,2005,2009,17,4.0,5.0,0.0625
PRIMARY_DELETE__HLO_to_P__primary_5y__M2__ridge__EGY,IDN,2005,2009,17,16.0,17.0,0.0625
PRIMARY_DELETE__HLO_to_P__primary_5y__M2__ridge__EGY,IRN,2005,2009,17,15.0,14.0,0.0625
PRIMARY_DELETE__HLO_to_P__primary_5y__M2__ridge__EGY,ITA,2005,2009,17,9.0,6.0,0.1875
PRIMARY_DELETE__HLO_to_P__primary_5y__M2__ridge__EGY,JPN,2005,2009,17,1.0,8.0,0.4375
PRIMARY_DELETE__HLO_to_P__primary_5y__M2__ridge__EGY,MAR,2005,2009,17,17.0,15.0,0.125
PRIMARY_DELETE__HLO_to_P__primary_5y__M2__ridge__EGY,NLD,2005,2009,17,3.0,2.0,0.0625
PRIMARY_DELETE__HLO_to_P__primary_5y__M2__ridge__EGY,NOR,2005,2009,17,6.0,1.0,0.3125
PRIMARY_DELETE__HLO_to_P__primary_5y__M2__ridge__EGY,PER,2005,2009,17,8.0,16.0,0.5
PRIMARY_DELETE__HLO_to_P__primary_5y__M2__ridge__EGY,POL,2005,2009,17,7.0,7.0,0.0
PRIMARY_DELETE__HLO_to_P__primary_5y__M2__ridge__EGY,QAT,2005,2009,17,14.0,13.0,0.0625
PRIMARY_DELETE__HLO_to_P__primary_5y__M2__ridge__EGY,SVN,2005,2009,17,5.0,3.0,0.125
PRIMARY_DELETE__HLO_to_P__primary_5y__M2__ridge__EGY,UKR,2005,2009,17,11.0,9.0,0.125
PRIMARY_DELETE__HLO_to_P__primary_5y__M2__ridge__EGY,BRA,2010,2014,20,9.0,12.0,0.15789473684210525
PRIMARY_DELETE__HLO_to_P__primary_5y__M2__ridge__EGY,CHL,2010,2014,20,17.0,10.0,0.3684210526315789
PRIMARY_DELETE__HLO_to_P__primary_5y__M2__ridge__EGY,COL,2010,2014,20,12.0,11.0,0.05263157894736842
PRIMARY_DELETE__HLO_to_P__primary_5y__M2__ridge__EGY,DEU,2010,2014,20,3.0,3.0,0.0
PRIMARY_DELETE__HLO_to_P__primary_5y__M2__ridge__EGY,ESP,2010,2014,20,6.0,1.0,0.2631578947368421
PRIMARY_DELETE__HLO_to_P__primary_5y__M2__ridge__EGY,FIN,2010,2014,20,1.0,2.0,0.05263157894736842
PRIMARY_DELETE__HLO_to_P__primary_5y__M2__ridge__EGY,GHA,2010,2014,20,20.0,20.0,0.0
PRIMARY_DELETE__HLO_to_P__primary_5y__M2__ridge__EGY,HRV,2010,2014,20,8.0,6.0,0.10526315789473684
PRIMARY_DELETE__HLO_to_P__primary_5y__M2__ridge__EGY,IDN,2010,2014,20,15.0,18.0,0.15789473684210525
PRIMARY_DELETE__HLO_to_P__primary_5y__M2__ridge__EGY,ITA,2010,2014,20,10.0,5.0,0.2631578947368421
PRIMARY_DELETE__HLO_to_P__primary_5y__M2__ridge__EGY,JOR,2010,2014,20,18.0,16.0,0.10526315789473684
PRIMARY_DELETE__HLO_to_P__primary_5y__M2__ridge__EGY,KAZ,2010,2014,20,13.0,15.0,0.10526315789473684
PRIMARY_DELETE__HLO_to_P__primary_5y__M2__ridge__EGY,KOR,2010,2014,20,2.0,4.0,0.10526315789473684
PRIMARY_DELETE__HLO_to_P__primary_5y__M2__ridge__EGY,MAR,2010,2014,20,19.0,17.0,0.10526315789473684
PRIMARY_DELETE__HLO_to_P__primary_5y__M2__ridge__EGY,MEX,2010,2014,20,7.0,14.0,0.3684210526315789
PRIMARY_DELETE__HLO_to_P__primary_5y__M2__ridge__EGY,OMN,2010,2014,20,11.0,13.0,0.10526315789473684
PRIMARY_DELETE__HLO_to_P__primary_5y__M2__ridge__EGY,POL,2010,2014,20,4.0,7.0,0.15789473684210525
PRIMARY_DELETE__HLO_to_P__primary_5y__M2__ridge__EGY,SAU,2010,2014,20,16.0,9.0,0.3684210526315789
PRIMARY_DELETE__HLO_to_P__primary_5y__M2__ridge__EGY,SRB,2010,2014,20,5.0,8.0,0.15789473684210525
PRIMARY_DELETE__HLO_to_P__primary_5y__M2__ridge__EGY,ZAF,2010,2014,20,14.0,19.0,0.2631578947368421
PRIMARY_DELETE__HLO_to_P__primary_5y__M2__ridge__EGY,AUS,2015,2017,8,4.0,3.0,0.14285714285714285
PRIMARY_DELETE__HLO_to_P__primary_5y__M2__ridge__EGY,BHR,2015,2017,8,8.0,4.0,0.5714285714285714
PRIMARY_DELETE__HLO_to_P__primary_5y__M2__ridge__EGY,DEU,2015,2017,8,3.0,1.0,0.2857142857142857
PRIMARY_DELETE__HLO_to_P__primary_5y__M2__ridge__EGY,IDN,2015,2017,8,7.0,8.0,0.14285714285714285
PRIMARY_DELETE__HLO_to_P__primary_5y__M2__ridge__EGY,JPN,2015,2017,8,2.0,6.0,0.5714285714285714
PRIMARY_DELETE__HLO_to_P__primary_5y__M2__ridge__EGY,POL,2015,2017,8,1.0,2.0,0.14285714285714285
PRIMARY_DELETE__HLO_to_P__primary_5y__M2__ridge__EGY,RUS,2015,2017,8,5.0,7.0,0.2857142857142857
PRIMARY_DELETE__HLO_to_P__primary_5y__M2__ridge__EGY,SAU,2015,2017,8,6.0,5.0,0.14285714285714285
PRIMARY_DELETE__HLO_to_P__primary_5y__M2__ridge__ESP,ISL,2000,2004,7,2.0,3.0,0.16666666666666666
PRIMARY_DELETE__HLO_to_P__primary_5y__M2__ridge__ESP,LTU,2000,2004,7,4.0,5.0,0.16666666666666666
PRIMARY_DELETE__HLO_to_P__primary_5y__M2__ridge__ESP,NLD,2000,2004,7,3.0,1.0,0.3333333333333333
PRIMARY_DELETE__HLO_to_P__primary_5y__M2__ridge__ESP,NOR,2000,2004,7,1.0,2.0,0.16666666666666666
PRIMARY_DELETE__HLO_to_P__primary_5y__M2__ridge__ESP,PHL,2000,2004,7,6.0,7.0,0.16666666666666666
PRIMARY_DELETE__HLO_to_P__primary_5y__M2__ridge__ESP,USA,2000,2004,7,5.0,4.0,0.16666666666666666
PRIMARY_DELETE__HLO_to_P__primary_5y__M2__ridge__ESP,ZAF,2000,2004,7,7.0,6.0,0.16666666666666666
PRIMARY_DELETE__HLO_to_P__primary_5y__M2__ridge__ESP,AUT,2005,2009,17,2.0,4.0,0.125
PRIMARY_DELETE__HLO_to_P__primary_5y__M2__ridge__ESP,BRA,2005,2009,17,12.0,13.0,0.0625
PRIMARY_DELETE__HLO_to_P__primary_5y__M2__ridge__ESP,CHL,2005,2009,17,13.0,11.0,0.125
PRIMARY_DELETE__HLO_to_P__primary_5y__M2__ridge__ESP,CRI,2005,2009,17,10.0,10.0,0.0
PRIMARY_DELETE__HLO_to_P__primary_5y__M2__ridge__ESP,DEU,2005,2009,17,4.0,5.0,0.0625
PRIMARY_DELETE__HLO_to_P__primary_5y__M2__ridge__ESP,IDN,2005,2009,17,16.0,17.0,0.0625
PRIMARY_DELETE__HLO_to_P__primary_5y__M2__ridge__ESP,IRN,2005,2009,17,15.0,14.0,0.0625
PRIMARY_DELETE__HLO_to_P__primary_5y__M2__ridge__ESP,ITA,2005,2009,17,9.0,6.0,0.1875
PRIMARY_DELETE__HLO_to_P__primary_5y__M2__ridge__ESP,JPN,2005,2009,17,1.0,8.0,0.4375
PRIMARY_DELETE__HLO_to_P__primary_5y__M2__ridge__ESP,MAR,2005,2009,17,17.0,16.0,0.0625
PRIMARY_DELETE__HLO_to_P__primary_5y__M2__ridge__ESP,NLD,2005,2009,17,3.0,3.0,0.0
PRIMARY_DELETE__HLO_to_P__primary_5y__M2__ridge__ESP,NOR,2005,2009,17,6.0,1.0,0.3125
PRIMARY_DELETE__HLO_to_P__primary_5y__M2__ridge__ESP,PER,2005,2009,17,8.0,15.0,0.4375
PRIMARY_DELETE__HLO_to_P__primary_5y__M2__ridge__ESP,POL,2005,2009,17,7.0,7.0,0.0
PRIMARY_DELETE__HLO_to_P__primary_5y__M2__ridge__ESP,QAT,2005,2009,17,14.0,12.0,0.125
PRIMARY_DELETE__HLO_to_P__primary_5y__M2__ridge__ESP,SVN,2005,2009,17,5.0,2.0,0.1875
PRIMARY_DELETE__HLO_to_P__primary_5y__M2__ridge__ESP,UKR,2005,2009,17,11.0,9.0,0.125
PRIMARY_DELETE__HLO_to_P__primary_5y__M2__ridge__ESP,BRA,2010,2014,19,8.0,11.0,0.16666666666666666
PRIMARY_DELETE__HLO_to_P__primary_5y__M2__ridge__ESP,CHL,2010,2014,19,16.0,8.0,0.4444444444444444
PRIMARY_DELETE__HLO_to_P__primary_5y__M2__ridge__ESP,COL,2010,2014,19,11.0,10.0,0.05555555555555555
PRIMARY_DELETE__HLO_to_P__primary_5y__M2__ridge__ESP,DEU,2010,2014,19,3.0,2.0,0.05555555555555555
PRIMARY_DELETE__HLO_to_P__primary_5y__M2__ridge__ESP,FIN,2010,2014,19,1.0,1.0,0.0
PRIMARY_DELETE__HLO_to_P__primary_5y__M2__ridge__ESP,GHA,2010,2014,19,19.0,19.0,0.0
PRIMARY_DELETE__HLO_to_P__primary_5y__M2__ridge__ESP,HRV,2010,2014,19,7.0,4.0,0.16666666666666666
PRIMARY_DELETE__HLO_to_P__primary_5y__M2__ridge__ESP,IDN,2010,2014,19,14.0,17.0,0.16666666666666666
PRIMARY_DELETE__HLO_to_P__primary_5y__M2__ridge__ESP,ITA,2010,2014,19,9.0,5.0,0.2222222222222222
PRIMARY_DELETE__HLO_to_P__primary_5y__M2__ridge__ESP,JOR,2010,2014,19,17.0,14.0,0.16666666666666666
PRIMARY_DELETE__HLO_to_P__primary_5y__M2__ridge__ESP,KAZ,2010,2014,19,12.0,13.0,0.05555555555555555
PRIMARY_DELETE__HLO_to_P__primary_5y__M2__ridge__ESP,KOR,2010,2014,19,2.0,3.0,0.05555555555555555
PRIMARY_DELETE__HLO_to_P__primary_5y__M2__ridge__ESP,MAR,2010,2014,19,18.0,16.0,0.1111111111111111
PRIMARY_DELETE__HLO_to_P__primary_5y__M2__ridge__ESP,MEX,2010,2014,19,6.0,15.0,0.5
PRIMARY_DELETE__HLO_to_P__primary_5y__M2__ridge__ESP,OMN,2010,2014,19,10.0,12.0,0.1111111111111111
PRIMARY_DELETE__HLO_to_P__primary_5y__M2__ridge__ESP,POL,2010,2014,19,4.0,6.0,0.1111111111111111
PRIMARY_DELETE__HLO_to_P__primary_5y__M2__ridge__ESP,SAU,2010,2014,19,15.0,9.0,0.3333333333333333
PRIMARY_DELETE__HLO_to_P__primary_5y__M2__ridge__ESP,SRB,2010,2014,19,5.0,7.0,0.1111111111111111
PRIMARY_DELETE__HLO_to_P__primary_5y__M2__ridge__ESP,ZAF,2010,2014,19,13.0,18.0,0.2777777777777778
PRIMARY_DELETE__HLO_to_P__primary_5y__M2__ridge__ESP,AUS,2015,2017,9,4.0,4.0,0.0
PRIMARY_DELETE__HLO_to_P__primary_5y__M2__ridge__ESP,BHR,2015,2017,9,9.0,3.0,0.75
PRIMARY_DELETE__HLO_to_P__primary_5y__M2__ridge__ESP,DEU,2015,2017,9,3.0,1.0,0.25
PRIMARY_DELETE__HLO_to_P__primary_5y__M2__ridge__ESP,EGY,2015,2017,9,8.0,9.0,0.125
PRIMARY_DELETE__HLO_to_P__primary_5y__M2__ridge__ESP,IDN,2015,2017,9,7.0,8.0,0.125
PRIMARY_DELETE__HLO_to_P__primary_5y__M2__ridge__ESP,JPN,2015,2017,9,2.0,5.0,0.375
PRIMARY_DELETE__HLO_to_P__primary_5y__M2__ridge__ESP,POL,2015,2017,9,1.0,2.0,0.125
PRIMARY_DELETE__HLO_to_P__primary_5y__M2__ridge__ESP,RUS,2015,2017,9,5.0,6.0,0.125
PRIMARY_DELETE__HLO_to_P__primary_5y__M2__ridge__ESP,SAU,2015,2017,9,6.0,7.0,0.125
PRIMARY_DELETE__HLO_to_P__primary_5y__M2__ridge__FIN,ISL,2000,2004,7,2.0,3.0,0.16666666666666666
PRIMARY_DELETE__HLO_to_P__primary_5y__M2__ridge__FIN,LTU,2000,2004,7,4.0,5.0,0.16666666666666666
PRIMARY_DELETE__HLO_to_P__primary_5y__M2__ridge__FIN,NLD,2000,2004,7,3.0,2.0,0.16666666666666666
PRIMARY_DELETE__HLO_to_P__primary_5y__M2__ridge__FIN,NOR,2000,2004,7,1.0,1.0,0.0
PRIMARY_DELETE__HLO_to_P__primary_5y__M2__ridge__FIN,PHL,2000,2004,7,6.0,7.0,0.16666666666666666
PRIMARY_DELETE__HLO_to_P__primary_5y__M2__ridge__FIN,USA,2000,2004,7,5.0,4.0,0.16666666666666666
PRIMARY_DELETE__HLO_to_P__primary_5y__M2__ridge__FIN,ZAF,2000,2004,7,7.0,6.0,0.16666666666666666
PRIMARY_DELETE__HLO_to_P__primary_5y__M2__ridge__FIN,AUT,2005,2009,17,2.0,4.0,0.125
PRIMARY_DELETE__HLO_to_P__primary_5y__M2__ridge__FIN,BRA,2005,2009,17,12.0,13.0,0.0625
PRIMARY_DELETE__HLO_to_P__primary_5y__M2__ridge__FIN,CHL,2005,2009,17,13.0,11.0,0.125
PRIMARY_DELETE__HLO_to_P__primary_5y__M2__ridge__FIN,CRI,2005,2009,17,10.0,10.0,0.0
PRIMARY_DELETE__HLO_to_P__primary_5y__M2__ridge__FIN,DEU,2005,2009,17,4.0,6.0,0.125
PRIMARY_DELETE__HLO_to_P__primary_5y__M2__ridge__FIN,IDN,2005,2009,17,16.0,17.0,0.0625
PRIMARY_DELETE__HLO_to_P__primary_5y__M2__ridge__FIN,IRN,2005,2009,17,15.0,14.0,0.0625
PRIMARY_DELETE__HLO_to_P__primary_5y__M2__ridge__FIN,ITA,2005,2009,17,9.0,5.0,0.25
PRIMARY_DELETE__HLO_to_P__primary_5y__M2__ridge__FIN,JPN,2005,2009,17,1.0,8.0,0.4375
PRIMARY_DELETE__HLO_to_P__primary_5y__M2__ridge__FIN,MAR,2005,2009,17,17.0,16.0,0.0625
PRIMARY_DELETE__HLO_to_P__primary_5y__M2__ridge__FIN,NLD,2005,2009,17,3.0,3.0,0.0
PRIMARY_DELETE__HLO_to_P__primary_5y__M2__ridge__FIN,NOR,2005,2009,17,6.0,1.0,0.3125
PRIMARY_DELETE__HLO_to_P__primary_5y__M2__ridge__FIN,PER,2005,2009,17,8.0,15.0,0.4375
PRIMARY_DELETE__HLO_to_P__primary_5y__M2__ridge__FIN,POL,2005,2009,17,7.0,7.0,0.0
PRIMARY_DELETE__HLO_to_P__primary_5y__M2__ridge__FIN,QAT,2005,2009,17,14.0,12.0,0.125
PRIMARY_DELETE__HLO_to_P__primary_5y__M2__ridge__FIN,SVN,2005,2009,17,5.0,2.0,0.1875
PRIMARY_DELETE__HLO_to_P__primary_5y__M2__ridge__FIN,UKR,2005,2009,17,11.0,9.0,0.125
PRIMARY_DELETE__HLO_to_P__primary_5y__M2__ridge__FIN,BRA,2010,2014,19,8.0,11.0,0.16666666666666666
PRIMARY_DELETE__HLO_to_P__primary_5y__M2__ridge__FIN,CHL,2010,2014,19,16.0,8.0,0.4444444444444444
PRIMARY_DELETE__HLO_to_P__primary_5y__M2__ridge__FIN,COL,2010,2014,19,11.0,10.0,0.05555555555555555
PRIMARY_DELETE__HLO_to_P__primary_5y__M2__ridge__FIN,DEU,2010,2014,19,2.0,2.0,0.0
PRIMARY_DELETE__HLO_to_P__primary_5y__M2__ridge__FIN,ESP,2010,2014,19,5.0,1.0,0.2222222222222222
PRIMARY_DELETE__HLO_to_P__primary_5y__M2__ridge__FIN,GHA,2010,2014,19,19.0,19.0,0.0
PRIMARY_DELETE__HLO_to_P__primary_5y__M2__ridge__FIN,HRV,2010,2014,19,7.0,4.0,0.16666666666666666
PRIMARY_DELETE__HLO_to_P__primary_5y__M2__ridge__FIN,IDN,2010,2014,19,14.0,17.0,0.16666666666666666
PRIMARY_DELETE__HLO_to_P__primary_5y__M2__ridge__FIN,ITA,2010,2014,19,9.0,5.0,0.2222222222222222
PRIMARY_DELETE__HLO_to_P__primary_5y__M2__ridge__FIN,JOR,2010,2014,19,17.0,14.0,0.16666666666666666
PRIMARY_DELETE__HLO_to_P__primary_5y__M2__ridge__FIN,KAZ,2010,2014,19,12.0,15.0,0.16666666666666666
PRIMARY_DELETE__HLO_to_P__primary_5y__M2__ridge__FIN,KOR,2010,2014,19,1.0,3.0,0.1111111111111111
PRIMARY_DELETE__HLO_to_P__primary_5y__M2__ridge__FIN,MAR,2010,2014,19,18.0,16.0,0.1111111111111111
PRIMARY_DELETE__HLO_to_P__primary_5y__M2__ridge__FIN,MEX,2010,2014,19,6.0,13.0,0.3888888888888889
PRIMARY_DELETE__HLO_to_P__primary_5y__M2__ridge__FIN,OMN,2010,2014,19,10.0,12.0,0.1111111111111111
PRIMARY_DELETE__HLO_to_P__primary_5y__M2__ridge__FIN,POL,2010,2014,19,3.0,6.0,0.16666666666666666
PRIMARY_DELETE__HLO_to_P__primary_5y__M2__ridge__FIN,SAU,2010,2014,19,15.0,9.0,0.3333333333333333
PRIMARY_DELETE__HLO_to_P__primary_5y__M2__ridge__FIN,SRB,2010,2014,19,4.0,7.0,0.16666666666666666
PRIMARY_DELETE__HLO_to_P__primary_5y__M2__ridge__FIN,ZAF,2010,2014,19,13.0,18.0,0.2777777777777778
PRIMARY_DELETE__HLO_to_P__primary_5y__M2__ridge__FIN,AUS,2015,2017,9,4.0,3.0,0.125
PRIMARY_DELETE__HLO_to_P__primary_5y__M2__ridge__FIN,BHR,2015,2017,9,9.0,4.0,0.625
PRIMARY_DELETE__HLO_to_P__primary_5y__M2__ridge__FIN,DEU,2015,2017,9,3.0,1.0,0.25
PRIMARY_DELETE__HLO_to_P__primary_5y__M2__ridge__FIN,EGY,2015,2017,9,8.0,9.0,0.125
PRIMARY_DELETE__HLO_to_P__primary_5y__M2__ridge__FIN,IDN,2015,2017,9,7.0,8.0,0.125
PRIMARY_DELETE__HLO_to_P__primary_5y__M2__ridge__FIN,JPN,2015,2017,9,2.0,6.0,0.5
PRIMARY_DELETE__HLO_to_P__primary_5y__M2__ridge__FIN,POL,2015,2017,9,1.0,2.0,0.125
PRIMARY_DELETE__HLO_to_P__primary_5y__M2__ridge__FIN,RUS,2015,2017,9,5.0,7.0,0.25
PRIMARY_DELETE__HLO_to_P__primary_5y__M2__ridge__FIN,SAU,2015,2017,9,6.0,5.0,0.125
PRIMARY_DELETE__HLO_to_P__primary_5y__M2__ridge__GHA,ISL,2000,2004,7,2.0,2.0,0.0
PRIMARY_DELETE__HLO_to_P__primary_5y__M2__ridge__GHA,LTU,2000,2004,7,4.0,5.0,0.16666666666666666
PRIMARY_DELETE__HLO_to_P__primary_5y__M2__ridge__GHA,NLD,2000,2004,7,3.0,3.0,0.0
PRIMARY_DELETE__HLO_to_P__primary_5y__M2__ridge__GHA,NOR,2000,2004,7,1.0,1.0,0.0
PRIMARY_DELETE__HLO_to_P__primary_5y__M2__ridge__GHA,PHL,2000,2004,7,6.0,7.0,0.16666666666666666
PRIMARY_DELETE__HLO_to_P__primary_5y__M2__ridge__GHA,USA,2000,2004,7,5.0,4.0,0.16666666666666666
PRIMARY_DELETE__HLO_to_P__primary_5y__M2__ridge__GHA,ZAF,2000,2004,7,7.0,6.0,0.16666666666666666
PRIMARY_DELETE__HLO_to_P__primary_5y__M2__ridge__GHA,AUT,2005,2009,17,2.0,2.0,0.0
PRIMARY_DELETE__HLO_to_P__primary_5y__M2__ridge__GHA,BRA,2005,2009,17,12.0,13.0,0.0625
PRIMARY_DELETE__HLO_to_P__primary_5y__M2__ridge__GHA,CHL,2005,2009,17,13.0,11.0,0.125
PRIMARY_DELETE__HLO_to_P__primary_5y__M2__ridge__GHA,CRI,2005,2009,17,10.0,10.0,0.0
PRIMARY_DELETE__HLO_to_P__primary_5y__M2__ridge__GHA,DEU,2005,2009,17,4.0,6.0,0.125
PRIMARY_DELETE__HLO_to_P__primary_5y__M2__ridge__GHA,IDN,2005,2009,17,16.0,16.0,0.0
PRIMARY_DELETE__HLO_to_P__primary_5y__M2__ridge__GHA,IRN,2005,2009,17,15.0,14.0,0.0625
PRIMARY_DELETE__HLO_to_P__primary_5y__M2__ridge__GHA,ITA,2005,2009,17,9.0,3.0,0.375
PRIMARY_DELETE__HLO_to_P__primary_5y__M2__ridge__GHA,JPN,2005,2009,17,1.0,8.0,0.4375
PRIMARY_DELETE__HLO_to_P__primary_5y__M2__ridge__GHA,MAR,2005,2009,17,17.0,15.0,0.125
PRIMARY_DELETE__HLO_to_P__primary_5y__M2__ridge__GHA,NLD,2005,2009,17,3.0,4.0,0.0625
PRIMARY_DELETE__HLO_to_P__primary_5y__M2__ridge__GHA,NOR,2005,2009,17,6.0,1.0,0.3125
PRIMARY_DELETE__HLO_to_P__primary_5y__M2__ridge__GHA,PER,2005,2009,17,8.0,17.0,0.5625
PRIMARY_DELETE__HLO_to_P__primary_5y__M2__ridge__GHA,POL,2005,2009,17,7.0,7.0,0.0
PRIMARY_DELETE__HLO_to_P__primary_5y__M2__ridge__GHA,QAT,2005,2009,17,14.0,12.0,0.125
PRIMARY_DELETE__HLO_to_P__primary_5y__M2__ridge__GHA,SVN,2005,2009,17,5.0,5.0,0.0
PRIMARY_DELETE__HLO_to_P__primary_5y__M2__ridge__GHA,UKR,2005,2009,17,11.0,9.0,0.125
PRIMARY_DELETE__HLO_to_P__primary_5y__M2__ridge__GHA,BRA,2010,2014,19,9.0,11.0,0.1111111111111111
PRIMARY_DELETE__HLO_to_P__primary_5y__M2__ridge__GHA,CHL,2010,2014,19,17.0,9.0,0.4444444444444444
PRIMARY_DELETE__HLO_to_P__primary_5y__M2__ridge__GHA,COL,2010,2014,19,12.0,12.0,0.0
PRIMARY_DELETE__HLO_to_P__primary_5y__M2__ridge__GHA,DEU,2010,2014,19,3.0,6.0,0.16666666666666666
PRIMARY_DELETE__HLO_to_P__primary_5y__M2__ridge__GHA,ESP,2010,2014,19,6.0,4.0,0.1111111111111111
PRIMARY_DELETE__HLO_to_P__primary_5y__M2__ridge__GHA,FIN,2010,2014,19,1.0,3.0,0.1111111111111111
PRIMARY_DELETE__HLO_to_P__primary_5y__M2__ridge__GHA,HRV,2010,2014,19,8.0,1.0,0.3888888888888889
PRIMARY_DELETE__HLO_to_P__primary_5y__M2__ridge__GHA,IDN,2010,2014,19,15.0,18.0,0.16666666666666666
PRIMARY_DELETE__HLO_to_P__primary_5y__M2__ridge__GHA,ITA,2010,2014,19,10.0,2.0,0.4444444444444444
PRIMARY_DELETE__HLO_to_P__primary_5y__M2__ridge__GHA,JOR,2010,2014,19,18.0,14.0,0.2222222222222222
PRIMARY_DELETE__HLO_to_P__primary_5y__M2__ridge__GHA,KAZ,2010,2014,19,13.0,15.0,0.1111111111111111
PRIMARY_DELETE__HLO_to_P__primary_5y__M2__ridge__GHA,KOR,2010,2014,19,2.0,5.0,0.16666666666666666
PRIMARY_DELETE__HLO_to_P__primary_5y__M2__ridge__GHA,MAR,2010,2014,19,19.0,17.0,0.1111111111111111
PRIMARY_DELETE__HLO_to_P__primary_5y__M2__ridge__GHA,MEX,2010,2014,19,7.0,16.0,0.5
PRIMARY_DELETE__HLO_to_P__primary_5y__M2__ridge__GHA,OMN,2010,2014,19,11.0,13.0,0.1111111111111111
PRIMARY_DELETE__HLO_to_P__primary_5y__M2__ridge__GHA,POL,2010,2014,19,4.0,7.0,0.16666666666666666
PRIMARY_DELETE__HLO_to_P__primary_5y__M2__ridge__GHA,SAU,2010,2014,19,16.0,8.0,0.4444444444444444
PRIMARY_DELETE__HLO_to_P__primary_5y__M2__ridge__GHA,SRB,2010,2014,19,5.0,10.0,0.2777777777777778
PRIMARY_DELETE__HLO_to_P__primary_5y__M2__ridge__GHA,ZAF,2010,2014,19,14.0,19.0,0.2777777777777778
PRIMARY_DELETE__HLO_to_P__primary_5y__M2__ridge__GHA,AUS,2015,2017,9,4.0,1.0,0.375
PRIMARY_DELETE__HLO_to_P__primary_5y__M2__ridge__GHA,BHR,2015,2017,9,9.0,3.0,0.75
PRIMARY_DELETE__HLO_to_P__primary_5y__M2__ridge__GHA,DEU,2015,2017,9,3.0,2.0,0.125
PRIMARY_DELETE__HLO_to_P__primary_5y__M2__ridge__GHA,EGY,2015,2017,9,8.0,9.0,0.125
PRIMARY_DELETE__HLO_to_P__primary_5y__M2__ridge__GHA,IDN,2015,2017,9,7.0,8.0,0.125
PRIMARY_DELETE__HLO_to_P__primary_5y__M2__ridge__GHA,JPN,2015,2017,9,2.0,6.0,0.5
PRIMARY_DELETE__HLO_to_P__primary_5y__M2__ridge__GHA,POL,2015,2017,9,1.0,4.0,0.375
PRIMARY_DELETE__HLO_to_P__primary_5y__M2__ridge__GHA,RUS,2015,2017,9,5.0,7.0,0.25
PRIMARY_DELETE__HLO_to_P__primary_5y__M2__ridge__GHA,SAU,2015,2017,9,6.0,5.0,0.125
PRIMARY_DELETE__HLO_to_P__primary_5y__M2__ridge__HRV,ISL,2000,2004,7,2.0,3.0,0.16666666666666666
PRIMARY_DELETE__HLO_to_P__primary_5y__M2__ridge__HRV,LTU,2000,2004,7,4.0,5.0,0.16666666666666666
PRIMARY_DELETE__HLO_to_P__primary_5y__M2__ridge__HRV,NLD,2000,2004,7,3.0,1.0,0.3333333333333333
PRIMARY_DELETE__HLO_to_P__primary_5y__M2__ridge__HRV,NOR,2000,2004,7,1.0,2.0,0.16666666666666666
PRIMARY_DELETE__HLO_to_P__primary_5y__M2__ridge__HRV,PHL,2000,2004,7,6.0,7.0,0.16666666666666666
PRIMARY_DELETE__HLO_to_P__primary_5y__M2__ridge__HRV,USA,2000,2004,7,5.0,4.0,0.16666666666666666
PRIMARY_DELETE__HLO_to_P__primary_5y__M2__ridge__HRV,ZAF,2000,2004,7,7.0,6.0,0.16666666666666666
PRIMARY_DELETE__HLO_to_P__primary_5y__M2__ridge__HRV,AUT,2005,2009,17,2.0,4.0,0.125
PRIMARY_DELETE__HLO_to_P__primary_5y__M2__ridge__HRV,BRA,2005,2009,17,12.0,13.0,0.0625
PRIMARY_DELETE__HLO_to_P__primary_5y__M2__ridge__HRV,CHL,2005,2009,17,13.0,11.0,0.125
PRIMARY_DELETE__HLO_to_P__primary_5y__M2__ridge__HRV,CRI,2005,2009,17,10.0,10.0,0.0
PRIMARY_DELETE__HLO_to_P__primary_5y__M2__ridge__HRV,DEU,2005,2009,17,4.0,6.0,0.125
PRIMARY_DELETE__HLO_to_P__primary_5y__M2__ridge__HRV,IDN,2005,2009,17,16.0,17.0,0.0625
PRIMARY_DELETE__HLO_to_P__primary_5y__M2__ridge__HRV,IRN,2005,2009,17,15.0,14.0,0.0625
PRIMARY_DELETE__HLO_to_P__primary_5y__M2__ridge__HRV,ITA,2005,2009,17,9.0,5.0,0.25
PRIMARY_DELETE__HLO_to_P__primary_5y__M2__ridge__HRV,JPN,2005,2009,17,1.0,8.0,0.4375
PRIMARY_DELETE__HLO_to_P__primary_5y__M2__ridge__HRV,MAR,2005,2009,17,17.0,16.0,0.0625
PRIMARY_DELETE__HLO_to_P__primary_5y__M2__ridge__HRV,NLD,2005,2009,17,3.0,3.0,0.0
PRIMARY_DELETE__HLO_to_P__primary_5y__M2__ridge__HRV,NOR,2005,2009,17,6.0,2.0,0.25
PRIMARY_DELETE__HLO_to_P__primary_5y__M2__ridge__HRV,PER,2005,2009,17,8.0,15.0,0.4375
PRIMARY_DELETE__HLO_to_P__primary_5y__M2__ridge__HRV,POL,2005,2009,17,7.0,7.0,0.0
PRIMARY_DELETE__HLO_to_P__primary_5y__M2__ridge__HRV,QAT,2005,2009,17,14.0,12.0,0.125
PRIMARY_DELETE__HLO_to_P__primary_5y__M2__ridge__HRV,SVN,2005,2009,17,5.0,1.0,0.25
PRIMARY_DELETE__HLO_to_P__primary_5y__M2__ridge__HRV,UKR,2005,2009,17,11.0,9.0,0.125
PRIMARY_DELETE__HLO_to_P__primary_5y__M2__ridge__HRV,BRA,2010,2014,19,8.0,11.0,0.16666666666666666
PRIMARY_DELETE__HLO_to_P__primary_5y__M2__ridge__HRV,CHL,2010,2014,19,16.0,8.0,0.4444444444444444
PRIMARY_DELETE__HLO_to_P__primary_5y__M2__ridge__HRV,COL,2010,2014,19,11.0,10.0,0.05555555555555555
PRIMARY_DELETE__HLO_to_P__primary_5y__M2__ridge__HRV,DEU,2010,2014,19,3.0,3.0,0.0
PRIMARY_DELETE__HLO_to_P__primary_5y__M2__ridge__HRV,ESP,2010,2014,19,6.0,2.0,0.2222222222222222
PRIMARY_DELETE__HLO_to_P__primary_5y__M2__ridge__HRV,FIN,2010,2014,19,1.0,1.0,0.0
PRIMARY_DELETE__HLO_to_P__primary_5y__M2__ridge__HRV,GHA,2010,2014,19,19.0,19.0,0.0
PRIMARY_DELETE__HLO_to_P__primary_5y__M2__ridge__HRV,IDN,2010,2014,19,14.0,17.0,0.16666666666666666
PRIMARY_DELETE__HLO_to_P__primary_5y__M2__ridge__HRV,ITA,2010,2014,19,9.0,5.0,0.2222222222222222
PRIMARY_DELETE__HLO_to_P__primary_5y__M2__ridge__HRV,JOR,2010,2014,19,17.0,15.0,0.1111111111111111
PRIMARY_DELETE__HLO_to_P__primary_5y__M2__ridge__HRV,KAZ,2010,2014,19,12.0,13.0,0.05555555555555555
PRIMARY_DELETE__HLO_to_P__primary_5y__M2__ridge__HRV,KOR,2010,2014,19,2.0,4.0,0.1111111111111111
PRIMARY_DELETE__HLO_to_P__primary_5y__M2__ridge__HRV,MAR,2010,2014,19,18.0,16.0,0.1111111111111111
PRIMARY_DELETE__HLO_to_P__primary_5y__M2__ridge__HRV,MEX,2010,2014,19,7.0,14.0,0.3888888888888889
PRIMARY_DELETE__HLO_to_P__primary_5y__M2__ridge__HRV,OMN,2010,2014,19,10.0,12.0,0.1111111111111111
PRIMARY_DELETE__HLO_to_P__primary_5y__M2__ridge__HRV,POL,2010,2014,19,4.0,6.0,0.1111111111111111
PRIMARY_DELETE__HLO_to_P__primary_5y__M2__ridge__HRV,SAU,2010,2014,19,15.0,9.0,0.3333333333333333
PRIMARY_DELETE__HLO_to_P__primary_5y__M2__ridge__HRV,SRB,2010,2014,19,5.0,7.0,0.1111111111111111
PRIMARY_DELETE__HLO_to_P__primary_5y__M2__ridge__HRV,ZAF,2010,2014,19,13.0,18.0,0.2777777777777778
PRIMARY_DELETE__HLO_to_P__primary_5y__M2__ridge__HRV,AUS,2015,2017,9,4.0,3.0,0.125
PRIMARY_DELETE__HLO_to_P__primary_5y__M2__ridge__HRV,BHR,2015,2017,9,9.0,4.0,0.625
PRIMARY_DELETE__HLO_to_P__primary_5y__M2__ridge__HRV,DEU,2015,2017,9,3.0,1.0,0.25
PRIMARY_DELETE__HLO_to_P__primary_5y__M2__ridge__HRV,EGY,2015,2017,9,8.0,9.0,0.125
PRIMARY_DELETE__HLO_to_P__primary_5y__M2__ridge__HRV,IDN,2015,2017,9,7.0,8.0,0.125
PRIMARY_DELETE__HLO_to_P__primary_5y__M2__ridge__HRV,JPN,2015,2017,9,2.0,6.0,0.5
PRIMARY_DELETE__HLO_to_P__primary_5y__M2__ridge__HRV,POL,2015,2017,9,1.0,2.0,0.125
PRIMARY_DELETE__HLO_to_P__primary_5y__M2__ridge__HRV,RUS,2015,2017,9,5.0,5.0,0.0
PRIMARY_DELETE__HLO_to_P__primary_5y__M2__ridge__HRV,SAU,2015,2017,9,6.0,7.0,0.125
PRIMARY_DELETE__HLO_to_P__primary_5y__M2__ridge__IDN,ISL,2000,2004,7,2.0,3.0,0.16666666666666666
PRIMARY_DELETE__HLO_to_P__primary_5y__M2__ridge__IDN,LTU,2000,2004,7,4.0,5.0,0.16666666666666666
PRIMARY_DELETE__HLO_to_P__primary_5y__M2__ridge__IDN,NLD,2000,2004,7,3.0,1.0,0.3333333333333333
PRIMARY_DELETE__HLO_to_P__primary_5y__M2__ridge__IDN,NOR,2000,2004,7,1.0,2.0,0.16666666666666666
PRIMARY_DELETE__HLO_to_P__primary_5y__M2__ridge__IDN,PHL,2000,2004,7,6.0,7.0,0.16666666666666666
PRIMARY_DELETE__HLO_to_P__primary_5y__M2__ridge__IDN,USA,2000,2004,7,5.0,4.0,0.16666666666666666
PRIMARY_DELETE__HLO_to_P__primary_5y__M2__ridge__IDN,ZAF,2000,2004,7,7.0,6.0,0.16666666666666666
PRIMARY_DELETE__HLO_to_P__primary_5y__M2__ridge__IDN,AUT,2005,2009,16,2.0,4.0,0.13333333333333333
PRIMARY_DELETE__HLO_to_P__primary_5y__M2__ridge__IDN,BRA,2005,2009,16,12.0,13.0,0.06666666666666667
PRIMARY_DELETE__HLO_to_P__primary_5y__M2__ridge__IDN,CHL,2005,2009,16,13.0,11.0,0.13333333333333333
PRIMARY_DELETE__HLO_to_P__primary_5y__M2__ridge__IDN,CRI,2005,2009,16,10.0,10.0,0.0
PRIMARY_DELETE__HLO_to_P__primary_5y__M2__ridge__IDN,DEU,2005,2009,16,4.0,5.0,0.06666666666666667
PRIMARY_DELETE__HLO_to_P__primary_5y__M2__ridge__IDN,IRN,2005,2009,16,15.0,14.0,0.06666666666666667
PRIMARY_DELETE__HLO_to_P__primary_5y__M2__ridge__IDN,ITA,2005,2009,16,9.0,6.0,0.2
PRIMARY_DELETE__HLO_to_P__primary_5y__M2__ridge__IDN,JPN,2005,2009,16,1.0,8.0,0.4666666666666667
PRIMARY_DELETE__HLO_to_P__primary_5y__M2__ridge__IDN,MAR,2005,2009,16,16.0,16.0,0.0
PRIMARY_DELETE__HLO_to_P__primary_5y__M2__ridge__IDN,NLD,2005,2009,16,3.0,3.0,0.0
PRIMARY_DELETE__HLO_to_P__primary_5y__M2__ridge__IDN,NOR,2005,2009,16,6.0,1.0,0.3333333333333333
PRIMARY_DELETE__HLO_to_P__primary_5y__M2__ridge__IDN,PER,2005,2009,16,8.0,15.0,0.4666666666666667
PRIMARY_DELETE__HLO_to_P__primary_5y__M2__ridge__IDN,POL,2005,2009,16,7.0,7.0,0.0
PRIMARY_DELETE__HLO_to_P__primary_5y__M2__ridge__IDN,QAT,2005,2009,16,14.0,12.0,0.13333333333333333
PRIMARY_DELETE__HLO_to_P__primary_5y__M2__ridge__IDN,SVN,2005,2009,16,5.0,2.0,0.2
PRIMARY_DELETE__HLO_to_P__primary_5y__M2__ridge__IDN,UKR,2005,2009,16,11.0,9.0,0.13333333333333333
PRIMARY_DELETE__HLO_to_P__primary_5y__M2__ridge__IDN,BRA,2010,2014,19,9.0,12.0,0.16666666666666666
PRIMARY_DELETE__HLO_to_P__primary_5y__M2__ridge__IDN,CHL,2010,2014,19,16.0,9.0,0.3888888888888889
PRIMARY_DELETE__HLO_to_P__primary_5y__M2__ridge__IDN,COL,2010,2014,19,12.0,11.0,0.05555555555555555
PRIMARY_DELETE__HLO_to_P__primary_5y__M2__ridge__IDN,DEU,2010,2014,19,3.0,3.0,0.0
PRIMARY_DELETE__HLO_to_P__primary_5y__M2__ridge__IDN,ESP,2010,2014,19,6.0,2.0,0.2222222222222222
PRIMARY_DELETE__HLO_to_P__primary_5y__M2__ridge__IDN,FIN,2010,2014,19,1.0,1.0,0.0
PRIMARY_DELETE__HLO_to_P__primary_5y__M2__ridge__IDN,GHA,2010,2014,19,19.0,19.0,0.0
PRIMARY_DELETE__HLO_to_P__primary_5y__M2__ridge__IDN,HRV,2010,2014,19,8.0,5.0,0.16666666666666666
PRIMARY_DELETE__HLO_to_P__primary_5y__M2__ridge__IDN,ITA,2010,2014,19,10.0,6.0,0.2222222222222222
PRIMARY_DELETE__HLO_to_P__primary_5y__M2__ridge__IDN,JOR,2010,2014,19,17.0,15.0,0.1111111111111111
PRIMARY_DELETE__HLO_to_P__primary_5y__M2__ridge__IDN,KAZ,2010,2014,19,13.0,14.0,0.05555555555555555
PRIMARY_DELETE__HLO_to_P__primary_5y__M2__ridge__IDN,KOR,2010,2014,19,2.0,4.0,0.1111111111111111
PRIMARY_DELETE__HLO_to_P__primary_5y__M2__ridge__IDN,MAR,2010,2014,19,18.0,17.0,0.05555555555555555
PRIMARY_DELETE__HLO_to_P__primary_5y__M2__ridge__IDN,MEX,2010,2014,19,7.0,16.0,0.5
PRIMARY_DELETE__HLO_to_P__primary_5y__M2__ridge__IDN,OMN,2010,2014,19,11.0,13.0,0.1111111111111111
PRIMARY_DELETE__HLO_to_P__primary_5y__M2__ridge__IDN,POL,2010,2014,19,4.0,7.0,0.16666666666666666
PRIMARY_DELETE__HLO_to_P__primary_5y__M2__ridge__IDN,SAU,2010,2014,19,15.0,10.0,0.2777777777777778
PRIMARY_DELETE__HLO_to_P__primary_5y__M2__ridge__IDN,SRB,2010,2014,19,5.0,8.0,0.16666666666666666
PRIMARY_DELETE__HLO_to_P__primary_5y__M2__ridge__IDN,ZAF,2010,2014,19,14.0,18.0,0.2222222222222222
PRIMARY_DELETE__HLO_to_P__primary_5y__M2__ridge__IDN,AUS,2015,2017,8,4.0,3.0,0.14285714285714285
PRIMARY_DELETE__HLO_to_P__primary_5y__M2__ridge__IDN,BHR,2015,2017,8,8.0,4.0,0.5714285714285714
PRIMARY_DELETE__HLO_to_P__primary_5y__M2__ridge__IDN,DEU,2015,2017,8,3.0,1.0,0.2857142857142857
PRIMARY_DELETE__HLO_to_P__primary_5y__M2__ridge__IDN,EGY,2015,2017,8,7.0,8.0,0.14285714285714285
PRIMARY_DELETE__HLO_to_P__primary_5y__M2__ridge__IDN,JPN,2015,2017,8,2.0,5.0,0.42857142857142855
PRIMARY_DELETE__HLO_to_P__primary_5y__M2__ridge__IDN,POL,2015,2017,8,1.0,2.0,0.14285714285714285
PRIMARY_DELETE__HLO_to_P__primary_5y__M2__ridge__IDN,RUS,2015,2017,8,5.0,7.0,0.2857142857142857
PRIMARY_DELETE__HLO_to_P__primary_5y__M2__ridge__IDN,SAU,2015,2017,8,6.0,6.0,0.0
PRIMARY_DELETE__HLO_to_P__primary_5y__M2__ridge__IRN,ISL,2000,2004,7,2.0,3.0,0.16666666666666666
PRIMARY_DELETE__HLO_to_P__primary_5y__M2__ridge__IRN,LTU,2000,2004,7,4.0,5.0,0.16666666666666666
PRIMARY_DELETE__HLO_to_P__primary_5y__M2__ridge__IRN,NLD,2000,2004,7,3.0,1.0,0.3333333333333333
PRIMARY_DELETE__HLO_to_P__primary_5y__M2__ridge__IRN,NOR,2000,2004,7,1.0,2.0,0.16666666666666666
PRIMARY_DELETE__HLO_to_P__primary_5y__M2__ridge__IRN,PHL,2000,2004,7,6.0,7.0,0.16666666666666666
PRIMARY_DELETE__HLO_to_P__primary_5y__M2__ridge__IRN,USA,2000,2004,7,5.0,4.0,0.16666666666666666
PRIMARY_DELETE__HLO_to_P__primary_5y__M2__ridge__IRN,ZAF,2000,2004,7,7.0,6.0,0.16666666666666666
PRIMARY_DELETE__HLO_to_P__primary_5y__M2__ridge__IRN,AUT,2005,2009,16,2.0,4.0,0.13333333333333333
PRIMARY_DELETE__HLO_to_P__primary_5y__M2__ridge__IRN,BRA,2005,2009,16,12.0,13.0,0.06666666666666667
PRIMARY_DELETE__HLO_to_P__primary_5y__M2__ridge__IRN,CHL,2005,2009,16,13.0,11.0,0.13333333333333333
PRIMARY_DELETE__HLO_to_P__primary_5y__M2__ridge__IRN,CRI,2005,2009,16,10.0,10.0,0.0
PRIMARY_DELETE__HLO_to_P__primary_5y__M2__ridge__IRN,DEU,2005,2009,16,4.0,6.0,0.13333333333333333
PRIMARY_DELETE__HLO_to_P__primary_5y__M2__ridge__IRN,IDN,2005,2009,16,15.0,16.0,0.06666666666666667
PRIMARY_DELETE__HLO_to_P__primary_5y__M2__ridge__IRN,ITA,2005,2009,16,9.0,5.0,0.26666666666666666
PRIMARY_DELETE__HLO_to_P__primary_5y__M2__ridge__IRN,JPN,2005,2009,16,1.0,8.0,0.4666666666666667
PRIMARY_DELETE__HLO_to_P__primary_5y__M2__ridge__IRN,MAR,2005,2009,16,16.0,14.0,0.13333333333333333
PRIMARY_DELETE__HLO_to_P__primary_5y__M2__ridge__IRN,NLD,2005,2009,16,3.0,3.0,0.0
PRIMARY_DELETE__HLO_to_P__primary_5y__M2__ridge__IRN,NOR,2005,2009,16,6.0,2.0,0.26666666666666666
PRIMARY_DELETE__HLO_to_P__primary_5y__M2__ridge__IRN,PER,2005,2009,16,8.0,15.0,0.4666666666666667
PRIMARY_DELETE__HLO_to_P__primary_5y__M2__ridge__IRN,POL,2005,2009,16,7.0,7.0,0.0
PRIMARY_DELETE__HLO_to_P__primary_5y__M2__ridge__IRN,QAT,2005,2009,16,14.0,12.0,0.13333333333333333
PRIMARY_DELETE__HLO_to_P__primary_5y__M2__ridge__IRN,SVN,2005,2009,16,5.0,1.0,0.26666666666666666
PRIMARY_DELETE__HLO_to_P__primary_5y__M2__ridge__IRN,UKR,2005,2009,16,11.0,9.0,0.13333333333333333
PRIMARY_DELETE__HLO_to_P__primary_5y__M2__ridge__IRN,BRA,2010,2014,20,9.0,12.0,0.15789473684210525
PRIMARY_DELETE__HLO_to_P__primary_5y__M2__ridge__IRN,CHL,2010,2014,20,17.0,9.0,0.42105263157894735
PRIMARY_DELETE__HLO_to_P__primary_5y__M2__ridge__IRN,COL,2010,2014,20,12.0,11.0,0.05263157894736842
PRIMARY_DELETE__HLO_to_P__primary_5y__M2__ridge__IRN,DEU,2010,2014,20,3.0,3.0,0.0
PRIMARY_DELETE__HLO_to_P__primary_5y__M2__ridge__IRN,ESP,2010,2014,20,6.0,2.0,0.21052631578947367
PRIMARY_DELETE__HLO_to_P__primary_5y__M2__ridge__IRN,FIN,2010,2014,20,1.0,1.0,0.0
PRIMARY_DELETE__HLO_to_P__primary_5y__M2__ridge__IRN,GHA,2010,2014,20,20.0,20.0,0.0
PRIMARY_DELETE__HLO_to_P__primary_5y__M2__ridge__IRN,HRV,2010,2014,20,8.0,5.0,0.15789473684210525
PRIMARY_DELETE__HLO_to_P__primary_5y__M2__ridge__IRN,IDN,2010,2014,20,15.0,18.0,0.15789473684210525
PRIMARY_DELETE__HLO_to_P__primary_5y__M2__ridge__IRN,ITA,2010,2014,20,10.0,6.0,0.21052631578947367
PRIMARY_DELETE__HLO_to_P__primary_5y__M2__ridge__IRN,JOR,2010,2014,20,18.0,16.0,0.10526315789473684
PRIMARY_DELETE__HLO_to_P__primary_5y__M2__ridge__IRN,KAZ,2010,2014,20,13.0,15.0,0.10526315789473684
PRIMARY_DELETE__HLO_to_P__primary_5y__M2__ridge__IRN,KOR,2010,2014,20,2.0,4.0,0.10526315789473684
PRIMARY_DELETE__HLO_to_P__primary_5y__M2__ridge__IRN,MAR,2010,2014,20,19.0,17.0,0.10526315789473684
PRIMARY_DELETE__HLO_to_P__primary_5y__M2__ridge__IRN,MEX,2010,2014,20,7.0,14.0,0.3684210526315789
PRIMARY_DELETE__HLO_to_P__primary_5y__M2__ridge__IRN,OMN,2010,2014,20,11.0,13.0,0.10526315789473684
PRIMARY_DELETE__HLO_to_P__primary_5y__M2__ridge__IRN,POL,2010,2014,20,4.0,7.0,0.15789473684210525
PRIMARY_DELETE__HLO_to_P__primary_5y__M2__ridge__IRN,SAU,2010,2014,20,16.0,10.0,0.3157894736842105
PRIMARY_DELETE__HLO_to_P__primary_5y__M2__ridge__IRN,SRB,2010,2014,20,5.0,8.0,0.15789473684210525
PRIMARY_DELETE__HLO_to_P__primary_5y__M2__ridge__IRN,ZAF,2010,2014,20,14.0,19.0,0.2631578947368421
PRIMARY_DELETE__HLO_to_P__primary_5y__M2__ridge__IRN,AUS,2015,2017,9,4.0,3.0,0.125
PRIMARY_DELETE__HLO_to_P__primary_5y__M2__ridge__IRN,BHR,2015,2017,9,9.0,4.0,0.625
PRIMARY_DELETE__HLO_to_P__primary_5y__M2__ridge__IRN,DEU,2015,2017,9,3.0,1.0,0.25
PRIMARY_DELETE__HLO_to_P__primary_5y__M2__ridge__IRN,EGY,2015,2017,9,8.0,9.0,0.125
PRIMARY_DELETE__HLO_to_P__primary_5y__M2__ridge__IRN,IDN,2015,2017,9,7.0,8.0,0.125
PRIMARY_DELETE__HLO_to_P__primary_5y__M2__ridge__IRN,JPN,2015,2017,9,2.0,5.0,0.375
PRIMARY_DELETE__HLO_to_P__primary_5y__M2__ridge__IRN,POL,2015,2017,9,1.0,2.0,0.125
PRIMARY_DELETE__HLO_to_P__primary_5y__M2__ridge__IRN,RUS,2015,2017,9,5.0,6.0,0.125
PRIMARY_DELETE__HLO_to_P__primary_5y__M2__ridge__IRN,SAU,2015,2017,9,6.0,7.0,0.125
PRIMARY_DELETE__HLO_to_P__primary_5y__M2__ridge__ISL,LTU,2000,2004,6,3.0,4.0,0.2
PRIMARY_DELETE__HLO_to_P__primary_5y__M2__ridge__ISL,NLD,2000,2004,6,2.0,1.0,0.2
PRIMARY_DELETE__HLO_to_P__primary_5y__M2__ridge__ISL,NOR,2000,2004,6,1.0,2.0,0.2
PRIMARY_DELETE__HLO_to_P__primary_5y__M2__ridge__ISL,PHL,2000,2004,6,5.0,6.0,0.2
PRIMARY_DELETE__HLO_to_P__primary_5y__M2__ridge__ISL,USA,2000,2004,6,4.0,3.0,0.2
PRIMARY_DELETE__HLO_to_P__primary_5y__M2__ridge__ISL,ZAF,2000,2004,6,6.0,5.0,0.2
PRIMARY_DELETE__HLO_to_P__primary_5y__M2__ridge__ISL,AUT,2005,2009,17,2.0,4.0,0.125
PRIMARY_DELETE__HLO_to_P__primary_5y__M2__ridge__ISL,BRA,2005,2009,17,12.0,12.0,0.0
PRIMARY_DELETE__HLO_to_P__primary_5y__M2__ridge__ISL,CHL,2005,2009,17,13.0,11.0,0.125
PRIMARY_DELETE__HLO_to_P__primary_5y__M2__ridge__ISL,CRI,2005,2009,17,10.0,10.0,0.0
PRIMARY_DELETE__HLO_to_P__primary_5y__M2__ridge__ISL,DEU,2005,2009,17,4.0,6.0,0.125
PRIMARY_DELETE__HLO_to_P__primary_5y__M2__ridge__ISL,IDN,2005,2009,17,16.0,17.0,0.0625
PRIMARY_DELETE__HLO_to_P__primary_5y__M2__ridge__ISL,IRN,2005,2009,17,15.0,14.0,0.0625
PRIMARY_DELETE__HLO_to_P__primary_5y__M2__ridge__ISL,ITA,2005,2009,17,9.0,5.0,0.25
PRIMARY_DELETE__HLO_to_P__primary_5y__M2__ridge__ISL,JPN,2005,2009,17,1.0,8.0,0.4375
PRIMARY_DELETE__HLO_to_P__primary_5y__M2__ridge__ISL,MAR,2005,2009,17,17.0,16.0,0.0625
PRIMARY_DELETE__HLO_to_P__primary_5y__M2__ridge__ISL,NLD,2005,2009,17,3.0,2.0,0.0625
PRIMARY_DELETE__HLO_to_P__primary_5y__M2__ridge__ISL,NOR,2005,2009,17,6.0,3.0,0.1875
PRIMARY_DELETE__HLO_to_P__primary_5y__M2__ridge__ISL,PER,2005,2009,17,8.0,15.0,0.4375
PRIMARY_DELETE__HLO_to_P__primary_5y__M2__ridge__ISL,POL,2005,2009,17,7.0,7.0,0.0
PRIMARY_DELETE__HLO_to_P__primary_5y__M2__ridge__ISL,QAT,2005,2009,17,14.0,13.0,0.0625
PRIMARY_DELETE__HLO_to_P__primary_5y__M2__ridge__ISL,SVN,2005,2009,17,5.0,1.0,0.25
PRIMARY_DELETE__HLO_to_P__primary_5y__M2__ridge__ISL,UKR,2005,2009,17,11.0,9.0,0.125
PRIMARY_DELETE__HLO_to_P__primary_5y__M2__ridge__ISL,BRA,2010,2014,20,9.0,12.0,0.15789473684210525
PRIMARY_DELETE__HLO_to_P__primary_5y__M2__ridge__ISL,CHL,2010,2014,20,17.0,9.0,0.42105263157894735
PRIMARY_DELETE__HLO_to_P__primary_5y__M2__ridge__ISL,COL,2010,2014,20,12.0,11.0,0.05263157894736842
PRIMARY_DELETE__HLO_to_P__primary_5y__M2__ridge__ISL,DEU,2010,2014,20,3.0,3.0,0.0
PRIMARY_DELETE__HLO_to_P__primary_5y__M2__ridge__ISL,ESP,2010,2014,20,6.0,2.0,0.21052631578947367
PRIMARY_DELETE__HLO_to_P__primary_5y__M2__ridge__ISL,FIN,2010,2014,20,1.0,1.0,0.0
PRIMARY_DELETE__HLO_to_P__primary_5y__M2__ridge__ISL,GHA,2010,2014,20,20.0,20.0,0.0
PRIMARY_DELETE__HLO_to_P__primary_5y__M2__ridge__ISL,HRV,2010,2014,20,8.0,5.0,0.15789473684210525
PRIMARY_DELETE__HLO_to_P__primary_5y__M2__ridge__ISL,IDN,2010,2014,20,15.0,18.0,0.15789473684210525
PRIMARY_DELETE__HLO_to_P__primary_5y__M2__ridge__ISL,ITA,2010,2014,20,10.0,6.0,0.21052631578947367
PRIMARY_DELETE__HLO_to_P__primary_5y__M2__ridge__ISL,JOR,2010,2014,20,18.0,16.0,0.10526315789473684
PRIMARY_DELETE__HLO_to_P__primary_5y__M2__ridge__ISL,KAZ,2010,2014,20,13.0,14.0,0.05263157894736842
PRIMARY_DELETE__HLO_to_P__primary_5y__M2__ridge__ISL,KOR,2010,2014,20,2.0,4.0,0.10526315789473684
PRIMARY_DELETE__HLO_to_P__primary_5y__M2__ridge__ISL,MAR,2010,2014,20,19.0,17.0,0.10526315789473684
PRIMARY_DELETE__HLO_to_P__primary_5y__M2__ridge__ISL,MEX,2010,2014,20,7.0,15.0,0.42105263157894735
PRIMARY_DELETE__HLO_to_P__primary_5y__M2__ridge__ISL,OMN,2010,2014,20,11.0,13.0,0.10526315789473684
PRIMARY_DELETE__HLO_to_P__primary_5y__M2__ridge__ISL,POL,2010,2014,20,4.0,7.0,0.15789473684210525
PRIMARY_DELETE__HLO_to_P__primary_5y__M2__ridge__ISL,SAU,2010,2014,20,16.0,10.0,0.3157894736842105
PRIMARY_DELETE__HLO_to_P__primary_5y__M2__ridge__ISL,SRB,2010,2014,20,5.0,8.0,0.15789473684210525
PRIMARY_DELETE__HLO_to_P__primary_5y__M2__ridge__ISL,ZAF,2010,2014,20,14.0,19.0,0.2631578947368421
PRIMARY_DELETE__HLO_to_P__primary_5y__M2__ridge__ISL,AUS,2015,2017,9,4.0,3.0,0.125
PRIMARY_DELETE__HLO_to_P__primary_5y__M2__ridge__ISL,BHR,2015,2017,9,9.0,4.0,0.625
PRIMARY_DELETE__HLO_to_P__primary_5y__M2__ridge__ISL,DEU,2015,2017,9,3.0,1.0,0.25
PRIMARY_DELETE__HLO_to_P__primary_5y__M2__ridge__ISL,EGY,2015,2017,9,8.0,9.0,0.125
PRIMARY_DELETE__HLO_to_P__primary_5y__M2__ridge__ISL,IDN,2015,2017,9,7.0,8.0,0.125
PRIMARY_DELETE__HLO_to_P__primary_5y__M2__ridge__ISL,JPN,2015,2017,9,2.0,5.0,0.375
PRIMARY_DELETE__HLO_to_P__primary_5y__M2__ridge__ISL,POL,2015,2017,9,1.0,2.0,0.125
PRIMARY_DELETE__HLO_to_P__primary_5y__M2__ridge__ISL,RUS,2015,2017,9,5.0,6.0,0.125
PRIMARY_DELETE__HLO_to_P__primary_5y__M2__ridge__ISL,SAU,2015,2017,9,6.0,7.0,0.125
PRIMARY_DELETE__HLO_to_P__primary_5y__M2__ridge__ITA,ISL,2000,2004,7,2.0,3.0,0.16666666666666666
PRIMARY_DELETE__HLO_to_P__primary_5y__M2__ridge__ITA,LTU,2000,2004,7,4.0,5.0,0.16666666666666666
PRIMARY_DELETE__HLO_to_P__primary_5y__M2__ridge__ITA,NLD,2000,2004,7,3.0,1.0,0.3333333333333333
PRIMARY_DELETE__HLO_to_P__primary_5y__M2__ridge__ITA,NOR,2000,2004,7,1.0,2.0,0.16666666666666666
PRIMARY_DELETE__HLO_to_P__primary_5y__M2__ridge__ITA,PHL,2000,2004,7,6.0,7.0,0.16666666666666666
PRIMARY_DELETE__HLO_to_P__primary_5y__M2__ridge__ITA,USA,2000,2004,7,5.0,4.0,0.16666666666666666
PRIMARY_DELETE__HLO_to_P__primary_5y__M2__ridge__ITA,ZAF,2000,2004,7,7.0,6.0,0.16666666666666666
PRIMARY_DELETE__HLO_to_P__primary_5y__M2__ridge__ITA,AUT,2005,2009,16,2.0,4.0,0.13333333333333333
PRIMARY_DELETE__HLO_to_P__primary_5y__M2__ridge__ITA,BRA,2005,2009,16,11.0,12.0,0.06666666666666667
PRIMARY_DELETE__HLO_to_P__primary_5y__M2__ridge__ITA,CHL,2005,2009,16,12.0,10.0,0.13333333333333333
PRIMARY_DELETE__HLO_to_P__primary_5y__M2__ridge__ITA,CRI,2005,2009,16,9.0,9.0,0.0
PRIMARY_DELETE__HLO_to_P__primary_5y__M2__ridge__ITA,DEU,2005,2009,16,4.0,5.0,0.06666666666666667
PRIMARY_DELETE__HLO_to_P__primary_5y__M2__ridge__ITA,IDN,2005,2009,16,15.0,16.0,0.06666666666666667
PRIMARY_DELETE__HLO_to_P__primary_5y__M2__ridge__ITA,IRN,2005,2009,16,14.0,13.0,0.06666666666666667
PRIMARY_DELETE__HLO_to_P__primary_5y__M2__ridge__ITA,JPN,2005,2009,16,1.0,7.0,0.4
PRIMARY_DELETE__HLO_to_P__primary_5y__M2__ridge__ITA,MAR,2005,2009,16,16.0,15.0,0.06666666666666667
PRIMARY_DELETE__HLO_to_P__primary_5y__M2__ridge__ITA,NLD,2005,2009,16,3.0,3.0,0.0
PRIMARY_DELETE__HLO_to_P__primary_5y__M2__ridge__ITA,NOR,2005,2009,16,6.0,2.0,0.26666666666666666
PRIMARY_DELETE__HLO_to_P__primary_5y__M2__ridge__ITA,PER,2005,2009,16,8.0,14.0,0.4
PRIMARY_DELETE__HLO_to_P__primary_5y__M2__ridge__ITA,POL,2005,2009,16,7.0,6.0,0.06666666666666667
PRIMARY_DELETE__HLO_to_P__primary_5y__M2__ridge__ITA,QAT,2005,2009,16,13.0,11.0,0.13333333333333333
PRIMARY_DELETE__HLO_to_P__primary_5y__M2__ridge__ITA,SVN,2005,2009,16,5.0,1.0,0.26666666666666666
PRIMARY_DELETE__HLO_to_P__primary_5y__M2__ridge__ITA,UKR,2005,2009,16,10.0,8.0,0.13333333333333333
PRIMARY_DELETE__HLO_to_P__primary_5y__M2__ridge__ITA,BRA,2010,2014,19,9.0,11.0,0.1111111111111111
PRIMARY_DELETE__HLO_to_P__primary_5y__M2__ridge__ITA,CHL,2010,2014,19,16.0,8.0,0.4444444444444444
PRIMARY_DELETE__HLO_to_P__primary_5y__M2__ridge__ITA,COL,2010,2014,19,11.0,10.0,0.05555555555555555
PRIMARY_DELETE__HLO_to_P__primary_5y__M2__ridge__ITA,DEU,2010,2014,19,3.0,3.0,0.0
PRIMARY_DELETE__HLO_to_P__primary_5y__M2__ridge__ITA,ESP,2010,2014,19,6.0,2.0,0.2222222222222222
PRIMARY_DELETE__HLO_to_P__primary_5y__M2__ridge__ITA,FIN,2010,2014,19,1.0,1.0,0.0
PRIMARY_DELETE__HLO_to_P__primary_5y__M2__ridge__ITA,GHA,2010,2014,19,19.0,19.0,0.0
PRIMARY_DELETE__HLO_to_P__primary_5y__M2__ridge__ITA,HRV,2010,2014,19,8.0,5.0,0.16666666666666666
PRIMARY_DELETE__HLO_to_P__primary_5y__M2__ridge__ITA,IDN,2010,2014,19,14.0,17.0,0.16666666666666666
PRIMARY_DELETE__HLO_to_P__primary_5y__M2__ridge__ITA,JOR,2010,2014,19,17.0,15.0,0.1111111111111111
PRIMARY_DELETE__HLO_to_P__primary_5y__M2__ridge__ITA,KAZ,2010,2014,19,12.0,14.0,0.1111111111111111
PRIMARY_DELETE__HLO_to_P__primary_5y__M2__ridge__ITA,KOR,2010,2014,19,2.0,4.0,0.1111111111111111
PRIMARY_DELETE__HLO_to_P__primary_5y__M2__ridge__ITA,MAR,2010,2014,19,18.0,16.0,0.1111111111111111
PRIMARY_DELETE__HLO_to_P__primary_5y__M2__ridge__ITA,MEX,2010,2014,19,7.0,13.0,0.3333333333333333
PRIMARY_DELETE__HLO_to_P__primary_5y__M2__ridge__ITA,OMN,2010,2014,19,10.0,12.0,0.1111111111111111
PRIMARY_DELETE__HLO_to_P__primary_5y__M2__ridge__ITA,POL,2010,2014,19,4.0,6.0,0.1111111111111111
PRIMARY_DELETE__HLO_to_P__primary_5y__M2__ridge__ITA,SAU,2010,2014,19,15.0,9.0,0.3333333333333333
PRIMARY_DELETE__HLO_to_P__primary_5y__M2__ridge__ITA,SRB,2010,2014,19,5.0,7.0,0.1111111111111111
PRIMARY_DELETE__HLO_to_P__primary_5y__M2__ridge__ITA,ZAF,2010,2014,19,13.0,18.0,0.2777777777777778
PRIMARY_DELETE__HLO_to_P__primary_5y__M2__ridge__ITA,AUS,2015,2017,9,4.0,3.0,0.125
PRIMARY_DELETE__HLO_to_P__primary_5y__M2__ridge__ITA,BHR,2015,2017,9,9.0,4.0,0.625
PRIMARY_DELETE__HLO_to_P__primary_5y__M2__ridge__ITA,DEU,2015,2017,9,3.0,1.0,0.25
PRIMARY_DELETE__HLO_to_P__primary_5y__M2__ridge__ITA,EGY,2015,2017,9,8.0,9.0,0.125
PRIMARY_DELETE__HLO_to_P__primary_5y__M2__ridge__ITA,IDN,2015,2017,9,7.0,8.0,0.125
PRIMARY_DELETE__HLO_to_P__primary_5y__M2__ridge__ITA,JPN,2015,2017,9,2.0,5.0,0.375
PRIMARY_DELETE__HLO_to_P__primary_5y__M2__ridge__ITA,POL,2015,2017,9,1.0,2.0,0.125
PRIMARY_DELETE__HLO_to_P__primary_5y__M2__ridge__ITA,RUS,2015,2017,9,5.0,6.0,0.125
PRIMARY_DELETE__HLO_to_P__primary_5y__M2__ridge__ITA,SAU,2015,2017,9,6.0,7.0,0.125
PRIMARY_DELETE__HLO_to_P__primary_5y__M2__ridge__JOR,ISL,2000,2004,7,2.0,1.0,0.16666666666666666
PRIMARY_DELETE__HLO_to_P__primary_5y__M2__ridge__JOR,LTU,2000,2004,7,4.0,5.0,0.16666666666666666
PRIMARY_DELETE__HLO_to_P__primary_5y__M2__ridge__JOR,NLD,2000,2004,7,3.0,3.0,0.0
PRIMARY_DELETE__HLO_to_P__primary_5y__M2__ridge__JOR,NOR,2000,2004,7,1.0,2.0,0.16666666666666666
PRIMARY_DELETE__HLO_to_P__primary_5y__M2__ridge__JOR,PHL,2000,2004,7,6.0,7.0,0.16666666666666666
PRIMARY_DELETE__HLO_to_P__primary_5y__M2__ridge__JOR,USA,2000,2004,7,5.0,4.0,0.16666666666666666
PRIMARY_DELETE__HLO_to_P__primary_5y__M2__ridge__JOR,ZAF,2000,2004,7,7.0,6.0,0.16666666666666666
PRIMARY_DELETE__HLO_to_P__primary_5y__M2__ridge__JOR,AUT,2005,2009,17,2.0,4.0,0.125
PRIMARY_DELETE__HLO_to_P__primary_5y__M2__ridge__JOR,BRA,2005,2009,17,12.0,13.0,0.0625
PRIMARY_DELETE__HLO_to_P__primary_5y__M2__ridge__JOR,CHL,2005,2009,17,13.0,11.0,0.125
PRIMARY_DELETE__HLO_to_P__primary_5y__M2__ridge__JOR,CRI,2005,2009,17,10.0,9.0,0.0625
PRIMARY_DELETE__HLO_to_P__primary_5y__M2__ridge__JOR,DEU,2005,2009,17,4.0,5.0,0.0625
PRIMARY_DELETE__HLO_to_P__primary_5y__M2__ridge__JOR,IDN,2005,2009,17,16.0,17.0,0.0625
PRIMARY_DELETE__HLO_to_P__primary_5y__M2__ridge__JOR,IRN,2005,2009,17,15.0,14.0,0.0625
PRIMARY_DELETE__HLO_to_P__primary_5y__M2__ridge__JOR,ITA,2005,2009,17,9.0,6.0,0.1875
PRIMARY_DELETE__HLO_to_P__primary_5y__M2__ridge__JOR,JPN,2005,2009,17,1.0,8.0,0.4375
PRIMARY_DELETE__HLO_to_P__primary_5y__M2__ridge__JOR,MAR,2005,2009,17,17.0,16.0,0.0625
PRIMARY_DELETE__HLO_to_P__primary_5y__M2__ridge__JOR,NLD,2005,2009,17,3.0,2.0,0.0625
PRIMARY_DELETE__HLO_to_P__primary_5y__M2__ridge__JOR,NOR,2005,2009,17,6.0,1.0,0.3125
PRIMARY_DELETE__HLO_to_P__primary_5y__M2__ridge__JOR,PER,2005,2009,17,8.0,15.0,0.4375
PRIMARY_DELETE__HLO_to_P__primary_5y__M2__ridge__JOR,POL,2005,2009,17,7.0,7.0,0.0
PRIMARY_DELETE__HLO_to_P__primary_5y__M2__ridge__JOR,QAT,2005,2009,17,14.0,12.0,0.125
PRIMARY_DELETE__HLO_to_P__primary_5y__M2__ridge__JOR,SVN,2005,2009,17,5.0,3.0,0.125
PRIMARY_DELETE__HLO_to_P__primary_5y__M2__ridge__JOR,UKR,2005,2009,17,11.0,10.0,0.0625
PRIMARY_DELETE__HLO_to_P__primary_5y__M2__ridge__JOR,BRA,2010,2014,19,9.0,12.0,0.16666666666666666
PRIMARY_DELETE__HLO_to_P__primary_5y__M2__ridge__JOR,CHL,2010,2014,19,17.0,10.0,0.3888888888888889
PRIMARY_DELETE__HLO_to_P__primary_5y__M2__ridge__JOR,COL,2010,2014,19,12.0,13.0,0.05555555555555555
PRIMARY_DELETE__HLO_to_P__primary_5y__M2__ridge__JOR,DEU,2010,2014,19,3.0,3.0,0.0
PRIMARY_DELETE__HLO_to_P__primary_5y__M2__ridge__JOR,ESP,2010,2014,19,6.0,2.0,0.2222222222222222
PRIMARY_DELETE__HLO_to_P__primary_5y__M2__ridge__JOR,FIN,2010,2014,19,1.0,1.0,0.0
PRIMARY_DELETE__HLO_to_P__primary_5y__M2__ridge__JOR,GHA,2010,2014,19,19.0,18.0,0.05555555555555555
PRIMARY_DELETE__HLO_to_P__primary_5y__M2__ridge__JOR,HRV,2010,2014,19,8.0,5.0,0.16666666666666666
PRIMARY_DELETE__HLO_to_P__primary_5y__M2__ridge__JOR,IDN,2010,2014,19,15.0,17.0,0.1111111111111111
PRIMARY_DELETE__HLO_to_P__primary_5y__M2__ridge__JOR,ITA,2010,2014,19,10.0,6.0,0.2222222222222222
PRIMARY_DELETE__HLO_to_P__primary_5y__M2__ridge__JOR,KAZ,2010,2014,19,13.0,15.0,0.1111111111111111
PRIMARY_DELETE__HLO_to_P__primary_5y__M2__ridge__JOR,KOR,2010,2014,19,2.0,4.0,0.1111111111111111
PRIMARY_DELETE__HLO_to_P__primary_5y__M2__ridge__JOR,MAR,2010,2014,19,18.0,16.0,0.1111111111111111
PRIMARY_DELETE__HLO_to_P__primary_5y__M2__ridge__JOR,MEX,2010,2014,19,7.0,14.0,0.3888888888888889
PRIMARY_DELETE__HLO_to_P__primary_5y__M2__ridge__JOR,OMN,2010,2014,19,11.0,11.0,0.0
PRIMARY_DELETE__HLO_to_P__primary_5y__M2__ridge__JOR,POL,2010,2014,19,4.0,7.0,0.16666666666666666
PRIMARY_DELETE__HLO_to_P__primary_5y__M2__ridge__JOR,SAU,2010,2014,19,16.0,9.0,0.3888888888888889
PRIMARY_DELETE__HLO_to_P__primary_5y__M2__ridge__JOR,SRB,2010,2014,19,5.0,8.0,0.16666666666666666
PRIMARY_DELETE__HLO_to_P__primary_5y__M2__ridge__JOR,ZAF,2010,2014,19,14.0,19.0,0.2777777777777778
PRIMARY_DELETE__HLO_to_P__primary_5y__M2__ridge__JOR,AUS,2015,2017,9,4.0,4.0,0.0
PRIMARY_DELETE__HLO_to_P__primary_5y__M2__ridge__JOR,BHR,2015,2017,9,9.0,3.0,0.75
PRIMARY_DELETE__HLO_to_P__primary_5y__M2__ridge__JOR,DEU,2015,2017,9,3.0,1.0,0.25
PRIMARY_DELETE__HLO_to_P__primary_5y__M2__ridge__JOR,EGY,2015,2017,9,8.0,9.0,0.125
PRIMARY_DELETE__HLO_to_P__primary_5y__M2__ridge__JOR,IDN,2015,2017,9,7.0,8.0,0.125
PRIMARY_DELETE__HLO_to_P__primary_5y__M2__ridge__JOR,JPN,2015,2017,9,2.0,6.0,0.5
PRIMARY_DELETE__HLO_to_P__primary_5y__M2__ridge__JOR,POL,2015,2017,9,1.0,2.0,0.125
PRIMARY_DELETE__HLO_to_P__primary_5y__M2__ridge__JOR,RUS,2015,2017,9,5.0,7.0,0.25
PRIMARY_DELETE__HLO_to_P__primary_5y__M2__ridge__JOR,SAU,2015,2017,9,6.0,5.0,0.125
PRIMARY_DELETE__HLO_to_P__primary_5y__M2__ridge__JPN,ISL,2000,2004,7,2.0,2.0,0.0
PRIMARY_DELETE__HLO_to_P__primary_5y__M2__ridge__JPN,LTU,2000,2004,7,4.0,5.0,0.16666666666666666
PRIMARY_DELETE__HLO_to_P__primary_5y__M2__ridge__JPN,NLD,2000,2004,7,3.0,3.0,0.0
PRIMARY_DELETE__HLO_to_P__primary_5y__M2__ridge__JPN,NOR,2000,2004,7,1.0,1.0,0.0
PRIMARY_DELETE__HLO_to_P__primary_5y__M2__ridge__JPN,PHL,2000,2004,7,6.0,7.0,0.16666666666666666
PRIMARY_DELETE__HLO_to_P__primary_5y__M2__ridge__JPN,USA,2000,2004,7,5.0,4.0,0.16666666666666666
PRIMARY_DELETE__HLO_to_P__primary_5y__M2__ridge__JPN,ZAF,2000,2004,7,7.0,6.0,0.16666666666666666
PRIMARY_DELETE__HLO_to_P__primary_5y__M2__ridge__JPN,AUT,2005,2009,16,1.0,4.0,0.2
PRIMARY_DELETE__HLO_to_P__primary_5y__M2__ridge__JPN,BRA,2005,2009,16,11.0,12.0,0.06666666666666667
PRIMARY_DELETE__HLO_to_P__primary_5y__M2__ridge__JPN,CHL,2005,2009,16,12.0,10.0,0.13333333333333333
PRIMARY_DELETE__HLO_to_P__primary_5y__M2__ridge__JPN,CRI,2005,2009,16,9.0,9.0,0.0
PRIMARY_DELETE__HLO_to_P__primary_5y__M2__ridge__JPN,DEU,2005,2009,16,3.0,7.0,0.26666666666666666
PRIMARY_DELETE__HLO_to_P__primary_5y__M2__ridge__JPN,IDN,2005,2009,16,15.0,16.0,0.06666666666666667
PRIMARY_DELETE__HLO_to_P__primary_5y__M2__ridge__JPN,IRN,2005,2009,16,14.0,13.0,0.06666666666666667
PRIMARY_DELETE__HLO_to_P__primary_5y__M2__ridge__JPN,ITA,2005,2009,16,8.0,5.0,0.2
PRIMARY_DELETE__HLO_to_P__primary_5y__M2__ridge__JPN,MAR,2005,2009,16,16.0,15.0,0.06666666666666667
PRIMARY_DELETE__HLO_to_P__primary_5y__M2__ridge__JPN,NLD,2005,2009,16,2.0,3.0,0.06666666666666667
PRIMARY_DELETE__HLO_to_P__primary_5y__M2__ridge__JPN,NOR,2005,2009,16,5.0,1.0,0.26666666666666666
PRIMARY_DELETE__HLO_to_P__primary_5y__M2__ridge__JPN,PER,2005,2009,16,7.0,14.0,0.4666666666666667
PRIMARY_DELETE__HLO_to_P__primary_5y__M2__ridge__JPN,POL,2005,2009,16,6.0,6.0,0.0
PRIMARY_DELETE__HLO_to_P__primary_5y__M2__ridge__JPN,QAT,2005,2009,16,13.0,11.0,0.13333333333333333
PRIMARY_DELETE__HLO_to_P__primary_5y__M2__ridge__JPN,SVN,2005,2009,16,4.0,2.0,0.13333333333333333
PRIMARY_DELETE__HLO_to_P__primary_5y__M2__ridge__JPN,UKR,2005,2009,16,10.0,8.0,0.13333333333333333
PRIMARY_DELETE__HLO_to_P__primary_5y__M2__ridge__JPN,BRA,2010,2014,20,9.0,13.0,0.21052631578947367
PRIMARY_DELETE__HLO_to_P__primary_5y__M2__ridge__JPN,CHL,2010,2014,20,17.0,10.0,0.3684210526315789
PRIMARY_DELETE__HLO_to_P__primary_5y__M2__ridge__JPN,COL,2010,2014,20,12.0,11.0,0.05263157894736842
PRIMARY_DELETE__HLO_to_P__primary_5y__M2__ridge__JPN,DEU,2010,2014,20,3.0,3.0,0.0
PRIMARY_DELETE__HLO_to_P__primary_5y__M2__ridge__JPN,ESP,2010,2014,20,6.0,2.0,0.21052631578947367
PRIMARY_DELETE__HLO_to_P__primary_5y__M2__ridge__JPN,FIN,2010,2014,20,1.0,1.0,0.0
PRIMARY_DELETE__HLO_to_P__primary_5y__M2__ridge__JPN,GHA,2010,2014,20,20.0,20.0,0.0
PRIMARY_DELETE__HLO_to_P__primary_5y__M2__ridge__JPN,HRV,2010,2014,20,8.0,4.0,0.21052631578947367
PRIMARY_DELETE__HLO_to_P__primary_5y__M2__ridge__JPN,IDN,2010,2014,20,15.0,18.0,0.15789473684210525
PRIMARY_DELETE__HLO_to_P__primary_5y__M2__ridge__JPN,ITA,2010,2014,20,10.0,6.0,0.21052631578947367
PRIMARY_DELETE__HLO_to_P__primary_5y__M2__ridge__JPN,JOR,2010,2014,20,18.0,14.0,0.21052631578947367
PRIMARY_DELETE__HLO_to_P__primary_5y__M2__ridge__JPN,KAZ,2010,2014,20,13.0,16.0,0.15789473684210525
PRIMARY_DELETE__HLO_to_P__primary_5y__M2__ridge__JPN,KOR,2010,2014,20,2.0,7.0,0.2631578947368421
PRIMARY_DELETE__HLO_to_P__primary_5y__M2__ridge__JPN,MAR,2010,2014,20,19.0,17.0,0.10526315789473684
PRIMARY_DELETE__HLO_to_P__primary_5y__M2__ridge__JPN,MEX,2010,2014,20,7.0,15.0,0.42105263157894735
PRIMARY_DELETE__HLO_to_P__primary_5y__M2__ridge__JPN,OMN,2010,2014,20,11.0,12.0,0.05263157894736842
PRIMARY_DELETE__HLO_to_P__primary_5y__M2__ridge__JPN,POL,2010,2014,20,4.0,5.0,0.05263157894736842
PRIMARY_DELETE__HLO_to_P__primary_5y__M2__ridge__JPN,SAU,2010,2014,20,16.0,9.0,0.3684210526315789
PRIMARY_DELETE__HLO_to_P__primary_5y__M2__ridge__JPN,SRB,2010,2014,20,5.0,8.0,0.15789473684210525
PRIMARY_DELETE__HLO_to_P__primary_5y__M2__ridge__JPN,ZAF,2010,2014,20,14.0,19.0,0.2631578947368421
PRIMARY_DELETE__HLO_to_P__primary_5y__M2__ridge__JPN,AUS,2015,2017,8,3.0,3.0,0.0
PRIMARY_DELETE__HLO_to_P__primary_5y__M2__ridge__JPN,BHR,2015,2017,8,8.0,5.0,0.42857142857142855
PRIMARY_DELETE__HLO_to_P__primary_5y__M2__ridge__JPN,DEU,2015,2017,8,2.0,2.0,0.0
PRIMARY_DELETE__HLO_to_P__primary_5y__M2__ridge__JPN,EGY,2015,2017,8,7.0,8.0,0.14285714285714285
PRIMARY_DELETE__HLO_to_P__primary_5y__M2__ridge__JPN,IDN,2015,2017,8,6.0,7.0,0.14285714285714285
PRIMARY_DELETE__HLO_to_P__primary_5y__M2__ridge__JPN,POL,2015,2017,8,1.0,1.0,0.0
PRIMARY_DELETE__HLO_to_P__primary_5y__M2__ridge__JPN,RUS,2015,2017,8,4.0,6.0,0.2857142857142857
PRIMARY_DELETE__HLO_to_P__primary_5y__M2__ridge__JPN,SAU,2015,2017,8,5.0,4.0,0.14285714285714285
PRIMARY_DELETE__HLO_to_P__primary_5y__M2__ridge__KAZ,ISL,2000,2004,7,2.0,3.0,0.16666666666666666
PRIMARY_DELETE__HLO_to_P__primary_5y__M2__ridge__KAZ,LTU,2000,2004,7,4.0,5.0,0.16666666666666666
PRIMARY_DELETE__HLO_to_P__primary_5y__M2__ridge__KAZ,NLD,2000,2004,7,3.0,1.0,0.3333333333333333
PRIMARY_DELETE__HLO_to_P__primary_5y__M2__ridge__KAZ,NOR,2000,2004,7,1.0,2.0,0.16666666666666666
PRIMARY_DELETE__HLO_to_P__primary_5y__M2__ridge__KAZ,PHL,2000,2004,7,6.0,7.0,0.16666666666666666
PRIMARY_DELETE__HLO_to_P__primary_5y__M2__ridge__KAZ,USA,2000,2004,7,5.0,4.0,0.16666666666666666
PRIMARY_DELETE__HLO_to_P__primary_5y__M2__ridge__KAZ,ZAF,2000,2004,7,7.0,6.0,0.16666666666666666
PRIMARY_DELETE__HLO_to_P__primary_5y__M2__ridge__KAZ,AUT,2005,2009,17,2.0,4.0,0.125
PRIMARY_DELETE__HLO_to_P__primary_5y__M2__ridge__KAZ,BRA,2005,2009,17,12.0,13.0,0.0625
PRIMARY_DELETE__HLO_to_P__primary_5y__M2__ridge__KAZ,CHL,2005,2009,17,13.0,11.0,0.125
PRIMARY_DELETE__HLO_to_P__primary_5y__M2__ridge__KAZ,CRI,2005,2009,17,10.0,10.0,0.0
PRIMARY_DELETE__HLO_to_P__primary_5y__M2__ridge__KAZ,DEU,2005,2009,17,4.0,6.0,0.125
PRIMARY_DELETE__HLO_to_P__primary_5y__M2__ridge__KAZ,IDN,2005,2009,17,16.0,17.0,0.0625
PRIMARY_DELETE__HLO_to_P__primary_5y__M2__ridge__KAZ,IRN,2005,2009,17,15.0,14.0,0.0625
PRIMARY_DELETE__HLO_to_P__primary_5y__M2__ridge__KAZ,ITA,2005,2009,17,9.0,5.0,0.25
PRIMARY_DELETE__HLO_to_P__primary_5y__M2__ridge__KAZ,JPN,2005,2009,17,1.0,8.0,0.4375
PRIMARY_DELETE__HLO_to_P__primary_5y__M2__ridge__KAZ,MAR,2005,2009,17,17.0,15.0,0.125
PRIMARY_DELETE__HLO_to_P__primary_5y__M2__ridge__KAZ,NLD,2005,2009,17,3.0,3.0,0.0
PRIMARY_DELETE__HLO_to_P__primary_5y__M2__ridge__KAZ,NOR,2005,2009,17,6.0,2.0,0.25
PRIMARY_DELETE__HLO_to_P__primary_5y__M2__ridge__KAZ,PER,2005,2009,17,8.0,16.0,0.5
PRIMARY_DELETE__HLO_to_P__primary_5y__M2__ridge__KAZ,POL,2005,2009,17,7.0,7.0,0.0
PRIMARY_DELETE__HLO_to_P__primary_5y__M2__ridge__KAZ,QAT,2005,2009,17,14.0,12.0,0.125
PRIMARY_DELETE__HLO_to_P__primary_5y__M2__ridge__KAZ,SVN,2005,2009,17,5.0,1.0,0.25
PRIMARY_DELETE__HLO_to_P__primary_5y__M2__ridge__KAZ,UKR,2005,2009,17,11.0,9.0,0.125
PRIMARY_DELETE__HLO_to_P__primary_5y__M2__ridge__KAZ,BRA,2010,2014,19,9.0,12.0,0.16666666666666666
PRIMARY_DELETE__HLO_to_P__primary_5y__M2__ridge__KAZ,CHL,2010,2014,19,16.0,9.0,0.3888888888888889
PRIMARY_DELETE__HLO_to_P__primary_5y__M2__ridge__KAZ,COL,2010,2014,19,12.0,11.0,0.05555555555555555
PRIMARY_DELETE__HLO_to_P__primary_5y__M2__ridge__KAZ,DEU,2010,2014,19,3.0,3.0,0.0
PRIMARY_DELETE__HLO_to_P__primary_5y__M2__ridge__KAZ,ESP,2010,2014,19,6.0,2.0,0.2222222222222222
PRIMARY_DELETE__HLO_to_P__primary_5y__M2__ridge__KAZ,FIN,2010,2014,19,1.0,1.0,0.0
PRIMARY_DELETE__HLO_to_P__primary_5y__M2__ridge__KAZ,GHA,2010,2014,19,19.0,19.0,0.0
PRIMARY_DELETE__HLO_to_P__primary_5y__M2__ridge__KAZ,HRV,2010,2014,19,8.0,5.0,0.16666666666666666
PRIMARY_DELETE__HLO_to_P__primary_5y__M2__ridge__KAZ,IDN,2010,2014,19,14.0,17.0,0.16666666666666666
PRIMARY_DELETE__HLO_to_P__primary_5y__M2__ridge__KAZ,ITA,2010,2014,19,10.0,6.0,0.2222222222222222
PRIMARY_DELETE__HLO_to_P__primary_5y__M2__ridge__KAZ,JOR,2010,2014,19,17.0,14.0,0.16666666666666666
PRIMARY_DELETE__HLO_to_P__primary_5y__M2__ridge__KAZ,KOR,2010,2014,19,2.0,4.0,0.1111111111111111
PRIMARY_DELETE__HLO_to_P__primary_5y__M2__ridge__KAZ,MAR,2010,2014,19,18.0,16.0,0.1111111111111111
PRIMARY_DELETE__HLO_to_P__primary_5y__M2__ridge__KAZ,MEX,2010,2014,19,7.0,15.0,0.4444444444444444
PRIMARY_DELETE__HLO_to_P__primary_5y__M2__ridge__KAZ,OMN,2010,2014,19,11.0,13.0,0.1111111111111111
PRIMARY_DELETE__HLO_to_P__primary_5y__M2__ridge__KAZ,POL,2010,2014,19,4.0,7.0,0.16666666666666666
PRIMARY_DELETE__HLO_to_P__primary_5y__M2__ridge__KAZ,SAU,2010,2014,19,15.0,10.0,0.2777777777777778
PRIMARY_DELETE__HLO_to_P__primary_5y__M2__ridge__KAZ,SRB,2010,2014,19,5.0,8.0,0.16666666666666666
PRIMARY_DELETE__HLO_to_P__primary_5y__M2__ridge__KAZ,ZAF,2010,2014,19,13.0,18.0,0.2777777777777778
PRIMARY_DELETE__HLO_to_P__primary_5y__M2__ridge__KAZ,AUS,2015,2017,9,4.0,3.0,0.125
PRIMARY_DELETE__HLO_to_P__primary_5y__M2__ridge__KAZ,BHR,2015,2017,9,9.0,4.0,0.625
PRIMARY_DELETE__HLO_to_P__primary_5y__M2__ridge__KAZ,DEU,2015,2017,9,3.0,1.0,0.25
PRIMARY_DELETE__HLO_to_P__primary_5y__M2__ridge__KAZ,EGY,2015,2017,9,8.0,9.0,0.125
PRIMARY_DELETE__HLO_to_P__primary_5y__M2__ridge__KAZ,IDN,2015,2017,9,7.0,8.0,0.125
PRIMARY_DELETE__HLO_to_P__primary_5y__M2__ridge__KAZ,JPN,2015,2017,9,2.0,5.0,0.375
PRIMARY_DELETE__HLO_to_P__primary_5y__M2__ridge__KAZ,POL,2015,2017,9,1.0,2.0,0.125
PRIMARY_DELETE__HLO_to_P__primary_5y__M2__ridge__KAZ,RUS,2015,2017,9,5.0,7.0,0.25
PRIMARY_DELETE__HLO_to_P__primary_5y__M2__ridge__KAZ,SAU,2015,2017,9,6.0,6.0,0.0
PRIMARY_DELETE__HLO_to_P__primary_5y__M2__ridge__KOR,ISL,2000,2004,7,2.0,3.0,0.16666666666666666
PRIMARY_DELETE__HLO_to_P__primary_5y__M2__ridge__KOR,LTU,2000,2004,7,4.0,5.0,0.16666666666666666
PRIMARY_DELETE__HLO_to_P__primary_5y__M2__ridge__KOR,NLD,2000,2004,7,3.0,2.0,0.16666666666666666
PRIMARY_DELETE__HLO_to_P__primary_5y__M2__ridge__KOR,NOR,2000,2004,7,1.0,1.0,0.0
PRIMARY_DELETE__HLO_to_P__primary_5y__M2__ridge__KOR,PHL,2000,2004,7,6.0,7.0,0.16666666666666666
PRIMARY_DELETE__HLO_to_P__primary_5y__M2__ridge__KOR,USA,2000,2004,7,5.0,4.0,0.16666666666666666
PRIMARY_DELETE__HLO_to_P__primary_5y__M2__ridge__KOR,ZAF,2000,2004,7,7.0,6.0,0.16666666666666666
PRIMARY_DELETE__HLO_to_P__primary_5y__M2__ridge__KOR,AUT,2005,2009,17,2.0,4.0,0.125
PRIMARY_DELETE__HLO_to_P__primary_5y__M2__ridge__KOR,BRA,2005,2009,17,12.0,13.0,0.0625
PRIMARY_DELETE__HLO_to_P__primary_5y__M2__ridge__KOR,CHL,2005,2009,17,13.0,11.0,0.125
PRIMARY_DELETE__HLO_to_P__primary_5y__M2__ridge__KOR,CRI,2005,2009,17,10.0,10.0,0.0
PRIMARY_DELETE__HLO_to_P__primary_5y__M2__ridge__KOR,DEU,2005,2009,17,4.0,6.0,0.125
PRIMARY_DELETE__HLO_to_P__primary_5y__M2__ridge__KOR,IDN,2005,2009,17,16.0,17.0,0.0625
PRIMARY_DELETE__HLO_to_P__primary_5y__M2__ridge__KOR,IRN,2005,2009,17,15.0,14.0,0.0625
PRIMARY_DELETE__HLO_to_P__primary_5y__M2__ridge__KOR,ITA,2005,2009,17,9.0,5.0,0.25
PRIMARY_DELETE__HLO_to_P__primary_5y__M2__ridge__KOR,JPN,2005,2009,17,1.0,8.0,0.4375
PRIMARY_DELETE__HLO_to_P__primary_5y__M2__ridge__KOR,MAR,2005,2009,17,17.0,15.0,0.125
PRIMARY_DELETE__HLO_to_P__primary_5y__M2__ridge__KOR,NLD,2005,2009,17,3.0,3.0,0.0
PRIMARY_DELETE__HLO_to_P__primary_5y__M2__ridge__KOR,NOR,2005,2009,17,6.0,1.0,0.3125
PRIMARY_DELETE__HLO_to_P__primary_5y__M2__ridge__KOR,PER,2005,2009,17,8.0,16.0,0.5
PRIMARY_DELETE__HLO_to_P__primary_5y__M2__ridge__KOR,POL,2005,2009,17,7.0,7.0,0.0
PRIMARY_DELETE__HLO_to_P__primary_5y__M2__ridge__KOR,QAT,2005,2009,17,14.0,12.0,0.125
PRIMARY_DELETE__HLO_to_P__primary_5y__M2__ridge__KOR,SVN,2005,2009,17,5.0,2.0,0.1875
PRIMARY_DELETE__HLO_to_P__primary_5y__M2__ridge__KOR,UKR,2005,2009,17,11.0,9.0,0.125
PRIMARY_DELETE__HLO_to_P__primary_5y__M2__ridge__KOR,BRA,2010,2014,19,8.0,11.0,0.16666666666666666
PRIMARY_DELETE__HLO_to_P__primary_5y__M2__ridge__KOR,CHL,2010,2014,19,16.0,9.0,0.3888888888888889
PRIMARY_DELETE__HLO_to_P__primary_5y__M2__ridge__KOR,COL,2010,2014,19,11.0,10.0,0.05555555555555555
PRIMARY_DELETE__HLO_to_P__primary_5y__M2__ridge__KOR,DEU,2010,2014,19,2.0,3.0,0.05555555555555555
PRIMARY_DELETE__HLO_to_P__primary_5y__M2__ridge__KOR,ESP,2010,2014,19,5.0,2.0,0.16666666666666666
PRIMARY_DELETE__HLO_to_P__primary_5y__M2__ridge__KOR,FIN,2010,2014,19,1.0,1.0,0.0
PRIMARY_DELETE__HLO_to_P__primary_5y__M2__ridge__KOR,GHA,2010,2014,19,19.0,19.0,0.0
PRIMARY_DELETE__HLO_to_P__primary_5y__M2__ridge__KOR,HRV,2010,2014,19,7.0,4.0,0.16666666666666666
PRIMARY_DELETE__HLO_to_P__primary_5y__M2__ridge__KOR,IDN,2010,2014,19,14.0,17.0,0.16666666666666666
PRIMARY_DELETE__HLO_to_P__primary_5y__M2__ridge__KOR,ITA,2010,2014,19,9.0,5.0,0.2222222222222222
PRIMARY_DELETE__HLO_to_P__primary_5y__M2__ridge__KOR,JOR,2010,2014,19,17.0,13.0,0.2222222222222222
PRIMARY_DELETE__HLO_to_P__primary_5y__M2__ridge__KOR,KAZ,2010,2014,19,12.0,15.0,0.16666666666666666
PRIMARY_DELETE__HLO_to_P__primary_5y__M2__ridge__KOR,MAR,2010,2014,19,18.0,16.0,0.1111111111111111
PRIMARY_DELETE__HLO_to_P__primary_5y__M2__ridge__KOR,MEX,2010,2014,19,6.0,14.0,0.4444444444444444
PRIMARY_DELETE__HLO_to_P__primary_5y__M2__ridge__KOR,OMN,2010,2014,19,10.0,12.0,0.1111111111111111
PRIMARY_DELETE__HLO_to_P__primary_5y__M2__ridge__KOR,POL,2010,2014,19,3.0,6.0,0.16666666666666666
PRIMARY_DELETE__HLO_to_P__primary_5y__M2__ridge__KOR,SAU,2010,2014,19,15.0,7.0,0.4444444444444444
PRIMARY_DELETE__HLO_to_P__primary_5y__M2__ridge__KOR,SRB,2010,2014,19,4.0,8.0,0.2222222222222222
PRIMARY_DELETE__HLO_to_P__primary_5y__M2__ridge__KOR,ZAF,2010,2014,19,13.0,18.0,0.2777777777777778
PRIMARY_DELETE__HLO_to_P__primary_5y__M2__ridge__KOR,AUS,2015,2017,9,4.0,4.0,0.0
PRIMARY_DELETE__HLO_to_P__primary_5y__M2__ridge__KOR,BHR,2015,2017,9,9.0,5.0,0.5
PRIMARY_DELETE__HLO_to_P__primary_5y__M2__ridge__KOR,DEU,2015,2017,9,3.0,1.0,0.25
PRIMARY_DELETE__HLO_to_P__primary_5y__M2__ridge__KOR,EGY,2015,2017,9,8.0,9.0,0.125
PRIMARY_DELETE__HLO_to_P__primary_5y__M2__ridge__KOR,IDN,2015,2017,9,7.0,8.0,0.125
PRIMARY_DELETE__HLO_to_P__primary_5y__M2__ridge__KOR,JPN,2015,2017,9,2.0,7.0,0.625
PRIMARY_DELETE__HLO_to_P__primary_5y__M2__ridge__KOR,POL,2015,2017,9,1.0,2.0,0.125
PRIMARY_DELETE__HLO_to_P__primary_5y__M2__ridge__KOR,RUS,2015,2017,9,5.0,6.0,0.125
PRIMARY_DELETE__HLO_to_P__primary_5y__M2__ridge__KOR,SAU,2015,2017,9,6.0,3.0,0.375
PRIMARY_DELETE__HLO_to_P__primary_5y__M2__ridge__LTU,ISL,2000,2004,6,2.0,3.0,0.2
PRIMARY_DELETE__HLO_to_P__primary_5y__M2__ridge__LTU,NLD,2000,2004,6,3.0,1.0,0.4
PRIMARY_DELETE__HLO_to_P__primary_5y__M2__ridge__LTU,NOR,2000,2004,6,1.0,2.0,0.2
PRIMARY_DELETE__HLO_to_P__primary_5y__M2__ridge__LTU,PHL,2000,2004,6,5.0,6.0,0.2
PRIMARY_DELETE__HLO_to_P__primary_5y__M2__ridge__LTU,USA,2000,2004,6,4.0,4.0,0.0
PRIMARY_DELETE__HLO_to_P__primary_5y__M2__ridge__LTU,ZAF,2000,2004,6,6.0,5.0,0.2
PRIMARY_DELETE__HLO_to_P__primary_5y__M2__ridge__LTU,AUT,2005,2009,17,2.0,4.0,0.125
PRIMARY_DELETE__HLO_to_P__primary_5y__M2__ridge__LTU,BRA,2005,2009,17,12.0,13.0,0.0625
PRIMARY_DELETE__HLO_to_P__primary_5y__M2__ridge__LTU,CHL,2005,2009,17,13.0,11.0,0.125
PRIMARY_DELETE__HLO_to_P__primary_5y__M2__ridge__LTU,CRI,2005,2009,17,10.0,10.0,0.0
PRIMARY_DELETE__HLO_to_P__primary_5y__M2__ridge__LTU,DEU,2005,2009,17,4.0,5.0,0.0625
PRIMARY_DELETE__HLO_to_P__primary_5y__M2__ridge__LTU,IDN,2005,2009,17,16.0,17.0,0.0625
PRIMARY_DELETE__HLO_to_P__primary_5y__M2__ridge__LTU,IRN,2005,2009,17,15.0,14.0,0.0625
PRIMARY_DELETE__HLO_to_P__primary_5y__M2__ridge__LTU,ITA,2005,2009,17,9.0,6.0,0.1875
PRIMARY_DELETE__HLO_to_P__primary_5y__M2__ridge__LTU,JPN,2005,2009,17,1.0,8.0,0.4375
PRIMARY_DELETE__HLO_to_P__primary_5y__M2__ridge__LTU,MAR,2005,2009,17,17.0,16.0,0.0625
PRIMARY_DELETE__HLO_to_P__primary_5y__M2__ridge__LTU,NLD,2005,2009,17,3.0,3.0,0.0
PRIMARY_DELETE__HLO_to_P__primary_5y__M2__ridge__LTU,NOR,2005,2009,17,6.0,1.0,0.3125
PRIMARY_DELETE__HLO_to_P__primary_5y__M2__ridge__LTU,PER,2005,2009,17,8.0,15.0,0.4375
PRIMARY_DELETE__HLO_to_P__primary_5y__M2__ridge__LTU,POL,2005,2009,17,7.0,7.0,0.0
PRIMARY_DELETE__HLO_to_P__primary_5y__M2__ridge__LTU,QAT,2005,2009,17,14.0,12.0,0.125
PRIMARY_DELETE__HLO_to_P__primary_5y__M2__ridge__LTU,SVN,2005,2009,17,5.0,2.0,0.1875
PRIMARY_DELETE__HLO_to_P__primary_5y__M2__ridge__LTU,UKR,2005,2009,17,11.0,9.0,0.125
PRIMARY_DELETE__HLO_to_P__primary_5y__M2__ridge__LTU,BRA,2010,2014,20,9.0,12.0,0.15789473684210525
PRIMARY_DELETE__HLO_to_P__primary_5y__M2__ridge__LTU,CHL,2010,2014,20,17.0,9.0,0.42105263157894735
PRIMARY_DELETE__HLO_to_P__primary_5y__M2__ridge__LTU,COL,2010,2014,20,12.0,11.0,0.05263157894736842
PRIMARY_DELETE__HLO_to_P__primary_5y__M2__ridge__LTU,DEU,2010,2014,20,3.0,3.0,0.0
PRIMARY_DELETE__HLO_to_P__primary_5y__M2__ridge__LTU,ESP,2010,2014,20,6.0,2.0,0.21052631578947367
PRIMARY_DELETE__HLO_to_P__primary_5y__M2__ridge__LTU,FIN,2010,2014,20,1.0,1.0,0.0
PRIMARY_DELETE__HLO_to_P__primary_5y__M2__ridge__LTU,GHA,2010,2014,20,20.0,20.0,0.0
PRIMARY_DELETE__HLO_to_P__primary_5y__M2__ridge__LTU,HRV,2010,2014,20,8.0,5.0,0.15789473684210525
PRIMARY_DELETE__HLO_to_P__primary_5y__M2__ridge__LTU,IDN,2010,2014,20,15.0,18.0,0.15789473684210525
PRIMARY_DELETE__HLO_to_P__primary_5y__M2__ridge__LTU,ITA,2010,2014,20,10.0,6.0,0.21052631578947367
PRIMARY_DELETE__HLO_to_P__primary_5y__M2__ridge__LTU,JOR,2010,2014,20,18.0,14.0,0.21052631578947367
PRIMARY_DELETE__HLO_to_P__primary_5y__M2__ridge__LTU,KAZ,2010,2014,20,13.0,16.0,0.15789473684210525
PRIMARY_DELETE__HLO_to_P__primary_5y__M2__ridge__LTU,KOR,2010,2014,20,2.0,4.0,0.10526315789473684
PRIMARY_DELETE__HLO_to_P__primary_5y__M2__ridge__LTU,MAR,2010,2014,20,19.0,17.0,0.10526315789473684
PRIMARY_DELETE__HLO_to_P__primary_5y__M2__ridge__LTU,MEX,2010,2014,20,7.0,15.0,0.42105263157894735
PRIMARY_DELETE__HLO_to_P__primary_5y__M2__ridge__LTU,OMN,2010,2014,20,11.0,13.0,0.10526315789473684
PRIMARY_DELETE__HLO_to_P__primary_5y__M2__ridge__LTU,POL,2010,2014,20,4.0,7.0,0.15789473684210525
PRIMARY_DELETE__HLO_to_P__primary_5y__M2__ridge__LTU,SAU,2010,2014,20,16.0,10.0,0.3157894736842105
PRIMARY_DELETE__HLO_to_P__primary_5y__M2__ridge__LTU,SRB,2010,2014,20,5.0,8.0,0.15789473684210525
PRIMARY_DELETE__HLO_to_P__primary_5y__M2__ridge__LTU,ZAF,2010,2014,20,14.0,19.0,0.2631578947368421
PRIMARY_DELETE__HLO_to_P__primary_5y__M2__ridge__LTU,AUS,2015,2017,9,4.0,3.0,0.125
PRIMARY_DELETE__HLO_to_P__primary_5y__M2__ridge__LTU,BHR,2015,2017,9,9.0,4.0,0.625
PRIMARY_DELETE__HLO_to_P__primary_5y__M2__ridge__LTU,DEU,2015,2017,9,3.0,1.0,0.25
PRIMARY_DELETE__HLO_to_P__primary_5y__M2__ridge__LTU,EGY,2015,2017,9,8.0,9.0,0.125
PRIMARY_DELETE__HLO_to_P__primary_5y__M2__ridge__LTU,IDN,2015,2017,9,7.0,8.0,0.125
PRIMARY_DELETE__HLO_to_P__primary_5y__M2__ridge__LTU,JPN,2015,2017,9,2.0,5.0,0.375
PRIMARY_DELETE__HLO_to_P__primary_5y__M2__ridge__LTU,POL,2015,2017,9,1.0,2.0,0.125
PRIMARY_DELETE__HLO_to_P__primary_5y__M2__ridge__LTU,RUS,2015,2017,9,5.0,7.0,0.25
PRIMARY_DELETE__HLO_to_P__primary_5y__M2__ridge__LTU,SAU,2015,2017,9,6.0,6.0,0.0
PRIMARY_DELETE__HLO_to_P__primary_5y__M2__ridge__MAR,ISL,2000,2004,7,2.0,4.0,0.3333333333333333
PRIMARY_DELETE__HLO_to_P__primary_5y__M2__ridge__MAR,LTU,2000,2004,7,4.0,5.0,0.16666666666666666
PRIMARY_DELETE__HLO_to_P__primary_5y__M2__ridge__MAR,NLD,2000,2004,7,3.0,1.0,0.3333333333333333
PRIMARY_DELETE__HLO_to_P__primary_5y__M2__ridge__MAR,NOR,2000,2004,7,1.0,2.0,0.16666666666666666
PRIMARY_DELETE__HLO_to_P__primary_5y__M2__ridge__MAR,PHL,2000,2004,7,6.0,7.0,0.16666666666666666
PRIMARY_DELETE__HLO_to_P__primary_5y__M2__ridge__MAR,USA,2000,2004,7,5.0,3.0,0.3333333333333333
PRIMARY_DELETE__HLO_to_P__primary_5y__M2__ridge__MAR,ZAF,2000,2004,7,7.0,6.0,0.16666666666666666
PRIMARY_DELETE__HLO_to_P__primary_5y__M2__ridge__MAR,AUT,2005,2009,16,2.0,3.0,0.06666666666666667
PRIMARY_DELETE__HLO_to_P__primary_5y__M2__ridge__MAR,BRA,2005,2009,16,12.0,14.0,0.13333333333333333
PRIMARY_DELETE__HLO_to_P__primary_5y__M2__ridge__MAR,CHL,2005,2009,16,13.0,10.0,0.2
PRIMARY_DELETE__HLO_to_P__primary_5y__M2__ridge__MAR,CRI,2005,2009,16,10.0,11.0,0.06666666666666667
PRIMARY_DELETE__HLO_to_P__primary_5y__M2__ridge__MAR,DEU,2005,2009,16,4.0,5.0,0.06666666666666667
PRIMARY_DELETE__HLO_to_P__primary_5y__M2__ridge__MAR,IDN,2005,2009,16,16.0,16.0,0.0
PRIMARY_DELETE__HLO_to_P__primary_5y__M2__ridge__MAR,IRN,2005,2009,16,15.0,12.0,0.2
PRIMARY_DELETE__HLO_to_P__primary_5y__M2__ridge__MAR,ITA,2005,2009,16,9.0,4.0,0.3333333333333333
PRIMARY_DELETE__HLO_to_P__primary_5y__M2__ridge__MAR,JPN,2005,2009,16,1.0,8.0,0.4666666666666667
PRIMARY_DELETE__HLO_to_P__primary_5y__M2__ridge__MAR,NLD,2005,2009,16,3.0,6.0,0.2
PRIMARY_DELETE__HLO_to_P__primary_5y__M2__ridge__MAR,NOR,2005,2009,16,6.0,2.0,0.26666666666666666
PRIMARY_DELETE__HLO_to_P__primary_5y__M2__ridge__MAR,PER,2005,2009,16,8.0,15.0,0.4666666666666667
PRIMARY_DELETE__HLO_to_P__primary_5y__M2__ridge__MAR,POL,2005,2009,16,7.0,7.0,0.0
PRIMARY_DELETE__HLO_to_P__primary_5y__M2__ridge__MAR,QAT,2005,2009,16,14.0,13.0,0.06666666666666667
PRIMARY_DELETE__HLO_to_P__primary_5y__M2__ridge__MAR,SVN,2005,2009,16,5.0,1.0,0.26666666666666666
PRIMARY_DELETE__HLO_to_P__primary_5y__M2__ridge__MAR,UKR,2005,2009,16,11.0,9.0,0.13333333333333333
PRIMARY_DELETE__HLO_to_P__primary_5y__M2__ridge__MAR,BRA,2010,2014,19,9.0,12.0,0.16666666666666666
PRIMARY_DELETE__HLO_to_P__primary_5y__M2__ridge__MAR,CHL,2010,2014,19,17.0,10.0,0.3888888888888889
PRIMARY_DELETE__HLO_to_P__primary_5y__M2__ridge__MAR,COL,2010,2014,19,12.0,11.0,0.05555555555555555
PRIMARY_DELETE__HLO_to_P__primary_5y__M2__ridge__MAR,DEU,2010,2014,19,3.0,2.0,0.05555555555555555
PRIMARY_DELETE__HLO_to_P__primary_5y__M2__ridge__MAR,ESP,2010,2014,19,6.0,3.0,0.16666666666666666
PRIMARY_DELETE__HLO_to_P__primary_5y__M2__ridge__MAR,FIN,2010,2014,19,1.0,1.0,0.0
PRIMARY_DELETE__HLO_to_P__primary_5y__M2__ridge__MAR,GHA,2010,2014,19,19.0,18.0,0.05555555555555555
PRIMARY_DELETE__HLO_to_P__primary_5y__M2__ridge__MAR,HRV,2010,2014,19,8.0,5.0,0.16666666666666666
PRIMARY_DELETE__HLO_to_P__primary_5y__M2__ridge__MAR,IDN,2010,2014,19,15.0,17.0,0.1111111111111111
PRIMARY_DELETE__HLO_to_P__primary_5y__M2__ridge__MAR,ITA,2010,2014,19,10.0,6.0,0.2222222222222222
PRIMARY_DELETE__HLO_to_P__primary_5y__M2__ridge__MAR,JOR,2010,2014,19,18.0,16.0,0.1111111111111111
PRIMARY_DELETE__HLO_to_P__primary_5y__M2__ridge__MAR,KAZ,2010,2014,19,13.0,15.0,0.1111111111111111
PRIMARY_DELETE__HLO_to_P__primary_5y__M2__ridge__MAR,KOR,2010,2014,19,2.0,7.0,0.2777777777777778
PRIMARY_DELETE__HLO_to_P__primary_5y__M2__ridge__MAR,MEX,2010,2014,19,7.0,14.0,0.3888888888888889
PRIMARY_DELETE__HLO_to_P__primary_5y__M2__ridge__MAR,OMN,2010,2014,19,11.0,13.0,0.1111111111111111
PRIMARY_DELETE__HLO_to_P__primary_5y__M2__ridge__MAR,POL,2010,2014,19,4.0,4.0,0.0
PRIMARY_DELETE__HLO_to_P__primary_5y__M2__ridge__MAR,SAU,2010,2014,19,16.0,9.0,0.3888888888888889
PRIMARY_DELETE__HLO_to_P__primary_5y__M2__ridge__MAR,SRB,2010,2014,19,5.0,8.0,0.16666666666666666
PRIMARY_DELETE__HLO_to_P__primary_5y__M2__ridge__MAR,ZAF,2010,2014,19,14.0,19.0,0.2777777777777778
PRIMARY_DELETE__HLO_to_P__primary_5y__M2__ridge__MAR,AUS,2015,2017,9,4.0,4.0,0.0
PRIMARY_DELETE__HLO_to_P__primary_5y__M2__ridge__MAR,BHR,2015,2017,9,9.0,5.0,0.5
PRIMARY_DELETE__HLO_to_P__primary_5y__M2__ridge__MAR,DEU,2015,2017,9,3.0,2.0,0.125
PRIMARY_DELETE__HLO_to_P__primary_5y__M2__ridge__MAR,EGY,2015,2017,9,8.0,9.0,0.125
PRIMARY_DELETE__HLO_to_P__primary_5y__M2__ridge__MAR,IDN,2015,2017,9,7.0,8.0,0.125
PRIMARY_DELETE__HLO_to_P__primary_5y__M2__ridge__MAR,JPN,2015,2017,9,2.0,6.0,0.5
PRIMARY_DELETE__HLO_to_P__primary_5y__M2__ridge__MAR,POL,2015,2017,9,1.0,1.0,0.0
PRIMARY_DELETE__HLO_to_P__primary_5y__M2__ridge__MAR,RUS,2015,2017,9,5.0,7.0,0.25
PRIMARY_DELETE__HLO_to_P__primary_5y__M2__ridge__MAR,SAU,2015,2017,9,6.0,3.0,0.375
PRIMARY_DELETE__HLO_to_P__primary_5y__M2__ridge__MEX,ISL,2000,2004,7,2.0,3.0,0.16666666666666666
PRIMARY_DELETE__HLO_to_P__primary_5y__M2__ridge__MEX,LTU,2000,2004,7,4.0,5.0,0.16666666666666666
PRIMARY_DELETE__HLO_to_P__primary_5y__M2__ridge__MEX,NLD,2000,2004,7,3.0,1.0,0.3333333333333333
PRIMARY_DELETE__HLO_to_P__primary_5y__M2__ridge__MEX,NOR,2000,2004,7,1.0,2.0,0.16666666666666666
PRIMARY_DELETE__HLO_to_P__primary_5y__M2__ridge__MEX,PHL,2000,2004,7,6.0,7.0,0.16666666666666666
PRIMARY_DELETE__HLO_to_P__primary_5y__M2__ridge__MEX,USA,2000,2004,7,5.0,4.0,0.16666666666666666
PRIMARY_DELETE__HLO_to_P__primary_5y__M2__ridge__MEX,ZAF,2000,2004,7,7.0,6.0,0.16666666666666666
PRIMARY_DELETE__HLO_to_P__primary_5y__M2__ridge__MEX,AUT,2005,2009,17,2.0,4.0,0.125
PRIMARY_DELETE__HLO_to_P__primary_5y__M2__ridge__MEX,BRA,2005,2009,17,12.0,13.0,0.0625
PRIMARY_DELETE__HLO_to_P__primary_5y__M2__ridge__MEX,CHL,2005,2009,17,13.0,11.0,0.125
PRIMARY_DELETE__HLO_to_P__primary_5y__M2__ridge__MEX,CRI,2005,2009,17,10.0,10.0,0.0
PRIMARY_DELETE__HLO_to_P__primary_5y__M2__ridge__MEX,DEU,2005,2009,17,4.0,6.0,0.125
PRIMARY_DELETE__HLO_to_P__primary_5y__M2__ridge__MEX,IDN,2005,2009,17,16.0,17.0,0.0625
PRIMARY_DELETE__HLO_to_P__primary_5y__M2__ridge__MEX,IRN,2005,2009,17,15.0,14.0,0.0625
PRIMARY_DELETE__HLO_to_P__primary_5y__M2__ridge__MEX,ITA,2005,2009,17,9.0,5.0,0.25
PRIMARY_DELETE__HLO_to_P__primary_5y__M2__ridge__MEX,JPN,2005,2009,17,1.0,8.0,0.4375
PRIMARY_DELETE__HLO_to_P__primary_5y__M2__ridge__MEX,MAR,2005,2009,17,17.0,16.0,0.0625
PRIMARY_DELETE__HLO_to_P__primary_5y__M2__ridge__MEX,NLD,2005,2009,17,3.0,3.0,0.0
PRIMARY_DELETE__HLO_to_P__primary_5y__M2__ridge__MEX,NOR,2005,2009,17,6.0,1.0,0.3125
PRIMARY_DELETE__HLO_to_P__primary_5y__M2__ridge__MEX,PER,2005,2009,17,8.0,15.0,0.4375
PRIMARY_DELETE__HLO_to_P__primary_5y__M2__ridge__MEX,POL,2005,2009,17,7.0,7.0,0.0
PRIMARY_DELETE__HLO_to_P__primary_5y__M2__ridge__MEX,QAT,2005,2009,17,14.0,12.0,0.125
PRIMARY_DELETE__HLO_to_P__primary_5y__M2__ridge__MEX,SVN,2005,2009,17,5.0,2.0,0.1875
PRIMARY_DELETE__HLO_to_P__primary_5y__M2__ridge__MEX,UKR,2005,2009,17,11.0,9.0,0.125
PRIMARY_DELETE__HLO_to_P__primary_5y__M2__ridge__MEX,BRA,2010,2014,19,8.0,12.0,0.2222222222222222
PRIMARY_DELETE__HLO_to_P__primary_5y__M2__ridge__MEX,CHL,2010,2014,19,16.0,9.0,0.3888888888888889
PRIMARY_DELETE__HLO_to_P__primary_5y__M2__ridge__MEX,COL,2010,2014,19,11.0,11.0,0.0
PRIMARY_DELETE__HLO_to_P__primary_5y__M2__ridge__MEX,DEU,2010,2014,19,3.0,3.0,0.0
PRIMARY_DELETE__HLO_to_P__primary_5y__M2__ridge__MEX,ESP,2010,2014,19,6.0,2.0,0.2222222222222222
PRIMARY_DELETE__HLO_to_P__primary_5y__M2__ridge__MEX,FIN,2010,2014,19,1.0,1.0,0.0
PRIMARY_DELETE__HLO_to_P__primary_5y__M2__ridge__MEX,GHA,2010,2014,19,19.0,19.0,0.0
PRIMARY_DELETE__HLO_to_P__primary_5y__M2__ridge__MEX,HRV,2010,2014,19,7.0,5.0,0.1111111111111111
PRIMARY_DELETE__HLO_to_P__primary_5y__M2__ridge__MEX,IDN,2010,2014,19,14.0,17.0,0.16666666666666666
PRIMARY_DELETE__HLO_to_P__primary_5y__M2__ridge__MEX,ITA,2010,2014,19,9.0,7.0,0.1111111111111111
PRIMARY_DELETE__HLO_to_P__primary_5y__M2__ridge__MEX,JOR,2010,2014,19,17.0,15.0,0.1111111111111111
PRIMARY_DELETE__HLO_to_P__primary_5y__M2__ridge__MEX,KAZ,2010,2014,19,12.0,14.0,0.1111111111111111
PRIMARY_DELETE__HLO_to_P__primary_5y__M2__ridge__MEX,KOR,2010,2014,19,2.0,4.0,0.1111111111111111
PRIMARY_DELETE__HLO_to_P__primary_5y__M2__ridge__MEX,MAR,2010,2014,19,18.0,16.0,0.1111111111111111
PRIMARY_DELETE__HLO_to_P__primary_5y__M2__ridge__MEX,OMN,2010,2014,19,10.0,13.0,0.16666666666666666
PRIMARY_DELETE__HLO_to_P__primary_5y__M2__ridge__MEX,POL,2010,2014,19,4.0,6.0,0.1111111111111111
PRIMARY_DELETE__HLO_to_P__primary_5y__M2__ridge__MEX,SAU,2010,2014,19,15.0,10.0,0.2777777777777778
PRIMARY_DELETE__HLO_to_P__primary_5y__M2__ridge__MEX,SRB,2010,2014,19,5.0,8.0,0.16666666666666666
PRIMARY_DELETE__HLO_to_P__primary_5y__M2__ridge__MEX,ZAF,2010,2014,19,13.0,18.0,0.2777777777777778
PRIMARY_DELETE__HLO_to_P__primary_5y__M2__ridge__MEX,AUS,2015,2017,9,4.0,3.0,0.125
PRIMARY_DELETE__HLO_to_P__primary_5y__M2__ridge__MEX,BHR,2015,2017,9,9.0,4.0,0.625
PRIMARY_DELETE__HLO_to_P__primary_5y__M2__ridge__MEX,DEU,2015,2017,9,3.0,1.0,0.25
PRIMARY_DELETE__HLO_to_P__primary_5y__M2__ridge__MEX,EGY,2015,2017,9,8.0,9.0,0.125
PRIMARY_DELETE__HLO_to_P__primary_5y__M2__ridge__MEX,IDN,2015,2017,9,7.0,8.0,0.125
PRIMARY_DELETE__HLO_to_P__primary_5y__M2__ridge__MEX,JPN,2015,2017,9,2.0,5.0,0.375
PRIMARY_DELETE__HLO_to_P__primary_5y__M2__ridge__MEX,POL,2015,2017,9,1.0,2.0,0.125
PRIMARY_DELETE__HLO_to_P__primary_5y__M2__ridge__MEX,RUS,2015,2017,9,5.0,6.0,0.125
PRIMARY_DELETE__HLO_to_P__primary_5y__M2__ridge__MEX,SAU,2015,2017,9,6.0,7.0,0.125
PRIMARY_DELETE__HLO_to_P__primary_5y__M2__ridge__NLD,ISL,2000,2004,6,2.0,2.0,0.0
PRIMARY_DELETE__HLO_to_P__primary_5y__M2__ridge__NLD,LTU,2000,2004,6,3.0,4.0,0.2
PRIMARY_DELETE__HLO_to_P__primary_5y__M2__ridge__NLD,NOR,2000,2004,6,1.0,1.0,0.0
PRIMARY_DELETE__HLO_to_P__primary_5y__M2__ridge__NLD,PHL,2000,2004,6,5.0,6.0,0.2
PRIMARY_DELETE__HLO_to_P__primary_5y__M2__ridge__NLD,USA,2000,2004,6,4.0,3.0,0.2
PRIMARY_DELETE__HLO_to_P__primary_5y__M2__ridge__NLD,ZAF,2000,2004,6,6.0,5.0,0.2
PRIMARY_DELETE__HLO_to_P__primary_5y__M2__ridge__NLD,AUT,2005,2009,16,2.0,3.0,0.06666666666666667
PRIMARY_DELETE__HLO_to_P__primary_5y__M2__ridge__NLD,BRA,2005,2009,16,11.0,12.0,0.06666666666666667
PRIMARY_DELETE__HLO_to_P__primary_5y__M2__ridge__NLD,CHL,2005,2009,16,12.0,10.0,0.13333333333333333
PRIMARY_DELETE__HLO_to_P__primary_5y__M2__ridge__NLD,CRI,2005,2009,16,9.0,9.0,0.0
PRIMARY_DELETE__HLO_to_P__primary_5y__M2__ridge__NLD,DEU,2005,2009,16,3.0,5.0,0.13333333333333333
PRIMARY_DELETE__HLO_to_P__primary_5y__M2__ridge__NLD,IDN,2005,2009,16,15.0,16.0,0.06666666666666667
PRIMARY_DELETE__HLO_to_P__primary_5y__M2__ridge__NLD,IRN,2005,2009,16,14.0,13.0,0.06666666666666667
PRIMARY_DELETE__HLO_to_P__primary_5y__M2__ridge__NLD,ITA,2005,2009,16,8.0,4.0,0.26666666666666666
PRIMARY_DELETE__HLO_to_P__primary_5y__M2__ridge__NLD,JPN,2005,2009,16,1.0,7.0,0.4
PRIMARY_DELETE__HLO_to_P__primary_5y__M2__ridge__NLD,MAR,2005,2009,16,16.0,14.0,0.13333333333333333
PRIMARY_DELETE__HLO_to_P__primary_5y__M2__ridge__NLD,NOR,2005,2009,16,5.0,1.0,0.26666666666666666
PRIMARY_DELETE__HLO_to_P__primary_5y__M2__ridge__NLD,PER,2005,2009,16,7.0,15.0,0.5333333333333333
PRIMARY_DELETE__HLO_to_P__primary_5y__M2__ridge__NLD,POL,2005,2009,16,6.0,6.0,0.0
PRIMARY_DELETE__HLO_to_P__primary_5y__M2__ridge__NLD,QAT,2005,2009,16,13.0,11.0,0.13333333333333333
PRIMARY_DELETE__HLO_to_P__primary_5y__M2__ridge__NLD,SVN,2005,2009,16,4.0,2.0,0.13333333333333333
PRIMARY_DELETE__HLO_to_P__primary_5y__M2__ridge__NLD,UKR,2005,2009,16,10.0,8.0,0.13333333333333333
PRIMARY_DELETE__HLO_to_P__primary_5y__M2__ridge__NLD,BRA,2010,2014,20,9.0,12.0,0.15789473684210525
PRIMARY_DELETE__HLO_to_P__primary_5y__M2__ridge__NLD,CHL,2010,2014,20,17.0,9.0,0.42105263157894735
PRIMARY_DELETE__HLO_to_P__primary_5y__M2__ridge__NLD,COL,2010,2014,20,12.0,11.0,0.05263157894736842
PRIMARY_DELETE__HLO_to_P__primary_5y__M2__ridge__NLD,DEU,2010,2014,20,3.0,3.0,0.0
PRIMARY_DELETE__HLO_to_P__primary_5y__M2__ridge__NLD,ESP,2010,2014,20,6.0,2.0,0.21052631578947367
PRIMARY_DELETE__HLO_to_P__primary_5y__M2__ridge__NLD,FIN,2010,2014,20,1.0,1.0,0.0
PRIMARY_DELETE__HLO_to_P__primary_5y__M2__ridge__NLD,GHA,2010,2014,20,20.0,20.0,0.0
PRIMARY_DELETE__HLO_to_P__primary_5y__M2__ridge__NLD,HRV,2010,2014,20,8.0,5.0,0.15789473684210525
PRIMARY_DELETE__HLO_to_P__primary_5y__M2__ridge__NLD,IDN,2010,2014,20,15.0,18.0,0.15789473684210525
PRIMARY_DELETE__HLO_to_P__primary_5y__M2__ridge__NLD,ITA,2010,2014,20,10.0,6.0,0.21052631578947367
PRIMARY_DELETE__HLO_to_P__primary_5y__M2__ridge__NLD,JOR,2010,2014,20,18.0,15.0,0.15789473684210525
PRIMARY_DELETE__HLO_to_P__primary_5y__M2__ridge__NLD,KAZ,2010,2014,20,13.0,17.0,0.21052631578947367
PRIMARY_DELETE__HLO_to_P__primary_5y__M2__ridge__NLD,KOR,2010,2014,20,2.0,4.0,0.10526315789473684
PRIMARY_DELETE__HLO_to_P__primary_5y__M2__ridge__NLD,MAR,2010,2014,20,19.0,16.0,0.15789473684210525
PRIMARY_DELETE__HLO_to_P__primary_5y__M2__ridge__NLD,MEX,2010,2014,20,7.0,14.0,0.3684210526315789
PRIMARY_DELETE__HLO_to_P__primary_5y__M2__ridge__NLD,OMN,2010,2014,20,11.0,13.0,0.10526315789473684
PRIMARY_DELETE__HLO_to_P__primary_5y__M2__ridge__NLD,POL,2010,2014,20,4.0,7.0,0.15789473684210525
PRIMARY_DELETE__HLO_to_P__primary_5y__M2__ridge__NLD,SAU,2010,2014,20,16.0,10.0,0.3157894736842105
PRIMARY_DELETE__HLO_to_P__primary_5y__M2__ridge__NLD,SRB,2010,2014,20,5.0,8.0,0.15789473684210525
PRIMARY_DELETE__HLO_to_P__primary_5y__M2__ridge__NLD,ZAF,2010,2014,20,14.0,19.0,0.2631578947368421
PRIMARY_DELETE__HLO_to_P__primary_5y__M2__ridge__NLD,AUS,2015,2017,9,4.0,3.0,0.125
PRIMARY_DELETE__HLO_to_P__primary_5y__M2__ridge__NLD,BHR,2015,2017,9,9.0,4.0,0.625
PRIMARY_DELETE__HLO_to_P__primary_5y__M2__ridge__NLD,DEU,2015,2017,9,3.0,1.0,0.25
PRIMARY_DELETE__HLO_to_P__primary_5y__M2__ridge__NLD,EGY,2015,2017,9,8.0,9.0,0.125
PRIMARY_DELETE__HLO_to_P__primary_5y__M2__ridge__NLD,IDN,2015,2017,9,7.0,8.0,0.125
PRIMARY_DELETE__HLO_to_P__primary_5y__M2__ridge__NLD,JPN,2015,2017,9,2.0,5.0,0.375
PRIMARY_DELETE__HLO_to_P__primary_5y__M2__ridge__NLD,POL,2015,2017,9,1.0,2.0,0.125
PRIMARY_DELETE__HLO_to_P__primary_5y__M2__ridge__NLD,RUS,2015,2017,9,5.0,7.0,0.25
PRIMARY_DELETE__HLO_to_P__primary_5y__M2__ridge__NLD,SAU,2015,2017,9,6.0,6.0,0.0
PRIMARY_DELETE__HLO_to_P__primary_5y__M2__ridge__NOR,ISL,2000,2004,6,1.0,3.0,0.4
PRIMARY_DELETE__HLO_to_P__primary_5y__M2__ridge__NOR,LTU,2000,2004,6,3.0,4.0,0.2
PRIMARY_DELETE__HLO_to_P__primary_5y__M2__ridge__NOR,NLD,2000,2004,6,2.0,1.0,0.2
PRIMARY_DELETE__HLO_to_P__primary_5y__M2__ridge__NOR,PHL,2000,2004,6,5.0,6.0,0.2
PRIMARY_DELETE__HLO_to_P__primary_5y__M2__ridge__NOR,USA,2000,2004,6,4.0,2.0,0.4
PRIMARY_DELETE__HLO_to_P__primary_5y__M2__ridge__NOR,ZAF,2000,2004,6,6.0,5.0,0.2
PRIMARY_DELETE__HLO_to_P__primary_5y__M2__ridge__NOR,AUT,2005,2009,16,2.0,4.0,0.13333333333333333
PRIMARY_DELETE__HLO_to_P__primary_5y__M2__ridge__NOR,BRA,2005,2009,16,11.0,12.0,0.06666666666666667
PRIMARY_DELETE__HLO_to_P__primary_5y__M2__ridge__NOR,CHL,2005,2009,16,12.0,10.0,0.13333333333333333
PRIMARY_DELETE__HLO_to_P__primary_5y__M2__ridge__NOR,CRI,2005,2009,16,9.0,9.0,0.0
PRIMARY_DELETE__HLO_to_P__primary_5y__M2__ridge__NOR,DEU,2005,2009,16,4.0,3.0,0.06666666666666667
PRIMARY_DELETE__HLO_to_P__primary_5y__M2__ridge__NOR,IDN,2005,2009,16,15.0,16.0,0.06666666666666667
PRIMARY_DELETE__HLO_to_P__primary_5y__M2__ridge__NOR,IRN,2005,2009,16,14.0,13.0,0.06666666666666667
PRIMARY_DELETE__HLO_to_P__primary_5y__M2__ridge__NOR,ITA,2005,2009,16,8.0,5.0,0.2
PRIMARY_DELETE__HLO_to_P__primary_5y__M2__ridge__NOR,JPN,2005,2009,16,1.0,7.0,0.4
PRIMARY_DELETE__HLO_to_P__primary_5y__M2__ridge__NOR,MAR,2005,2009,16,16.0,15.0,0.06666666666666667
PRIMARY_DELETE__HLO_to_P__primary_5y__M2__ridge__NOR,NLD,2005,2009,16,3.0,1.0,0.13333333333333333
PRIMARY_DELETE__HLO_to_P__primary_5y__M2__ridge__NOR,PER,2005,2009,16,7.0,14.0,0.4666666666666667
PRIMARY_DELETE__HLO_to_P__primary_5y__M2__ridge__NOR,POL,2005,2009,16,6.0,6.0,0.0
PRIMARY_DELETE__HLO_to_P__primary_5y__M2__ridge__NOR,QAT,2005,2009,16,13.0,11.0,0.13333333333333333
PRIMARY_DELETE__HLO_to_P__primary_5y__M2__ridge__NOR,SVN,2005,2009,16,5.0,2.0,0.2
PRIMARY_DELETE__HLO_to_P__primary_5y__M2__ridge__NOR,UKR,2005,2009,16,10.0,8.0,0.13333333333333333
PRIMARY_DELETE__HLO_to_P__primary_5y__M2__ridge__NOR,BRA,2010,2014,20,9.0,12.0,0.15789473684210525
PRIMARY_DELETE__HLO_to_P__primary_5y__M2__ridge__NOR,CHL,2010,2014,20,17.0,9.0,0.42105263157894735
PRIMARY_DELETE__HLO_to_P__primary_5y__M2__ridge__NOR,COL,2010,2014,20,12.0,11.0,0.05263157894736842
PRIMARY_DELETE__HLO_to_P__primary_5y__M2__ridge__NOR,DEU,2010,2014,20,3.0,3.0,0.0
PRIMARY_DELETE__HLO_to_P__primary_5y__M2__ridge__NOR,ESP,2010,2014,20,6.0,2.0,0.21052631578947367
PRIMARY_DELETE__HLO_to_P__primary_5y__M2__ridge__NOR,FIN,2010,2014,20,1.0,1.0,0.0
PRIMARY_DELETE__HLO_to_P__primary_5y__M2__ridge__NOR,GHA,2010,2014,20,20.0,20.0,0.0
PRIMARY_DELETE__HLO_to_P__primary_5y__M2__ridge__NOR,HRV,2010,2014,20,8.0,5.0,0.15789473684210525
PRIMARY_DELETE__HLO_to_P__primary_5y__M2__ridge__NOR,IDN,2010,2014,20,15.0,18.0,0.15789473684210525
PRIMARY_DELETE__HLO_to_P__primary_5y__M2__ridge__NOR,ITA,2010,2014,20,10.0,6.0,0.21052631578947367
PRIMARY_DELETE__HLO_to_P__primary_5y__M2__ridge__NOR,JOR,2010,2014,20,18.0,15.0,0.15789473684210525
PRIMARY_DELETE__HLO_to_P__primary_5y__M2__ridge__NOR,KAZ,2010,2014,20,13.0,14.0,0.05263157894736842
PRIMARY_DELETE__HLO_to_P__primary_5y__M2__ridge__NOR,KOR,2010,2014,20,2.0,4.0,0.10526315789473684
PRIMARY_DELETE__HLO_to_P__primary_5y__M2__ridge__NOR,MAR,2010,2014,20,19.0,17.0,0.10526315789473684
PRIMARY_DELETE__HLO_to_P__primary_5y__M2__ridge__NOR,MEX,2010,2014,20,7.0,16.0,0.47368421052631576
PRIMARY_DELETE__HLO_to_P__primary_5y__M2__ridge__NOR,OMN,2010,2014,20,11.0,13.0,0.10526315789473684
PRIMARY_DELETE__HLO_to_P__primary_5y__M2__ridge__NOR,POL,2010,2014,20,4.0,7.0,0.15789473684210525
PRIMARY_DELETE__HLO_to_P__primary_5y__M2__ridge__NOR,SAU,2010,2014,20,16.0,10.0,0.3157894736842105
PRIMARY_DELETE__HLO_to_P__primary_5y__M2__ridge__NOR,SRB,2010,2014,20,5.0,8.0,0.15789473684210525
PRIMARY_DELETE__HLO_to_P__primary_5y__M2__ridge__NOR,ZAF,2010,2014,20,14.0,19.0,0.2631578947368421
PRIMARY_DELETE__HLO_to_P__primary_5y__M2__ridge__NOR,AUS,2015,2017,9,4.0,4.0,0.0
PRIMARY_DELETE__HLO_to_P__primary_5y__M2__ridge__NOR,BHR,2015,2017,9,9.0,3.0,0.75
PRIMARY_DELETE__HLO_to_P__primary_5y__M2__ridge__NOR,DEU,2015,2017,9,3.0,1.0,0.25
PRIMARY_DELETE__HLO_to_P__primary_5y__M2__ridge__NOR,EGY,2015,2017,9,8.0,9.0,0.125
PRIMARY_DELETE__HLO_to_P__primary_5y__M2__ridge__NOR,IDN,2015,2017,9,7.0,8.0,0.125
PRIMARY_DELETE__HLO_to_P__primary_5y__M2__ridge__NOR,JPN,2015,2017,9,2.0,5.0,0.375
PRIMARY_DELETE__HLO_to_P__primary_5y__M2__ridge__NOR,POL,2015,2017,9,1.0,2.0,0.125
PRIMARY_DELETE__HLO_to_P__primary_5y__M2__ridge__NOR,RUS,2015,2017,9,5.0,6.0,0.125
PRIMARY_DELETE__HLO_to_P__primary_5y__M2__ridge__NOR,SAU,2015,2017,9,6.0,7.0,0.125
PRIMARY_DELETE__HLO_to_P__primary_5y__M2__ridge__OMN,ISL,2000,2004,7,2.0,3.0,0.16666666666666666
PRIMARY_DELETE__HLO_to_P__primary_5y__M2__ridge__OMN,LTU,2000,2004,7,4.0,5.0,0.16666666666666666
PRIMARY_DELETE__HLO_to_P__primary_5y__M2__ridge__OMN,NLD,2000,2004,7,3.0,2.0,0.16666666666666666
PRIMARY_DELETE__HLO_to_P__primary_5y__M2__ridge__OMN,NOR,2000,2004,7,1.0,1.0,0.0
PRIMARY_DELETE__HLO_to_P__primary_5y__M2__ridge__OMN,PHL,2000,2004,7,6.0,7.0,0.16666666666666666
PRIMARY_DELETE__HLO_to_P__primary_5y__M2__ridge__OMN,USA,2000,2004,7,5.0,4.0,0.16666666666666666
PRIMARY_DELETE__HLO_to_P__primary_5y__M2__ridge__OMN,ZAF,2000,2004,7,7.0,6.0,0.16666666666666666
PRIMARY_DELETE__HLO_to_P__primary_5y__M2__ridge__OMN,AUT,2005,2009,17,2.0,4.0,0.125
PRIMARY_DELETE__HLO_to_P__primary_5y__M2__ridge__OMN,BRA,2005,2009,17,12.0,13.0,0.0625
PRIMARY_DELETE__HLO_to_P__primary_5y__M2__ridge__OMN,CHL,2005,2009,17,13.0,11.0,0.125
PRIMARY_DELETE__HLO_to_P__primary_5y__M2__ridge__OMN,CRI,2005,2009,17,10.0,10.0,0.0
PRIMARY_DELETE__HLO_to_P__primary_5y__M2__ridge__OMN,DEU,2005,2009,17,4.0,5.0,0.0625
PRIMARY_DELETE__HLO_to_P__primary_5y__M2__ridge__OMN,IDN,2005,2009,17,16.0,17.0,0.0625
PRIMARY_DELETE__HLO_to_P__primary_5y__M2__ridge__OMN,IRN,2005,2009,17,15.0,14.0,0.0625
PRIMARY_DELETE__HLO_to_P__primary_5y__M2__ridge__OMN,ITA,2005,2009,17,9.0,6.0,0.1875
PRIMARY_DELETE__HLO_to_P__primary_5y__M2__ridge__OMN,JPN,2005,2009,17,1.0,8.0,0.4375
PRIMARY_DELETE__HLO_to_P__primary_5y__M2__ridge__OMN,MAR,2005,2009,17,17.0,15.0,0.125
PRIMARY_DELETE__HLO_to_P__primary_5y__M2__ridge__OMN,NLD,2005,2009,17,3.0,3.0,0.0
PRIMARY_DELETE__HLO_to_P__primary_5y__M2__ridge__OMN,NOR,2005,2009,17,6.0,1.0,0.3125
PRIMARY_DELETE__HLO_to_P__primary_5y__M2__ridge__OMN,PER,2005,2009,17,8.0,16.0,0.5
PRIMARY_DELETE__HLO_to_P__primary_5y__M2__ridge__OMN,POL,2005,2009,17,7.0,7.0,0.0
PRIMARY_DELETE__HLO_to_P__primary_5y__M2__ridge__OMN,QAT,2005,2009,17,14.0,12.0,0.125
PRIMARY_DELETE__HLO_to_P__primary_5y__M2__ridge__OMN,SVN,2005,2009,17,5.0,2.0,0.1875
PRIMARY_DELETE__HLO_to_P__primary_5y__M2__ridge__OMN,UKR,2005,2009,17,11.0,9.0,0.125
PRIMARY_DELETE__HLO_to_P__primary_5y__M2__ridge__OMN,BRA,2010,2014,19,9.0,12.0,0.16666666666666666
PRIMARY_DELETE__HLO_to_P__primary_5y__M2__ridge__OMN,CHL,2010,2014,19,16.0,9.0,0.3888888888888889
PRIMARY_DELETE__HLO_to_P__primary_5y__M2__ridge__OMN,COL,2010,2014,19,11.0,11.0,0.0
PRIMARY_DELETE__HLO_to_P__primary_5y__M2__ridge__OMN,DEU,2010,2014,19,3.0,3.0,0.0
PRIMARY_DELETE__HLO_to_P__primary_5y__M2__ridge__OMN,ESP,2010,2014,19,6.0,2.0,0.2222222222222222
PRIMARY_DELETE__HLO_to_P__primary_5y__M2__ridge__OMN,FIN,2010,2014,19,1.0,1.0,0.0
PRIMARY_DELETE__HLO_to_P__primary_5y__M2__ridge__OMN,GHA,2010,2014,19,19.0,19.0,0.0
PRIMARY_DELETE__HLO_to_P__primary_5y__M2__ridge__OMN,HRV,2010,2014,19,8.0,5.0,0.16666666666666666
PRIMARY_DELETE__HLO_to_P__primary_5y__M2__ridge__OMN,IDN,2010,2014,19,14.0,17.0,0.16666666666666666
PRIMARY_DELETE__HLO_to_P__primary_5y__M2__ridge__OMN,ITA,2010,2014,19,10.0,6.0,0.2222222222222222
PRIMARY_DELETE__HLO_to_P__primary_5y__M2__ridge__OMN,JOR,2010,2014,19,17.0,13.0,0.2222222222222222
PRIMARY_DELETE__HLO_to_P__primary_5y__M2__ridge__OMN,KAZ,2010,2014,19,12.0,15.0,0.16666666666666666
PRIMARY_DELETE__HLO_to_P__primary_5y__M2__ridge__OMN,KOR,2010,2014,19,2.0,4.0,0.1111111111111111
PRIMARY_DELETE__HLO_to_P__primary_5y__M2__ridge__OMN,MAR,2010,2014,19,18.0,16.0,0.1111111111111111
PRIMARY_DELETE__HLO_to_P__primary_5y__M2__ridge__OMN,MEX,2010,2014,19,7.0,14.0,0.3888888888888889
PRIMARY_DELETE__HLO_to_P__primary_5y__M2__ridge__OMN,POL,2010,2014,19,4.0,7.0,0.16666666666666666
PRIMARY_DELETE__HLO_to_P__primary_5y__M2__ridge__OMN,SAU,2010,2014,19,15.0,10.0,0.2777777777777778
PRIMARY_DELETE__HLO_to_P__primary_5y__M2__ridge__OMN,SRB,2010,2014,19,5.0,8.0,0.16666666666666666
PRIMARY_DELETE__HLO_to_P__primary_5y__M2__ridge__OMN,ZAF,2010,2014,19,13.0,18.0,0.2777777777777778
PRIMARY_DELETE__HLO_to_P__primary_5y__M2__ridge__OMN,AUS,2015,2017,9,4.0,3.0,0.125
PRIMARY_DELETE__HLO_to_P__primary_5y__M2__ridge__OMN,BHR,2015,2017,9,9.0,4.0,0.625
PRIMARY_DELETE__HLO_to_P__primary_5y__M2__ridge__OMN,DEU,2015,2017,9,3.0,1.0,0.25
PRIMARY_DELETE__HLO_to_P__primary_5y__M2__ridge__OMN,EGY,2015,2017,9,8.0,9.0,0.125
PRIMARY_DELETE__HLO_to_P__primary_5y__M2__ridge__OMN,IDN,2015,2017,9,7.0,8.0,0.125
PRIMARY_DELETE__HLO_to_P__primary_5y__M2__ridge__OMN,JPN,2015,2017,9,2.0,5.0,0.375
PRIMARY_DELETE__HLO_to_P__primary_5y__M2__ridge__OMN,POL,2015,2017,9,1.0,2.0,0.125
PRIMARY_DELETE__HLO_to_P__primary_5y__M2__ridge__OMN,RUS,2015,2017,9,5.0,7.0,0.25
PRIMARY_DELETE__HLO_to_P__primary_5y__M2__ridge__OMN,SAU,2015,2017,9,6.0,6.0,0.0
PRIMARY_DELETE__HLO_to_P__primary_5y__M2__ridge__PER,ISL,2000,2004,7,2.0,3.0,0.16666666666666666
PRIMARY_DELETE__HLO_to_P__primary_5y__M2__ridge__PER,LTU,2000,2004,7,4.0,5.0,0.16666666666666666
PRIMARY_DELETE__HLO_to_P__primary_5y__M2__ridge__PER,NLD,2000,2004,7,3.0,2.0,0.16666666666666666
PRIMARY_DELETE__HLO_to_P__primary_5y__M2__ridge__PER,NOR,2000,2004,7,1.0,1.0,0.0
PRIMARY_DELETE__HLO_to_P__primary_5y__M2__ridge__PER,PHL,2000,2004,7,6.0,7.0,0.16666666666666666
PRIMARY_DELETE__HLO_to_P__primary_5y__M2__ridge__PER,USA,2000,2004,7,5.0,4.0,0.16666666666666666
PRIMARY_DELETE__HLO_to_P__primary_5y__M2__ridge__PER,ZAF,2000,2004,7,7.0,6.0,0.16666666666666666
PRIMARY_DELETE__HLO_to_P__primary_5y__M2__ridge__PER,AUT,2005,2009,16,2.0,4.0,0.13333333333333333
PRIMARY_DELETE__HLO_to_P__primary_5y__M2__ridge__PER,BRA,2005,2009,16,11.0,13.0,0.13333333333333333
PRIMARY_DELETE__HLO_to_P__primary_5y__M2__ridge__PER,CHL,2005,2009,16,12.0,11.0,0.06666666666666667
PRIMARY_DELETE__HLO_to_P__primary_5y__M2__ridge__PER,CRI,2005,2009,16,9.0,9.0,0.0
PRIMARY_DELETE__HLO_to_P__primary_5y__M2__ridge__PER,DEU,2005,2009,16,4.0,6.0,0.13333333333333333
PRIMARY_DELETE__HLO_to_P__primary_5y__M2__ridge__PER,IDN,2005,2009,16,15.0,16.0,0.06666666666666667
PRIMARY_DELETE__HLO_to_P__primary_5y__M2__ridge__PER,IRN,2005,2009,16,14.0,14.0,0.0
PRIMARY_DELETE__HLO_to_P__primary_5y__M2__ridge__PER,ITA,2005,2009,16,8.0,5.0,0.2
PRIMARY_DELETE__HLO_to_P__primary_5y__M2__ridge__PER,JPN,2005,2009,16,1.0,8.0,0.4666666666666667
PRIMARY_DELETE__HLO_to_P__primary_5y__M2__ridge__PER,MAR,2005,2009,16,16.0,15.0,0.06666666666666667
PRIMARY_DELETE__HLO_to_P__primary_5y__M2__ridge__PER,NLD,2005,2009,16,3.0,3.0,0.0
PRIMARY_DELETE__HLO_to_P__primary_5y__M2__ridge__PER,NOR,2005,2009,16,6.0,2.0,0.26666666666666666
PRIMARY_DELETE__HLO_to_P__primary_5y__M2__ridge__PER,POL,2005,2009,16,7.0,7.0,0.0
PRIMARY_DELETE__HLO_to_P__primary_5y__M2__ridge__PER,QAT,2005,2009,16,13.0,12.0,0.06666666666666667
PRIMARY_DELETE__HLO_to_P__primary_5y__M2__ridge__PER,SVN,2005,2009,16,5.0,1.0,0.26666666666666666
PRIMARY_DELETE__HLO_to_P__primary_5y__M2__ridge__PER,UKR,2005,2009,16,10.0,10.0,0.0
PRIMARY_DELETE__HLO_to_P__primary_5y__M2__ridge__PER,BRA,2010,2014,20,9.0,11.0,0.10526315789473684
PRIMARY_DELETE__HLO_to_P__primary_5y__M2__ridge__PER,CHL,2010,2014,20,17.0,9.0,0.42105263157894735
PRIMARY_DELETE__HLO_to_P__primary_5y__M2__ridge__PER,COL,2010,2014,20,12.0,14.0,0.10526315789473684
PRIMARY_DELETE__HLO_to_P__primary_5y__M2__ridge__PER,DEU,2010,2014,20,3.0,3.0,0.0
PRIMARY_DELETE__HLO_to_P__primary_5y__M2__ridge__PER,ESP,2010,2014,20,6.0,2.0,0.21052631578947367
PRIMARY_DELETE__HLO_to_P__primary_5y__M2__ridge__PER,FIN,2010,2014,20,1.0,1.0,0.0
PRIMARY_DELETE__HLO_to_P__primary_5y__M2__ridge__PER,GHA,2010,2014,20,20.0,20.0,0.0
PRIMARY_DELETE__HLO_to_P__primary_5y__M2__ridge__PER,HRV,2010,2014,20,8.0,5.0,0.15789473684210525
PRIMARY_DELETE__HLO_to_P__primary_5y__M2__ridge__PER,IDN,2010,2014,20,15.0,18.0,0.15789473684210525
PRIMARY_DELETE__HLO_to_P__primary_5y__M2__ridge__PER,ITA,2010,2014,20,10.0,7.0,0.15789473684210525
PRIMARY_DELETE__HLO_to_P__primary_5y__M2__ridge__PER,JOR,2010,2014,20,18.0,13.0,0.2631578947368421
PRIMARY_DELETE__HLO_to_P__primary_5y__M2__ridge__PER,KAZ,2010,2014,20,13.0,16.0,0.15789473684210525
PRIMARY_DELETE__HLO_to_P__primary_5y__M2__ridge__PER,KOR,2010,2014,20,2.0,4.0,0.10526315789473684
PRIMARY_DELETE__HLO_to_P__primary_5y__M2__ridge__PER,MAR,2010,2014,20,19.0,17.0,0.10526315789473684
PRIMARY_DELETE__HLO_to_P__primary_5y__M2__ridge__PER,MEX,2010,2014,20,7.0,15.0,0.42105263157894735
PRIMARY_DELETE__HLO_to_P__primary_5y__M2__ridge__PER,OMN,2010,2014,20,11.0,12.0,0.05263157894736842
PRIMARY_DELETE__HLO_to_P__primary_5y__M2__ridge__PER,POL,2010,2014,20,4.0,6.0,0.10526315789473684
PRIMARY_DELETE__HLO_to_P__primary_5y__M2__ridge__PER,SAU,2010,2014,20,16.0,10.0,0.3157894736842105
PRIMARY_DELETE__HLO_to_P__primary_5y__M2__ridge__PER,SRB,2010,2014,20,5.0,8.0,0.15789473684210525
PRIMARY_DELETE__HLO_to_P__primary_5y__M2__ridge__PER,ZAF,2010,2014,20,14.0,19.0,0.2631578947368421
PRIMARY_DELETE__HLO_to_P__primary_5y__M2__ridge__PER,AUS,2015,2017,9,4.0,3.0,0.125
PRIMARY_DELETE__HLO_to_P__primary_5y__M2__ridge__PER,BHR,2015,2017,9,9.0,4.0,0.625
PRIMARY_DELETE__HLO_to_P__primary_5y__M2__ridge__PER,DEU,2015,2017,9,3.0,1.0,0.25
PRIMARY_DELETE__HLO_to_P__primary_5y__M2__ridge__PER,EGY,2015,2017,9,8.0,9.0,0.125
PRIMARY_DELETE__HLO_to_P__primary_5y__M2__ridge__PER,IDN,2015,2017,9,7.0,8.0,0.125
PRIMARY_DELETE__HLO_to_P__primary_5y__M2__ridge__PER,JPN,2015,2017,9,2.0,6.0,0.5
PRIMARY_DELETE__HLO_to_P__primary_5y__M2__ridge__PER,POL,2015,2017,9,1.0,2.0,0.125
PRIMARY_DELETE__HLO_to_P__primary_5y__M2__ridge__PER,RUS,2015,2017,9,5.0,5.0,0.0
PRIMARY_DELETE__HLO_to_P__primary_5y__M2__ridge__PER,SAU,2015,2017,9,6.0,7.0,0.125
PRIMARY_DELETE__HLO_to_P__primary_5y__M2__ridge__PHL,ISL,2000,2004,6,2.0,2.0,0.0
PRIMARY_DELETE__HLO_to_P__primary_5y__M2__ridge__PHL,LTU,2000,2004,6,4.0,5.0,0.2
PRIMARY_DELETE__HLO_to_P__primary_5y__M2__ridge__PHL,NLD,2000,2004,6,3.0,3.0,0.0
PRIMARY_DELETE__HLO_to_P__primary_5y__M2__ridge__PHL,NOR,2000,2004,6,1.0,1.0,0.0
PRIMARY_DELETE__HLO_to_P__primary_5y__M2__ridge__PHL,USA,2000,2004,6,5.0,4.0,0.2
PRIMARY_DELETE__HLO_to_P__primary_5y__M2__ridge__PHL,ZAF,2000,2004,6,6.0,6.0,0.0
PRIMARY_DELETE__HLO_to_P__primary_5y__M2__ridge__PHL,AUT,2005,2009,17,2.0,4.0,0.125
PRIMARY_DELETE__HLO_to_P__primary_5y__M2__ridge__PHL,BRA,2005,2009,17,12.0,12.0,0.0
PRIMARY_DELETE__HLO_to_P__primary_5y__M2__ridge__PHL,CHL,2005,2009,17,13.0,10.0,0.1875
PRIMARY_DELETE__HLO_to_P__primary_5y__M2__ridge__PHL,CRI,2005,2009,17,10.0,11.0,0.0625
PRIMARY_DELETE__HLO_to_P__primary_5y__M2__ridge__PHL,DEU,2005,2009,17,4.0,5.0,0.0625
PRIMARY_DELETE__HLO_to_P__primary_5y__M2__ridge__PHL,IDN,2005,2009,17,16.0,17.0,0.0625
PRIMARY_DELETE__HLO_to_P__primary_5y__M2__ridge__PHL,IRN,2005,2009,17,15.0,14.0,0.0625
PRIMARY_DELETE__HLO_to_P__primary_5y__M2__ridge__PHL,ITA,2005,2009,17,9.0,6.0,0.1875
PRIMARY_DELETE__HLO_to_P__primary_5y__M2__ridge__PHL,JPN,2005,2009,17,1.0,8.0,0.4375
PRIMARY_DELETE__HLO_to_P__primary_5y__M2__ridge__PHL,MAR,2005,2009,17,17.0,15.0,0.125
PRIMARY_DELETE__HLO_to_P__primary_5y__M2__ridge__PHL,NLD,2005,2009,17,3.0,2.0,0.0625
PRIMARY_DELETE__HLO_to_P__primary_5y__M2__ridge__PHL,NOR,2005,2009,17,6.0,1.0,0.3125
PRIMARY_DELETE__HLO_to_P__primary_5y__M2__ridge__PHL,PER,2005,2009,17,8.0,16.0,0.5
PRIMARY_DELETE__HLO_to_P__primary_5y__M2__ridge__PHL,POL,2005,2009,17,7.0,7.0,0.0
PRIMARY_DELETE__HLO_to_P__primary_5y__M2__ridge__PHL,QAT,2005,2009,17,14.0,13.0,0.0625
PRIMARY_DELETE__HLO_to_P__primary_5y__M2__ridge__PHL,SVN,2005,2009,17,5.0,3.0,0.125
PRIMARY_DELETE__HLO_to_P__primary_5y__M2__ridge__PHL,UKR,2005,2009,17,11.0,9.0,0.125
PRIMARY_DELETE__HLO_to_P__primary_5y__M2__ridge__PHL,BRA,2010,2014,20,9.0,10.0,0.05263157894736842
PRIMARY_DELETE__HLO_to_P__primary_5y__M2__ridge__PHL,CHL,2010,2014,20,17.0,9.0,0.42105263157894735
PRIMARY_DELETE__HLO_to_P__primary_5y__M2__ridge__PHL,COL,2010,2014,20,12.0,12.0,0.0
PRIMARY_DELETE__HLO_to_P__primary_5y__M2__ridge__PHL,DEU,2010,2014,20,3.0,4.0,0.05263157894736842
PRIMARY_DELETE__HLO_to_P__primary_5y__M2__ridge__PHL,ESP,2010,2014,20,6.0,2.0,0.21052631578947367
PRIMARY_DELETE__HLO_to_P__primary_5y__M2__ridge__PHL,FIN,2010,2014,20,1.0,1.0,0.0
PRIMARY_DELETE__HLO_to_P__primary_5y__M2__ridge__PHL,GHA,2010,2014,20,20.0,20.0,0.0
PRIMARY_DELETE__HLO_to_P__primary_5y__M2__ridge__PHL,HRV,2010,2014,20,8.0,7.0,0.05263157894736842
PRIMARY_DELETE__HLO_to_P__primary_5y__M2__ridge__PHL,IDN,2010,2014,20,15.0,18.0,0.15789473684210525
PRIMARY_DELETE__HLO_to_P__primary_5y__M2__ridge__PHL,ITA,2010,2014,20,10.0,6.0,0.21052631578947367
PRIMARY_DELETE__HLO_to_P__primary_5y__M2__ridge__PHL,JOR,2010,2014,20,18.0,15.0,0.15789473684210525
PRIMARY_DELETE__HLO_to_P__primary_5y__M2__ridge__PHL,KAZ,2010,2014,20,13.0,17.0,0.21052631578947367
PRIMARY_DELETE__HLO_to_P__primary_5y__M2__ridge__PHL,KOR,2010,2014,20,2.0,3.0,0.05263157894736842
PRIMARY_DELETE__HLO_to_P__primary_5y__M2__ridge__PHL,MAR,2010,2014,20,19.0,16.0,0.15789473684210525
PRIMARY_DELETE__HLO_to_P__primary_5y__M2__ridge__PHL,MEX,2010,2014,20,7.0,14.0,0.3684210526315789
PRIMARY_DELETE__HLO_to_P__primary_5y__M2__ridge__PHL,OMN,2010,2014,20,11.0,13.0,0.10526315789473684
PRIMARY_DELETE__HLO_to_P__primary_5y__M2__ridge__PHL,POL,2010,2014,20,4.0,5.0,0.05263157894736842
PRIMARY_DELETE__HLO_to_P__primary_5y__M2__ridge__PHL,SAU,2010,2014,20,16.0,11.0,0.2631578947368421
PRIMARY_DELETE__HLO_to_P__primary_5y__M2__ridge__PHL,SRB,2010,2014,20,5.0,8.0,0.15789473684210525
PRIMARY_DELETE__HLO_to_P__primary_5y__M2__ridge__PHL,ZAF,2010,2014,20,14.0,19.0,0.2631578947368421
PRIMARY_DELETE__HLO_to_P__primary_5y__M2__ridge__PHL,AUS,2015,2017,9,4.0,3.0,0.125
PRIMARY_DELETE__HLO_to_P__primary_5y__M2__ridge__PHL,BHR,2015,2017,9,9.0,4.0,0.625
PRIMARY_DELETE__HLO_to_P__primary_5y__M2__ridge__PHL,DEU,2015,2017,9,3.0,1.0,0.25
PRIMARY_DELETE__HLO_to_P__primary_5y__M2__ridge__PHL,EGY,2015,2017,9,8.0,9.0,0.125
PRIMARY_DELETE__HLO_to_P__primary_5y__M2__ridge__PHL,IDN,2015,2017,9,7.0,8.0,0.125
PRIMARY_DELETE__HLO_to_P__primary_5y__M2__ridge__PHL,JPN,2015,2017,9,2.0,5.0,0.375
PRIMARY_DELETE__HLO_to_P__primary_5y__M2__ridge__PHL,POL,2015,2017,9,1.0,2.0,0.125
PRIMARY_DELETE__HLO_to_P__primary_5y__M2__ridge__PHL,RUS,2015,2017,9,5.0,6.0,0.125
PRIMARY_DELETE__HLO_to_P__primary_5y__M2__ridge__PHL,SAU,2015,2017,9,6.0,7.0,0.125
PRIMARY_DELETE__HLO_to_P__primary_5y__M2__ridge__POL,ISL,2000,2004,7,2.0,3.0,0.16666666666666666
PRIMARY_DELETE__HLO_to_P__primary_5y__M2__ridge__POL,LTU,2000,2004,7,4.0,5.0,0.16666666666666666
PRIMARY_DELETE__HLO_to_P__primary_5y__M2__ridge__POL,NLD,2000,2004,7,3.0,2.0,0.16666666666666666
PRIMARY_DELETE__HLO_to_P__primary_5y__M2__ridge__POL,NOR,2000,2004,7,1.0,1.0,0.0
PRIMARY_DELETE__HLO_to_P__primary_5y__M2__ridge__POL,PHL,2000,2004,7,6.0,7.0,0.16666666666666666
PRIMARY_DELETE__HLO_to_P__primary_5y__M2__ridge__POL,USA,2000,2004,7,5.0,4.0,0.16666666666666666
PRIMARY_DELETE__HLO_to_P__primary_5y__M2__ridge__POL,ZAF,2000,2004,7,7.0,6.0,0.16666666666666666
PRIMARY_DELETE__HLO_to_P__primary_5y__M2__ridge__POL,AUT,2005,2009,16,2.0,4.0,0.13333333333333333
PRIMARY_DELETE__HLO_to_P__primary_5y__M2__ridge__POL,BRA,2005,2009,16,11.0,12.0,0.06666666666666667
PRIMARY_DELETE__HLO_to_P__primary_5y__M2__ridge__POL,CHL,2005,2009,16,12.0,10.0,0.13333333333333333
PRIMARY_DELETE__HLO_to_P__primary_5y__M2__ridge__POL,CRI,2005,2009,16,9.0,9.0,0.0
PRIMARY_DELETE__HLO_to_P__primary_5y__M2__ridge__POL,DEU,2005,2009,16,4.0,5.0,0.06666666666666667
PRIMARY_DELETE__HLO_to_P__primary_5y__M2__ridge__POL,IDN,2005,2009,16,15.0,16.0,0.06666666666666667
PRIMARY_DELETE__HLO_to_P__primary_5y__M2__ridge__POL,IRN,2005,2009,16,14.0,13.0,0.06666666666666667
PRIMARY_DELETE__HLO_to_P__primary_5y__M2__ridge__POL,ITA,2005,2009,16,8.0,6.0,0.13333333333333333
PRIMARY_DELETE__HLO_to_P__primary_5y__M2__ridge__POL,JPN,2005,2009,16,1.0,7.0,0.4
PRIMARY_DELETE__HLO_to_P__primary_5y__M2__ridge__POL,MAR,2005,2009,16,16.0,15.0,0.06666666666666667
PRIMARY_DELETE__HLO_to_P__primary_5y__M2__ridge__POL,NLD,2005,2009,16,3.0,3.0,0.0
PRIMARY_DELETE__HLO_to_P__primary_5y__M2__ridge__POL,NOR,2005,2009,16,6.0,1.0,0.3333333333333333
PRIMARY_DELETE__HLO_to_P__primary_5y__M2__ridge__POL,PER,2005,2009,16,7.0,14.0,0.4666666666666667
PRIMARY_DELETE__HLO_to_P__primary_5y__M2__ridge__POL,QAT,2005,2009,16,13.0,11.0,0.13333333333333333
PRIMARY_DELETE__HLO_to_P__primary_5y__M2__ridge__POL,SVN,2005,2009,16,5.0,2.0,0.2
PRIMARY_DELETE__HLO_to_P__primary_5y__M2__ridge__POL,UKR,2005,2009,16,10.0,8.0,0.13333333333333333
PRIMARY_DELETE__HLO_to_P__primary_5y__M2__ridge__POL,BRA,2010,2014,19,8.0,11.0,0.16666666666666666
PRIMARY_DELETE__HLO_to_P__primary_5y__M2__ridge__POL,CHL,2010,2014,19,16.0,8.0,0.4444444444444444
PRIMARY_DELETE__HLO_to_P__primary_5y__M2__ridge__POL,COL,2010,2014,19,11.0,10.0,0.05555555555555555
PRIMARY_DELETE__HLO_to_P__primary_5y__M2__ridge__POL,DEU,2010,2014,19,3.0,3.0,0.0
PRIMARY_DELETE__HLO_to_P__primary_5y__M2__ridge__POL,ESP,2010,2014,19,5.0,2.0,0.16666666666666666
PRIMARY_DELETE__HLO_to_P__primary_5y__M2__ridge__POL,FIN,2010,2014,19,1.0,1.0,0.0
PRIMARY_DELETE__HLO_to_P__primary_5y__M2__ridge__POL,GHA,2010,2014,19,19.0,19.0,0.0
PRIMARY_DELETE__HLO_to_P__primary_5y__M2__ridge__POL,HRV,2010,2014,19,7.0,5.0,0.1111111111111111
PRIMARY_DELETE__HLO_to_P__primary_5y__M2__ridge__POL,IDN,2010,2014,19,14.0,17.0,0.16666666666666666
PRIMARY_DELETE__HLO_to_P__primary_5y__M2__ridge__POL,ITA,2010,2014,19,9.0,6.0,0.16666666666666666
PRIMARY_DELETE__HLO_to_P__primary_5y__M2__ridge__POL,JOR,2010,2014,19,17.0,14.0,0.16666666666666666
PRIMARY_DELETE__HLO_to_P__primary_5y__M2__ridge__POL,KAZ,2010,2014,19,12.0,16.0,0.2222222222222222
PRIMARY_DELETE__HLO_to_P__primary_5y__M2__ridge__POL,KOR,2010,2014,19,2.0,4.0,0.1111111111111111
PRIMARY_DELETE__HLO_to_P__primary_5y__M2__ridge__POL,MAR,2010,2014,19,18.0,15.0,0.16666666666666666
PRIMARY_DELETE__HLO_to_P__primary_5y__M2__ridge__POL,MEX,2010,2014,19,6.0,13.0,0.3888888888888889
PRIMARY_DELETE__HLO_to_P__primary_5y__M2__ridge__POL,OMN,2010,2014,19,10.0,12.0,0.1111111111111111
PRIMARY_DELETE__HLO_to_P__primary_5y__M2__ridge__POL,SAU,2010,2014,19,15.0,9.0,0.3333333333333333
PRIMARY_DELETE__HLO_to_P__primary_5y__M2__ridge__POL,SRB,2010,2014,19,4.0,7.0,0.16666666666666666
PRIMARY_DELETE__HLO_to_P__primary_5y__M2__ridge__POL,ZAF,2010,2014,19,13.0,18.0,0.2777777777777778
PRIMARY_DELETE__HLO_to_P__primary_5y__M2__ridge__POL,AUS,2015,2017,8,3.0,2.0,0.14285714285714285
PRIMARY_DELETE__HLO_to_P__primary_5y__M2__ridge__POL,BHR,2015,2017,8,8.0,3.0,0.7142857142857143
PRIMARY_DELETE__HLO_to_P__primary_5y__M2__ridge__POL,DEU,2015,2017,8,2.0,1.0,0.14285714285714285
PRIMARY_DELETE__HLO_to_P__primary_5y__M2__ridge__POL,EGY,2015,2017,8,7.0,8.0,0.14285714285714285
PRIMARY_DELETE__HLO_to_P__primary_5y__M2__ridge__POL,IDN,2015,2017,8,6.0,7.0,0.14285714285714285
PRIMARY_DELETE__HLO_to_P__primary_5y__M2__ridge__POL,JPN,2015,2017,8,1.0,5.0,0.5714285714285714
PRIMARY_DELETE__HLO_to_P__primary_5y__M2__ridge__POL,RUS,2015,2017,8,4.0,6.0,0.2857142857142857
PRIMARY_DELETE__HLO_to_P__primary_5y__M2__ridge__POL,SAU,2015,2017,8,5.0,4.0,0.14285714285714285
PRIMARY_DELETE__HLO_to_P__primary_5y__M2__ridge__QAT,ISL,2000,2004,7,2.0,3.0,0.16666666666666666
PRIMARY_DELETE__HLO_to_P__primary_5y__M2__ridge__QAT,LTU,2000,2004,7,4.0,5.0,0.16666666666666666
PRIMARY_DELETE__HLO_to_P__primary_5y__M2__ridge__QAT,NLD,2000,2004,7,3.0,2.0,0.16666666666666666
PRIMARY_DELETE__HLO_to_P__primary_5y__M2__ridge__QAT,NOR,2000,2004,7,1.0,1.0,0.0
PRIMARY_DELETE__HLO_to_P__primary_5y__M2__ridge__QAT,PHL,2000,2004,7,6.0,7.0,0.16666666666666666
PRIMARY_DELETE__HLO_to_P__primary_5y__M2__ridge__QAT,USA,2000,2004,7,5.0,4.0,0.16666666666666666
PRIMARY_DELETE__HLO_to_P__primary_5y__M2__ridge__QAT,ZAF,2000,2004,7,7.0,6.0,0.16666666666666666
PRIMARY_DELETE__HLO_to_P__primary_5y__M2__ridge__QAT,AUT,2005,2009,16,2.0,4.0,0.13333333333333333
PRIMARY_DELETE__HLO_to_P__primary_5y__M2__ridge__QAT,BRA,2005,2009,16,12.0,12.0,0.0
PRIMARY_DELETE__HLO_to_P__primary_5y__M2__ridge__QAT,CHL,2005,2009,16,13.0,11.0,0.13333333333333333
PRIMARY_DELETE__HLO_to_P__primary_5y__M2__ridge__QAT,CRI,2005,2009,16,10.0,10.0,0.0
PRIMARY_DELETE__HLO_to_P__primary_5y__M2__ridge__QAT,DEU,2005,2009,16,4.0,5.0,0.06666666666666667
PRIMARY_DELETE__HLO_to_P__primary_5y__M2__ridge__QAT,IDN,2005,2009,16,15.0,16.0,0.06666666666666667
PRIMARY_DELETE__HLO_to_P__primary_5y__M2__ridge__QAT,IRN,2005,2009,16,14.0,13.0,0.06666666666666667
PRIMARY_DELETE__HLO_to_P__primary_5y__M2__ridge__QAT,ITA,2005,2009,16,9.0,6.0,0.2
PRIMARY_DELETE__HLO_to_P__primary_5y__M2__ridge__QAT,JPN,2005,2009,16,1.0,8.0,0.4666666666666667
PRIMARY_DELETE__HLO_to_P__primary_5y__M2__ridge__QAT,MAR,2005,2009,16,16.0,15.0,0.06666666666666667
PRIMARY_DELETE__HLO_to_P__primary_5y__M2__ridge__QAT,NLD,2005,2009,16,3.0,3.0,0.0
PRIMARY_DELETE__HLO_to_P__primary_5y__M2__ridge__QAT,NOR,2005,2009,16,6.0,1.0,0.3333333333333333
PRIMARY_DELETE__HLO_to_P__primary_5y__M2__ridge__QAT,PER,2005,2009,16,8.0,14.0,0.4
PRIMARY_DELETE__HLO_to_P__primary_5y__M2__ridge__QAT,POL,2005,2009,16,7.0,7.0,0.0
PRIMARY_DELETE__HLO_to_P__primary_5y__M2__ridge__QAT,SVN,2005,2009,16,5.0,2.0,0.2
PRIMARY_DELETE__HLO_to_P__primary_5y__M2__ridge__QAT,UKR,2005,2009,16,11.0,9.0,0.13333333333333333
PRIMARY_DELETE__HLO_to_P__primary_5y__M2__ridge__QAT,BRA,2010,2014,20,9.0,12.0,0.15789473684210525
PRIMARY_DELETE__HLO_to_P__primary_5y__M2__ridge__QAT,CHL,2010,2014,20,17.0,9.0,0.42105263157894735
PRIMARY_DELETE__HLO_to_P__primary_5y__M2__ridge__QAT,COL,2010,2014,20,12.0,11.0,0.05263157894736842
PRIMARY_DELETE__HLO_to_P__primary_5y__M2__ridge__QAT,DEU,2010,2014,20,3.0,3.0,0.0
PRIMARY_DELETE__HLO_to_P__primary_5y__M2__ridge__QAT,ESP,2010,2014,20,6.0,2.0,0.21052631578947367
PRIMARY_DELETE__HLO_to_P__primary_5y__M2__ridge__QAT,FIN,2010,2014,20,1.0,1.0,0.0
PRIMARY_DELETE__HLO_to_P__primary_5y__M2__ridge__QAT,GHA,2010,2014,20,20.0,20.0,0.0
PRIMARY_DELETE__HLO_to_P__primary_5y__M2__ridge__QAT,HRV,2010,2014,20,8.0,5.0,0.15789473684210525
PRIMARY_DELETE__HLO_to_P__primary_5y__M2__ridge__QAT,IDN,2010,2014,20,15.0,18.0,0.15789473684210525
PRIMARY_DELETE__HLO_to_P__primary_5y__M2__ridge__QAT,ITA,2010,2014,20,10.0,6.0,0.21052631578947367
PRIMARY_DELETE__HLO_to_P__primary_5y__M2__ridge__QAT,JOR,2010,2014,20,18.0,14.0,0.21052631578947367
PRIMARY_DELETE__HLO_to_P__primary_5y__M2__ridge__QAT,KAZ,2010,2014,20,13.0,16.0,0.15789473684210525
PRIMARY_DELETE__HLO_to_P__primary_5y__M2__ridge__QAT,KOR,2010,2014,20,2.0,4.0,0.10526315789473684
PRIMARY_DELETE__HLO_to_P__primary_5y__M2__ridge__QAT,MAR,2010,2014,20,19.0,17.0,0.10526315789473684
PRIMARY_DELETE__HLO_to_P__primary_5y__M2__ridge__QAT,MEX,2010,2014,20,7.0,15.0,0.42105263157894735
PRIMARY_DELETE__HLO_to_P__primary_5y__M2__ridge__QAT,OMN,2010,2014,20,11.0,13.0,0.10526315789473684
PRIMARY_DELETE__HLO_to_P__primary_5y__M2__ridge__QAT,POL,2010,2014,20,4.0,7.0,0.15789473684210525
PRIMARY_DELETE__HLO_to_P__primary_5y__M2__ridge__QAT,SAU,2010,2014,20,16.0,10.0,0.3157894736842105
PRIMARY_DELETE__HLO_to_P__primary_5y__M2__ridge__QAT,SRB,2010,2014,20,5.0,8.0,0.15789473684210525
PRIMARY_DELETE__HLO_to_P__primary_5y__M2__ridge__QAT,ZAF,2010,2014,20,14.0,19.0,0.2631578947368421
PRIMARY_DELETE__HLO_to_P__primary_5y__M2__ridge__QAT,AUS,2015,2017,9,4.0,3.0,0.125
PRIMARY_DELETE__HLO_to_P__primary_5y__M2__ridge__QAT,BHR,2015,2017,9,9.0,4.0,0.625
PRIMARY_DELETE__HLO_to_P__primary_5y__M2__ridge__QAT,DEU,2015,2017,9,3.0,1.0,0.25
PRIMARY_DELETE__HLO_to_P__primary_5y__M2__ridge__QAT,EGY,2015,2017,9,8.0,9.0,0.125
PRIMARY_DELETE__HLO_to_P__primary_5y__M2__ridge__QAT,IDN,2015,2017,9,7.0,8.0,0.125
PRIMARY_DELETE__HLO_to_P__primary_5y__M2__ridge__QAT,JPN,2015,2017,9,2.0,6.0,0.5
PRIMARY_DELETE__HLO_to_P__primary_5y__M2__ridge__QAT,POL,2015,2017,9,1.0,2.0,0.125
PRIMARY_DELETE__HLO_to_P__primary_5y__M2__ridge__QAT,RUS,2015,2017,9,5.0,7.0,0.25
PRIMARY_DELETE__HLO_to_P__primary_5y__M2__ridge__QAT,SAU,2015,2017,9,6.0,5.0,0.125
PRIMARY_DELETE__HLO_to_P__primary_5y__M2__ridge__RUS,ISL,2000,2004,7,2.0,3.0,0.16666666666666666
PRIMARY_DELETE__HLO_to_P__primary_5y__M2__ridge__RUS,LTU,2000,2004,7,4.0,5.0,0.16666666666666666
PRIMARY_DELETE__HLO_to_P__primary_5y__M2__ridge__RUS,NLD,2000,2004,7,3.0,2.0,0.16666666666666666
PRIMARY_DELETE__HLO_to_P__primary_5y__M2__ridge__RUS,NOR,2000,2004,7,1.0,1.0,0.0
PRIMARY_DELETE__HLO_to_P__primary_5y__M2__ridge__RUS,PHL,2000,2004,7,6.0,7.0,0.16666666666666666
PRIMARY_DELETE__HLO_to_P__primary_5y__M2__ridge__RUS,USA,2000,2004,7,5.0,4.0,0.16666666666666666
PRIMARY_DELETE__HLO_to_P__primary_5y__M2__ridge__RUS,ZAF,2000,2004,7,7.0,6.0,0.16666666666666666
PRIMARY_DELETE__HLO_to_P__primary_5y__M2__ridge__RUS,AUT,2005,2009,17,2.0,4.0,0.125
PRIMARY_DELETE__HLO_to_P__primary_5y__M2__ridge__RUS,BRA,2005,2009,17,12.0,13.0,0.0625
PRIMARY_DELETE__HLO_to_P__primary_5y__M2__ridge__RUS,CHL,2005,2009,17,13.0,11.0,0.125
PRIMARY_DELETE__HLO_to_P__primary_5y__M2__ridge__RUS,CRI,2005,2009,17,10.0,10.0,0.0
PRIMARY_DELETE__HLO_to_P__primary_5y__M2__ridge__RUS,DEU,2005,2009,17,4.0,6.0,0.125
PRIMARY_DELETE__HLO_to_P__primary_5y__M2__ridge__RUS,IDN,2005,2009,17,16.0,17.0,0.0625
PRIMARY_DELETE__HLO_to_P__primary_5y__M2__ridge__RUS,IRN,2005,2009,17,15.0,14.0,0.0625
PRIMARY_DELETE__HLO_to_P__primary_5y__M2__ridge__RUS,ITA,2005,2009,17,9.0,5.0,0.25
PRIMARY_DELETE__HLO_to_P__primary_5y__M2__ridge__RUS,JPN,2005,2009,17,1.0,8.0,0.4375
PRIMARY_DELETE__HLO_to_P__primary_5y__M2__ridge__RUS,MAR,2005,2009,17,17.0,16.0,0.0625
PRIMARY_DELETE__HLO_to_P__primary_5y__M2__ridge__RUS,NLD,2005,2009,17,3.0,3.0,0.0
PRIMARY_DELETE__HLO_to_P__primary_5y__M2__ridge__RUS,NOR,2005,2009,17,6.0,1.0,0.3125
PRIMARY_DELETE__HLO_to_P__primary_5y__M2__ridge__RUS,PER,2005,2009,17,8.0,15.0,0.4375
PRIMARY_DELETE__HLO_to_P__primary_5y__M2__ridge__RUS,POL,2005,2009,17,7.0,7.0,0.0
PRIMARY_DELETE__HLO_to_P__primary_5y__M2__ridge__RUS,QAT,2005,2009,17,14.0,12.0,0.125
PRIMARY_DELETE__HLO_to_P__primary_5y__M2__ridge__RUS,SVN,2005,2009,17,5.0,2.0,0.1875
PRIMARY_DELETE__HLO_to_P__primary_5y__M2__ridge__RUS,UKR,2005,2009,17,11.0,9.0,0.125
PRIMARY_DELETE__HLO_to_P__primary_5y__M2__ridge__RUS,BRA,2010,2014,20,9.0,12.0,0.15789473684210525
PRIMARY_DELETE__HLO_to_P__primary_5y__M2__ridge__RUS,CHL,2010,2014,20,17.0,10.0,0.3684210526315789
PRIMARY_DELETE__HLO_to_P__primary_5y__M2__ridge__RUS,COL,2010,2014,20,12.0,11.0,0.05263157894736842
PRIMARY_DELETE__HLO_to_P__primary_5y__M2__ridge__RUS,DEU,2010,2014,20,3.0,3.0,0.0
PRIMARY_DELETE__HLO_to_P__primary_5y__M2__ridge__RUS,ESP,2010,2014,20,6.0,2.0,0.21052631578947367
PRIMARY_DELETE__HLO_to_P__primary_5y__M2__ridge__RUS,FIN,2010,2014,20,1.0,1.0,0.0
PRIMARY_DELETE__HLO_to_P__primary_5y__M2__ridge__RUS,GHA,2010,2014,20,20.0,20.0,0.0
PRIMARY_DELETE__HLO_to_P__primary_5y__M2__ridge__RUS,HRV,2010,2014,20,8.0,5.0,0.15789473684210525
PRIMARY_DELETE__HLO_to_P__primary_5y__M2__ridge__RUS,IDN,2010,2014,20,15.0,18.0,0.15789473684210525
PRIMARY_DELETE__HLO_to_P__primary_5y__M2__ridge__RUS,ITA,2010,2014,20,10.0,6.0,0.21052631578947367
PRIMARY_DELETE__HLO_to_P__primary_5y__M2__ridge__RUS,JOR,2010,2014,20,18.0,15.0,0.15789473684210525
PRIMARY_DELETE__HLO_to_P__primary_5y__M2__ridge__RUS,KAZ,2010,2014,20,13.0,16.0,0.15789473684210525
PRIMARY_DELETE__HLO_to_P__primary_5y__M2__ridge__RUS,KOR,2010,2014,20,2.0,4.0,0.10526315789473684
PRIMARY_DELETE__HLO_to_P__primary_5y__M2__ridge__RUS,MAR,2010,2014,20,19.0,17.0,0.10526315789473684
PRIMARY_DELETE__HLO_to_P__primary_5y__M2__ridge__RUS,MEX,2010,2014,20,7.0,14.0,0.3684210526315789
PRIMARY_DELETE__HLO_to_P__primary_5y__M2__ridge__RUS,OMN,2010,2014,20,11.0,13.0,0.10526315789473684
PRIMARY_DELETE__HLO_to_P__primary_5y__M2__ridge__RUS,POL,2010,2014,20,4.0,7.0,0.15789473684210525
PRIMARY_DELETE__HLO_to_P__primary_5y__M2__ridge__RUS,SAU,2010,2014,20,16.0,9.0,0.3684210526315789
PRIMARY_DELETE__HLO_to_P__primary_5y__M2__ridge__RUS,SRB,2010,2014,20,5.0,8.0,0.15789473684210525
PRIMARY_DELETE__HLO_to_P__primary_5y__M2__ridge__RUS,ZAF,2010,2014,20,14.0,19.0,0.2631578947368421
PRIMARY_DELETE__HLO_to_P__primary_5y__M2__ridge__RUS,AUS,2015,2017,8,4.0,3.0,0.14285714285714285
PRIMARY_DELETE__HLO_to_P__primary_5y__M2__ridge__RUS,BHR,2015,2017,8,8.0,4.0,0.5714285714285714
PRIMARY_DELETE__HLO_to_P__primary_5y__M2__ridge__RUS,DEU,2015,2017,8,3.0,1.0,0.2857142857142857
PRIMARY_DELETE__HLO_to_P__primary_5y__M2__ridge__RUS,EGY,2015,2017,8,7.0,8.0,0.14285714285714285
PRIMARY_DELETE__HLO_to_P__primary_5y__M2__ridge__RUS,IDN,2015,2017,8,6.0,7.0,0.14285714285714285
PRIMARY_DELETE__HLO_to_P__primary_5y__M2__ridge__RUS,JPN,2015,2017,8,2.0,6.0,0.5714285714285714
PRIMARY_DELETE__HLO_to_P__primary_5y__M2__ridge__RUS,POL,2015,2017,8,1.0,2.0,0.14285714285714285
PRIMARY_DELETE__HLO_to_P__primary_5y__M2__ridge__RUS,SAU,2015,2017,8,5.0,5.0,0.0
PRIMARY_DELETE__HLO_to_P__primary_5y__M2__ridge__SAU,ISL,2000,2004,7,2.0,3.0,0.16666666666666666
PRIMARY_DELETE__HLO_to_P__primary_5y__M2__ridge__SAU,LTU,2000,2004,7,4.0,5.0,0.16666666666666666
PRIMARY_DELETE__HLO_to_P__primary_5y__M2__ridge__SAU,NLD,2000,2004,7,3.0,2.0,0.16666666666666666
PRIMARY_DELETE__HLO_to_P__primary_5y__M2__ridge__SAU,NOR,2000,2004,7,1.0,1.0,0.0
PRIMARY_DELETE__HLO_to_P__primary_5y__M2__ridge__SAU,PHL,2000,2004,7,6.0,7.0,0.16666666666666666
PRIMARY_DELETE__HLO_to_P__primary_5y__M2__ridge__SAU,USA,2000,2004,7,5.0,4.0,0.16666666666666666
PRIMARY_DELETE__HLO_to_P__primary_5y__M2__ridge__SAU,ZAF,2000,2004,7,7.0,6.0,0.16666666666666666
PRIMARY_DELETE__HLO_to_P__primary_5y__M2__ridge__SAU,AUT,2005,2009,17,2.0,4.0,0.125
PRIMARY_DELETE__HLO_to_P__primary_5y__M2__ridge__SAU,BRA,2005,2009,17,12.0,13.0,0.0625
PRIMARY_DELETE__HLO_to_P__primary_5y__M2__ridge__SAU,CHL,2005,2009,17,13.0,11.0,0.125
PRIMARY_DELETE__HLO_to_P__primary_5y__M2__ridge__SAU,CRI,2005,2009,17,10.0,10.0,0.0
PRIMARY_DELETE__HLO_to_P__primary_5y__M2__ridge__SAU,DEU,2005,2009,17,4.0,5.0,0.0625
PRIMARY_DELETE__HLO_to_P__primary_5y__M2__ridge__SAU,IDN,2005,2009,17,16.0,17.0,0.0625
PRIMARY_DELETE__HLO_to_P__primary_5y__M2__ridge__SAU,IRN,2005,2009,17,15.0,14.0,0.0625
PRIMARY_DELETE__HLO_to_P__primary_5y__M2__ridge__SAU,ITA,2005,2009,17,9.0,6.0,0.1875
PRIMARY_DELETE__HLO_to_P__primary_5y__M2__ridge__SAU,JPN,2005,2009,17,1.0,9.0,0.5
PRIMARY_DELETE__HLO_to_P__primary_5y__M2__ridge__SAU,MAR,2005,2009,17,17.0,16.0,0.0625
PRIMARY_DELETE__HLO_to_P__primary_5y__M2__ridge__SAU,NLD,2005,2009,17,3.0,3.0,0.0
PRIMARY_DELETE__HLO_to_P__primary_5y__M2__ridge__SAU,NOR,2005,2009,17,6.0,2.0,0.25
PRIMARY_DELETE__HLO_to_P__primary_5y__M2__ridge__SAU,PER,2005,2009,17,8.0,15.0,0.4375
PRIMARY_DELETE__HLO_to_P__primary_5y__M2__ridge__SAU,POL,2005,2009,17,7.0,7.0,0.0
PRIMARY_DELETE__HLO_to_P__primary_5y__M2__ridge__SAU,QAT,2005,2009,17,14.0,12.0,0.125
PRIMARY_DELETE__HLO_to_P__primary_5y__M2__ridge__SAU,SVN,2005,2009,17,5.0,1.0,0.25
PRIMARY_DELETE__HLO_to_P__primary_5y__M2__ridge__SAU,UKR,2005,2009,17,11.0,8.0,0.1875
PRIMARY_DELETE__HLO_to_P__primary_5y__M2__ridge__SAU,BRA,2010,2014,19,9.0,11.0,0.1111111111111111
PRIMARY_DELETE__HLO_to_P__primary_5y__M2__ridge__SAU,CHL,2010,2014,19,16.0,10.0,0.3333333333333333
PRIMARY_DELETE__HLO_to_P__primary_5y__M2__ridge__SAU,COL,2010,2014,19,12.0,8.0,0.2222222222222222
PRIMARY_DELETE__HLO_to_P__primary_5y__M2__ridge__SAU,DEU,2010,2014,19,3.0,3.0,0.0
PRIMARY_DELETE__HLO_to_P__primary_5y__M2__ridge__SAU,ESP,2010,2014,19,6.0,2.0,0.2222222222222222
PRIMARY_DELETE__HLO_to_P__primary_5y__M2__ridge__SAU,FIN,2010,2014,19,1.0,1.0,0.0
PRIMARY_DELETE__HLO_to_P__primary_5y__M2__ridge__SAU,GHA,2010,2014,19,19.0,19.0,0.0
PRIMARY_DELETE__HLO_to_P__primary_5y__M2__ridge__SAU,HRV,2010,2014,19,8.0,6.0,0.1111111111111111
PRIMARY_DELETE__HLO_to_P__primary_5y__M2__ridge__SAU,IDN,2010,2014,19,15.0,17.0,0.1111111111111111
PRIMARY_DELETE__HLO_to_P__primary_5y__M2__ridge__SAU,ITA,2010,2014,19,10.0,5.0,0.2777777777777778
PRIMARY_DELETE__HLO_to_P__primary_5y__M2__ridge__SAU,JOR,2010,2014,19,17.0,14.0,0.16666666666666666
PRIMARY_DELETE__HLO_to_P__primary_5y__M2__ridge__SAU,KAZ,2010,2014,19,13.0,15.0,0.1111111111111111
PRIMARY_DELETE__HLO_to_P__primary_5y__M2__ridge__SAU,KOR,2010,2014,19,2.0,4.0,0.1111111111111111
PRIMARY_DELETE__HLO_to_P__primary_5y__M2__ridge__SAU,MAR,2010,2014,19,18.0,16.0,0.1111111111111111
PRIMARY_DELETE__HLO_to_P__primary_5y__M2__ridge__SAU,MEX,2010,2014,19,7.0,13.0,0.3333333333333333
PRIMARY_DELETE__HLO_to_P__primary_5y__M2__ridge__SAU,OMN,2010,2014,19,11.0,12.0,0.05555555555555555
PRIMARY_DELETE__HLO_to_P__primary_5y__M2__ridge__SAU,POL,2010,2014,19,4.0,7.0,0.16666666666666666
PRIMARY_DELETE__HLO_to_P__primary_5y__M2__ridge__SAU,SRB,2010,2014,19,5.0,9.0,0.2222222222222222
PRIMARY_DELETE__HLO_to_P__primary_5y__M2__ridge__SAU,ZAF,2010,2014,19,14.0,18.0,0.2222222222222222
PRIMARY_DELETE__HLO_to_P__primary_5y__M2__ridge__SAU,AUS,2015,2017,8,4.0,3.0,0.14285714285714285
PRIMARY_DELETE__HLO_to_P__primary_5y__M2__ridge__SAU,BHR,2015,2017,8,8.0,4.0,0.5714285714285714
PRIMARY_DELETE__HLO_to_P__primary_5y__M2__ridge__SAU,DEU,2015,2017,8,3.0,1.0,0.2857142857142857
PRIMARY_DELETE__HLO_to_P__primary_5y__M2__ridge__SAU,EGY,2015,2017,8,7.0,8.0,0.14285714285714285
PRIMARY_DELETE__HLO_to_P__primary_5y__M2__ridge__SAU,IDN,2015,2017,8,6.0,7.0,0.14285714285714285
PRIMARY_DELETE__HLO_to_P__primary_5y__M2__ridge__SAU,JPN,2015,2017,8,2.0,5.0,0.42857142857142855
PRIMARY_DELETE__HLO_to_P__primary_5y__M2__ridge__SAU,POL,2015,2017,8,1.0,2.0,0.14285714285714285
PRIMARY_DELETE__HLO_to_P__primary_5y__M2__ridge__SAU,RUS,2015,2017,8,5.0,6.0,0.14285714285714285
PRIMARY_DELETE__HLO_to_P__primary_5y__M2__ridge__SRB,ISL,2000,2004,7,2.0,3.0,0.16666666666666666
PRIMARY_DELETE__HLO_to_P__primary_5y__M2__ridge__SRB,LTU,2000,2004,7,4.0,5.0,0.16666666666666666
PRIMARY_DELETE__HLO_to_P__primary_5y__M2__ridge__SRB,NLD,2000,2004,7,3.0,2.0,0.16666666666666666
PRIMARY_DELETE__HLO_to_P__primary_5y__M2__ridge__SRB,NOR,2000,2004,7,1.0,1.0,0.0
PRIMARY_DELETE__HLO_to_P__primary_5y__M2__ridge__SRB,PHL,2000,2004,7,6.0,7.0,0.16666666666666666
PRIMARY_DELETE__HLO_to_P__primary_5y__M2__ridge__SRB,USA,2000,2004,7,5.0,4.0,0.16666666666666666
PRIMARY_DELETE__HLO_to_P__primary_5y__M2__ridge__SRB,ZAF,2000,2004,7,7.0,6.0,0.16666666666666666
PRIMARY_DELETE__HLO_to_P__primary_5y__M2__ridge__SRB,AUT,2005,2009,17,2.0,4.0,0.125
PRIMARY_DELETE__HLO_to_P__primary_5y__M2__ridge__SRB,BRA,2005,2009,17,12.0,13.0,0.0625
PRIMARY_DELETE__HLO_to_P__primary_5y__M2__ridge__SRB,CHL,2005,2009,17,13.0,11.0,0.125
PRIMARY_DELETE__HLO_to_P__primary_5y__M2__ridge__SRB,CRI,2005,2009,17,10.0,10.0,0.0
PRIMARY_DELETE__HLO_to_P__primary_5y__M2__ridge__SRB,DEU,2005,2009,17,4.0,6.0,0.125
PRIMARY_DELETE__HLO_to_P__primary_5y__M2__ridge__SRB,IDN,2005,2009,17,16.0,17.0,0.0625
PRIMARY_DELETE__HLO_to_P__primary_5y__M2__ridge__SRB,IRN,2005,2009,17,15.0,14.0,0.0625
PRIMARY_DELETE__HLO_to_P__primary_5y__M2__ridge__SRB,ITA,2005,2009,17,9.0,5.0,0.25
PRIMARY_DELETE__HLO_to_P__primary_5y__M2__ridge__SRB,JPN,2005,2009,17,1.0,8.0,0.4375
PRIMARY_DELETE__HLO_to_P__primary_5y__M2__ridge__SRB,MAR,2005,2009,17,17.0,16.0,0.0625
PRIMARY_DELETE__HLO_to_P__primary_5y__M2__ridge__SRB,NLD,2005,2009,17,3.0,3.0,0.0
PRIMARY_DELETE__HLO_to_P__primary_5y__M2__ridge__SRB,NOR,2005,2009,17,6.0,1.0,0.3125
PRIMARY_DELETE__HLO_to_P__primary_5y__M2__ridge__SRB,PER,2005,2009,17,8.0,15.0,0.4375
PRIMARY_DELETE__HLO_to_P__primary_5y__M2__ridge__SRB,POL,2005,2009,17,7.0,7.0,0.0
PRIMARY_DELETE__HLO_to_P__primary_5y__M2__ridge__SRB,QAT,2005,2009,17,14.0,12.0,0.125
PRIMARY_DELETE__HLO_to_P__primary_5y__M2__ridge__SRB,SVN,2005,2009,17,5.0,2.0,0.1875
PRIMARY_DELETE__HLO_to_P__primary_5y__M2__ridge__SRB,UKR,2005,2009,17,11.0,9.0,0.125
PRIMARY_DELETE__HLO_to_P__primary_5y__M2__ridge__SRB,BRA,2010,2014,19,8.0,11.0,0.16666666666666666
PRIMARY_DELETE__HLO_to_P__primary_5y__M2__ridge__SRB,CHL,2010,2014,19,16.0,8.0,0.4444444444444444
PRIMARY_DELETE__HLO_to_P__primary_5y__M2__ridge__SRB,COL,2010,2014,19,11.0,10.0,0.05555555555555555
PRIMARY_DELETE__HLO_to_P__primary_5y__M2__ridge__SRB,DEU,2010,2014,19,3.0,3.0,0.0
PRIMARY_DELETE__HLO_to_P__primary_5y__M2__ridge__SRB,ESP,2010,2014,19,5.0,2.0,0.16666666666666666
PRIMARY_DELETE__HLO_to_P__primary_5y__M2__ridge__SRB,FIN,2010,2014,19,1.0,1.0,0.0
PRIMARY_DELETE__HLO_to_P__primary_5y__M2__ridge__SRB,GHA,2010,2014,19,19.0,19.0,0.0
PRIMARY_DELETE__HLO_to_P__primary_5y__M2__ridge__SRB,HRV,2010,2014,19,7.0,5.0,0.1111111111111111
PRIMARY_DELETE__HLO_to_P__primary_5y__M2__ridge__SRB,IDN,2010,2014,19,14.0,17.0,0.16666666666666666
PRIMARY_DELETE__HLO_to_P__primary_5y__M2__ridge__SRB,ITA,2010,2014,19,9.0,6.0,0.16666666666666666
PRIMARY_DELETE__HLO_to_P__primary_5y__M2__ridge__SRB,JOR,2010,2014,19,17.0,14.0,0.16666666666666666
PRIMARY_DELETE__HLO_to_P__primary_5y__M2__ridge__SRB,KAZ,2010,2014,19,12.0,15.0,0.16666666666666666
PRIMARY_DELETE__HLO_to_P__primary_5y__M2__ridge__SRB,KOR,2010,2014,19,2.0,4.0,0.1111111111111111
PRIMARY_DELETE__HLO_to_P__primary_5y__M2__ridge__SRB,MAR,2010,2014,19,18.0,16.0,0.1111111111111111
PRIMARY_DELETE__HLO_to_P__primary_5y__M2__ridge__SRB,MEX,2010,2014,19,6.0,13.0,0.3888888888888889
PRIMARY_DELETE__HLO_to_P__primary_5y__M2__ridge__SRB,OMN,2010,2014,19,10.0,12.0,0.1111111111111111
PRIMARY_DELETE__HLO_to_P__primary_5y__M2__ridge__SRB,POL,2010,2014,19,4.0,7.0,0.16666666666666666
PRIMARY_DELETE__HLO_to_P__primary_5y__M2__ridge__SRB,SAU,2010,2014,19,15.0,9.0,0.3333333333333333
PRIMARY_DELETE__HLO_to_P__primary_5y__M2__ridge__SRB,ZAF,2010,2014,19,13.0,18.0,0.2777777777777778
PRIMARY_DELETE__HLO_to_P__primary_5y__M2__ridge__SRB,AUS,2015,2017,9,4.0,3.0,0.125
PRIMARY_DELETE__HLO_to_P__primary_5y__M2__ridge__SRB,BHR,2015,2017,9,9.0,4.0,0.625
PRIMARY_DELETE__HLO_to_P__primary_5y__M2__ridge__SRB,DEU,2015,2017,9,3.0,1.0,0.25
PRIMARY_DELETE__HLO_to_P__primary_5y__M2__ridge__SRB,EGY,2015,2017,9,8.0,9.0,0.125
PRIMARY_DELETE__HLO_to_P__primary_5y__M2__ridge__SRB,IDN,2015,2017,9,7.0,8.0,0.125
PRIMARY_DELETE__HLO_to_P__primary_5y__M2__ridge__SRB,JPN,2015,2017,9,2.0,5.0,0.375
PRIMARY_DELETE__HLO_to_P__primary_5y__M2__ridge__SRB,POL,2015,2017,9,1.0,2.0,0.125
PRIMARY_DELETE__HLO_to_P__primary_5y__M2__ridge__SRB,RUS,2015,2017,9,5.0,7.0,0.25
PRIMARY_DELETE__HLO_to_P__primary_5y__M2__ridge__SRB,SAU,2015,2017,9,6.0,6.0,0.0
PRIMARY_DELETE__HLO_to_P__primary_5y__M2__ridge__SVN,ISL,2000,2004,7,2.0,3.0,0.16666666666666666
PRIMARY_DELETE__HLO_to_P__primary_5y__M2__ridge__SVN,LTU,2000,2004,7,4.0,5.0,0.16666666666666666
PRIMARY_DELETE__HLO_to_P__primary_5y__M2__ridge__SVN,NLD,2000,2004,7,3.0,2.0,0.16666666666666666
PRIMARY_DELETE__HLO_to_P__primary_5y__M2__ridge__SVN,NOR,2000,2004,7,1.0,1.0,0.0
PRIMARY_DELETE__HLO_to_P__primary_5y__M2__ridge__SVN,PHL,2000,2004,7,6.0,7.0,0.16666666666666666
PRIMARY_DELETE__HLO_to_P__primary_5y__M2__ridge__SVN,USA,2000,2004,7,5.0,4.0,0.16666666666666666
PRIMARY_DELETE__HLO_to_P__primary_5y__M2__ridge__SVN,ZAF,2000,2004,7,7.0,6.0,0.16666666666666666
PRIMARY_DELETE__HLO_to_P__primary_5y__M2__ridge__SVN,AUT,2005,2009,16,2.0,3.0,0.06666666666666667
PRIMARY_DELETE__HLO_to_P__primary_5y__M2__ridge__SVN,BRA,2005,2009,16,11.0,12.0,0.06666666666666667
PRIMARY_DELETE__HLO_to_P__primary_5y__M2__ridge__SVN,CHL,2005,2009,16,12.0,10.0,0.13333333333333333
PRIMARY_DELETE__HLO_to_P__primary_5y__M2__ridge__SVN,CRI,2005,2009,16,9.0,9.0,0.0
PRIMARY_DELETE__HLO_to_P__primary_5y__M2__ridge__SVN,DEU,2005,2009,16,4.0,5.0,0.06666666666666667
PRIMARY_DELETE__HLO_to_P__primary_5y__M2__ridge__SVN,IDN,2005,2009,16,15.0,16.0,0.06666666666666667
PRIMARY_DELETE__HLO_to_P__primary_5y__M2__ridge__SVN,IRN,2005,2009,16,14.0,13.0,0.06666666666666667
PRIMARY_DELETE__HLO_to_P__primary_5y__M2__ridge__SVN,ITA,2005,2009,16,8.0,4.0,0.26666666666666666
PRIMARY_DELETE__HLO_to_P__primary_5y__M2__ridge__SVN,JPN,2005,2009,16,1.0,7.0,0.4
PRIMARY_DELETE__HLO_to_P__primary_5y__M2__ridge__SVN,MAR,2005,2009,16,16.0,14.0,0.13333333333333333
PRIMARY_DELETE__HLO_to_P__primary_5y__M2__ridge__SVN,NLD,2005,2009,16,3.0,2.0,0.06666666666666667
PRIMARY_DELETE__HLO_to_P__primary_5y__M2__ridge__SVN,NOR,2005,2009,16,5.0,1.0,0.26666666666666666
PRIMARY_DELETE__HLO_to_P__primary_5y__M2__ridge__SVN,PER,2005,2009,16,7.0,15.0,0.5333333333333333
PRIMARY_DELETE__HLO_to_P__primary_5y__M2__ridge__SVN,POL,2005,2009,16,6.0,6.0,0.0
PRIMARY_DELETE__HLO_to_P__primary_5y__M2__ridge__SVN,QAT,2005,2009,16,13.0,11.0,0.13333333333333333
PRIMARY_DELETE__HLO_to_P__primary_5y__M2__ridge__SVN,UKR,2005,2009,16,10.0,8.0,0.13333333333333333
PRIMARY_DELETE__HLO_to_P__primary_5y__M2__ridge__SVN,BRA,2010,2014,20,9.0,12.0,0.15789473684210525
PRIMARY_DELETE__HLO_to_P__primary_5y__M2__ridge__SVN,CHL,2010,2014,20,17.0,10.0,0.3684210526315789
PRIMARY_DELETE__HLO_to_P__primary_5y__M2__ridge__SVN,COL,2010,2014,20,12.0,11.0,0.05263157894736842
PRIMARY_DELETE__HLO_to_P__primary_5y__M2__ridge__SVN,DEU,2010,2014,20,3.0,4.0,0.05263157894736842
PRIMARY_DELETE__HLO_to_P__primary_5y__M2__ridge__SVN,ESP,2010,2014,20,6.0,2.0,0.21052631578947367
PRIMARY_DELETE__HLO_to_P__primary_5y__M2__ridge__SVN,FIN,2010,2014,20,1.0,1.0,0.0
PRIMARY_DELETE__HLO_to_P__primary_5y__M2__ridge__SVN,GHA,2010,2014,20,20.0,20.0,0.0
PRIMARY_DELETE__HLO_to_P__primary_5y__M2__ridge__SVN,HRV,2010,2014,20,8.0,3.0,0.2631578947368421
PRIMARY_DELETE__HLO_to_P__primary_5y__M2__ridge__SVN,IDN,2010,2014,20,15.0,18.0,0.15789473684210525
PRIMARY_DELETE__HLO_to_P__primary_5y__M2__ridge__SVN,ITA,2010,2014,20,10.0,6.0,0.21052631578947367
PRIMARY_DELETE__HLO_to_P__primary_5y__M2__ridge__SVN,JOR,2010,2014,20,18.0,15.0,0.15789473684210525
PRIMARY_DELETE__HLO_to_P__primary_5y__M2__ridge__SVN,KAZ,2010,2014,20,13.0,16.0,0.15789473684210525
PRIMARY_DELETE__HLO_to_P__primary_5y__M2__ridge__SVN,KOR,2010,2014,20,2.0,5.0,0.15789473684210525
PRIMARY_DELETE__HLO_to_P__primary_5y__M2__ridge__SVN,MAR,2010,2014,20,19.0,17.0,0.10526315789473684
PRIMARY_DELETE__HLO_to_P__primary_5y__M2__ridge__SVN,MEX,2010,2014,20,7.0,14.0,0.3684210526315789
PRIMARY_DELETE__HLO_to_P__primary_5y__M2__ridge__SVN,OMN,2010,2014,20,11.0,13.0,0.10526315789473684
PRIMARY_DELETE__HLO_to_P__primary_5y__M2__ridge__SVN,POL,2010,2014,20,4.0,7.0,0.15789473684210525
PRIMARY_DELETE__HLO_to_P__primary_5y__M2__ridge__SVN,SAU,2010,2014,20,16.0,8.0,0.42105263157894735
PRIMARY_DELETE__HLO_to_P__primary_5y__M2__ridge__SVN,SRB,2010,2014,20,5.0,9.0,0.21052631578947367
PRIMARY_DELETE__HLO_to_P__primary_5y__M2__ridge__SVN,ZAF,2010,2014,20,14.0,19.0,0.2631578947368421
PRIMARY_DELETE__HLO_to_P__primary_5y__M2__ridge__SVN,AUS,2015,2017,9,4.0,4.0,0.0
PRIMARY_DELETE__HLO_to_P__primary_5y__M2__ridge__SVN,BHR,2015,2017,9,9.0,5.0,0.5
PRIMARY_DELETE__HLO_to_P__primary_5y__M2__ridge__SVN,DEU,2015,2017,9,3.0,1.0,0.25
PRIMARY_DELETE__HLO_to_P__primary_5y__M2__ridge__SVN,EGY,2015,2017,9,8.0,9.0,0.125
PRIMARY_DELETE__HLO_to_P__primary_5y__M2__ridge__SVN,IDN,2015,2017,9,7.0,8.0,0.125
PRIMARY_DELETE__HLO_to_P__primary_5y__M2__ridge__SVN,JPN,2015,2017,9,2.0,6.0,0.5
PRIMARY_DELETE__HLO_to_P__primary_5y__M2__ridge__SVN,POL,2015,2017,9,1.0,2.0,0.125
PRIMARY_DELETE__HLO_to_P__primary_5y__M2__ridge__SVN,RUS,2015,2017,9,5.0,7.0,0.25
PRIMARY_DELETE__HLO_to_P__primary_5y__M2__ridge__SVN,SAU,2015,2017,9,6.0,3.0,0.375
PRIMARY_DELETE__HLO_to_P__primary_5y__M2__ridge__UKR,ISL,2000,2004,7,2.0,3.0,0.16666666666666666
PRIMARY_DELETE__HLO_to_P__primary_5y__M2__ridge__UKR,LTU,2000,2004,7,4.0,5.0,0.16666666666666666
PRIMARY_DELETE__HLO_to_P__primary_5y__M2__ridge__UKR,NLD,2000,2004,7,3.0,2.0,0.16666666666666666
PRIMARY_DELETE__HLO_to_P__primary_5y__M2__ridge__UKR,NOR,2000,2004,7,1.0,1.0,0.0
PRIMARY_DELETE__HLO_to_P__primary_5y__M2__ridge__UKR,PHL,2000,2004,7,6.0,7.0,0.16666666666666666
PRIMARY_DELETE__HLO_to_P__primary_5y__M2__ridge__UKR,USA,2000,2004,7,5.0,4.0,0.16666666666666666
PRIMARY_DELETE__HLO_to_P__primary_5y__M2__ridge__UKR,ZAF,2000,2004,7,7.0,6.0,0.16666666666666666
PRIMARY_DELETE__HLO_to_P__primary_5y__M2__ridge__UKR,AUT,2005,2009,16,2.0,4.0,0.13333333333333333
PRIMARY_DELETE__HLO_to_P__primary_5y__M2__ridge__UKR,BRA,2005,2009,16,11.0,12.0,0.06666666666666667
PRIMARY_DELETE__HLO_to_P__primary_5y__M2__ridge__UKR,CHL,2005,2009,16,12.0,10.0,0.13333333333333333
PRIMARY_DELETE__HLO_to_P__primary_5y__M2__ridge__UKR,CRI,2005,2009,16,10.0,9.0,0.06666666666666667
PRIMARY_DELETE__HLO_to_P__primary_5y__M2__ridge__UKR,DEU,2005,2009,16,4.0,6.0,0.13333333333333333
PRIMARY_DELETE__HLO_to_P__primary_5y__M2__ridge__UKR,IDN,2005,2009,16,15.0,16.0,0.06666666666666667
PRIMARY_DELETE__HLO_to_P__primary_5y__M2__ridge__UKR,IRN,2005,2009,16,14.0,13.0,0.06666666666666667
PRIMARY_DELETE__HLO_to_P__primary_5y__M2__ridge__UKR,ITA,2005,2009,16,9.0,5.0,0.26666666666666666
PRIMARY_DELETE__HLO_to_P__primary_5y__M2__ridge__UKR,JPN,2005,2009,16,1.0,8.0,0.4666666666666667
PRIMARY_DELETE__HLO_to_P__primary_5y__M2__ridge__UKR,MAR,2005,2009,16,16.0,15.0,0.06666666666666667
PRIMARY_DELETE__HLO_to_P__primary_5y__M2__ridge__UKR,NLD,2005,2009,16,3.0,3.0,0.0
PRIMARY_DELETE__HLO_to_P__primary_5y__M2__ridge__UKR,NOR,2005,2009,16,6.0,1.0,0.3333333333333333
PRIMARY_DELETE__HLO_to_P__primary_5y__M2__ridge__UKR,PER,2005,2009,16,8.0,14.0,0.4
PRIMARY_DELETE__HLO_to_P__primary_5y__M2__ridge__UKR,POL,2005,2009,16,7.0,7.0,0.0
PRIMARY_DELETE__HLO_to_P__primary_5y__M2__ridge__UKR,QAT,2005,2009,16,13.0,11.0,0.13333333333333333
PRIMARY_DELETE__HLO_to_P__primary_5y__M2__ridge__UKR,SVN,2005,2009,16,5.0,2.0,0.2
PRIMARY_DELETE__HLO_to_P__primary_5y__M2__ridge__UKR,BRA,2010,2014,20,9.0,12.0,0.15789473684210525
PRIMARY_DELETE__HLO_to_P__primary_5y__M2__ridge__UKR,CHL,2010,2014,20,17.0,9.0,0.42105263157894735
PRIMARY_DELETE__HLO_to_P__primary_5y__M2__ridge__UKR,COL,2010,2014,20,12.0,11.0,0.05263157894736842
PRIMARY_DELETE__HLO_to_P__primary_5y__M2__ridge__UKR,DEU,2010,2014,20,3.0,3.0,0.0
PRIMARY_DELETE__HLO_to_P__primary_5y__M2__ridge__UKR,ESP,2010,2014,20,6.0,2.0,0.21052631578947367
PRIMARY_DELETE__HLO_to_P__primary_5y__M2__ridge__UKR,FIN,2010,2014,20,1.0,1.0,0.0
PRIMARY_DELETE__HLO_to_P__primary_5y__M2__ridge__UKR,GHA,2010,2014,20,20.0,20.0,0.0
PRIMARY_DELETE__HLO_to_P__primary_5y__M2__ridge__UKR,HRV,2010,2014,20,8.0,5.0,0.15789473684210525
PRIMARY_DELETE__HLO_to_P__primary_5y__M2__ridge__UKR,IDN,2010,2014,20,15.0,18.0,0.15789473684210525
PRIMARY_DELETE__HLO_to_P__primary_5y__M2__ridge__UKR,ITA,2010,2014,20,10.0,6.0,0.21052631578947367
PRIMARY_DELETE__HLO_to_P__primary_5y__M2__ridge__UKR,JOR,2010,2014,20,18.0,15.0,0.15789473684210525
PRIMARY_DELETE__HLO_to_P__primary_5y__M2__ridge__UKR,KAZ,2010,2014,20,13.0,16.0,0.15789473684210525
PRIMARY_DELETE__HLO_to_P__primary_5y__M2__ridge__UKR,KOR,2010,2014,20,2.0,4.0,0.10526315789473684
PRIMARY_DELETE__HLO_to_P__primary_5y__M2__ridge__UKR,MAR,2010,2014,20,19.0,17.0,0.10526315789473684
PRIMARY_DELETE__HLO_to_P__primary_5y__M2__ridge__UKR,MEX,2010,2014,20,7.0,14.0,0.3684210526315789
PRIMARY_DELETE__HLO_to_P__primary_5y__M2__ridge__UKR,OMN,2010,2014,20,11.0,13.0,0.10526315789473684
PRIMARY_DELETE__HLO_to_P__primary_5y__M2__ridge__UKR,POL,2010,2014,20,4.0,7.0,0.15789473684210525
PRIMARY_DELETE__HLO_to_P__primary_5y__M2__ridge__UKR,SAU,2010,2014,20,16.0,10.0,0.3157894736842105
PRIMARY_DELETE__HLO_to_P__primary_5y__M2__ridge__UKR,SRB,2010,2014,20,5.0,8.0,0.15789473684210525
PRIMARY_DELETE__HLO_to_P__primary_5y__M2__ridge__UKR,ZAF,2010,2014,20,14.0,19.0,0.2631578947368421
PRIMARY_DELETE__HLO_to_P__primary_5y__M2__ridge__UKR,AUS,2015,2017,9,4.0,3.0,0.125
PRIMARY_DELETE__HLO_to_P__primary_5y__M2__ridge__UKR,BHR,2015,2017,9,9.0,4.0,0.625
PRIMARY_DELETE__HLO_to_P__primary_5y__M2__ridge__UKR,DEU,2015,2017,9,3.0,1.0,0.25
PRIMARY_DELETE__HLO_to_P__primary_5y__M2__ridge__UKR,EGY,2015,2017,9,8.0,9.0,0.125
PRIMARY_DELETE__HLO_to_P__primary_5y__M2__ridge__UKR,IDN,2015,2017,9,7.0,8.0,0.125
PRIMARY_DELETE__HLO_to_P__primary_5y__M2__ridge__UKR,JPN,2015,2017,9,2.0,6.0,0.5
PRIMARY_DELETE__HLO_to_P__primary_5y__M2__ridge__UKR,POL,2015,2017,9,1.0,2.0,0.125
PRIMARY_DELETE__HLO_to_P__primary_5y__M2__ridge__UKR,RUS,2015,2017,9,5.0,7.0,0.25
PRIMARY_DELETE__HLO_to_P__primary_5y__M2__ridge__UKR,SAU,2015,2017,9,6.0,5.0,0.125
PRIMARY_DELETE__HLO_to_P__primary_5y__M2__ridge__USA,ISL,2000,2004,6,2.0,3.0,0.2
PRIMARY_DELETE__HLO_to_P__primary_5y__M2__ridge__USA,LTU,2000,2004,6,4.0,4.0,0.0
PRIMARY_DELETE__HLO_to_P__primary_5y__M2__ridge__USA,NLD,2000,2004,6,3.0,2.0,0.2
PRIMARY_DELETE__HLO_to_P__primary_5y__M2__ridge__USA,NOR,2000,2004,6,1.0,1.0,0.0
PRIMARY_DELETE__HLO_to_P__primary_5y__M2__ridge__USA,PHL,2000,2004,6,5.0,6.0,0.2
PRIMARY_DELETE__HLO_to_P__primary_5y__M2__ridge__USA,ZAF,2000,2004,6,6.0,5.0,0.2
PRIMARY_DELETE__HLO_to_P__primary_5y__M2__ridge__USA,AUT,2005,2009,17,2.0,4.0,0.125
PRIMARY_DELETE__HLO_to_P__primary_5y__M2__ridge__USA,BRA,2005,2009,17,12.0,13.0,0.0625
PRIMARY_DELETE__HLO_to_P__primary_5y__M2__ridge__USA,CHL,2005,2009,17,13.0,11.0,0.125
PRIMARY_DELETE__HLO_to_P__primary_5y__M2__ridge__USA,CRI,2005,2009,17,10.0,10.0,0.0
PRIMARY_DELETE__HLO_to_P__primary_5y__M2__ridge__USA,DEU,2005,2009,17,4.0,5.0,0.0625
PRIMARY_DELETE__HLO_to_P__primary_5y__M2__ridge__USA,IDN,2005,2009,17,16.0,17.0,0.0625
PRIMARY_DELETE__HLO_to_P__primary_5y__M2__ridge__USA,IRN,2005,2009,17,15.0,14.0,0.0625
PRIMARY_DELETE__HLO_to_P__primary_5y__M2__ridge__USA,ITA,2005,2009,17,9.0,6.0,0.1875
PRIMARY_DELETE__HLO_to_P__primary_5y__M2__ridge__USA,JPN,2005,2009,17,1.0,8.0,0.4375
PRIMARY_DELETE__HLO_to_P__primary_5y__M2__ridge__USA,MAR,2005,2009,17,17.0,16.0,0.0625
PRIMARY_DELETE__HLO_to_P__primary_5y__M2__ridge__USA,NLD,2005,2009,17,3.0,3.0,0.0
PRIMARY_DELETE__HLO_to_P__primary_5y__M2__ridge__USA,NOR,2005,2009,17,6.0,1.0,0.3125
PRIMARY_DELETE__HLO_to_P__primary_5y__M2__ridge__USA,PER,2005,2009,17,8.0,15.0,0.4375
PRIMARY_DELETE__HLO_to_P__primary_5y__M2__ridge__USA,POL,2005,2009,17,7.0,7.0,0.0
PRIMARY_DELETE__HLO_to_P__primary_5y__M2__ridge__USA,QAT,2005,2009,17,14.0,12.0,0.125
PRIMARY_DELETE__HLO_to_P__primary_5y__M2__ridge__USA,SVN,2005,2009,17,5.0,2.0,0.1875
PRIMARY_DELETE__HLO_to_P__primary_5y__M2__ridge__USA,UKR,2005,2009,17,11.0,9.0,0.125
PRIMARY_DELETE__HLO_to_P__primary_5y__M2__ridge__USA,BRA,2010,2014,20,9.0,12.0,0.15789473684210525
PRIMARY_DELETE__HLO_to_P__primary_5y__M2__ridge__USA,CHL,2010,2014,20,17.0,9.0,0.42105263157894735
PRIMARY_DELETE__HLO_to_P__primary_5y__M2__ridge__USA,COL,2010,2014,20,12.0,11.0,0.05263157894736842
PRIMARY_DELETE__HLO_to_P__primary_5y__M2__ridge__USA,DEU,2010,2014,20,3.0,3.0,0.0
PRIMARY_DELETE__HLO_to_P__primary_5y__M2__ridge__USA,ESP,2010,2014,20,6.0,2.0,0.21052631578947367
PRIMARY_DELETE__HLO_to_P__primary_5y__M2__ridge__USA,FIN,2010,2014,20,1.0,1.0,0.0
PRIMARY_DELETE__HLO_to_P__primary_5y__M2__ridge__USA,GHA,2010,2014,20,20.0,20.0,0.0
PRIMARY_DELETE__HLO_to_P__primary_5y__M2__ridge__USA,HRV,2010,2014,20,8.0,5.0,0.15789473684210525
PRIMARY_DELETE__HLO_to_P__primary_5y__M2__ridge__USA,IDN,2010,2014,20,15.0,18.0,0.15789473684210525
PRIMARY_DELETE__HLO_to_P__primary_5y__M2__ridge__USA,ITA,2010,2014,20,10.0,6.0,0.21052631578947367
PRIMARY_DELETE__HLO_to_P__primary_5y__M2__ridge__USA,JOR,2010,2014,20,18.0,14.0,0.21052631578947367
PRIMARY_DELETE__HLO_to_P__primary_5y__M2__ridge__USA,KAZ,2010,2014,20,13.0,16.0,0.15789473684210525
PRIMARY_DELETE__HLO_to_P__primary_5y__M2__ridge__USA,KOR,2010,2014,20,2.0,4.0,0.10526315789473684
PRIMARY_DELETE__HLO_to_P__primary_5y__M2__ridge__USA,MAR,2010,2014,20,19.0,17.0,0.10526315789473684
PRIMARY_DELETE__HLO_to_P__primary_5y__M2__ridge__USA,MEX,2010,2014,20,7.0,15.0,0.42105263157894735
PRIMARY_DELETE__HLO_to_P__primary_5y__M2__ridge__USA,OMN,2010,2014,20,11.0,13.0,0.10526315789473684
PRIMARY_DELETE__HLO_to_P__primary_5y__M2__ridge__USA,POL,2010,2014,20,4.0,7.0,0.15789473684210525
PRIMARY_DELETE__HLO_to_P__primary_5y__M2__ridge__USA,SAU,2010,2014,20,16.0,10.0,0.3157894736842105
PRIMARY_DELETE__HLO_to_P__primary_5y__M2__ridge__USA,SRB,2010,2014,20,5.0,8.0,0.15789473684210525
PRIMARY_DELETE__HLO_to_P__primary_5y__M2__ridge__USA,ZAF,2010,2014,20,14.0,19.0,0.2631578947368421
PRIMARY_DELETE__HLO_to_P__primary_5y__M2__ridge__USA,AUS,2015,2017,9,4.0,3.0,0.125
PRIMARY_DELETE__HLO_to_P__primary_5y__M2__ridge__USA,BHR,2015,2017,9,9.0,4.0,0.625
PRIMARY_DELETE__HLO_to_P__primary_5y__M2__ridge__USA,DEU,2015,2017,9,3.0,1.0,0.25
PRIMARY_DELETE__HLO_to_P__primary_5y__M2__ridge__USA,EGY,2015,2017,9,8.0,9.0,0.125
PRIMARY_DELETE__HLO_to_P__primary_5y__M2__ridge__USA,IDN,2015,2017,9,7.0,8.0,0.125
PRIMARY_DELETE__HLO_to_P__primary_5y__M2__ridge__USA,JPN,2015,2017,9,2.0,5.0,0.375
PRIMARY_DELETE__HLO_to_P__primary_5y__M2__ridge__USA,POL,2015,2017,9,1.0,2.0,0.125
PRIMARY_DELETE__HLO_to_P__primary_5y__M2__ridge__USA,RUS,2015,2017,9,5.0,7.0,0.25
PRIMARY_DELETE__HLO_to_P__primary_5y__M2__ridge__USA,SAU,2015,2017,9,6.0,6.0,0.0
PRIMARY_DELETE__HLO_to_P__primary_5y__M2__ridge__ZAF,ISL,2000,2004,6,2.0,3.0,0.2
PRIMARY_DELETE__HLO_to_P__primary_5y__M2__ridge__ZAF,LTU,2000,2004,6,4.0,5.0,0.2
PRIMARY_DELETE__HLO_to_P__primary_5y__M2__ridge__ZAF,NLD,2000,2004,6,3.0,2.0,0.2
PRIMARY_DELETE__HLO_to_P__primary_5y__M2__ridge__ZAF,NOR,2000,2004,6,1.0,1.0,0.0
PRIMARY_DELETE__HLO_to_P__primary_5y__M2__ridge__ZAF,PHL,2000,2004,6,6.0,6.0,0.0
PRIMARY_DELETE__HLO_to_P__primary_5y__M2__ridge__ZAF,USA,2000,2004,6,5.0,4.0,0.2
PRIMARY_DELETE__HLO_to_P__primary_5y__M2__ridge__ZAF,AUT,2005,2009,17,2.0,4.0,0.125
PRIMARY_DELETE__HLO_to_P__primary_5y__M2__ridge__ZAF,BRA,2005,2009,17,12.0,12.0,0.0
PRIMARY_DELETE__HLO_to_P__primary_5y__M2__ridge__ZAF,CHL,2005,2009,17,13.0,11.0,0.125
PRIMARY_DELETE__HLO_to_P__primary_5y__M2__ridge__ZAF,CRI,2005,2009,17,10.0,10.0,0.0
PRIMARY_DELETE__HLO_to_P__primary_5y__M2__ridge__ZAF,DEU,2005,2009,17,4.0,6.0,0.125
PRIMARY_DELETE__HLO_to_P__primary_5y__M2__ridge__ZAF,IDN,2005,2009,17,16.0,17.0,0.0625
PRIMARY_DELETE__HLO_to_P__primary_5y__M2__ridge__ZAF,IRN,2005,2009,17,15.0,14.0,0.0625
PRIMARY_DELETE__HLO_to_P__primary_5y__M2__ridge__ZAF,ITA,2005,2009,17,9.0,5.0,0.25
PRIMARY_DELETE__HLO_to_P__primary_5y__M2__ridge__ZAF,JPN,2005,2009,17,1.0,9.0,0.5
PRIMARY_DELETE__HLO_to_P__primary_5y__M2__ridge__ZAF,MAR,2005,2009,17,17.0,16.0,0.0625
PRIMARY_DELETE__HLO_to_P__primary_5y__M2__ridge__ZAF,NLD,2005,2009,17,3.0,3.0,0.0
PRIMARY_DELETE__HLO_to_P__primary_5y__M2__ridge__ZAF,NOR,2005,2009,17,6.0,1.0,0.3125
PRIMARY_DELETE__HLO_to_P__primary_5y__M2__ridge__ZAF,PER,2005,2009,17,8.0,15.0,0.4375
PRIMARY_DELETE__HLO_to_P__primary_5y__M2__ridge__ZAF,POL,2005,2009,17,7.0,7.0,0.0
PRIMARY_DELETE__HLO_to_P__primary_5y__M2__ridge__ZAF,QAT,2005,2009,17,14.0,13.0,0.0625
PRIMARY_DELETE__HLO_to_P__primary_5y__M2__ridge__ZAF,SVN,2005,2009,17,5.0,2.0,0.1875
PRIMARY_DELETE__HLO_to_P__primary_5y__M2__ridge__ZAF,UKR,2005,2009,17,11.0,8.0,0.1875
PRIMARY_DELETE__HLO_to_P__primary_5y__M2__ridge__ZAF,BRA,2010,2014,19,9.0,12.0,0.16666666666666666
PRIMARY_DELETE__HLO_to_P__primary_5y__M2__ridge__ZAF,CHL,2010,2014,19,16.0,10.0,0.3333333333333333
PRIMARY_DELETE__HLO_to_P__primary_5y__M2__ridge__ZAF,COL,2010,2014,19,12.0,11.0,0.05555555555555555
PRIMARY_DELETE__HLO_to_P__primary_5y__M2__ridge__ZAF,DEU,2010,2014,19,3.0,3.0,0.0
PRIMARY_DELETE__HLO_to_P__primary_5y__M2__ridge__ZAF,ESP,2010,2014,19,6.0,2.0,0.2222222222222222
PRIMARY_DELETE__HLO_to_P__primary_5y__M2__ridge__ZAF,FIN,2010,2014,19,1.0,1.0,0.0
PRIMARY_DELETE__HLO_to_P__primary_5y__M2__ridge__ZAF,GHA,2010,2014,19,19.0,19.0,0.0
PRIMARY_DELETE__HLO_to_P__primary_5y__M2__ridge__ZAF,HRV,2010,2014,19,8.0,4.0,0.2222222222222222
PRIMARY_DELETE__HLO_to_P__primary_5y__M2__ridge__ZAF,IDN,2010,2014,19,14.0,18.0,0.2222222222222222
PRIMARY_DELETE__HLO_to_P__primary_5y__M2__ridge__ZAF,ITA,2010,2014,19,10.0,7.0,0.16666666666666666
PRIMARY_DELETE__HLO_to_P__primary_5y__M2__ridge__ZAF,JOR,2010,2014,19,17.0,15.0,0.1111111111111111
PRIMARY_DELETE__HLO_to_P__primary_5y__M2__ridge__ZAF,KAZ,2010,2014,19,13.0,14.0,0.05555555555555555
PRIMARY_DELETE__HLO_to_P__primary_5y__M2__ridge__ZAF,KOR,2010,2014,19,2.0,5.0,0.16666666666666666
PRIMARY_DELETE__HLO_to_P__primary_5y__M2__ridge__ZAF,MAR,2010,2014,19,18.0,17.0,0.05555555555555555
PRIMARY_DELETE__HLO_to_P__primary_5y__M2__ridge__ZAF,MEX,2010,2014,19,7.0,16.0,0.5
PRIMARY_DELETE__HLO_to_P__primary_5y__M2__ridge__ZAF,OMN,2010,2014,19,11.0,13.0,0.1111111111111111
PRIMARY_DELETE__HLO_to_P__primary_5y__M2__ridge__ZAF,POL,2010,2014,19,4.0,6.0,0.1111111111111111
PRIMARY_DELETE__HLO_to_P__primary_5y__M2__ridge__ZAF,SAU,2010,2014,19,15.0,9.0,0.3333333333333333
PRIMARY_DELETE__HLO_to_P__primary_5y__M2__ridge__ZAF,SRB,2010,2014,19,5.0,8.0,0.16666666666666666
PRIMARY_DELETE__HLO_to_P__primary_5y__M2__ridge__ZAF,AUS,2015,2017,9,4.0,4.0,0.0
PRIMARY_DELETE__HLO_to_P__primary_5y__M2__ridge__ZAF,BHR,2015,2017,9,9.0,3.0,0.75
PRIMARY_DELETE__HLO_to_P__primary_5y__M2__ridge__ZAF,DEU,2015,2017,9,3.0,1.0,0.25
PRIMARY_DELETE__HLO_to_P__primary_5y__M2__ridge__ZAF,EGY,2015,2017,9,8.0,9.0,0.125
PRIMARY_DELETE__HLO_to_P__primary_5y__M2__ridge__ZAF,IDN,2015,2017,9,7.0,8.0,0.125
PRIMARY_DELETE__HLO_to_P__primary_5y__M2__ridge__ZAF,JPN,2015,2017,9,2.0,7.0,0.625
PRIMARY_DELETE__HLO_to_P__primary_5y__M2__ridge__ZAF,POL,2015,2017,9,1.0,2.0,0.125
PRIMARY_DELETE__HLO_to_P__primary_5y__M2__ridge__ZAF,RUS,2015,2017,9,5.0,5.0,0.0
PRIMARY_DELETE__HLO_to_P__primary_5y__M2__ridge__ZAF,SAU,2015,2017,9,6.0,6.0,0.0
PRIMARY_DELETE__HLO_to_P__primary_5y__M3__ridge__AUS,ISL,2000,2004,7,2.0,3.0,0.16666666666666666
PRIMARY_DELETE__HLO_to_P__primary_5y__M3__ridge__AUS,LTU,2000,2004,7,4.0,4.0,0.0
PRIMARY_DELETE__HLO_to_P__primary_5y__M3__ridge__AUS,NLD,2000,2004,7,3.0,1.0,0.3333333333333333
PRIMARY_DELETE__HLO_to_P__primary_5y__M3__ridge__AUS,NOR,2000,2004,7,1.0,5.0,0.6666666666666666
PRIMARY_DELETE__HLO_to_P__primary_5y__M3__ridge__AUS,PHL,2000,2004,7,6.0,7.0,0.16666666666666666
PRIMARY_DELETE__HLO_to_P__primary_5y__M3__ridge__AUS,USA,2000,2004,7,5.0,2.0,0.5
PRIMARY_DELETE__HLO_to_P__primary_5y__M3__ridge__AUS,ZAF,2000,2004,7,7.0,6.0,0.16666666666666666
PRIMARY_DELETE__HLO_to_P__primary_5y__M3__ridge__AUS,AUT,2005,2009,17,2.0,5.0,0.1875
PRIMARY_DELETE__HLO_to_P__primary_5y__M3__ridge__AUS,BRA,2005,2009,17,12.0,12.0,0.0
PRIMARY_DELETE__HLO_to_P__primary_5y__M3__ridge__AUS,CHL,2005,2009,17,13.0,11.0,0.125
PRIMARY_DELETE__HLO_to_P__primary_5y__M3__ridge__AUS,CRI,2005,2009,17,10.0,10.0,0.0
PRIMARY_DELETE__HLO_to_P__primary_5y__M3__ridge__AUS,DEU,2005,2009,17,4.0,4.0,0.0
PRIMARY_DELETE__HLO_to_P__primary_5y__M3__ridge__AUS,IDN,2005,2009,17,16.0,16.0,0.0
PRIMARY_DELETE__HLO_to_P__primary_5y__M3__ridge__AUS,IRN,2005,2009,17,15.0,13.0,0.125
PRIMARY_DELETE__HLO_to_P__primary_5y__M3__ridge__AUS,ITA,2005,2009,17,9.0,6.0,0.1875
PRIMARY_DELETE__HLO_to_P__primary_5y__M3__ridge__AUS,JPN,2005,2009,17,1.0,8.0,0.4375
PRIMARY_DELETE__HLO_to_P__primary_5y__M3__ridge__AUS,MAR,2005,2009,17,17.0,17.0,0.0
PRIMARY_DELETE__HLO_to_P__primary_5y__M3__ridge__AUS,NLD,2005,2009,17,3.0,1.0,0.125
PRIMARY_DELETE__HLO_to_P__primary_5y__M3__ridge__AUS,NOR,2005,2009,17,6.0,3.0,0.1875
PRIMARY_DELETE__HLO_to_P__primary_5y__M3__ridge__AUS,PER,2005,2009,17,8.0,14.0,0.375
PRIMARY_DELETE__HLO_to_P__primary_5y__M3__ridge__AUS,POL,2005,2009,17,7.0,7.0,0.0
PRIMARY_DELETE__HLO_to_P__primary_5y__M3__ridge__AUS,QAT,2005,2009,17,14.0,15.0,0.0625
PRIMARY_DELETE__HLO_to_P__primary_5y__M3__ridge__AUS,SVN,2005,2009,17,5.0,2.0,0.1875
PRIMARY_DELETE__HLO_to_P__primary_5y__M3__ridge__AUS,UKR,2005,2009,17,11.0,9.0,0.125
PRIMARY_DELETE__HLO_to_P__primary_5y__M3__ridge__AUS,BRA,2010,2014,20,9.0,15.0,0.3157894736842105
PRIMARY_DELETE__HLO_to_P__primary_5y__M3__ridge__AUS,CHL,2010,2014,20,17.0,10.0,0.3684210526315789
PRIMARY_DELETE__HLO_to_P__primary_5y__M3__ridge__AUS,COL,2010,2014,20,12.0,13.0,0.05263157894736842
PRIMARY_DELETE__HLO_to_P__primary_5y__M3__ridge__AUS,DEU,2010,2014,20,3.0,4.0,0.05263157894736842
PRIMARY_DELETE__HLO_to_P__primary_5y__M3__ridge__AUS,ESP,2010,2014,20,6.0,3.0,0.15789473684210525
PRIMARY_DELETE__HLO_to_P__primary_5y__M3__ridge__AUS,FIN,2010,2014,20,1.0,1.0,0.0
PRIMARY_DELETE__HLO_to_P__primary_5y__M3__ridge__AUS,GHA,2010,2014,20,20.0,20.0,0.0
PRIMARY_DELETE__HLO_to_P__primary_5y__M3__ridge__AUS,HRV,2010,2014,20,8.0,5.0,0.15789473684210525
PRIMARY_DELETE__HLO_to_P__primary_5y__M3__ridge__AUS,IDN,2010,2014,20,15.0,17.0,0.10526315789473684
PRIMARY_DELETE__HLO_to_P__primary_5y__M3__ridge__AUS,ITA,2010,2014,20,10.0,6.0,0.21052631578947367
PRIMARY_DELETE__HLO_to_P__primary_5y__M3__ridge__AUS,JOR,2010,2014,20,18.0,11.0,0.3684210526315789
PRIMARY_DELETE__HLO_to_P__primary_5y__M3__ridge__AUS,KAZ,2010,2014,20,13.0,12.0,0.05263157894736842
PRIMARY_DELETE__HLO_to_P__primary_5y__M3__ridge__AUS,KOR,2010,2014,20,2.0,2.0,0.0
PRIMARY_DELETE__HLO_to_P__primary_5y__M3__ridge__AUS,MAR,2010,2014,20,19.0,18.0,0.05263157894736842
PRIMARY_DELETE__HLO_to_P__primary_5y__M3__ridge__AUS,MEX,2010,2014,20,7.0,14.0,0.3684210526315789
PRIMARY_DELETE__HLO_to_P__primary_5y__M3__ridge__AUS,OMN,2010,2014,20,11.0,16.0,0.2631578947368421
PRIMARY_DELETE__HLO_to_P__primary_5y__M3__ridge__AUS,POL,2010,2014,20,4.0,7.0,0.15789473684210525
PRIMARY_DELETE__HLO_to_P__primary_5y__M3__ridge__AUS,SAU,2010,2014,20,16.0,9.0,0.3684210526315789
PRIMARY_DELETE__HLO_to_P__primary_5y__M3__ridge__AUS,SRB,2010,2014,20,5.0,8.0,0.15789473684210525
PRIMARY_DELETE__HLO_to_P__primary_5y__M3__ridge__AUS,ZAF,2010,2014,20,14.0,19.0,0.2631578947368421
PRIMARY_DELETE__HLO_to_P__primary_5y__M3__ridge__AUS,BHR,2015,2017,8,8.0,5.0,0.42857142857142855
PRIMARY_DELETE__HLO_to_P__primary_5y__M3__ridge__AUS,DEU,2015,2017,8,3.0,1.0,0.2857142857142857
PRIMARY_DELETE__HLO_to_P__primary_5y__M3__ridge__AUS,EGY,2015,2017,8,7.0,8.0,0.14285714285714285
PRIMARY_DELETE__HLO_to_P__primary_5y__M3__ridge__AUS,IDN,2015,2017,8,6.0,7.0,0.14285714285714285
PRIMARY_DELETE__HLO_to_P__primary_5y__M3__ridge__AUS,JPN,2015,2017,8,2.0,4.0,0.2857142857142857
PRIMARY_DELETE__HLO_to_P__primary_5y__M3__ridge__AUS,POL,2015,2017,8,1.0,2.0,0.14285714285714285
PRIMARY_DELETE__HLO_to_P__primary_5y__M3__ridge__AUS,RUS,2015,2017,8,4.0,3.0,0.14285714285714285
PRIMARY_DELETE__HLO_to_P__primary_5y__M3__ridge__AUS,SAU,2015,2017,8,5.0,6.0,0.14285714285714285
PRIMARY_DELETE__HLO_to_P__primary_5y__M3__ridge__AUT,ISL,2000,2004,7,2.0,3.0,0.16666666666666666
PRIMARY_DELETE__HLO_to_P__primary_5y__M3__ridge__AUT,LTU,2000,2004,7,4.0,4.0,0.0
PRIMARY_DELETE__HLO_to_P__primary_5y__M3__ridge__AUT,NLD,2000,2004,7,3.0,1.0,0.3333333333333333
PRIMARY_DELETE__HLO_to_P__primary_5y__M3__ridge__AUT,NOR,2000,2004,7,1.0,5.0,0.6666666666666666
PRIMARY_DELETE__HLO_to_P__primary_5y__M3__ridge__AUT,PHL,2000,2004,7,6.0,7.0,0.16666666666666666
PRIMARY_DELETE__HLO_to_P__primary_5y__M3__ridge__AUT,USA,2000,2004,7,5.0,2.0,0.5
PRIMARY_DELETE__HLO_to_P__primary_5y__M3__ridge__AUT,ZAF,2000,2004,7,7.0,6.0,0.16666666666666666
PRIMARY_DELETE__HLO_to_P__primary_5y__M3__ridge__AUT,BRA,2005,2009,16,11.0,11.0,0.0
PRIMARY_DELETE__HLO_to_P__primary_5y__M3__ridge__AUT,CHL,2005,2009,16,12.0,10.0,0.13333333333333333
PRIMARY_DELETE__HLO_to_P__primary_5y__M3__ridge__AUT,CRI,2005,2009,16,9.0,9.0,0.0
PRIMARY_DELETE__HLO_to_P__primary_5y__M3__ridge__AUT,DEU,2005,2009,16,3.0,4.0,0.06666666666666667
PRIMARY_DELETE__HLO_to_P__primary_5y__M3__ridge__AUT,IDN,2005,2009,16,15.0,15.0,0.0
PRIMARY_DELETE__HLO_to_P__primary_5y__M3__ridge__AUT,IRN,2005,2009,16,14.0,12.0,0.13333333333333333
PRIMARY_DELETE__HLO_to_P__primary_5y__M3__ridge__AUT,ITA,2005,2009,16,8.0,5.0,0.2
PRIMARY_DELETE__HLO_to_P__primary_5y__M3__ridge__AUT,JPN,2005,2009,16,1.0,7.0,0.4
PRIMARY_DELETE__HLO_to_P__primary_5y__M3__ridge__AUT,MAR,2005,2009,16,16.0,16.0,0.0
PRIMARY_DELETE__HLO_to_P__primary_5y__M3__ridge__AUT,NLD,2005,2009,16,2.0,1.0,0.06666666666666667
PRIMARY_DELETE__HLO_to_P__primary_5y__M3__ridge__AUT,NOR,2005,2009,16,5.0,3.0,0.13333333333333333
PRIMARY_DELETE__HLO_to_P__primary_5y__M3__ridge__AUT,PER,2005,2009,16,7.0,13.0,0.4
PRIMARY_DELETE__HLO_to_P__primary_5y__M3__ridge__AUT,POL,2005,2009,16,6.0,6.0,0.0
PRIMARY_DELETE__HLO_to_P__primary_5y__M3__ridge__AUT,QAT,2005,2009,16,13.0,14.0,0.06666666666666667
PRIMARY_DELETE__HLO_to_P__primary_5y__M3__ridge__AUT,SVN,2005,2009,16,4.0,2.0,0.13333333333333333
PRIMARY_DELETE__HLO_to_P__primary_5y__M3__ridge__AUT,UKR,2005,2009,16,10.0,8.0,0.13333333333333333
PRIMARY_DELETE__HLO_to_P__primary_5y__M3__ridge__AUT,BRA,2010,2014,20,9.0,15.0,0.3157894736842105
PRIMARY_DELETE__HLO_to_P__primary_5y__M3__ridge__AUT,CHL,2010,2014,20,17.0,10.0,0.3684210526315789
PRIMARY_DELETE__HLO_to_P__primary_5y__M3__ridge__AUT,COL,2010,2014,20,12.0,13.0,0.05263157894736842
PRIMARY_DELETE__HLO_to_P__primary_5y__M3__ridge__AUT,DEU,2010,2014,20,3.0,4.0,0.05263157894736842
PRIMARY_DELETE__HLO_to_P__primary_5y__M3__ridge__AUT,ESP,2010,2014,20,6.0,3.0,0.15789473684210525
PRIMARY_DELETE__HLO_to_P__primary_5y__M3__ridge__AUT,FIN,2010,2014,20,1.0,1.0,0.0
PRIMARY_DELETE__HLO_to_P__primary_5y__M3__ridge__AUT,GHA,2010,2014,20,20.0,20.0,0.0
PRIMARY_DELETE__HLO_to_P__primary_5y__M3__ridge__AUT,HRV,2010,2014,20,8.0,5.0,0.15789473684210525
PRIMARY_DELETE__HLO_to_P__primary_5y__M3__ridge__AUT,IDN,2010,2014,20,15.0,17.0,0.10526315789473684
PRIMARY_DELETE__HLO_to_P__primary_5y__M3__ridge__AUT,ITA,2010,2014,20,10.0,6.0,0.21052631578947367
PRIMARY_DELETE__HLO_to_P__primary_5y__M3__ridge__AUT,JOR,2010,2014,20,18.0,11.0,0.3684210526315789
PRIMARY_DELETE__HLO_to_P__primary_5y__M3__ridge__AUT,KAZ,2010,2014,20,13.0,12.0,0.05263157894736842
PRIMARY_DELETE__HLO_to_P__primary_5y__M3__ridge__AUT,KOR,2010,2014,20,2.0,2.0,0.0
PRIMARY_DELETE__HLO_to_P__primary_5y__M3__ridge__AUT,MAR,2010,2014,20,19.0,18.0,0.05263157894736842
PRIMARY_DELETE__HLO_to_P__primary_5y__M3__ridge__AUT,MEX,2010,2014,20,7.0,14.0,0.3684210526315789
PRIMARY_DELETE__HLO_to_P__primary_5y__M3__ridge__AUT,OMN,2010,2014,20,11.0,16.0,0.2631578947368421
PRIMARY_DELETE__HLO_to_P__primary_5y__M3__ridge__AUT,POL,2010,2014,20,4.0,7.0,0.15789473684210525
PRIMARY_DELETE__HLO_to_P__primary_5y__M3__ridge__AUT,SAU,2010,2014,20,16.0,9.0,0.3684210526315789
PRIMARY_DELETE__HLO_to_P__primary_5y__M3__ridge__AUT,SRB,2010,2014,20,5.0,8.0,0.15789473684210525
PRIMARY_DELETE__HLO_to_P__primary_5y__M3__ridge__AUT,ZAF,2010,2014,20,14.0,19.0,0.2631578947368421
PRIMARY_DELETE__HLO_to_P__primary_5y__M3__ridge__AUT,AUS,2015,2017,9,4.0,3.0,0.125
PRIMARY_DELETE__HLO_to_P__primary_5y__M3__ridge__AUT,BHR,2015,2017,9,9.0,6.0,0.375
PRIMARY_DELETE__HLO_to_P__primary_5y__M3__ridge__AUT,DEU,2015,2017,9,3.0,1.0,0.25
PRIMARY_DELETE__HLO_to_P__primary_5y__M3__ridge__AUT,EGY,2015,2017,9,8.0,9.0,0.125
PRIMARY_DELETE__HLO_to_P__primary_5y__M3__ridge__AUT,IDN,2015,2017,9,7.0,8.0,0.125
PRIMARY_DELETE__HLO_to_P__primary_5y__M3__ridge__AUT,JPN,2015,2017,9,2.0,4.0,0.25
PRIMARY_DELETE__HLO_to_P__primary_5y__M3__ridge__AUT,POL,2015,2017,9,1.0,2.0,0.125
PRIMARY_DELETE__HLO_to_P__primary_5y__M3__ridge__AUT,RUS,2015,2017,9,5.0,5.0,0.0
PRIMARY_DELETE__HLO_to_P__primary_5y__M3__ridge__AUT,SAU,2015,2017,9,6.0,7.0,0.125
PRIMARY_DELETE__HLO_to_P__primary_5y__M3__ridge__BHR,ISL,2000,2004,7,2.0,3.0,0.16666666666666666
PRIMARY_DELETE__HLO_to_P__primary_5y__M3__ridge__BHR,LTU,2000,2004,7,4.0,4.0,0.0
PRIMARY_DELETE__HLO_to_P__primary_5y__M3__ridge__BHR,NLD,2000,2004,7,3.0,1.0,0.3333333333333333
PRIMARY_DELETE__HLO_to_P__primary_5y__M3__ridge__BHR,NOR,2000,2004,7,1.0,5.0,0.6666666666666666
PRIMARY_DELETE__HLO_to_P__primary_5y__M3__ridge__BHR,PHL,2000,2004,7,6.0,7.0,0.16666666666666666
PRIMARY_DELETE__HLO_to_P__primary_5y__M3__ridge__BHR,USA,2000,2004,7,5.0,2.0,0.5
PRIMARY_DELETE__HLO_to_P__primary_5y__M3__ridge__BHR,ZAF,2000,2004,7,7.0,6.0,0.16666666666666666
PRIMARY_DELETE__HLO_to_P__primary_5y__M3__ridge__BHR,AUT,2005,2009,17,2.0,5.0,0.1875
PRIMARY_DELETE__HLO_to_P__primary_5y__M3__ridge__BHR,BRA,2005,2009,17,12.0,12.0,0.0
PRIMARY_DELETE__HLO_to_P__primary_5y__M3__ridge__BHR,CHL,2005,2009,17,13.0,11.0,0.125
PRIMARY_DELETE__HLO_to_P__primary_5y__M3__ridge__BHR,CRI,2005,2009,17,10.0,10.0,0.0
PRIMARY_DELETE__HLO_to_P__primary_5y__M3__ridge__BHR,DEU,2005,2009,17,4.0,4.0,0.0
PRIMARY_DELETE__HLO_to_P__primary_5y__M3__ridge__BHR,IDN,2005,2009,17,16.0,16.0,0.0
PRIMARY_DELETE__HLO_to_P__primary_5y__M3__ridge__BHR,IRN,2005,2009,17,15.0,13.0,0.125
PRIMARY_DELETE__HLO_to_P__primary_5y__M3__ridge__BHR,ITA,2005,2009,17,9.0,6.0,0.1875
PRIMARY_DELETE__HLO_to_P__primary_5y__M3__ridge__BHR,JPN,2005,2009,17,1.0,7.0,0.375
PRIMARY_DELETE__HLO_to_P__primary_5y__M3__ridge__BHR,MAR,2005,2009,17,17.0,17.0,0.0
PRIMARY_DELETE__HLO_to_P__primary_5y__M3__ridge__BHR,NLD,2005,2009,17,3.0,1.0,0.125
PRIMARY_DELETE__HLO_to_P__primary_5y__M3__ridge__BHR,NOR,2005,2009,17,6.0,3.0,0.1875
PRIMARY_DELETE__HLO_to_P__primary_5y__M3__ridge__BHR,PER,2005,2009,17,8.0,15.0,0.4375
PRIMARY_DELETE__HLO_to_P__primary_5y__M3__ridge__BHR,POL,2005,2009,17,7.0,8.0,0.0625
PRIMARY_DELETE__HLO_to_P__primary_5y__M3__ridge__BHR,QAT,2005,2009,17,14.0,14.0,0.0
PRIMARY_DELETE__HLO_to_P__primary_5y__M3__ridge__BHR,SVN,2005,2009,17,5.0,2.0,0.1875
PRIMARY_DELETE__HLO_to_P__primary_5y__M3__ridge__BHR,UKR,2005,2009,17,11.0,9.0,0.125
PRIMARY_DELETE__HLO_to_P__primary_5y__M3__ridge__BHR,BRA,2010,2014,20,9.0,15.0,0.3157894736842105
PRIMARY_DELETE__HLO_to_P__primary_5y__M3__ridge__BHR,CHL,2010,2014,20,17.0,9.0,0.42105263157894735
PRIMARY_DELETE__HLO_to_P__primary_5y__M3__ridge__BHR,COL,2010,2014,20,12.0,13.0,0.05263157894736842
PRIMARY_DELETE__HLO_to_P__primary_5y__M3__ridge__BHR,DEU,2010,2014,20,3.0,3.0,0.0
PRIMARY_DELETE__HLO_to_P__primary_5y__M3__ridge__BHR,ESP,2010,2014,20,6.0,4.0,0.10526315789473684
PRIMARY_DELETE__HLO_to_P__primary_5y__M3__ridge__BHR,FIN,2010,2014,20,1.0,1.0,0.0
PRIMARY_DELETE__HLO_to_P__primary_5y__M3__ridge__BHR,GHA,2010,2014,20,20.0,20.0,0.0
PRIMARY_DELETE__HLO_to_P__primary_5y__M3__ridge__BHR,HRV,2010,2014,20,8.0,6.0,0.10526315789473684
PRIMARY_DELETE__HLO_to_P__primary_5y__M3__ridge__BHR,IDN,2010,2014,20,15.0,17.0,0.10526315789473684
PRIMARY_DELETE__HLO_to_P__primary_5y__M3__ridge__BHR,ITA,2010,2014,20,10.0,5.0,0.2631578947368421
PRIMARY_DELETE__HLO_to_P__primary_5y__M3__ridge__BHR,JOR,2010,2014,20,18.0,11.0,0.3684210526315789
PRIMARY_DELETE__HLO_to_P__primary_5y__M3__ridge__BHR,KAZ,2010,2014,20,13.0,12.0,0.05263157894736842
PRIMARY_DELETE__HLO_to_P__primary_5y__M3__ridge__BHR,KOR,2010,2014,20,2.0,2.0,0.0
PRIMARY_DELETE__HLO_to_P__primary_5y__M3__ridge__BHR,MAR,2010,2014,20,19.0,18.0,0.05263157894736842
PRIMARY_DELETE__HLO_to_P__primary_5y__M3__ridge__BHR,MEX,2010,2014,20,7.0,14.0,0.3684210526315789
PRIMARY_DELETE__HLO_to_P__primary_5y__M3__ridge__BHR,OMN,2010,2014,20,11.0,16.0,0.2631578947368421
PRIMARY_DELETE__HLO_to_P__primary_5y__M3__ridge__BHR,POL,2010,2014,20,4.0,7.0,0.15789473684210525
PRIMARY_DELETE__HLO_to_P__primary_5y__M3__ridge__BHR,SAU,2010,2014,20,16.0,10.0,0.3157894736842105
PRIMARY_DELETE__HLO_to_P__primary_5y__M3__ridge__BHR,SRB,2010,2014,20,5.0,8.0,0.15789473684210525
PRIMARY_DELETE__HLO_to_P__primary_5y__M3__ridge__BHR,ZAF,2010,2014,20,14.0,19.0,0.2631578947368421
PRIMARY_DELETE__HLO_to_P__primary_5y__M3__ridge__BHR,AUS,2015,2017,8,4.0,3.0,0.14285714285714285
PRIMARY_DELETE__HLO_to_P__primary_5y__M3__ridge__BHR,DEU,2015,2017,8,3.0,1.0,0.2857142857142857
PRIMARY_DELETE__HLO_to_P__primary_5y__M3__ridge__BHR,EGY,2015,2017,8,8.0,8.0,0.0
PRIMARY_DELETE__HLO_to_P__primary_5y__M3__ridge__BHR,IDN,2015,2017,8,7.0,7.0,0.0
PRIMARY_DELETE__HLO_to_P__primary_5y__M3__ridge__BHR,JPN,2015,2017,8,2.0,4.0,0.2857142857142857
PRIMARY_DELETE__HLO_to_P__primary_5y__M3__ridge__BHR,POL,2015,2017,8,1.0,2.0,0.14285714285714285
PRIMARY_DELETE__HLO_to_P__primary_5y__M3__ridge__BHR,RUS,2015,2017,8,5.0,5.0,0.0
PRIMARY_DELETE__HLO_to_P__primary_5y__M3__ridge__BHR,SAU,2015,2017,8,6.0,6.0,0.0
PRIMARY_DELETE__HLO_to_P__primary_5y__M3__ridge__BRA,ISL,2000,2004,7,2.0,3.0,0.16666666666666666
PRIMARY_DELETE__HLO_to_P__primary_5y__M3__ridge__BRA,LTU,2000,2004,7,4.0,4.0,0.0
PRIMARY_DELETE__HLO_to_P__primary_5y__M3__ridge__BRA,NLD,2000,2004,7,3.0,1.0,0.3333333333333333
PRIMARY_DELETE__HLO_to_P__primary_5y__M3__ridge__BRA,NOR,2000,2004,7,1.0,5.0,0.6666666666666666
PRIMARY_DELETE__HLO_to_P__primary_5y__M3__ridge__BRA,PHL,2000,2004,7,6.0,7.0,0.16666666666666666
PRIMARY_DELETE__HLO_to_P__primary_5y__M3__ridge__BRA,USA,2000,2004,7,5.0,2.0,0.5
PRIMARY_DELETE__HLO_to_P__primary_5y__M3__ridge__BRA,ZAF,2000,2004,7,7.0,6.0,0.16666666666666666
PRIMARY_DELETE__HLO_to_P__primary_5y__M3__ridge__BRA,AUT,2005,2009,16,2.0,5.0,0.2
PRIMARY_DELETE__HLO_to_P__primary_5y__M3__ridge__BRA,CHL,2005,2009,16,12.0,11.0,0.06666666666666667
PRIMARY_DELETE__HLO_to_P__primary_5y__M3__ridge__BRA,CRI,2005,2009,16,10.0,10.0,0.0
PRIMARY_DELETE__HLO_to_P__primary_5y__M3__ridge__BRA,DEU,2005,2009,16,4.0,4.0,0.0
PRIMARY_DELETE__HLO_to_P__primary_5y__M3__ridge__BRA,IDN,2005,2009,16,15.0,15.0,0.0
PRIMARY_DELETE__HLO_to_P__primary_5y__M3__ridge__BRA,IRN,2005,2009,16,14.0,12.0,0.13333333333333333
PRIMARY_DELETE__HLO_to_P__primary_5y__M3__ridge__BRA,ITA,2005,2009,16,9.0,6.0,0.2
PRIMARY_DELETE__HLO_to_P__primary_5y__M3__ridge__BRA,JPN,2005,2009,16,1.0,8.0,0.4666666666666667
PRIMARY_DELETE__HLO_to_P__primary_5y__M3__ridge__BRA,MAR,2005,2009,16,16.0,16.0,0.0
PRIMARY_DELETE__HLO_to_P__primary_5y__M3__ridge__BRA,NLD,2005,2009,16,3.0,1.0,0.13333333333333333
PRIMARY_DELETE__HLO_to_P__primary_5y__M3__ridge__BRA,NOR,2005,2009,16,6.0,3.0,0.2
PRIMARY_DELETE__HLO_to_P__primary_5y__M3__ridge__BRA,PER,2005,2009,16,8.0,13.0,0.3333333333333333
PRIMARY_DELETE__HLO_to_P__primary_5y__M3__ridge__BRA,POL,2005,2009,16,7.0,7.0,0.0
PRIMARY_DELETE__HLO_to_P__primary_5y__M3__ridge__BRA,QAT,2005,2009,16,13.0,14.0,0.06666666666666667
PRIMARY_DELETE__HLO_to_P__primary_5y__M3__ridge__BRA,SVN,2005,2009,16,5.0,2.0,0.2
PRIMARY_DELETE__HLO_to_P__primary_5y__M3__ridge__BRA,UKR,2005,2009,16,11.0,9.0,0.13333333333333333
PRIMARY_DELETE__HLO_to_P__primary_5y__M3__ridge__BRA,CHL,2010,2014,19,16.0,10.0,0.3333333333333333
PRIMARY_DELETE__HLO_to_P__primary_5y__M3__ridge__BRA,COL,2010,2014,19,11.0,13.0,0.1111111111111111
PRIMARY_DELETE__HLO_to_P__primary_5y__M3__ridge__BRA,DEU,2010,2014,19,3.0,3.0,0.0
PRIMARY_DELETE__HLO_to_P__primary_5y__M3__ridge__BRA,ESP,2010,2014,19,6.0,4.0,0.1111111111111111
PRIMARY_DELETE__HLO_to_P__primary_5y__M3__ridge__BRA,FIN,2010,2014,19,1.0,1.0,0.0
PRIMARY_DELETE__HLO_to_P__primary_5y__M3__ridge__BRA,GHA,2010,2014,19,19.0,19.0,0.0
PRIMARY_DELETE__HLO_to_P__primary_5y__M3__ridge__BRA,HRV,2010,2014,19,8.0,5.0,0.16666666666666666
PRIMARY_DELETE__HLO_to_P__primary_5y__M3__ridge__BRA,IDN,2010,2014,19,14.0,16.0,0.1111111111111111
PRIMARY_DELETE__HLO_to_P__primary_5y__M3__ridge__BRA,ITA,2010,2014,19,9.0,6.0,0.16666666666666666
PRIMARY_DELETE__HLO_to_P__primary_5y__M3__ridge__BRA,JOR,2010,2014,19,17.0,11.0,0.3333333333333333
PRIMARY_DELETE__HLO_to_P__primary_5y__M3__ridge__BRA,KAZ,2010,2014,19,12.0,12.0,0.0
PRIMARY_DELETE__HLO_to_P__primary_5y__M3__ridge__BRA,KOR,2010,2014,19,2.0,2.0,0.0
PRIMARY_DELETE__HLO_to_P__primary_5y__M3__ridge__BRA,MAR,2010,2014,19,18.0,17.0,0.05555555555555555
PRIMARY_DELETE__HLO_to_P__primary_5y__M3__ridge__BRA,MEX,2010,2014,19,7.0,14.0,0.3888888888888889
PRIMARY_DELETE__HLO_to_P__primary_5y__M3__ridge__BRA,OMN,2010,2014,19,10.0,15.0,0.2777777777777778
PRIMARY_DELETE__HLO_to_P__primary_5y__M3__ridge__BRA,POL,2010,2014,19,4.0,7.0,0.16666666666666666
PRIMARY_DELETE__HLO_to_P__primary_5y__M3__ridge__BRA,SAU,2010,2014,19,15.0,9.0,0.3333333333333333
PRIMARY_DELETE__HLO_to_P__primary_5y__M3__ridge__BRA,SRB,2010,2014,19,5.0,8.0,0.16666666666666666
PRIMARY_DELETE__HLO_to_P__primary_5y__M3__ridge__BRA,ZAF,2010,2014,19,13.0,18.0,0.2777777777777778
PRIMARY_DELETE__HLO_to_P__primary_5y__M3__ridge__BRA,AUS,2015,2017,9,4.0,3.0,0.125
PRIMARY_DELETE__HLO_to_P__primary_5y__M3__ridge__BRA,BHR,2015,2017,9,9.0,6.0,0.375
PRIMARY_DELETE__HLO_to_P__primary_5y__M3__ridge__BRA,DEU,2015,2017,9,3.0,1.0,0.25
PRIMARY_DELETE__HLO_to_P__primary_5y__M3__ridge__BRA,EGY,2015,2017,9,8.0,9.0,0.125
PRIMARY_DELETE__HLO_to_P__primary_5y__M3__ridge__BRA,IDN,2015,2017,9,7.0,8.0,0.125
PRIMARY_DELETE__HLO_to_P__primary_5y__M3__ridge__BRA,JPN,2015,2017,9,2.0,4.0,0.25
PRIMARY_DELETE__HLO_to_P__primary_5y__M3__ridge__BRA,POL,2015,2017,9,1.0,2.0,0.125
PRIMARY_DELETE__HLO_to_P__primary_5y__M3__ridge__BRA,RUS,2015,2017,9,5.0,5.0,0.0
PRIMARY_DELETE__HLO_to_P__primary_5y__M3__ridge__BRA,SAU,2015,2017,9,6.0,7.0,0.125
PRIMARY_DELETE__HLO_to_P__primary_5y__M3__ridge__CHL,ISL,2000,2004,7,2.0,3.0,0.16666666666666666
PRIMARY_DELETE__HLO_to_P__primary_5y__M3__ridge__CHL,LTU,2000,2004,7,4.0,4.0,0.0
PRIMARY_DELETE__HLO_to_P__primary_5y__M3__ridge__CHL,NLD,2000,2004,7,3.0,1.0,0.3333333333333333
PRIMARY_DELETE__HLO_to_P__primary_5y__M3__ridge__CHL,NOR,2000,2004,7,1.0,5.0,0.6666666666666666
PRIMARY_DELETE__HLO_to_P__primary_5y__M3__ridge__CHL,PHL,2000,2004,7,6.0,7.0,0.16666666666666666
PRIMARY_DELETE__HLO_to_P__primary_5y__M3__ridge__CHL,USA,2000,2004,7,5.0,2.0,0.5
PRIMARY_DELETE__HLO_to_P__primary_5y__M3__ridge__CHL,ZAF,2000,2004,7,7.0,6.0,0.16666666666666666
PRIMARY_DELETE__HLO_to_P__primary_5y__M3__ridge__CHL,AUT,2005,2009,16,2.0,5.0,0.2
PRIMARY_DELETE__HLO_to_P__primary_5y__M3__ridge__CHL,BRA,2005,2009,16,12.0,11.0,0.06666666666666667
PRIMARY_DELETE__HLO_to_P__primary_5y__M3__ridge__CHL,CRI,2005,2009,16,10.0,10.0,0.0
PRIMARY_DELETE__HLO_to_P__primary_5y__M3__ridge__CHL,DEU,2005,2009,16,4.0,3.0,0.06666666666666667
PRIMARY_DELETE__HLO_to_P__primary_5y__M3__ridge__CHL,IDN,2005,2009,16,15.0,16.0,0.06666666666666667
PRIMARY_DELETE__HLO_to_P__primary_5y__M3__ridge__CHL,IRN,2005,2009,16,14.0,12.0,0.13333333333333333
PRIMARY_DELETE__HLO_to_P__primary_5y__M3__ridge__CHL,ITA,2005,2009,16,9.0,6.0,0.2
PRIMARY_DELETE__HLO_to_P__primary_5y__M3__ridge__CHL,JPN,2005,2009,16,1.0,7.0,0.4
PRIMARY_DELETE__HLO_to_P__primary_5y__M3__ridge__CHL,MAR,2005,2009,16,16.0,13.0,0.2
PRIMARY_DELETE__HLO_to_P__primary_5y__M3__ridge__CHL,NLD,2005,2009,16,3.0,1.0,0.13333333333333333
PRIMARY_DELETE__HLO_to_P__primary_5y__M3__ridge__CHL,NOR,2005,2009,16,6.0,4.0,0.13333333333333333
PRIMARY_DELETE__HLO_to_P__primary_5y__M3__ridge__CHL,PER,2005,2009,16,8.0,15.0,0.4666666666666667
PRIMARY_DELETE__HLO_to_P__primary_5y__M3__ridge__CHL,POL,2005,2009,16,7.0,8.0,0.06666666666666667
PRIMARY_DELETE__HLO_to_P__primary_5y__M3__ridge__CHL,QAT,2005,2009,16,13.0,14.0,0.06666666666666667
PRIMARY_DELETE__HLO_to_P__primary_5y__M3__ridge__CHL,SVN,2005,2009,16,5.0,2.0,0.2
PRIMARY_DELETE__HLO_to_P__primary_5y__M3__ridge__CHL,UKR,2005,2009,16,11.0,9.0,0.13333333333333333
PRIMARY_DELETE__HLO_to_P__primary_5y__M3__ridge__CHL,BRA,2010,2014,19,9.0,14.0,0.2777777777777778
PRIMARY_DELETE__HLO_to_P__primary_5y__M3__ridge__CHL,COL,2010,2014,19,12.0,11.0,0.05555555555555555
PRIMARY_DELETE__HLO_to_P__primary_5y__M3__ridge__CHL,DEU,2010,2014,19,3.0,3.0,0.0
PRIMARY_DELETE__HLO_to_P__primary_5y__M3__ridge__CHL,ESP,2010,2014,19,6.0,4.0,0.1111111111111111
PRIMARY_DELETE__HLO_to_P__primary_5y__M3__ridge__CHL,FIN,2010,2014,19,1.0,1.0,0.0
PRIMARY_DELETE__HLO_to_P__primary_5y__M3__ridge__CHL,GHA,2010,2014,19,19.0,19.0,0.0
PRIMARY_DELETE__HLO_to_P__primary_5y__M3__ridge__CHL,HRV,2010,2014,19,8.0,6.0,0.1111111111111111
PRIMARY_DELETE__HLO_to_P__primary_5y__M3__ridge__CHL,IDN,2010,2014,19,15.0,17.0,0.1111111111111111
PRIMARY_DELETE__HLO_to_P__primary_5y__M3__ridge__CHL,ITA,2010,2014,19,10.0,5.0,0.2777777777777778
PRIMARY_DELETE__HLO_to_P__primary_5y__M3__ridge__CHL,JOR,2010,2014,19,17.0,10.0,0.3888888888888889
PRIMARY_DELETE__HLO_to_P__primary_5y__M3__ridge__CHL,KAZ,2010,2014,19,13.0,12.0,0.05555555555555555
PRIMARY_DELETE__HLO_to_P__primary_5y__M3__ridge__CHL,KOR,2010,2014,19,2.0,2.0,0.0
PRIMARY_DELETE__HLO_to_P__primary_5y__M3__ridge__CHL,MAR,2010,2014,19,18.0,16.0,0.1111111111111111
PRIMARY_DELETE__HLO_to_P__primary_5y__M3__ridge__CHL,MEX,2010,2014,19,7.0,13.0,0.3333333333333333
PRIMARY_DELETE__HLO_to_P__primary_5y__M3__ridge__CHL,OMN,2010,2014,19,11.0,15.0,0.2222222222222222
PRIMARY_DELETE__HLO_to_P__primary_5y__M3__ridge__CHL,POL,2010,2014,19,4.0,7.0,0.16666666666666666
PRIMARY_DELETE__HLO_to_P__primary_5y__M3__ridge__CHL,SAU,2010,2014,19,16.0,9.0,0.3888888888888889
PRIMARY_DELETE__HLO_to_P__primary_5y__M3__ridge__CHL,SRB,2010,2014,19,5.0,8.0,0.16666666666666666
PRIMARY_DELETE__HLO_to_P__primary_5y__M3__ridge__CHL,ZAF,2010,2014,19,14.0,18.0,0.2222222222222222
PRIMARY_DELETE__HLO_to_P__primary_5y__M3__ridge__CHL,AUS,2015,2017,9,4.0,4.0,0.0
PRIMARY_DELETE__HLO_to_P__primary_5y__M3__ridge__CHL,BHR,2015,2017,9,9.0,6.0,0.375
PRIMARY_DELETE__HLO_to_P__primary_5y__M3__ridge__CHL,DEU,2015,2017,9,3.0,1.0,0.25
PRIMARY_DELETE__HLO_to_P__primary_5y__M3__ridge__CHL,EGY,2015,2017,9,8.0,9.0,0.125
PRIMARY_DELETE__HLO_to_P__primary_5y__M3__ridge__CHL,IDN,2015,2017,9,7.0,8.0,0.125
PRIMARY_DELETE__HLO_to_P__primary_5y__M3__ridge__CHL,JPN,2015,2017,9,2.0,3.0,0.125
PRIMARY_DELETE__HLO_to_P__primary_5y__M3__ridge__CHL,POL,2015,2017,9,1.0,2.0,0.125
PRIMARY_DELETE__HLO_to_P__primary_5y__M3__ridge__CHL,RUS,2015,2017,9,5.0,5.0,0.0
PRIMARY_DELETE__HLO_to_P__primary_5y__M3__ridge__CHL,SAU,2015,2017,9,6.0,7.0,0.125
PRIMARY_DELETE__HLO_to_P__primary_5y__M3__ridge__COL,ISL,2000,2004,7,2.0,3.0,0.16666666666666666
PRIMARY_DELETE__HLO_to_P__primary_5y__M3__ridge__COL,LTU,2000,2004,7,4.0,4.0,0.0
PRIMARY_DELETE__HLO_to_P__primary_5y__M3__ridge__COL,NLD,2000,2004,7,3.0,1.0,0.3333333333333333
PRIMARY_DELETE__HLO_to_P__primary_5y__M3__ridge__COL,NOR,2000,2004,7,1.0,5.0,0.6666666666666666
PRIMARY_DELETE__HLO_to_P__primary_5y__M3__ridge__COL,PHL,2000,2004,7,6.0,7.0,0.16666666666666666
PRIMARY_DELETE__HLO_to_P__primary_5y__M3__ridge__COL,USA,2000,2004,7,5.0,2.0,0.5
PRIMARY_DELETE__HLO_to_P__primary_5y__M3__ridge__COL,ZAF,2000,2004,7,7.0,6.0,0.16666666666666666
PRIMARY_DELETE__HLO_to_P__primary_5y__M3__ridge__COL,AUT,2005,2009,17,2.0,5.0,0.1875
PRIMARY_DELETE__HLO_to_P__primary_5y__M3__ridge__COL,BRA,2005,2009,17,12.0,12.0,0.0
PRIMARY_DELETE__HLO_to_P__primary_5y__M3__ridge__COL,CHL,2005,2009,17,13.0,11.0,0.125
PRIMARY_DELETE__HLO_to_P__primary_5y__M3__ridge__COL,CRI,2005,2009,17,10.0,10.0,0.0
PRIMARY_DELETE__HLO_to_P__primary_5y__M3__ridge__COL,DEU,2005,2009,17,4.0,4.0,0.0
PRIMARY_DELETE__HLO_to_P__primary_5y__M3__ridge__COL,IDN,2005,2009,17,16.0,17.0,0.0625
PRIMARY_DELETE__HLO_to_P__primary_5y__M3__ridge__COL,IRN,2005,2009,17,15.0,13.0,0.125
PRIMARY_DELETE__HLO_to_P__primary_5y__M3__ridge__COL,ITA,2005,2009,17,9.0,6.0,0.1875
PRIMARY_DELETE__HLO_to_P__primary_5y__M3__ridge__COL,JPN,2005,2009,17,1.0,8.0,0.4375
PRIMARY_DELETE__HLO_to_P__primary_5y__M3__ridge__COL,MAR,2005,2009,17,17.0,14.0,0.1875
PRIMARY_DELETE__HLO_to_P__primary_5y__M3__ridge__COL,NLD,2005,2009,17,3.0,1.0,0.125
PRIMARY_DELETE__HLO_to_P__primary_5y__M3__ridge__COL,NOR,2005,2009,17,6.0,3.0,0.1875
PRIMARY_DELETE__HLO_to_P__primary_5y__M3__ridge__COL,PER,2005,2009,17,8.0,16.0,0.5
PRIMARY_DELETE__HLO_to_P__primary_5y__M3__ridge__COL,POL,2005,2009,17,7.0,7.0,0.0
PRIMARY_DELETE__HLO_to_P__primary_5y__M3__ridge__COL,QAT,2005,2009,17,14.0,15.0,0.0625
PRIMARY_DELETE__HLO_to_P__primary_5y__M3__ridge__COL,SVN,2005,2009,17,5.0,2.0,0.1875
PRIMARY_DELETE__HLO_to_P__primary_5y__M3__ridge__COL,UKR,2005,2009,17,11.0,9.0,0.125
PRIMARY_DELETE__HLO_to_P__primary_5y__M3__ridge__COL,BRA,2010,2014,19,9.0,14.0,0.2777777777777778
PRIMARY_DELETE__HLO_to_P__primary_5y__M3__ridge__COL,CHL,2010,2014,19,16.0,10.0,0.3333333333333333
PRIMARY_DELETE__HLO_to_P__primary_5y__M3__ridge__COL,DEU,2010,2014,19,3.0,2.0,0.05555555555555555
PRIMARY_DELETE__HLO_to_P__primary_5y__M3__ridge__COL,ESP,2010,2014,19,6.0,7.0,0.05555555555555555
PRIMARY_DELETE__HLO_to_P__primary_5y__M3__ridge__COL,FIN,2010,2014,19,1.0,1.0,0.0
PRIMARY_DELETE__HLO_to_P__primary_5y__M3__ridge__COL,GHA,2010,2014,19,19.0,19.0,0.0
PRIMARY_DELETE__HLO_to_P__primary_5y__M3__ridge__COL,HRV,2010,2014,19,8.0,4.0,0.2222222222222222
PRIMARY_DELETE__HLO_to_P__primary_5y__M3__ridge__COL,IDN,2010,2014,19,14.0,18.0,0.2222222222222222
PRIMARY_DELETE__HLO_to_P__primary_5y__M3__ridge__COL,ITA,2010,2014,19,10.0,5.0,0.2777777777777778
PRIMARY_DELETE__HLO_to_P__primary_5y__M3__ridge__COL,JOR,2010,2014,19,17.0,13.0,0.2222222222222222
PRIMARY_DELETE__HLO_to_P__primary_5y__M3__ridge__COL,KAZ,2010,2014,19,12.0,11.0,0.05555555555555555
PRIMARY_DELETE__HLO_to_P__primary_5y__M3__ridge__COL,KOR,2010,2014,19,2.0,3.0,0.05555555555555555
PRIMARY_DELETE__HLO_to_P__primary_5y__M3__ridge__COL,MAR,2010,2014,19,18.0,16.0,0.1111111111111111
PRIMARY_DELETE__HLO_to_P__primary_5y__M3__ridge__COL,MEX,2010,2014,19,7.0,12.0,0.2777777777777778
PRIMARY_DELETE__HLO_to_P__primary_5y__M3__ridge__COL,OMN,2010,2014,19,11.0,15.0,0.2222222222222222
PRIMARY_DELETE__HLO_to_P__primary_5y__M3__ridge__COL,POL,2010,2014,19,4.0,6.0,0.1111111111111111
PRIMARY_DELETE__HLO_to_P__primary_5y__M3__ridge__COL,SAU,2010,2014,19,15.0,8.0,0.3888888888888889
PRIMARY_DELETE__HLO_to_P__primary_5y__M3__ridge__COL,SRB,2010,2014,19,5.0,9.0,0.2222222222222222
PRIMARY_DELETE__HLO_to_P__primary_5y__M3__ridge__COL,ZAF,2010,2014,19,13.0,17.0,0.2222222222222222
PRIMARY_DELETE__HLO_to_P__primary_5y__M3__ridge__COL,AUS,2015,2017,9,4.0,3.0,0.125
PRIMARY_DELETE__HLO_to_P__primary_5y__M3__ridge__COL,BHR,2015,2017,9,9.0,6.0,0.375
PRIMARY_DELETE__HLO_to_P__primary_5y__M3__ridge__COL,DEU,2015,2017,9,3.0,1.0,0.25
PRIMARY_DELETE__HLO_to_P__primary_5y__M3__ridge__COL,EGY,2015,2017,9,8.0,9.0,0.125
PRIMARY_DELETE__HLO_to_P__primary_5y__M3__ridge__COL,IDN,2015,2017,9,7.0,8.0,0.125
PRIMARY_DELETE__HLO_to_P__primary_5y__M3__ridge__COL,JPN,2015,2017,9,2.0,4.0,0.25
PRIMARY_DELETE__HLO_to_P__primary_5y__M3__ridge__COL,POL,2015,2017,9,1.0,2.0,0.125
PRIMARY_DELETE__HLO_to_P__primary_5y__M3__ridge__COL,RUS,2015,2017,9,5.0,5.0,0.0
PRIMARY_DELETE__HLO_to_P__primary_5y__M3__ridge__COL,SAU,2015,2017,9,6.0,7.0,0.125
PRIMARY_DELETE__HLO_to_P__primary_5y__M3__ridge__CRI,ISL,2000,2004,7,2.0,2.0,0.0
PRIMARY_DELETE__HLO_to_P__primary_5y__M3__ridge__CRI,LTU,2000,2004,7,4.0,4.0,0.0
PRIMARY_DELETE__HLO_to_P__primary_5y__M3__ridge__CRI,NLD,2000,2004,7,3.0,1.0,0.3333333333333333
PRIMARY_DELETE__HLO_to_P__primary_5y__M3__ridge__CRI,NOR,2000,2004,7,1.0,5.0,0.6666666666666666
PRIMARY_DELETE__HLO_to_P__primary_5y__M3__ridge__CRI,PHL,2000,2004,7,6.0,7.0,0.16666666666666666
PRIMARY_DELETE__HLO_to_P__primary_5y__M3__ridge__CRI,USA,2000,2004,7,5.0,3.0,0.3333333333333333
PRIMARY_DELETE__HLO_to_P__primary_5y__M3__ridge__CRI,ZAF,2000,2004,7,7.0,6.0,0.16666666666666666
PRIMARY_DELETE__HLO_to_P__primary_5y__M3__ridge__CRI,AUT,2005,2009,16,2.0,5.0,0.2
PRIMARY_DELETE__HLO_to_P__primary_5y__M3__ridge__CRI,BRA,2005,2009,16,11.0,11.0,0.0
PRIMARY_DELETE__HLO_to_P__primary_5y__M3__ridge__CRI,CHL,2005,2009,16,12.0,10.0,0.13333333333333333
PRIMARY_DELETE__HLO_to_P__primary_5y__M3__ridge__CRI,DEU,2005,2009,16,4.0,4.0,0.0
PRIMARY_DELETE__HLO_to_P__primary_5y__M3__ridge__CRI,IDN,2005,2009,16,15.0,16.0,0.06666666666666667
PRIMARY_DELETE__HLO_to_P__primary_5y__M3__ridge__CRI,IRN,2005,2009,16,14.0,12.0,0.13333333333333333
PRIMARY_DELETE__HLO_to_P__primary_5y__M3__ridge__CRI,ITA,2005,2009,16,9.0,6.0,0.2
PRIMARY_DELETE__HLO_to_P__primary_5y__M3__ridge__CRI,JPN,2005,2009,16,1.0,8.0,0.4666666666666667
PRIMARY_DELETE__HLO_to_P__primary_5y__M3__ridge__CRI,MAR,2005,2009,16,16.0,13.0,0.2
PRIMARY_DELETE__HLO_to_P__primary_5y__M3__ridge__CRI,NLD,2005,2009,16,3.0,1.0,0.13333333333333333
PRIMARY_DELETE__HLO_to_P__primary_5y__M3__ridge__CRI,NOR,2005,2009,16,6.0,3.0,0.2
PRIMARY_DELETE__HLO_to_P__primary_5y__M3__ridge__CRI,PER,2005,2009,16,8.0,14.0,0.4
PRIMARY_DELETE__HLO_to_P__primary_5y__M3__ridge__CRI,POL,2005,2009,16,7.0,7.0,0.0
PRIMARY_DELETE__HLO_to_P__primary_5y__M3__ridge__CRI,QAT,2005,2009,16,13.0,15.0,0.13333333333333333
PRIMARY_DELETE__HLO_to_P__primary_5y__M3__ridge__CRI,SVN,2005,2009,16,5.0,2.0,0.2
PRIMARY_DELETE__HLO_to_P__primary_5y__M3__ridge__CRI,UKR,2005,2009,16,10.0,9.0,0.06666666666666667
PRIMARY_DELETE__HLO_to_P__primary_5y__M3__ridge__CRI,BRA,2010,2014,20,9.0,15.0,0.3157894736842105
PRIMARY_DELETE__HLO_to_P__primary_5y__M3__ridge__CRI,CHL,2010,2014,20,17.0,10.0,0.3684210526315789
PRIMARY_DELETE__HLO_to_P__primary_5y__M3__ridge__CRI,COL,2010,2014,20,12.0,13.0,0.05263157894736842
PRIMARY_DELETE__HLO_to_P__primary_5y__M3__ridge__CRI,DEU,2010,2014,20,3.0,4.0,0.05263157894736842
PRIMARY_DELETE__HLO_to_P__primary_5y__M3__ridge__CRI,ESP,2010,2014,20,6.0,3.0,0.15789473684210525
PRIMARY_DELETE__HLO_to_P__primary_5y__M3__ridge__CRI,FIN,2010,2014,20,1.0,1.0,0.0
PRIMARY_DELETE__HLO_to_P__primary_5y__M3__ridge__CRI,GHA,2010,2014,20,20.0,20.0,0.0
PRIMARY_DELETE__HLO_to_P__primary_5y__M3__ridge__CRI,HRV,2010,2014,20,8.0,5.0,0.15789473684210525
PRIMARY_DELETE__HLO_to_P__primary_5y__M3__ridge__CRI,IDN,2010,2014,20,15.0,18.0,0.15789473684210525
PRIMARY_DELETE__HLO_to_P__primary_5y__M3__ridge__CRI,ITA,2010,2014,20,10.0,6.0,0.21052631578947367
PRIMARY_DELETE__HLO_to_P__primary_5y__M3__ridge__CRI,JOR,2010,2014,20,18.0,11.0,0.3684210526315789
PRIMARY_DELETE__HLO_to_P__primary_5y__M3__ridge__CRI,KAZ,2010,2014,20,13.0,12.0,0.05263157894736842
PRIMARY_DELETE__HLO_to_P__primary_5y__M3__ridge__CRI,KOR,2010,2014,20,2.0,2.0,0.0
PRIMARY_DELETE__HLO_to_P__primary_5y__M3__ridge__CRI,MAR,2010,2014,20,19.0,17.0,0.10526315789473684
PRIMARY_DELETE__HLO_to_P__primary_5y__M3__ridge__CRI,MEX,2010,2014,20,7.0,14.0,0.3684210526315789
PRIMARY_DELETE__HLO_to_P__primary_5y__M3__ridge__CRI,OMN,2010,2014,20,11.0,16.0,0.2631578947368421
PRIMARY_DELETE__HLO_to_P__primary_5y__M3__ridge__CRI,POL,2010,2014,20,4.0,7.0,0.15789473684210525
PRIMARY_DELETE__HLO_to_P__primary_5y__M3__ridge__CRI,SAU,2010,2014,20,16.0,9.0,0.3684210526315789
PRIMARY_DELETE__HLO_to_P__primary_5y__M3__ridge__CRI,SRB,2010,2014,20,5.0,8.0,0.15789473684210525
PRIMARY_DELETE__HLO_to_P__primary_5y__M3__ridge__CRI,ZAF,2010,2014,20,14.0,19.0,0.2631578947368421
PRIMARY_DELETE__HLO_to_P__primary_5y__M3__ridge__CRI,AUS,2015,2017,9,4.0,3.0,0.125
PRIMARY_DELETE__HLO_to_P__primary_5y__M3__ridge__CRI,BHR,2015,2017,9,9.0,6.0,0.375
PRIMARY_DELETE__HLO_to_P__primary_5y__M3__ridge__CRI,DEU,2015,2017,9,3.0,1.0,0.25
PRIMARY_DELETE__HLO_to_P__primary_5y__M3__ridge__CRI,EGY,2015,2017,9,8.0,9.0,0.125
PRIMARY_DELETE__HLO_to_P__primary_5y__M3__ridge__CRI,IDN,2015,2017,9,7.0,8.0,0.125
PRIMARY_DELETE__HLO_to_P__primary_5y__M3__ridge__CRI,JPN,2015,2017,9,2.0,4.0,0.25
PRIMARY_DELETE__HLO_to_P__primary_5y__M3__ridge__CRI,POL,2015,2017,9,1.0,2.0,0.125
PRIMARY_DELETE__HLO_to_P__primary_5y__M3__ridge__CRI,RUS,2015,2017,9,5.0,5.0,0.0
PRIMARY_DELETE__HLO_to_P__primary_5y__M3__ridge__CRI,SAU,2015,2017,9,6.0,7.0,0.125
PRIMARY_DELETE__HLO_to_P__primary_5y__M3__ridge__DEU,ISL,2000,2004,7,2.0,3.0,0.16666666666666666
PRIMARY_DELETE__HLO_to_P__primary_5y__M3__ridge__DEU,LTU,2000,2004,7,4.0,4.0,0.0
PRIMARY_DELETE__HLO_to_P__primary_5y__M3__ridge__DEU,NLD,2000,2004,7,3.0,1.0,0.3333333333333333
PRIMARY_DELETE__HLO_to_P__primary_5y__M3__ridge__DEU,NOR,2000,2004,7,1.0,5.0,0.6666666666666666
PRIMARY_DELETE__HLO_to_P__primary_5y__M3__ridge__DEU,PHL,2000,2004,7,6.0,7.0,0.16666666666666666
PRIMARY_DELETE__HLO_to_P__primary_5y__M3__ridge__DEU,USA,2000,2004,7,5.0,2.0,0.5
PRIMARY_DELETE__HLO_to_P__primary_5y__M3__ridge__DEU,ZAF,2000,2004,7,7.0,6.0,0.16666666666666666
PRIMARY_DELETE__HLO_to_P__primary_5y__M3__ridge__DEU,AUT,2005,2009,16,2.0,4.0,0.13333333333333333
PRIMARY_DELETE__HLO_to_P__primary_5y__M3__ridge__DEU,BRA,2005,2009,16,11.0,12.0,0.06666666666666667
PRIMARY_DELETE__HLO_to_P__primary_5y__M3__ridge__DEU,CHL,2005,2009,16,12.0,10.0,0.13333333333333333
PRIMARY_DELETE__HLO_to_P__primary_5y__M3__ridge__DEU,CRI,2005,2009,16,9.0,9.0,0.0
PRIMARY_DELETE__HLO_to_P__primary_5y__M3__ridge__DEU,IDN,2005,2009,16,15.0,15.0,0.0
PRIMARY_DELETE__HLO_to_P__primary_5y__M3__ridge__DEU,IRN,2005,2009,16,14.0,11.0,0.2
PRIMARY_DELETE__HLO_to_P__primary_5y__M3__ridge__DEU,ITA,2005,2009,16,8.0,5.0,0.2
PRIMARY_DELETE__HLO_to_P__primary_5y__M3__ridge__DEU,JPN,2005,2009,16,1.0,7.0,0.4
PRIMARY_DELETE__HLO_to_P__primary_5y__M3__ridge__DEU,MAR,2005,2009,16,16.0,16.0,0.0
PRIMARY_DELETE__HLO_to_P__primary_5y__M3__ridge__DEU,NLD,2005,2009,16,3.0,1.0,0.13333333333333333
PRIMARY_DELETE__HLO_to_P__primary_5y__M3__ridge__DEU,NOR,2005,2009,16,5.0,3.0,0.13333333333333333
PRIMARY_DELETE__HLO_to_P__primary_5y__M3__ridge__DEU,PER,2005,2009,16,7.0,13.0,0.4
PRIMARY_DELETE__HLO_to_P__primary_5y__M3__ridge__DEU,POL,2005,2009,16,6.0,6.0,0.0
PRIMARY_DELETE__HLO_to_P__primary_5y__M3__ridge__DEU,QAT,2005,2009,16,13.0,14.0,0.06666666666666667
PRIMARY_DELETE__HLO_to_P__primary_5y__M3__ridge__DEU,SVN,2005,2009,16,4.0,2.0,0.13333333333333333
PRIMARY_DELETE__HLO_to_P__primary_5y__M3__ridge__DEU,UKR,2005,2009,16,10.0,8.0,0.13333333333333333
PRIMARY_DELETE__HLO_to_P__primary_5y__M3__ridge__DEU,BRA,2010,2014,19,8.0,14.0,0.3333333333333333
PRIMARY_DELETE__HLO_to_P__primary_5y__M3__ridge__DEU,CHL,2010,2014,19,16.0,8.0,0.4444444444444444
PRIMARY_DELETE__HLO_to_P__primary_5y__M3__ridge__DEU,COL,2010,2014,19,11.0,12.0,0.05555555555555555
PRIMARY_DELETE__HLO_to_P__primary_5y__M3__ridge__DEU,ESP,2010,2014,19,5.0,3.0,0.1111111111111111
PRIMARY_DELETE__HLO_to_P__primary_5y__M3__ridge__DEU,FIN,2010,2014,19,1.0,1.0,0.0
PRIMARY_DELETE__HLO_to_P__primary_5y__M3__ridge__DEU,GHA,2010,2014,19,19.0,19.0,0.0
PRIMARY_DELETE__HLO_to_P__primary_5y__M3__ridge__DEU,HRV,2010,2014,19,7.0,4.0,0.16666666666666666
PRIMARY_DELETE__HLO_to_P__primary_5y__M3__ridge__DEU,IDN,2010,2014,19,14.0,16.0,0.1111111111111111
PRIMARY_DELETE__HLO_to_P__primary_5y__M3__ridge__DEU,ITA,2010,2014,19,9.0,5.0,0.2222222222222222
PRIMARY_DELETE__HLO_to_P__primary_5y__M3__ridge__DEU,JOR,2010,2014,19,17.0,10.0,0.3888888888888889
PRIMARY_DELETE__HLO_to_P__primary_5y__M3__ridge__DEU,KAZ,2010,2014,19,12.0,11.0,0.05555555555555555
PRIMARY_DELETE__HLO_to_P__primary_5y__M3__ridge__DEU,KOR,2010,2014,19,2.0,2.0,0.0
PRIMARY_DELETE__HLO_to_P__primary_5y__M3__ridge__DEU,MAR,2010,2014,19,18.0,17.0,0.05555555555555555
PRIMARY_DELETE__HLO_to_P__primary_5y__M3__ridge__DEU,MEX,2010,2014,19,6.0,13.0,0.3888888888888889
PRIMARY_DELETE__HLO_to_P__primary_5y__M3__ridge__DEU,OMN,2010,2014,19,10.0,15.0,0.2777777777777778
PRIMARY_DELETE__HLO_to_P__primary_5y__M3__ridge__DEU,POL,2010,2014,19,3.0,6.0,0.16666666666666666
PRIMARY_DELETE__HLO_to_P__primary_5y__M3__ridge__DEU,SAU,2010,2014,19,15.0,9.0,0.3333333333333333
PRIMARY_DELETE__HLO_to_P__primary_5y__M3__ridge__DEU,SRB,2010,2014,19,4.0,7.0,0.16666666666666666
PRIMARY_DELETE__HLO_to_P__primary_5y__M3__ridge__DEU,ZAF,2010,2014,19,13.0,18.0,0.2777777777777778
PRIMARY_DELETE__HLO_to_P__primary_5y__M3__ridge__DEU,AUS,2015,2017,8,3.0,2.0,0.14285714285714285
PRIMARY_DELETE__HLO_to_P__primary_5y__M3__ridge__DEU,BHR,2015,2017,8,8.0,5.0,0.42857142857142855
PRIMARY_DELETE__HLO_to_P__primary_5y__M3__ridge__DEU,EGY,2015,2017,8,7.0,8.0,0.14285714285714285
PRIMARY_DELETE__HLO_to_P__primary_5y__M3__ridge__DEU,IDN,2015,2017,8,6.0,7.0,0.14285714285714285
PRIMARY_DELETE__HLO_to_P__primary_5y__M3__ridge__DEU,JPN,2015,2017,8,2.0,4.0,0.2857142857142857
PRIMARY_DELETE__HLO_to_P__primary_5y__M3__ridge__DEU,POL,2015,2017,8,1.0,1.0,0.0
PRIMARY_DELETE__HLO_to_P__primary_5y__M3__ridge__DEU,RUS,2015,2017,8,4.0,3.0,0.14285714285714285
PRIMARY_DELETE__HLO_to_P__primary_5y__M3__ridge__DEU,SAU,2015,2017,8,5.0,6.0,0.14285714285714285
PRIMARY_DELETE__HLO_to_P__primary_5y__M3__ridge__EGY,ISL,2000,2004,7,2.0,2.0,0.0
PRIMARY_DELETE__HLO_to_P__primary_5y__M3__ridge__EGY,LTU,2000,2004,7,4.0,4.0,0.0
PRIMARY_DELETE__HLO_to_P__primary_5y__M3__ridge__EGY,NLD,2000,2004,7,3.0,1.0,0.3333333333333333
PRIMARY_DELETE__HLO_to_P__primary_5y__M3__ridge__EGY,NOR,2000,2004,7,1.0,5.0,0.6666666666666666
PRIMARY_DELETE__HLO_to_P__primary_5y__M3__ridge__EGY,PHL,2000,2004,7,6.0,7.0,0.16666666666666666
PRIMARY_DELETE__HLO_to_P__primary_5y__M3__ridge__EGY,USA,2000,2004,7,5.0,3.0,0.3333333333333333
PRIMARY_DELETE__HLO_to_P__primary_5y__M3__ridge__EGY,ZAF,2000,2004,7,7.0,6.0,0.16666666666666666
PRIMARY_DELETE__HLO_to_P__primary_5y__M3__ridge__EGY,AUT,2005,2009,17,2.0,5.0,0.1875
PRIMARY_DELETE__HLO_to_P__primary_5y__M3__ridge__EGY,BRA,2005,2009,17,12.0,12.0,0.0
PRIMARY_DELETE__HLO_to_P__primary_5y__M3__ridge__EGY,CHL,2005,2009,17,13.0,11.0,0.125
PRIMARY_DELETE__HLO_to_P__primary_5y__M3__ridge__EGY,CRI,2005,2009,17,10.0,10.0,0.0
PRIMARY_DELETE__HLO_to_P__primary_5y__M3__ridge__EGY,DEU,2005,2009,17,4.0,4.0,0.0
PRIMARY_DELETE__HLO_to_P__primary_5y__M3__ridge__EGY,IDN,2005,2009,17,16.0,17.0,0.0625
PRIMARY_DELETE__HLO_to_P__primary_5y__M3__ridge__EGY,IRN,2005,2009,17,15.0,13.0,0.125
PRIMARY_DELETE__HLO_to_P__primary_5y__M3__ridge__EGY,ITA,2005,2009,17,9.0,6.0,0.1875
PRIMARY_DELETE__HLO_to_P__primary_5y__M3__ridge__EGY,JPN,2005,2009,17,1.0,7.0,0.375
PRIMARY_DELETE__HLO_to_P__primary_5y__M3__ridge__EGY,MAR,2005,2009,17,17.0,15.0,0.125
PRIMARY_DELETE__HLO_to_P__primary_5y__M3__ridge__EGY,NLD,2005,2009,17,3.0,1.0,0.125
PRIMARY_DELETE__HLO_to_P__primary_5y__M3__ridge__EGY,NOR,2005,2009,17,6.0,3.0,0.1875
PRIMARY_DELETE__HLO_to_P__primary_5y__M3__ridge__EGY,PER,2005,2009,17,8.0,14.0,0.375
PRIMARY_DELETE__HLO_to_P__primary_5y__M3__ridge__EGY,POL,2005,2009,17,7.0,8.0,0.0625
PRIMARY_DELETE__HLO_to_P__primary_5y__M3__ridge__EGY,QAT,2005,2009,17,14.0,16.0,0.125
PRIMARY_DELETE__HLO_to_P__primary_5y__M3__ridge__EGY,SVN,2005,2009,17,5.0,2.0,0.1875
PRIMARY_DELETE__HLO_to_P__primary_5y__M3__ridge__EGY,UKR,2005,2009,17,11.0,9.0,0.125
PRIMARY_DELETE__HLO_to_P__primary_5y__M3__ridge__EGY,BRA,2010,2014,20,9.0,15.0,0.3157894736842105
PRIMARY_DELETE__HLO_to_P__primary_5y__M3__ridge__EGY,CHL,2010,2014,20,17.0,10.0,0.3684210526315789
PRIMARY_DELETE__HLO_to_P__primary_5y__M3__ridge__EGY,COL,2010,2014,20,12.0,11.0,0.05263157894736842
PRIMARY_DELETE__HLO_to_P__primary_5y__M3__ridge__EGY,DEU,2010,2014,20,3.0,4.0,0.05263157894736842
PRIMARY_DELETE__HLO_to_P__primary_5y__M3__ridge__EGY,ESP,2010,2014,20,6.0,3.0,0.15789473684210525
PRIMARY_DELETE__HLO_to_P__primary_5y__M3__ridge__EGY,FIN,2010,2014,20,1.0,1.0,0.0
PRIMARY_DELETE__HLO_to_P__primary_5y__M3__ridge__EGY,GHA,2010,2014,20,20.0,20.0,0.0
PRIMARY_DELETE__HLO_to_P__primary_5y__M3__ridge__EGY,HRV,2010,2014,20,8.0,6.0,0.10526315789473684
PRIMARY_DELETE__HLO_to_P__primary_5y__M3__ridge__EGY,IDN,2010,2014,20,15.0,18.0,0.15789473684210525
PRIMARY_DELETE__HLO_to_P__primary_5y__M3__ridge__EGY,ITA,2010,2014,20,10.0,5.0,0.2631578947368421
PRIMARY_DELETE__HLO_to_P__primary_5y__M3__ridge__EGY,JOR,2010,2014,20,18.0,12.0,0.3157894736842105
PRIMARY_DELETE__HLO_to_P__primary_5y__M3__ridge__EGY,KAZ,2010,2014,20,13.0,13.0,0.0
PRIMARY_DELETE__HLO_to_P__primary_5y__M3__ridge__EGY,KOR,2010,2014,20,2.0,2.0,0.0
PRIMARY_DELETE__HLO_to_P__primary_5y__M3__ridge__EGY,MAR,2010,2014,20,19.0,17.0,0.10526315789473684
PRIMARY_DELETE__HLO_to_P__primary_5y__M3__ridge__EGY,MEX,2010,2014,20,7.0,14.0,0.3684210526315789
PRIMARY_DELETE__HLO_to_P__primary_5y__M3__ridge__EGY,OMN,2010,2014,20,11.0,16.0,0.2631578947368421
PRIMARY_DELETE__HLO_to_P__primary_5y__M3__ridge__EGY,POL,2010,2014,20,4.0,7.0,0.15789473684210525
PRIMARY_DELETE__HLO_to_P__primary_5y__M3__ridge__EGY,SAU,2010,2014,20,16.0,9.0,0.3684210526315789
PRIMARY_DELETE__HLO_to_P__primary_5y__M3__ridge__EGY,SRB,2010,2014,20,5.0,8.0,0.15789473684210525
PRIMARY_DELETE__HLO_to_P__primary_5y__M3__ridge__EGY,ZAF,2010,2014,20,14.0,19.0,0.2631578947368421
PRIMARY_DELETE__HLO_to_P__primary_5y__M3__ridge__EGY,AUS,2015,2017,8,4.0,4.0,0.0
PRIMARY_DELETE__HLO_to_P__primary_5y__M3__ridge__EGY,BHR,2015,2017,8,8.0,6.0,0.2857142857142857
PRIMARY_DELETE__HLO_to_P__primary_5y__M3__ridge__EGY,DEU,2015,2017,8,3.0,1.0,0.2857142857142857
PRIMARY_DELETE__HLO_to_P__primary_5y__M3__ridge__EGY,IDN,2015,2017,8,7.0,8.0,0.14285714285714285
PRIMARY_DELETE__HLO_to_P__primary_5y__M3__ridge__EGY,JPN,2015,2017,8,2.0,3.0,0.14285714285714285
PRIMARY_DELETE__HLO_to_P__primary_5y__M3__ridge__EGY,POL,2015,2017,8,1.0,2.0,0.14285714285714285
PRIMARY_DELETE__HLO_to_P__primary_5y__M3__ridge__EGY,RUS,2015,2017,8,5.0,5.0,0.0
PRIMARY_DELETE__HLO_to_P__primary_5y__M3__ridge__EGY,SAU,2015,2017,8,6.0,7.0,0.14285714285714285
PRIMARY_DELETE__HLO_to_P__primary_5y__M3__ridge__ESP,ISL,2000,2004,7,2.0,2.0,0.0
PRIMARY_DELETE__HLO_to_P__primary_5y__M3__ridge__ESP,LTU,2000,2004,7,4.0,4.0,0.0
PRIMARY_DELETE__HLO_to_P__primary_5y__M3__ridge__ESP,NLD,2000,2004,7,3.0,1.0,0.3333333333333333
PRIMARY_DELETE__HLO_to_P__primary_5y__M3__ridge__ESP,NOR,2000,2004,7,1.0,5.0,0.6666666666666666
PRIMARY_DELETE__HLO_to_P__primary_5y__M3__ridge__ESP,PHL,2000,2004,7,6.0,7.0,0.16666666666666666
PRIMARY_DELETE__HLO_to_P__primary_5y__M3__ridge__ESP,USA,2000,2004,7,5.0,3.0,0.3333333333333333
PRIMARY_DELETE__HLO_to_P__primary_5y__M3__ridge__ESP,ZAF,2000,2004,7,7.0,6.0,0.16666666666666666
PRIMARY_DELETE__HLO_to_P__primary_5y__M3__ridge__ESP,AUT,2005,2009,17,2.0,5.0,0.1875
PRIMARY_DELETE__HLO_to_P__primary_5y__M3__ridge__ESP,BRA,2005,2009,17,12.0,12.0,0.0
PRIMARY_DELETE__HLO_to_P__primary_5y__M3__ridge__ESP,CHL,2005,2009,17,13.0,11.0,0.125
PRIMARY_DELETE__HLO_to_P__primary_5y__M3__ridge__ESP,CRI,2005,2009,17,10.0,10.0,0.0
PRIMARY_DELETE__HLO_to_P__primary_5y__M3__ridge__ESP,DEU,2005,2009,17,4.0,4.0,0.0
PRIMARY_DELETE__HLO_to_P__primary_5y__M3__ridge__ESP,IDN,2005,2009,17,16.0,16.0,0.0
PRIMARY_DELETE__HLO_to_P__primary_5y__M3__ridge__ESP,IRN,2005,2009,17,15.0,13.0,0.125
PRIMARY_DELETE__HLO_to_P__primary_5y__M3__ridge__ESP,ITA,2005,2009,17,9.0,6.0,0.1875
PRIMARY_DELETE__HLO_to_P__primary_5y__M3__ridge__ESP,JPN,2005,2009,17,1.0,8.0,0.4375
PRIMARY_DELETE__HLO_to_P__primary_5y__M3__ridge__ESP,MAR,2005,2009,17,17.0,17.0,0.0
PRIMARY_DELETE__HLO_to_P__primary_5y__M3__ridge__ESP,NLD,2005,2009,17,3.0,1.0,0.125
PRIMARY_DELETE__HLO_to_P__primary_5y__M3__ridge__ESP,NOR,2005,2009,17,6.0,3.0,0.1875
PRIMARY_DELETE__HLO_to_P__primary_5y__M3__ridge__ESP,PER,2005,2009,17,8.0,15.0,0.4375
PRIMARY_DELETE__HLO_to_P__primary_5y__M3__ridge__ESP,POL,2005,2009,17,7.0,7.0,0.0
PRIMARY_DELETE__HLO_to_P__primary_5y__M3__ridge__ESP,QAT,2005,2009,17,14.0,14.0,0.0
PRIMARY_DELETE__HLO_to_P__primary_5y__M3__ridge__ESP,SVN,2005,2009,17,5.0,2.0,0.1875
PRIMARY_DELETE__HLO_to_P__primary_5y__M3__ridge__ESP,UKR,2005,2009,17,11.0,9.0,0.125
PRIMARY_DELETE__HLO_to_P__primary_5y__M3__ridge__ESP,BRA,2010,2014,19,8.0,14.0,0.3333333333333333
PRIMARY_DELETE__HLO_to_P__primary_5y__M3__ridge__ESP,CHL,2010,2014,19,16.0,9.0,0.3888888888888889
PRIMARY_DELETE__HLO_to_P__primary_5y__M3__ridge__ESP,COL,2010,2014,19,11.0,12.0,0.05555555555555555
PRIMARY_DELETE__HLO_to_P__primary_5y__M3__ridge__ESP,DEU,2010,2014,19,3.0,3.0,0.0
PRIMARY_DELETE__HLO_to_P__primary_5y__M3__ridge__ESP,FIN,2010,2014,19,1.0,1.0,0.0
PRIMARY_DELETE__HLO_to_P__primary_5y__M3__ridge__ESP,GHA,2010,2014,19,19.0,19.0,0.0
PRIMARY_DELETE__HLO_to_P__primary_5y__M3__ridge__ESP,HRV,2010,2014,19,7.0,4.0,0.16666666666666666
PRIMARY_DELETE__HLO_to_P__primary_5y__M3__ridge__ESP,IDN,2010,2014,19,14.0,16.0,0.1111111111111111
PRIMARY_DELETE__HLO_to_P__primary_5y__M3__ridge__ESP,ITA,2010,2014,19,9.0,5.0,0.2222222222222222
PRIMARY_DELETE__HLO_to_P__primary_5y__M3__ridge__ESP,JOR,2010,2014,19,17.0,10.0,0.3888888888888889
PRIMARY_DELETE__HLO_to_P__primary_5y__M3__ridge__ESP,KAZ,2010,2014,19,12.0,11.0,0.05555555555555555
PRIMARY_DELETE__HLO_to_P__primary_5y__M3__ridge__ESP,KOR,2010,2014,19,2.0,2.0,0.0
PRIMARY_DELETE__HLO_to_P__primary_5y__M3__ridge__ESP,MAR,2010,2014,19,18.0,17.0,0.05555555555555555
PRIMARY_DELETE__HLO_to_P__primary_5y__M3__ridge__ESP,MEX,2010,2014,19,6.0,13.0,0.3888888888888889
PRIMARY_DELETE__HLO_to_P__primary_5y__M3__ridge__ESP,OMN,2010,2014,19,10.0,15.0,0.2777777777777778
PRIMARY_DELETE__HLO_to_P__primary_5y__M3__ridge__ESP,POL,2010,2014,19,4.0,6.0,0.1111111111111111
PRIMARY_DELETE__HLO_to_P__primary_5y__M3__ridge__ESP,SAU,2010,2014,19,15.0,8.0,0.3888888888888889
PRIMARY_DELETE__HLO_to_P__primary_5y__M3__ridge__ESP,SRB,2010,2014,19,5.0,7.0,0.1111111111111111
PRIMARY_DELETE__HLO_to_P__primary_5y__M3__ridge__ESP,ZAF,2010,2014,19,13.0,18.0,0.2777777777777778
PRIMARY_DELETE__HLO_to_P__primary_5y__M3__ridge__ESP,AUS,2015,2017,9,4.0,3.0,0.125
PRIMARY_DELETE__HLO_to_P__primary_5y__M3__ridge__ESP,BHR,2015,2017,9,9.0,6.0,0.375
PRIMARY_DELETE__HLO_to_P__primary_5y__M3__ridge__ESP,DEU,2015,2017,9,3.0,1.0,0.25
PRIMARY_DELETE__HLO_to_P__primary_5y__M3__ridge__ESP,EGY,2015,2017,9,8.0,9.0,0.125
PRIMARY_DELETE__HLO_to_P__primary_5y__M3__ridge__ESP,IDN,2015,2017,9,7.0,8.0,0.125
PRIMARY_DELETE__HLO_to_P__primary_5y__M3__ridge__ESP,JPN,2015,2017,9,2.0,5.0,0.375
PRIMARY_DELETE__HLO_to_P__primary_5y__M3__ridge__ESP,POL,2015,2017,9,1.0,2.0,0.125
PRIMARY_DELETE__HLO_to_P__primary_5y__M3__ridge__ESP,RUS,2015,2017,9,5.0,4.0,0.125
PRIMARY_DELETE__HLO_to_P__primary_5y__M3__ridge__ESP,SAU,2015,2017,9,6.0,7.0,0.125
PRIMARY_DELETE__HLO_to_P__primary_5y__M3__ridge__FIN,ISL,2000,2004,7,2.0,3.0,0.16666666666666666
PRIMARY_DELETE__HLO_to_P__primary_5y__M3__ridge__FIN,LTU,2000,2004,7,4.0,4.0,0.0
PRIMARY_DELETE__HLO_to_P__primary_5y__M3__ridge__FIN,NLD,2000,2004,7,3.0,1.0,0.3333333333333333
PRIMARY_DELETE__HLO_to_P__primary_5y__M3__ridge__FIN,NOR,2000,2004,7,1.0,5.0,0.6666666666666666
PRIMARY_DELETE__HLO_to_P__primary_5y__M3__ridge__FIN,PHL,2000,2004,7,6.0,7.0,0.16666666666666666
PRIMARY_DELETE__HLO_to_P__primary_5y__M3__ridge__FIN,USA,2000,2004,7,5.0,2.0,0.5
PRIMARY_DELETE__HLO_to_P__primary_5y__M3__ridge__FIN,ZAF,2000,2004,7,7.0,6.0,0.16666666666666666
PRIMARY_DELETE__HLO_to_P__primary_5y__M3__ridge__FIN,AUT,2005,2009,17,2.0,5.0,0.1875
PRIMARY_DELETE__HLO_to_P__primary_5y__M3__ridge__FIN,BRA,2005,2009,17,12.0,13.0,0.0625
PRIMARY_DELETE__HLO_to_P__primary_5y__M3__ridge__FIN,CHL,2005,2009,17,13.0,11.0,0.125
PRIMARY_DELETE__HLO_to_P__primary_5y__M3__ridge__FIN,CRI,2005,2009,17,10.0,10.0,0.0
PRIMARY_DELETE__HLO_to_P__primary_5y__M3__ridge__FIN,DEU,2005,2009,17,4.0,4.0,0.0
PRIMARY_DELETE__HLO_to_P__primary_5y__M3__ridge__FIN,IDN,2005,2009,17,16.0,17.0,0.0625
PRIMARY_DELETE__HLO_to_P__primary_5y__M3__ridge__FIN,IRN,2005,2009,17,15.0,12.0,0.1875
PRIMARY_DELETE__HLO_to_P__primary_5y__M3__ridge__FIN,ITA,2005,2009,17,9.0,6.0,0.1875
PRIMARY_DELETE__HLO_to_P__primary_5y__M3__ridge__FIN,JPN,2005,2009,17,1.0,8.0,0.4375
PRIMARY_DELETE__HLO_to_P__primary_5y__M3__ridge__FIN,MAR,2005,2009,17,17.0,14.0,0.1875
PRIMARY_DELETE__HLO_to_P__primary_5y__M3__ridge__FIN,NLD,2005,2009,17,3.0,1.0,0.125
PRIMARY_DELETE__HLO_to_P__primary_5y__M3__ridge__FIN,NOR,2005,2009,17,6.0,3.0,0.1875
PRIMARY_DELETE__HLO_to_P__primary_5y__M3__ridge__FIN,PER,2005,2009,17,8.0,15.0,0.4375
PRIMARY_DELETE__HLO_to_P__primary_5y__M3__ridge__FIN,POL,2005,2009,17,7.0,7.0,0.0
PRIMARY_DELETE__HLO_to_P__primary_5y__M3__ridge__FIN,QAT,2005,2009,17,14.0,16.0,0.125
PRIMARY_DELETE__HLO_to_P__primary_5y__M3__ridge__FIN,SVN,2005,2009,17,5.0,2.0,0.1875
PRIMARY_DELETE__HLO_to_P__primary_5y__M3__ridge__FIN,UKR,2005,2009,17,11.0,9.0,0.125
PRIMARY_DELETE__HLO_to_P__primary_5y__M3__ridge__FIN,BRA,2010,2014,19,8.0,14.0,0.3333333333333333
PRIMARY_DELETE__HLO_to_P__primary_5y__M3__ridge__FIN,CHL,2010,2014,19,16.0,9.0,0.3888888888888889
PRIMARY_DELETE__HLO_to_P__primary_5y__M3__ridge__FIN,COL,2010,2014,19,11.0,12.0,0.05555555555555555
PRIMARY_DELETE__HLO_to_P__primary_5y__M3__ridge__FIN,DEU,2010,2014,19,2.0,3.0,0.05555555555555555
PRIMARY_DELETE__HLO_to_P__primary_5y__M3__ridge__FIN,ESP,2010,2014,19,5.0,2.0,0.16666666666666666
PRIMARY_DELETE__HLO_to_P__primary_5y__M3__ridge__FIN,GHA,2010,2014,19,19.0,19.0,0.0
PRIMARY_DELETE__HLO_to_P__primary_5y__M3__ridge__FIN,HRV,2010,2014,19,7.0,4.0,0.16666666666666666
PRIMARY_DELETE__HLO_to_P__primary_5y__M3__ridge__FIN,IDN,2010,2014,19,14.0,17.0,0.16666666666666666
PRIMARY_DELETE__HLO_to_P__primary_5y__M3__ridge__FIN,ITA,2010,2014,19,9.0,5.0,0.2222222222222222
PRIMARY_DELETE__HLO_to_P__primary_5y__M3__ridge__FIN,JOR,2010,2014,19,17.0,10.0,0.3888888888888889
PRIMARY_DELETE__HLO_to_P__primary_5y__M3__ridge__FIN,KAZ,2010,2014,19,12.0,11.0,0.05555555555555555
PRIMARY_DELETE__HLO_to_P__primary_5y__M3__ridge__FIN,KOR,2010,2014,19,1.0,1.0,0.0
PRIMARY_DELETE__HLO_to_P__primary_5y__M3__ridge__FIN,MAR,2010,2014,19,18.0,16.0,0.1111111111111111
PRIMARY_DELETE__HLO_to_P__primary_5y__M3__ridge__FIN,MEX,2010,2014,19,6.0,13.0,0.3888888888888889
PRIMARY_DELETE__HLO_to_P__primary_5y__M3__ridge__FIN,OMN,2010,2014,19,10.0,15.0,0.2777777777777778
PRIMARY_DELETE__HLO_to_P__primary_5y__M3__ridge__FIN,POL,2010,2014,19,3.0,6.0,0.16666666666666666
PRIMARY_DELETE__HLO_to_P__primary_5y__M3__ridge__FIN,SAU,2010,2014,19,15.0,8.0,0.3888888888888889
PRIMARY_DELETE__HLO_to_P__primary_5y__M3__ridge__FIN,SRB,2010,2014,19,4.0,7.0,0.16666666666666666
PRIMARY_DELETE__HLO_to_P__primary_5y__M3__ridge__FIN,ZAF,2010,2014,19,13.0,18.0,0.2777777777777778
PRIMARY_DELETE__HLO_to_P__primary_5y__M3__ridge__FIN,AUS,2015,2017,9,4.0,3.0,0.125
PRIMARY_DELETE__HLO_to_P__primary_5y__M3__ridge__FIN,BHR,2015,2017,9,9.0,6.0,0.375
PRIMARY_DELETE__HLO_to_P__primary_5y__M3__ridge__FIN,DEU,2015,2017,9,3.0,1.0,0.25
PRIMARY_DELETE__HLO_to_P__primary_5y__M3__ridge__FIN,EGY,2015,2017,9,8.0,9.0,0.125
PRIMARY_DELETE__HLO_to_P__primary_5y__M3__ridge__FIN,IDN,2015,2017,9,7.0,8.0,0.125
PRIMARY_DELETE__HLO_to_P__primary_5y__M3__ridge__FIN,JPN,2015,2017,9,2.0,4.0,0.25
PRIMARY_DELETE__HLO_to_P__primary_5y__M3__ridge__FIN,POL,2015,2017,9,1.0,2.0,0.125
PRIMARY_DELETE__HLO_to_P__primary_5y__M3__ridge__FIN,RUS,2015,2017,9,5.0,5.0,0.0
PRIMARY_DELETE__HLO_to_P__primary_5y__M3__ridge__FIN,SAU,2015,2017,9,6.0,7.0,0.125
PRIMARY_DELETE__HLO_to_P__primary_5y__M3__ridge__GHA,ISL,2000,2004,7,2.0,1.0,0.16666666666666666
PRIMARY_DELETE__HLO_to_P__primary_5y__M3__ridge__GHA,LTU,2000,2004,7,4.0,5.0,0.16666666666666666
PRIMARY_DELETE__HLO_to_P__primary_5y__M3__ridge__GHA,NLD,2000,2004,7,3.0,2.0,0.16666666666666666
PRIMARY_DELETE__HLO_to_P__primary_5y__M3__ridge__GHA,NOR,2000,2004,7,1.0,3.0,0.3333333333333333
PRIMARY_DELETE__HLO_to_P__primary_5y__M3__ridge__GHA,PHL,2000,2004,7,6.0,7.0,0.16666666666666666
PRIMARY_DELETE__HLO_to_P__primary_5y__M3__ridge__GHA,USA,2000,2004,7,5.0,4.0,0.16666666666666666
PRIMARY_DELETE__HLO_to_P__primary_5y__M3__ridge__GHA,ZAF,2000,2004,7,7.0,6.0,0.16666666666666666
PRIMARY_DELETE__HLO_to_P__primary_5y__M3__ridge__GHA,AUT,2005,2009,17,2.0,5.0,0.1875
PRIMARY_DELETE__HLO_to_P__primary_5y__M3__ridge__GHA,BRA,2005,2009,17,12.0,14.0,0.125
PRIMARY_DELETE__HLO_to_P__primary_5y__M3__ridge__GHA,CHL,2005,2009,17,13.0,11.0,0.125
PRIMARY_DELETE__HLO_to_P__primary_5y__M3__ridge__GHA,CRI,2005,2009,17,10.0,10.0,0.0
PRIMARY_DELETE__HLO_to_P__primary_5y__M3__ridge__GHA,DEU,2005,2009,17,4.0,4.0,0.0
PRIMARY_DELETE__HLO_to_P__primary_5y__M3__ridge__GHA,IDN,2005,2009,17,16.0,15.0,0.0625
PRIMARY_DELETE__HLO_to_P__primary_5y__M3__ridge__GHA,IRN,2005,2009,17,15.0,12.0,0.1875
PRIMARY_DELETE__HLO_to_P__primary_5y__M3__ridge__GHA,ITA,2005,2009,17,9.0,6.0,0.1875
PRIMARY_DELETE__HLO_to_P__primary_5y__M3__ridge__GHA,JPN,2005,2009,17,1.0,8.0,0.4375
PRIMARY_DELETE__HLO_to_P__primary_5y__M3__ridge__GHA,MAR,2005,2009,17,17.0,16.0,0.0625
PRIMARY_DELETE__HLO_to_P__primary_5y__M3__ridge__GHA,NLD,2005,2009,17,3.0,2.0,0.0625
PRIMARY_DELETE__HLO_to_P__primary_5y__M3__ridge__GHA,NOR,2005,2009,17,6.0,1.0,0.3125
PRIMARY_DELETE__HLO_to_P__primary_5y__M3__ridge__GHA,PER,2005,2009,17,8.0,13.0,0.3125
PRIMARY_DELETE__HLO_to_P__primary_5y__M3__ridge__GHA,POL,2005,2009,17,7.0,7.0,0.0
PRIMARY_DELETE__HLO_to_P__primary_5y__M3__ridge__GHA,QAT,2005,2009,17,14.0,17.0,0.1875
PRIMARY_DELETE__HLO_to_P__primary_5y__M3__ridge__GHA,SVN,2005,2009,17,5.0,3.0,0.125
PRIMARY_DELETE__HLO_to_P__primary_5y__M3__ridge__GHA,UKR,2005,2009,17,11.0,9.0,0.125
PRIMARY_DELETE__HLO_to_P__primary_5y__M3__ridge__GHA,BRA,2010,2014,19,9.0,16.0,0.3888888888888889
PRIMARY_DELETE__HLO_to_P__primary_5y__M3__ridge__GHA,CHL,2010,2014,19,17.0,9.0,0.4444444444444444
PRIMARY_DELETE__HLO_to_P__primary_5y__M3__ridge__GHA,COL,2010,2014,19,12.0,11.0,0.05555555555555555
PRIMARY_DELETE__HLO_to_P__primary_5y__M3__ridge__GHA,DEU,2010,2014,19,3.0,4.0,0.05555555555555555
PRIMARY_DELETE__HLO_to_P__primary_5y__M3__ridge__GHA,ESP,2010,2014,19,6.0,3.0,0.16666666666666666
PRIMARY_DELETE__HLO_to_P__primary_5y__M3__ridge__GHA,FIN,2010,2014,19,1.0,1.0,0.0
PRIMARY_DELETE__HLO_to_P__primary_5y__M3__ridge__GHA,HRV,2010,2014,19,8.0,7.0,0.05555555555555555
PRIMARY_DELETE__HLO_to_P__primary_5y__M3__ridge__GHA,IDN,2010,2014,19,15.0,17.0,0.1111111111111111
PRIMARY_DELETE__HLO_to_P__primary_5y__M3__ridge__GHA,ITA,2010,2014,19,10.0,6.0,0.2222222222222222
PRIMARY_DELETE__HLO_to_P__primary_5y__M3__ridge__GHA,JOR,2010,2014,19,18.0,12.0,0.3333333333333333
PRIMARY_DELETE__HLO_to_P__primary_5y__M3__ridge__GHA,KAZ,2010,2014,19,13.0,15.0,0.1111111111111111
PRIMARY_DELETE__HLO_to_P__primary_5y__M3__ridge__GHA,KOR,2010,2014,19,2.0,2.0,0.0
PRIMARY_DELETE__HLO_to_P__primary_5y__M3__ridge__GHA,MAR,2010,2014,19,19.0,18.0,0.05555555555555555
PRIMARY_DELETE__HLO_to_P__primary_5y__M3__ridge__GHA,MEX,2010,2014,19,7.0,13.0,0.3333333333333333
PRIMARY_DELETE__HLO_to_P__primary_5y__M3__ridge__GHA,OMN,2010,2014,19,11.0,14.0,0.16666666666666666
PRIMARY_DELETE__HLO_to_P__primary_5y__M3__ridge__GHA,POL,2010,2014,19,4.0,5.0,0.05555555555555555
PRIMARY_DELETE__HLO_to_P__primary_5y__M3__ridge__GHA,SAU,2010,2014,19,16.0,10.0,0.3333333333333333
PRIMARY_DELETE__HLO_to_P__primary_5y__M3__ridge__GHA,SRB,2010,2014,19,5.0,8.0,0.16666666666666666
PRIMARY_DELETE__HLO_to_P__primary_5y__M3__ridge__GHA,ZAF,2010,2014,19,14.0,19.0,0.2777777777777778
PRIMARY_DELETE__HLO_to_P__primary_5y__M3__ridge__GHA,AUS,2015,2017,9,4.0,1.0,0.375
PRIMARY_DELETE__HLO_to_P__primary_5y__M3__ridge__GHA,BHR,2015,2017,9,9.0,6.0,0.375
PRIMARY_DELETE__HLO_to_P__primary_5y__M3__ridge__GHA,DEU,2015,2017,9,3.0,2.0,0.125
PRIMARY_DELETE__HLO_to_P__primary_5y__M3__ridge__GHA,EGY,2015,2017,9,8.0,9.0,0.125
PRIMARY_DELETE__HLO_to_P__primary_5y__M3__ridge__GHA,IDN,2015,2017,9,7.0,8.0,0.125
PRIMARY_DELETE__HLO_to_P__primary_5y__M3__ridge__GHA,JPN,2015,2017,9,2.0,4.0,0.25
PRIMARY_DELETE__HLO_to_P__primary_5y__M3__ridge__GHA,POL,2015,2017,9,1.0,3.0,0.25
PRIMARY_DELETE__HLO_to_P__primary_5y__M3__ridge__GHA,RUS,2015,2017,9,5.0,5.0,0.0
PRIMARY_DELETE__HLO_to_P__primary_5y__M3__ridge__GHA,SAU,2015,2017,9,6.0,7.0,0.125
PRIMARY_DELETE__HLO_to_P__primary_5y__M3__ridge__HRV,ISL,2000,2004,7,2.0,3.0,0.16666666666666666
PRIMARY_DELETE__HLO_to_P__primary_5y__M3__ridge__HRV,LTU,2000,2004,7,4.0,4.0,0.0
PRIMARY_DELETE__HLO_to_P__primary_5y__M3__ridge__HRV,NLD,2000,2004,7,3.0,1.0,0.3333333333333333
PRIMARY_DELETE__HLO_to_P__primary_5y__M3__ridge__HRV,NOR,2000,2004,7,1.0,5.0,0.6666666666666666
PRIMARY_DELETE__HLO_to_P__primary_5y__M3__ridge__HRV,PHL,2000,2004,7,6.0,7.0,0.16666666666666666
PRIMARY_DELETE__HLO_to_P__primary_5y__M3__ridge__HRV,USA,2000,2004,7,5.0,2.0,0.5
PRIMARY_DELETE__HLO_to_P__primary_5y__M3__ridge__HRV,ZAF,2000,2004,7,7.0,6.0,0.16666666666666666
PRIMARY_DELETE__HLO_to_P__primary_5y__M3__ridge__HRV,AUT,2005,2009,17,2.0,5.0,0.1875
PRIMARY_DELETE__HLO_to_P__primary_5y__M3__ridge__HRV,BRA,2005,2009,17,12.0,13.0,0.0625
PRIMARY_DELETE__HLO_to_P__primary_5y__M3__ridge__HRV,CHL,2005,2009,17,13.0,11.0,0.125
PRIMARY_DELETE__HLO_to_P__primary_5y__M3__ridge__HRV,CRI,2005,2009,17,10.0,10.0,0.0
PRIMARY_DELETE__HLO_to_P__primary_5y__M3__ridge__HRV,DEU,2005,2009,17,4.0,4.0,0.0
PRIMARY_DELETE__HLO_to_P__primary_5y__M3__ridge__HRV,IDN,2005,2009,17,16.0,17.0,0.0625
PRIMARY_DELETE__HLO_to_P__primary_5y__M3__ridge__HRV,IRN,2005,2009,17,15.0,12.0,0.1875
PRIMARY_DELETE__HLO_to_P__primary_5y__M3__ridge__HRV,ITA,2005,2009,17,9.0,6.0,0.1875
PRIMARY_DELETE__HLO_to_P__primary_5y__M3__ridge__HRV,JPN,2005,2009,17,1.0,8.0,0.4375
PRIMARY_DELETE__HLO_to_P__primary_5y__M3__ridge__HRV,MAR,2005,2009,17,17.0,14.0,0.1875
PRIMARY_DELETE__HLO_to_P__primary_5y__M3__ridge__HRV,NLD,2005,2009,17,3.0,1.0,0.125
PRIMARY_DELETE__HLO_to_P__primary_5y__M3__ridge__HRV,NOR,2005,2009,17,6.0,3.0,0.1875
PRIMARY_DELETE__HLO_to_P__primary_5y__M3__ridge__HRV,PER,2005,2009,17,8.0,15.0,0.4375
PRIMARY_DELETE__HLO_to_P__primary_5y__M3__ridge__HRV,POL,2005,2009,17,7.0,7.0,0.0
PRIMARY_DELETE__HLO_to_P__primary_5y__M3__ridge__HRV,QAT,2005,2009,17,14.0,16.0,0.125
PRIMARY_DELETE__HLO_to_P__primary_5y__M3__ridge__HRV,SVN,2005,2009,17,5.0,2.0,0.1875
PRIMARY_DELETE__HLO_to_P__primary_5y__M3__ridge__HRV,UKR,2005,2009,17,11.0,9.0,0.125
PRIMARY_DELETE__HLO_to_P__primary_5y__M3__ridge__HRV,BRA,2010,2014,19,8.0,14.0,0.3333333333333333
PRIMARY_DELETE__HLO_to_P__primary_5y__M3__ridge__HRV,CHL,2010,2014,19,16.0,8.0,0.4444444444444444
PRIMARY_DELETE__HLO_to_P__primary_5y__M3__ridge__HRV,COL,2010,2014,19,11.0,12.0,0.05555555555555555
PRIMARY_DELETE__HLO_to_P__primary_5y__M3__ridge__HRV,DEU,2010,2014,19,3.0,4.0,0.05555555555555555
PRIMARY_DELETE__HLO_to_P__primary_5y__M3__ridge__HRV,ESP,2010,2014,19,6.0,3.0,0.16666666666666666
PRIMARY_DELETE__HLO_to_P__primary_5y__M3__ridge__HRV,FIN,2010,2014,19,1.0,1.0,0.0
PRIMARY_DELETE__HLO_to_P__primary_5y__M3__ridge__HRV,GHA,2010,2014,19,19.0,19.0,0.0
PRIMARY_DELETE__HLO_to_P__primary_5y__M3__ridge__HRV,IDN,2010,2014,19,14.0,17.0,0.16666666666666666
PRIMARY_DELETE__HLO_to_P__primary_5y__M3__ridge__HRV,ITA,2010,2014,19,9.0,5.0,0.2222222222222222
PRIMARY_DELETE__HLO_to_P__primary_5y__M3__ridge__HRV,JOR,2010,2014,19,17.0,10.0,0.3888888888888889
PRIMARY_DELETE__HLO_to_P__primary_5y__M3__ridge__HRV,KAZ,2010,2014,19,12.0,11.0,0.05555555555555555
PRIMARY_DELETE__HLO_to_P__primary_5y__M3__ridge__HRV,KOR,2010,2014,19,2.0,2.0,0.0
PRIMARY_DELETE__HLO_to_P__primary_5y__M3__ridge__HRV,MAR,2010,2014,19,18.0,16.0,0.1111111111111111
PRIMARY_DELETE__HLO_to_P__primary_5y__M3__ridge__HRV,MEX,2010,2014,19,7.0,13.0,0.3333333333333333
PRIMARY_DELETE__HLO_to_P__primary_5y__M3__ridge__HRV,OMN,2010,2014,19,10.0,15.0,0.2777777777777778
PRIMARY_DELETE__HLO_to_P__primary_5y__M3__ridge__HRV,POL,2010,2014,19,4.0,6.0,0.1111111111111111
PRIMARY_DELETE__HLO_to_P__primary_5y__M3__ridge__HRV,SAU,2010,2014,19,15.0,9.0,0.3333333333333333
PRIMARY_DELETE__HLO_to_P__primary_5y__M3__ridge__HRV,SRB,2010,2014,19,5.0,7.0,0.1111111111111111
PRIMARY_DELETE__HLO_to_P__primary_5y__M3__ridge__HRV,ZAF,2010,2014,19,13.0,18.0,0.2777777777777778
PRIMARY_DELETE__HLO_to_P__primary_5y__M3__ridge__HRV,AUS,2015,2017,9,4.0,3.0,0.125
PRIMARY_DELETE__HLO_to_P__primary_5y__M3__ridge__HRV,BHR,2015,2017,9,9.0,6.0,0.375
PRIMARY_DELETE__HLO_to_P__primary_5y__M3__ridge__HRV,DEU,2015,2017,9,3.0,2.0,0.125
PRIMARY_DELETE__HLO_to_P__primary_5y__M3__ridge__HRV,EGY,2015,2017,9,8.0,9.0,0.125
PRIMARY_DELETE__HLO_to_P__primary_5y__M3__ridge__HRV,IDN,2015,2017,9,7.0,8.0,0.125
PRIMARY_DELETE__HLO_to_P__primary_5y__M3__ridge__HRV,JPN,2015,2017,9,2.0,5.0,0.375
PRIMARY_DELETE__HLO_to_P__primary_5y__M3__ridge__HRV,POL,2015,2017,9,1.0,1.0,0.0
PRIMARY_DELETE__HLO_to_P__primary_5y__M3__ridge__HRV,RUS,2015,2017,9,5.0,4.0,0.125
PRIMARY_DELETE__HLO_to_P__primary_5y__M3__ridge__HRV,SAU,2015,2017,9,6.0,7.0,0.125
PRIMARY_DELETE__HLO_to_P__primary_5y__M3__ridge__IDN,ISL,2000,2004,7,2.0,3.0,0.16666666666666666
PRIMARY_DELETE__HLO_to_P__primary_5y__M3__ridge__IDN,LTU,2000,2004,7,4.0,4.0,0.0
PRIMARY_DELETE__HLO_to_P__primary_5y__M3__ridge__IDN,NLD,2000,2004,7,3.0,1.0,0.3333333333333333
PRIMARY_DELETE__HLO_to_P__primary_5y__M3__ridge__IDN,NOR,2000,2004,7,1.0,5.0,0.6666666666666666
PRIMARY_DELETE__HLO_to_P__primary_5y__M3__ridge__IDN,PHL,2000,2004,7,6.0,7.0,0.16666666666666666
PRIMARY_DELETE__HLO_to_P__primary_5y__M3__ridge__IDN,USA,2000,2004,7,5.0,2.0,0.5
PRIMARY_DELETE__HLO_to_P__primary_5y__M3__ridge__IDN,ZAF,2000,2004,7,7.0,6.0,0.16666666666666666
PRIMARY_DELETE__HLO_to_P__primary_5y__M3__ridge__IDN,AUT,2005,2009,16,2.0,5.0,0.2
PRIMARY_DELETE__HLO_to_P__primary_5y__M3__ridge__IDN,BRA,2005,2009,16,12.0,12.0,0.0
PRIMARY_DELETE__HLO_to_P__primary_5y__M3__ridge__IDN,CHL,2005,2009,16,13.0,11.0,0.13333333333333333
PRIMARY_DELETE__HLO_to_P__primary_5y__M3__ridge__IDN,CRI,2005,2009,16,10.0,10.0,0.0
PRIMARY_DELETE__HLO_to_P__primary_5y__M3__ridge__IDN,DEU,2005,2009,16,4.0,4.0,0.0
PRIMARY_DELETE__HLO_to_P__primary_5y__M3__ridge__IDN,IRN,2005,2009,16,15.0,13.0,0.13333333333333333
PRIMARY_DELETE__HLO_to_P__primary_5y__M3__ridge__IDN,ITA,2005,2009,16,9.0,6.0,0.2
PRIMARY_DELETE__HLO_to_P__primary_5y__M3__ridge__IDN,JPN,2005,2009,16,1.0,8.0,0.4666666666666667
PRIMARY_DELETE__HLO_to_P__primary_5y__M3__ridge__IDN,MAR,2005,2009,16,16.0,16.0,0.0
PRIMARY_DELETE__HLO_to_P__primary_5y__M3__ridge__IDN,NLD,2005,2009,16,3.0,1.0,0.13333333333333333
PRIMARY_DELETE__HLO_to_P__primary_5y__M3__ridge__IDN,NOR,2005,2009,16,6.0,3.0,0.2
PRIMARY_DELETE__HLO_to_P__primary_5y__M3__ridge__IDN,PER,2005,2009,16,8.0,15.0,0.4666666666666667
PRIMARY_DELETE__HLO_to_P__primary_5y__M3__ridge__IDN,POL,2005,2009,16,7.0,7.0,0.0
PRIMARY_DELETE__HLO_to_P__primary_5y__M3__ridge__IDN,QAT,2005,2009,16,14.0,14.0,0.0
PRIMARY_DELETE__HLO_to_P__primary_5y__M3__ridge__IDN,SVN,2005,2009,16,5.0,2.0,0.2
PRIMARY_DELETE__HLO_to_P__primary_5y__M3__ridge__IDN,UKR,2005,2009,16,11.0,9.0,0.13333333333333333
PRIMARY_DELETE__HLO_to_P__primary_5y__M3__ridge__IDN,BRA,2010,2014,19,9.0,15.0,0.3333333333333333
PRIMARY_DELETE__HLO_to_P__primary_5y__M3__ridge__IDN,CHL,2010,2014,19,16.0,10.0,0.3333333333333333
PRIMARY_DELETE__HLO_to_P__primary_5y__M3__ridge__IDN,COL,2010,2014,19,12.0,12.0,0.0
PRIMARY_DELETE__HLO_to_P__primary_5y__M3__ridge__IDN,DEU,2010,2014,19,3.0,3.0,0.0
PRIMARY_DELETE__HLO_to_P__primary_5y__M3__ridge__IDN,ESP,2010,2014,19,6.0,4.0,0.1111111111111111
PRIMARY_DELETE__HLO_to_P__primary_5y__M3__ridge__IDN,FIN,2010,2014,19,1.0,1.0,0.0
PRIMARY_DELETE__HLO_to_P__primary_5y__M3__ridge__IDN,GHA,2010,2014,19,19.0,19.0,0.0
PRIMARY_DELETE__HLO_to_P__primary_5y__M3__ridge__IDN,HRV,2010,2014,19,8.0,5.0,0.16666666666666666
PRIMARY_DELETE__HLO_to_P__primary_5y__M3__ridge__IDN,ITA,2010,2014,19,10.0,6.0,0.2222222222222222
PRIMARY_DELETE__HLO_to_P__primary_5y__M3__ridge__IDN,JOR,2010,2014,19,17.0,13.0,0.2222222222222222
PRIMARY_DELETE__HLO_to_P__primary_5y__M3__ridge__IDN,KAZ,2010,2014,19,13.0,11.0,0.1111111111111111
PRIMARY_DELETE__HLO_to_P__primary_5y__M3__ridge__IDN,KOR,2010,2014,19,2.0,2.0,0.0
PRIMARY_DELETE__HLO_to_P__primary_5y__M3__ridge__IDN,MAR,2010,2014,19,18.0,17.0,0.05555555555555555
PRIMARY_DELETE__HLO_to_P__primary_5y__M3__ridge__IDN,MEX,2010,2014,19,7.0,14.0,0.3888888888888889
PRIMARY_DELETE__HLO_to_P__primary_5y__M3__ridge__IDN,OMN,2010,2014,19,11.0,16.0,0.2777777777777778
PRIMARY_DELETE__HLO_to_P__primary_5y__M3__ridge__IDN,POL,2010,2014,19,4.0,7.0,0.16666666666666666
PRIMARY_DELETE__HLO_to_P__primary_5y__M3__ridge__IDN,SAU,2010,2014,19,15.0,9.0,0.3333333333333333
PRIMARY_DELETE__HLO_to_P__primary_5y__M3__ridge__IDN,SRB,2010,2014,19,5.0,8.0,0.16666666666666666
PRIMARY_DELETE__HLO_to_P__primary_5y__M3__ridge__IDN,ZAF,2010,2014,19,14.0,18.0,0.2222222222222222
PRIMARY_DELETE__HLO_to_P__primary_5y__M3__ridge__IDN,AUS,2015,2017,8,4.0,3.0,0.14285714285714285
PRIMARY_DELETE__HLO_to_P__primary_5y__M3__ridge__IDN,BHR,2015,2017,8,8.0,6.0,0.2857142857142857
PRIMARY_DELETE__HLO_to_P__primary_5y__M3__ridge__IDN,DEU,2015,2017,8,3.0,1.0,0.2857142857142857
PRIMARY_DELETE__HLO_to_P__primary_5y__M3__ridge__IDN,EGY,2015,2017,8,7.0,8.0,0.14285714285714285
PRIMARY_DELETE__HLO_to_P__primary_5y__M3__ridge__IDN,JPN,2015,2017,8,2.0,4.0,0.2857142857142857
PRIMARY_DELETE__HLO_to_P__primary_5y__M3__ridge__IDN,POL,2015,2017,8,1.0,2.0,0.14285714285714285
PRIMARY_DELETE__HLO_to_P__primary_5y__M3__ridge__IDN,RUS,2015,2017,8,5.0,5.0,0.0
PRIMARY_DELETE__HLO_to_P__primary_5y__M3__ridge__IDN,SAU,2015,2017,8,6.0,7.0,0.14285714285714285
PRIMARY_DELETE__HLO_to_P__primary_5y__M3__ridge__IRN,ISL,2000,2004,7,2.0,3.0,0.16666666666666666
PRIMARY_DELETE__HLO_to_P__primary_5y__M3__ridge__IRN,LTU,2000,2004,7,4.0,4.0,0.0
PRIMARY_DELETE__HLO_to_P__primary_5y__M3__ridge__IRN,NLD,2000,2004,7,3.0,1.0,0.3333333333333333
PRIMARY_DELETE__HLO_to_P__primary_5y__M3__ridge__IRN,NOR,2000,2004,7,1.0,5.0,0.6666666666666666
PRIMARY_DELETE__HLO_to_P__primary_5y__M3__ridge__IRN,PHL,2000,2004,7,6.0,7.0,0.16666666666666666
PRIMARY_DELETE__HLO_to_P__primary_5y__M3__ridge__IRN,USA,2000,2004,7,5.0,2.0,0.5
PRIMARY_DELETE__HLO_to_P__primary_5y__M3__ridge__IRN,ZAF,2000,2004,7,7.0,6.0,0.16666666666666666
PRIMARY_DELETE__HLO_to_P__primary_5y__M3__ridge__IRN,AUT,2005,2009,16,2.0,5.0,0.2
PRIMARY_DELETE__HLO_to_P__primary_5y__M3__ridge__IRN,BRA,2005,2009,16,12.0,12.0,0.0
PRIMARY_DELETE__HLO_to_P__primary_5y__M3__ridge__IRN,CHL,2005,2009,16,13.0,11.0,0.13333333333333333
PRIMARY_DELETE__HLO_to_P__primary_5y__M3__ridge__IRN,CRI,2005,2009,16,10.0,10.0,0.0
PRIMARY_DELETE__HLO_to_P__primary_5y__M3__ridge__IRN,DEU,2005,2009,16,4.0,4.0,0.0
PRIMARY_DELETE__HLO_to_P__primary_5y__M3__ridge__IRN,IDN,2005,2009,16,15.0,16.0,0.06666666666666667
PRIMARY_DELETE__HLO_to_P__primary_5y__M3__ridge__IRN,ITA,2005,2009,16,9.0,6.0,0.2
PRIMARY_DELETE__HLO_to_P__primary_5y__M3__ridge__IRN,JPN,2005,2009,16,1.0,8.0,0.4666666666666667
PRIMARY_DELETE__HLO_to_P__primary_5y__M3__ridge__IRN,MAR,2005,2009,16,16.0,13.0,0.2
PRIMARY_DELETE__HLO_to_P__primary_5y__M3__ridge__IRN,NLD,2005,2009,16,3.0,1.0,0.13333333333333333
PRIMARY_DELETE__HLO_to_P__primary_5y__M3__ridge__IRN,NOR,2005,2009,16,6.0,3.0,0.2
PRIMARY_DELETE__HLO_to_P__primary_5y__M3__ridge__IRN,PER,2005,2009,16,8.0,14.0,0.4
PRIMARY_DELETE__HLO_to_P__primary_5y__M3__ridge__IRN,POL,2005,2009,16,7.0,7.0,0.0
PRIMARY_DELETE__HLO_to_P__primary_5y__M3__ridge__IRN,QAT,2005,2009,16,14.0,15.0,0.06666666666666667
PRIMARY_DELETE__HLO_to_P__primary_5y__M3__ridge__IRN,SVN,2005,2009,16,5.0,2.0,0.2
PRIMARY_DELETE__HLO_to_P__primary_5y__M3__ridge__IRN,UKR,2005,2009,16,11.0,9.0,0.13333333333333333
PRIMARY_DELETE__HLO_to_P__primary_5y__M3__ridge__IRN,BRA,2010,2014,20,9.0,15.0,0.3157894736842105
PRIMARY_DELETE__HLO_to_P__primary_5y__M3__ridge__IRN,CHL,2010,2014,20,17.0,10.0,0.3684210526315789
PRIMARY_DELETE__HLO_to_P__primary_5y__M3__ridge__IRN,COL,2010,2014,20,12.0,13.0,0.05263157894736842
PRIMARY_DELETE__HLO_to_P__primary_5y__M3__ridge__IRN,DEU,2010,2014,20,3.0,3.0,0.0
PRIMARY_DELETE__HLO_to_P__primary_5y__M3__ridge__IRN,ESP,2010,2014,20,6.0,4.0,0.10526315789473684
PRIMARY_DELETE__HLO_to_P__primary_5y__M3__ridge__IRN,FIN,2010,2014,20,1.0,1.0,0.0
PRIMARY_DELETE__HLO_to_P__primary_5y__M3__ridge__IRN,GHA,2010,2014,20,20.0,20.0,0.0
PRIMARY_DELETE__HLO_to_P__primary_5y__M3__ridge__IRN,HRV,2010,2014,20,8.0,5.0,0.15789473684210525
PRIMARY_DELETE__HLO_to_P__primary_5y__M3__ridge__IRN,IDN,2010,2014,20,15.0,18.0,0.15789473684210525
PRIMARY_DELETE__HLO_to_P__primary_5y__M3__ridge__IRN,ITA,2010,2014,20,10.0,6.0,0.21052631578947367
PRIMARY_DELETE__HLO_to_P__primary_5y__M3__ridge__IRN,JOR,2010,2014,20,18.0,11.0,0.3684210526315789
PRIMARY_DELETE__HLO_to_P__primary_5y__M3__ridge__IRN,KAZ,2010,2014,20,13.0,12.0,0.05263157894736842
PRIMARY_DELETE__HLO_to_P__primary_5y__M3__ridge__IRN,KOR,2010,2014,20,2.0,2.0,0.0
PRIMARY_DELETE__HLO_to_P__primary_5y__M3__ridge__IRN,MAR,2010,2014,20,19.0,17.0,0.10526315789473684
PRIMARY_DELETE__HLO_to_P__primary_5y__M3__ridge__IRN,MEX,2010,2014,20,7.0,14.0,0.3684210526315789
PRIMARY_DELETE__HLO_to_P__primary_5y__M3__ridge__IRN,OMN,2010,2014,20,11.0,16.0,0.2631578947368421
PRIMARY_DELETE__HLO_to_P__primary_5y__M3__ridge__IRN,POL,2010,2014,20,4.0,7.0,0.15789473684210525
PRIMARY_DELETE__HLO_to_P__primary_5y__M3__ridge__IRN,SAU,2010,2014,20,16.0,8.0,0.42105263157894735
PRIMARY_DELETE__HLO_to_P__primary_5y__M3__ridge__IRN,SRB,2010,2014,20,5.0,9.0,0.21052631578947367
PRIMARY_DELETE__HLO_to_P__primary_5y__M3__ridge__IRN,ZAF,2010,2014,20,14.0,19.0,0.2631578947368421
PRIMARY_DELETE__HLO_to_P__primary_5y__M3__ridge__IRN,AUS,2015,2017,9,4.0,3.0,0.125
PRIMARY_DELETE__HLO_to_P__primary_5y__M3__ridge__IRN,BHR,2015,2017,9,9.0,6.0,0.375
PRIMARY_DELETE__HLO_to_P__primary_5y__M3__ridge__IRN,DEU,2015,2017,9,3.0,1.0,0.25
PRIMARY_DELETE__HLO_to_P__primary_5y__M3__ridge__IRN,EGY,2015,2017,9,8.0,9.0,0.125
PRIMARY_DELETE__HLO_to_P__primary_5y__M3__ridge__IRN,IDN,2015,2017,9,7.0,8.0,0.125
PRIMARY_DELETE__HLO_to_P__primary_5y__M3__ridge__IRN,JPN,2015,2017,9,2.0,4.0,0.25
PRIMARY_DELETE__HLO_to_P__primary_5y__M3__ridge__IRN,POL,2015,2017,9,1.0,2.0,0.125
PRIMARY_DELETE__HLO_to_P__primary_5y__M3__ridge__IRN,RUS,2015,2017,9,5.0,5.0,0.0
PRIMARY_DELETE__HLO_to_P__primary_5y__M3__ridge__IRN,SAU,2015,2017,9,6.0,7.0,0.125
PRIMARY_DELETE__HLO_to_P__primary_5y__M3__ridge__ISL,LTU,2000,2004,6,3.0,3.0,0.0
PRIMARY_DELETE__HLO_to_P__primary_5y__M3__ridge__ISL,NLD,2000,2004,6,2.0,1.0,0.2
PRIMARY_DELETE__HLO_to_P__primary_5y__M3__ridge__ISL,NOR,2000,2004,6,1.0,4.0,0.6
PRIMARY_DELETE__HLO_to_P__primary_5y__M3__ridge__ISL,PHL,2000,2004,6,5.0,6.0,0.2
PRIMARY_DELETE__HLO_to_P__primary_5y__M3__ridge__ISL,USA,2000,2004,6,4.0,2.0,0.4
PRIMARY_DELETE__HLO_to_P__primary_5y__M3__ridge__ISL,ZAF,2000,2004,6,6.0,5.0,0.2
PRIMARY_DELETE__HLO_to_P__primary_5y__M3__ridge__ISL,AUT,2005,2009,17,2.0,5.0,0.1875
PRIMARY_DELETE__HLO_to_P__primary_5y__M3__ridge__ISL,BRA,2005,2009,17,12.0,13.0,0.0625
PRIMARY_DELETE__HLO_to_P__primary_5y__M3__ridge__ISL,CHL,2005,2009,17,13.0,11.0,0.125
PRIMARY_DELETE__HLO_to_P__primary_5y__M3__ridge__ISL,CRI,2005,2009,17,10.0,10.0,0.0
PRIMARY_DELETE__HLO_to_P__primary_5y__M3__ridge__ISL,DEU,2005,2009,17,4.0,3.0,0.0625
PRIMARY_DELETE__HLO_to_P__primary_5y__M3__ridge__ISL,IDN,2005,2009,17,16.0,16.0,0.0
PRIMARY_DELETE__HLO_to_P__primary_5y__M3__ridge__ISL,IRN,2005,2009,17,15.0,12.0,0.1875
PRIMARY_DELETE__HLO_to_P__primary_5y__M3__ridge__ISL,ITA,2005,2009,17,9.0,6.0,0.1875
PRIMARY_DELETE__HLO_to_P__primary_5y__M3__ridge__ISL,JPN,2005,2009,17,1.0,8.0,0.4375
PRIMARY_DELETE__HLO_to_P__primary_5y__M3__ridge__ISL,MAR,2005,2009,17,17.0,14.0,0.1875
PRIMARY_DELETE__HLO_to_P__primary_5y__M3__ridge__ISL,NLD,2005,2009,17,3.0,1.0,0.125
PRIMARY_DELETE__HLO_to_P__primary_5y__M3__ridge__ISL,NOR,2005,2009,17,6.0,4.0,0.125
PRIMARY_DELETE__HLO_to_P__primary_5y__M3__ridge__ISL,PER,2005,2009,17,8.0,15.0,0.4375
PRIMARY_DELETE__HLO_to_P__primary_5y__M3__ridge__ISL,POL,2005,2009,17,7.0,7.0,0.0
PRIMARY_DELETE__HLO_to_P__primary_5y__M3__ridge__ISL,QAT,2005,2009,17,14.0,17.0,0.1875
PRIMARY_DELETE__HLO_to_P__primary_5y__M3__ridge__ISL,SVN,2005,2009,17,5.0,2.0,0.1875
PRIMARY_DELETE__HLO_to_P__primary_5y__M3__ridge__ISL,UKR,2005,2009,17,11.0,9.0,0.125
PRIMARY_DELETE__HLO_to_P__primary_5y__M3__ridge__ISL,BRA,2010,2014,20,9.0,15.0,0.3157894736842105
PRIMARY_DELETE__HLO_to_P__primary_5y__M3__ridge__ISL,CHL,2010,2014,20,17.0,10.0,0.3684210526315789
PRIMARY_DELETE__HLO_to_P__primary_5y__M3__ridge__ISL,COL,2010,2014,20,12.0,13.0,0.05263157894736842
PRIMARY_DELETE__HLO_to_P__primary_5y__M3__ridge__ISL,DEU,2010,2014,20,3.0,3.0,0.0
PRIMARY_DELETE__HLO_to_P__primary_5y__M3__ridge__ISL,ESP,2010,2014,20,6.0,4.0,0.10526315789473684
PRIMARY_DELETE__HLO_to_P__primary_5y__M3__ridge__ISL,FIN,2010,2014,20,1.0,1.0,0.0
PRIMARY_DELETE__HLO_to_P__primary_5y__M3__ridge__ISL,GHA,2010,2014,20,20.0,20.0,0.0
PRIMARY_DELETE__HLO_to_P__primary_5y__M3__ridge__ISL,HRV,2010,2014,20,8.0,5.0,0.15789473684210525
PRIMARY_DELETE__HLO_to_P__primary_5y__M3__ridge__ISL,IDN,2010,2014,20,15.0,18.0,0.15789473684210525
PRIMARY_DELETE__HLO_to_P__primary_5y__M3__ridge__ISL,ITA,2010,2014,20,10.0,6.0,0.21052631578947367
PRIMARY_DELETE__HLO_to_P__primary_5y__M3__ridge__ISL,JOR,2010,2014,20,18.0,11.0,0.3684210526315789
PRIMARY_DELETE__HLO_to_P__primary_5y__M3__ridge__ISL,KAZ,2010,2014,20,13.0,12.0,0.05263157894736842
PRIMARY_DELETE__HLO_to_P__primary_5y__M3__ridge__ISL,KOR,2010,2014,20,2.0,2.0,0.0
PRIMARY_DELETE__HLO_to_P__primary_5y__M3__ridge__ISL,MAR,2010,2014,20,19.0,17.0,0.10526315789473684
PRIMARY_DELETE__HLO_to_P__primary_5y__M3__ridge__ISL,MEX,2010,2014,20,7.0,14.0,0.3684210526315789
PRIMARY_DELETE__HLO_to_P__primary_5y__M3__ridge__ISL,OMN,2010,2014,20,11.0,16.0,0.2631578947368421
PRIMARY_DELETE__HLO_to_P__primary_5y__M3__ridge__ISL,POL,2010,2014,20,4.0,7.0,0.15789473684210525
PRIMARY_DELETE__HLO_to_P__primary_5y__M3__ridge__ISL,SAU,2010,2014,20,16.0,9.0,0.3684210526315789
PRIMARY_DELETE__HLO_to_P__primary_5y__M3__ridge__ISL,SRB,2010,2014,20,5.0,8.0,0.15789473684210525
PRIMARY_DELETE__HLO_to_P__primary_5y__M3__ridge__ISL,ZAF,2010,2014,20,14.0,19.0,0.2631578947368421
PRIMARY_DELETE__HLO_to_P__primary_5y__M3__ridge__ISL,AUS,2015,2017,9,4.0,3.0,0.125
PRIMARY_DELETE__HLO_to_P__primary_5y__M3__ridge__ISL,BHR,2015,2017,9,9.0,6.0,0.375
PRIMARY_DELETE__HLO_to_P__primary_5y__M3__ridge__ISL,DEU,2015,2017,9,3.0,1.0,0.25
PRIMARY_DELETE__HLO_to_P__primary_5y__M3__ridge__ISL,EGY,2015,2017,9,8.0,9.0,0.125
PRIMARY_DELETE__HLO_to_P__primary_5y__M3__ridge__ISL,IDN,2015,2017,9,7.0,8.0,0.125
PRIMARY_DELETE__HLO_to_P__primary_5y__M3__ridge__ISL,JPN,2015,2017,9,2.0,4.0,0.25
PRIMARY_DELETE__HLO_to_P__primary_5y__M3__ridge__ISL,POL,2015,2017,9,1.0,2.0,0.125
PRIMARY_DELETE__HLO_to_P__primary_5y__M3__ridge__ISL,RUS,2015,2017,9,5.0,5.0,0.0
PRIMARY_DELETE__HLO_to_P__primary_5y__M3__ridge__ISL,SAU,2015,2017,9,6.0,7.0,0.125
PRIMARY_DELETE__HLO_to_P__primary_5y__M3__ridge__ITA,ISL,2000,2004,7,2.0,3.0,0.16666666666666666
PRIMARY_DELETE__HLO_to_P__primary_5y__M3__ridge__ITA,LTU,2000,2004,7,4.0,4.0,0.0
PRIMARY_DELETE__HLO_to_P__primary_5y__M3__ridge__ITA,NLD,2000,2004,7,3.0,1.0,0.3333333333333333
PRIMARY_DELETE__HLO_to_P__primary_5y__M3__ridge__ITA,NOR,2000,2004,7,1.0,5.0,0.6666666666666666
PRIMARY_DELETE__HLO_to_P__primary_5y__M3__ridge__ITA,PHL,2000,2004,7,6.0,7.0,0.16666666666666666
PRIMARY_DELETE__HLO_to_P__primary_5y__M3__ridge__ITA,USA,2000,2004,7,5.0,2.0,0.5
PRIMARY_DELETE__HLO_to_P__primary_5y__M3__ridge__ITA,ZAF,2000,2004,7,7.0,6.0,0.16666666666666666
PRIMARY_DELETE__HLO_to_P__primary_5y__M3__ridge__ITA,AUT,2005,2009,16,2.0,5.0,0.2
PRIMARY_DELETE__HLO_to_P__primary_5y__M3__ridge__ITA,BRA,2005,2009,16,11.0,12.0,0.06666666666666667
PRIMARY_DELETE__HLO_to_P__primary_5y__M3__ridge__ITA,CHL,2005,2009,16,12.0,10.0,0.13333333333333333
PRIMARY_DELETE__HLO_to_P__primary_5y__M3__ridge__ITA,CRI,2005,2009,16,9.0,9.0,0.0
PRIMARY_DELETE__HLO_to_P__primary_5y__M3__ridge__ITA,DEU,2005,2009,16,4.0,4.0,0.0
PRIMARY_DELETE__HLO_to_P__primary_5y__M3__ridge__ITA,IDN,2005,2009,16,15.0,15.0,0.0
PRIMARY_DELETE__HLO_to_P__primary_5y__M3__ridge__ITA,IRN,2005,2009,16,14.0,11.0,0.2
PRIMARY_DELETE__HLO_to_P__primary_5y__M3__ridge__ITA,JPN,2005,2009,16,1.0,7.0,0.4
PRIMARY_DELETE__HLO_to_P__primary_5y__M3__ridge__ITA,MAR,2005,2009,16,16.0,16.0,0.0
PRIMARY_DELETE__HLO_to_P__primary_5y__M3__ridge__ITA,NLD,2005,2009,16,3.0,1.0,0.13333333333333333
PRIMARY_DELETE__HLO_to_P__primary_5y__M3__ridge__ITA,NOR,2005,2009,16,6.0,3.0,0.2
PRIMARY_DELETE__HLO_to_P__primary_5y__M3__ridge__ITA,PER,2005,2009,16,8.0,13.0,0.3333333333333333
PRIMARY_DELETE__HLO_to_P__primary_5y__M3__ridge__ITA,POL,2005,2009,16,7.0,6.0,0.06666666666666667
PRIMARY_DELETE__HLO_to_P__primary_5y__M3__ridge__ITA,QAT,2005,2009,16,13.0,14.0,0.06666666666666667
PRIMARY_DELETE__HLO_to_P__primary_5y__M3__ridge__ITA,SVN,2005,2009,16,5.0,2.0,0.2
PRIMARY_DELETE__HLO_to_P__primary_5y__M3__ridge__ITA,UKR,2005,2009,16,10.0,8.0,0.13333333333333333
PRIMARY_DELETE__HLO_to_P__primary_5y__M3__ridge__ITA,BRA,2010,2014,19,9.0,14.0,0.2777777777777778
PRIMARY_DELETE__HLO_to_P__primary_5y__M3__ridge__ITA,CHL,2010,2014,19,16.0,8.0,0.4444444444444444
PRIMARY_DELETE__HLO_to_P__primary_5y__M3__ridge__ITA,COL,2010,2014,19,11.0,12.0,0.05555555555555555
PRIMARY_DELETE__HLO_to_P__primary_5y__M3__ridge__ITA,DEU,2010,2014,19,3.0,4.0,0.05555555555555555
PRIMARY_DELETE__HLO_to_P__primary_5y__M3__ridge__ITA,ESP,2010,2014,19,6.0,3.0,0.16666666666666666
PRIMARY_DELETE__HLO_to_P__primary_5y__M3__ridge__ITA,FIN,2010,2014,19,1.0,1.0,0.0
PRIMARY_DELETE__HLO_to_P__primary_5y__M3__ridge__ITA,GHA,2010,2014,19,19.0,19.0,0.0
PRIMARY_DELETE__HLO_to_P__primary_5y__M3__ridge__ITA,HRV,2010,2014,19,8.0,5.0,0.16666666666666666
PRIMARY_DELETE__HLO_to_P__primary_5y__M3__ridge__ITA,IDN,2010,2014,19,14.0,16.0,0.1111111111111111
PRIMARY_DELETE__HLO_to_P__primary_5y__M3__ridge__ITA,JOR,2010,2014,19,17.0,10.0,0.3888888888888889
PRIMARY_DELETE__HLO_to_P__primary_5y__M3__ridge__ITA,KAZ,2010,2014,19,12.0,11.0,0.05555555555555555
PRIMARY_DELETE__HLO_to_P__primary_5y__M3__ridge__ITA,KOR,2010,2014,19,2.0,2.0,0.0
PRIMARY_DELETE__HLO_to_P__primary_5y__M3__ridge__ITA,MAR,2010,2014,19,18.0,17.0,0.05555555555555555
PRIMARY_DELETE__HLO_to_P__primary_5y__M3__ridge__ITA,MEX,2010,2014,19,7.0,13.0,0.3333333333333333
PRIMARY_DELETE__HLO_to_P__primary_5y__M3__ridge__ITA,OMN,2010,2014,19,10.0,15.0,0.2777777777777778
PRIMARY_DELETE__HLO_to_P__primary_5y__M3__ridge__ITA,POL,2010,2014,19,4.0,6.0,0.1111111111111111
PRIMARY_DELETE__HLO_to_P__primary_5y__M3__ridge__ITA,SAU,2010,2014,19,15.0,9.0,0.3333333333333333
PRIMARY_DELETE__HLO_to_P__primary_5y__M3__ridge__ITA,SRB,2010,2014,19,5.0,7.0,0.1111111111111111
PRIMARY_DELETE__HLO_to_P__primary_5y__M3__ridge__ITA,ZAF,2010,2014,19,13.0,18.0,0.2777777777777778
PRIMARY_DELETE__HLO_to_P__primary_5y__M3__ridge__ITA,AUS,2015,2017,9,4.0,3.0,0.125
PRIMARY_DELETE__HLO_to_P__primary_5y__M3__ridge__ITA,BHR,2015,2017,9,9.0,6.0,0.375
PRIMARY_DELETE__HLO_to_P__primary_5y__M3__ridge__ITA,DEU,2015,2017,9,3.0,2.0,0.125
PRIMARY_DELETE__HLO_to_P__primary_5y__M3__ridge__ITA,EGY,2015,2017,9,8.0,9.0,0.125
PRIMARY_DELETE__HLO_to_P__primary_5y__M3__ridge__ITA,IDN,2015,2017,9,7.0,8.0,0.125
PRIMARY_DELETE__HLO_to_P__primary_5y__M3__ridge__ITA,JPN,2015,2017,9,2.0,5.0,0.375
PRIMARY_DELETE__HLO_to_P__primary_5y__M3__ridge__ITA,POL,2015,2017,9,1.0,1.0,0.0
PRIMARY_DELETE__HLO_to_P__primary_5y__M3__ridge__ITA,RUS,2015,2017,9,5.0,4.0,0.125
PRIMARY_DELETE__HLO_to_P__primary_5y__M3__ridge__ITA,SAU,2015,2017,9,6.0,7.0,0.125
PRIMARY_DELETE__HLO_to_P__primary_5y__M3__ridge__JOR,ISL,2000,2004,7,2.0,1.0,0.16666666666666666
PRIMARY_DELETE__HLO_to_P__primary_5y__M3__ridge__JOR,LTU,2000,2004,7,4.0,5.0,0.16666666666666666
PRIMARY_DELETE__HLO_to_P__primary_5y__M3__ridge__JOR,NLD,2000,2004,7,3.0,3.0,0.0
PRIMARY_DELETE__HLO_to_P__primary_5y__M3__ridge__JOR,NOR,2000,2004,7,1.0,4.0,0.5
PRIMARY_DELETE__HLO_to_P__primary_5y__M3__ridge__JOR,PHL,2000,2004,7,6.0,6.0,0.0
PRIMARY_DELETE__HLO_to_P__primary_5y__M3__ridge__JOR,USA,2000,2004,7,5.0,2.0,0.5
PRIMARY_DELETE__HLO_to_P__primary_5y__M3__ridge__JOR,ZAF,2000,2004,7,7.0,7.0,0.0
PRIMARY_DELETE__HLO_to_P__primary_5y__M3__ridge__JOR,AUT,2005,2009,17,2.0,5.0,0.1875
PRIMARY_DELETE__HLO_to_P__primary_5y__M3__ridge__JOR,BRA,2005,2009,17,12.0,12.0,0.0
PRIMARY_DELETE__HLO_to_P__primary_5y__M3__ridge__JOR,CHL,2005,2009,17,13.0,10.0,0.1875
PRIMARY_DELETE__HLO_to_P__primary_5y__M3__ridge__JOR,CRI,2005,2009,17,10.0,9.0,0.0625
PRIMARY_DELETE__HLO_to_P__primary_5y__M3__ridge__JOR,DEU,2005,2009,17,4.0,4.0,0.0
PRIMARY_DELETE__HLO_to_P__primary_5y__M3__ridge__JOR,IDN,2005,2009,17,16.0,17.0,0.0625
PRIMARY_DELETE__HLO_to_P__primary_5y__M3__ridge__JOR,IRN,2005,2009,17,15.0,13.0,0.125
PRIMARY_DELETE__HLO_to_P__primary_5y__M3__ridge__JOR,ITA,2005,2009,17,9.0,6.0,0.1875
PRIMARY_DELETE__HLO_to_P__primary_5y__M3__ridge__JOR,JPN,2005,2009,17,1.0,8.0,0.4375
PRIMARY_DELETE__HLO_to_P__primary_5y__M3__ridge__JOR,MAR,2005,2009,17,17.0,16.0,0.0625
PRIMARY_DELETE__HLO_to_P__primary_5y__M3__ridge__JOR,NLD,2005,2009,17,3.0,1.0,0.125
PRIMARY_DELETE__HLO_to_P__primary_5y__M3__ridge__JOR,NOR,2005,2009,17,6.0,2.0,0.25
PRIMARY_DELETE__HLO_to_P__primary_5y__M3__ridge__JOR,PER,2005,2009,17,8.0,15.0,0.4375
PRIMARY_DELETE__HLO_to_P__primary_5y__M3__ridge__JOR,POL,2005,2009,17,7.0,7.0,0.0
PRIMARY_DELETE__HLO_to_P__primary_5y__M3__ridge__JOR,QAT,2005,2009,17,14.0,14.0,0.0
PRIMARY_DELETE__HLO_to_P__primary_5y__M3__ridge__JOR,SVN,2005,2009,17,5.0,3.0,0.125
PRIMARY_DELETE__HLO_to_P__primary_5y__M3__ridge__JOR,UKR,2005,2009,17,11.0,11.0,0.0
PRIMARY_DELETE__HLO_to_P__primary_5y__M3__ridge__JOR,BRA,2010,2014,19,9.0,15.0,0.3333333333333333
PRIMARY_DELETE__HLO_to_P__primary_5y__M3__ridge__JOR,CHL,2010,2014,19,17.0,10.0,0.3888888888888889
PRIMARY_DELETE__HLO_to_P__primary_5y__M3__ridge__JOR,COL,2010,2014,19,12.0,14.0,0.1111111111111111
PRIMARY_DELETE__HLO_to_P__primary_5y__M3__ridge__JOR,DEU,2010,2014,19,3.0,4.0,0.05555555555555555
PRIMARY_DELETE__HLO_to_P__primary_5y__M3__ridge__JOR,ESP,2010,2014,19,6.0,6.0,0.0
PRIMARY_DELETE__HLO_to_P__primary_5y__M3__ridge__JOR,FIN,2010,2014,19,1.0,1.0,0.0
PRIMARY_DELETE__HLO_to_P__primary_5y__M3__ridge__JOR,GHA,2010,2014,19,19.0,19.0,0.0
PRIMARY_DELETE__HLO_to_P__primary_5y__M3__ridge__JOR,HRV,2010,2014,19,8.0,5.0,0.16666666666666666
PRIMARY_DELETE__HLO_to_P__primary_5y__M3__ridge__JOR,IDN,2010,2014,19,15.0,16.0,0.05555555555555555
PRIMARY_DELETE__HLO_to_P__primary_5y__M3__ridge__JOR,ITA,2010,2014,19,10.0,7.0,0.16666666666666666
PRIMARY_DELETE__HLO_to_P__primary_5y__M3__ridge__JOR,KAZ,2010,2014,19,13.0,11.0,0.1111111111111111
PRIMARY_DELETE__HLO_to_P__primary_5y__M3__ridge__JOR,KOR,2010,2014,19,2.0,2.0,0.0
PRIMARY_DELETE__HLO_to_P__primary_5y__M3__ridge__JOR,MAR,2010,2014,19,18.0,17.0,0.05555555555555555
PRIMARY_DELETE__HLO_to_P__primary_5y__M3__ridge__JOR,MEX,2010,2014,19,7.0,13.0,0.3333333333333333
PRIMARY_DELETE__HLO_to_P__primary_5y__M3__ridge__JOR,OMN,2010,2014,19,11.0,12.0,0.05555555555555555
PRIMARY_DELETE__HLO_to_P__primary_5y__M3__ridge__JOR,POL,2010,2014,19,4.0,8.0,0.2222222222222222
PRIMARY_DELETE__HLO_to_P__primary_5y__M3__ridge__JOR,SAU,2010,2014,19,16.0,3.0,0.7222222222222222
PRIMARY_DELETE__HLO_to_P__primary_5y__M3__ridge__JOR,SRB,2010,2014,19,5.0,9.0,0.2222222222222222
PRIMARY_DELETE__HLO_to_P__primary_5y__M3__ridge__JOR,ZAF,2010,2014,19,14.0,18.0,0.2222222222222222
PRIMARY_DELETE__HLO_to_P__primary_5y__M3__ridge__JOR,AUS,2015,2017,9,4.0,1.0,0.375
PRIMARY_DELETE__HLO_to_P__primary_5y__M3__ridge__JOR,BHR,2015,2017,9,9.0,7.0,0.25
PRIMARY_DELETE__HLO_to_P__primary_5y__M3__ridge__JOR,DEU,2015,2017,9,3.0,3.0,0.0
PRIMARY_DELETE__HLO_to_P__primary_5y__M3__ridge__JOR,EGY,2015,2017,9,8.0,9.0,0.125
PRIMARY_DELETE__HLO_to_P__primary_5y__M3__ridge__JOR,IDN,2015,2017,9,7.0,8.0,0.125
PRIMARY_DELETE__HLO_to_P__primary_5y__M3__ridge__JOR,JPN,2015,2017,9,2.0,5.0,0.375
PRIMARY_DELETE__HLO_to_P__primary_5y__M3__ridge__JOR,POL,2015,2017,9,1.0,2.0,0.125
PRIMARY_DELETE__HLO_to_P__primary_5y__M3__ridge__JOR,RUS,2015,2017,9,5.0,4.0,0.125
PRIMARY_DELETE__HLO_to_P__primary_5y__M3__ridge__JOR,SAU,2015,2017,9,6.0,6.0,0.0
PRIMARY_DELETE__HLO_to_P__primary_5y__M3__ridge__JPN,ISL,2000,2004,7,2.0,2.0,0.0
PRIMARY_DELETE__HLO_to_P__primary_5y__M3__ridge__JPN,LTU,2000,2004,7,4.0,5.0,0.16666666666666666
PRIMARY_DELETE__HLO_to_P__primary_5y__M3__ridge__JPN,NLD,2000,2004,7,3.0,1.0,0.3333333333333333
PRIMARY_DELETE__HLO_to_P__primary_5y__M3__ridge__JPN,NOR,2000,2004,7,1.0,4.0,0.5
PRIMARY_DELETE__HLO_to_P__primary_5y__M3__ridge__JPN,PHL,2000,2004,7,6.0,7.0,0.16666666666666666
PRIMARY_DELETE__HLO_to_P__primary_5y__M3__ridge__JPN,USA,2000,2004,7,5.0,3.0,0.3333333333333333
PRIMARY_DELETE__HLO_to_P__primary_5y__M3__ridge__JPN,ZAF,2000,2004,7,7.0,6.0,0.16666666666666666
PRIMARY_DELETE__HLO_to_P__primary_5y__M3__ridge__JPN,AUT,2005,2009,16,1.0,4.0,0.2
PRIMARY_DELETE__HLO_to_P__primary_5y__M3__ridge__JPN,BRA,2005,2009,16,11.0,11.0,0.0
PRIMARY_DELETE__HLO_to_P__primary_5y__M3__ridge__JPN,CHL,2005,2009,16,12.0,10.0,0.13333333333333333
PRIMARY_DELETE__HLO_to_P__primary_5y__M3__ridge__JPN,CRI,2005,2009,16,9.0,9.0,0.0
PRIMARY_DELETE__HLO_to_P__primary_5y__M3__ridge__JPN,DEU,2005,2009,16,3.0,5.0,0.13333333333333333
PRIMARY_DELETE__HLO_to_P__primary_5y__M3__ridge__JPN,IDN,2005,2009,16,15.0,15.0,0.0
PRIMARY_DELETE__HLO_to_P__primary_5y__M3__ridge__JPN,IRN,2005,2009,16,14.0,12.0,0.13333333333333333
PRIMARY_DELETE__HLO_to_P__primary_5y__M3__ridge__JPN,ITA,2005,2009,16,8.0,7.0,0.06666666666666667
PRIMARY_DELETE__HLO_to_P__primary_5y__M3__ridge__JPN,MAR,2005,2009,16,16.0,16.0,0.0
PRIMARY_DELETE__HLO_to_P__primary_5y__M3__ridge__JPN,NLD,2005,2009,16,2.0,1.0,0.06666666666666667
PRIMARY_DELETE__HLO_to_P__primary_5y__M3__ridge__JPN,NOR,2005,2009,16,5.0,3.0,0.13333333333333333
PRIMARY_DELETE__HLO_to_P__primary_5y__M3__ridge__JPN,PER,2005,2009,16,7.0,13.0,0.4
PRIMARY_DELETE__HLO_to_P__primary_5y__M3__ridge__JPN,POL,2005,2009,16,6.0,6.0,0.0
PRIMARY_DELETE__HLO_to_P__primary_5y__M3__ridge__JPN,QAT,2005,2009,16,13.0,14.0,0.06666666666666667
PRIMARY_DELETE__HLO_to_P__primary_5y__M3__ridge__JPN,SVN,2005,2009,16,4.0,2.0,0.13333333333333333
PRIMARY_DELETE__HLO_to_P__primary_5y__M3__ridge__JPN,UKR,2005,2009,16,10.0,8.0,0.13333333333333333
PRIMARY_DELETE__HLO_to_P__primary_5y__M3__ridge__JPN,BRA,2010,2014,20,9.0,15.0,0.3157894736842105
PRIMARY_DELETE__HLO_to_P__primary_5y__M3__ridge__JPN,CHL,2010,2014,20,17.0,10.0,0.3684210526315789
PRIMARY_DELETE__HLO_to_P__primary_5y__M3__ridge__JPN,COL,2010,2014,20,12.0,11.0,0.05263157894736842
PRIMARY_DELETE__HLO_to_P__primary_5y__M3__ridge__JPN,DEU,2010,2014,20,3.0,4.0,0.05263157894736842
PRIMARY_DELETE__HLO_to_P__primary_5y__M3__ridge__JPN,ESP,2010,2014,20,6.0,3.0,0.15789473684210525
PRIMARY_DELETE__HLO_to_P__primary_5y__M3__ridge__JPN,FIN,2010,2014,20,1.0,1.0,0.0
PRIMARY_DELETE__HLO_to_P__primary_5y__M3__ridge__JPN,GHA,2010,2014,20,20.0,20.0,0.0
PRIMARY_DELETE__HLO_to_P__primary_5y__M3__ridge__JPN,HRV,2010,2014,20,8.0,5.0,0.15789473684210525
PRIMARY_DELETE__HLO_to_P__primary_5y__M3__ridge__JPN,IDN,2010,2014,20,15.0,17.0,0.10526315789473684
PRIMARY_DELETE__HLO_to_P__primary_5y__M3__ridge__JPN,ITA,2010,2014,20,10.0,7.0,0.15789473684210525
PRIMARY_DELETE__HLO_to_P__primary_5y__M3__ridge__JPN,JOR,2010,2014,20,18.0,13.0,0.2631578947368421
PRIMARY_DELETE__HLO_to_P__primary_5y__M3__ridge__JPN,KAZ,2010,2014,20,13.0,12.0,0.05263157894736842
PRIMARY_DELETE__HLO_to_P__primary_5y__M3__ridge__JPN,KOR,2010,2014,20,2.0,2.0,0.0
PRIMARY_DELETE__HLO_to_P__primary_5y__M3__ridge__JPN,MAR,2010,2014,20,19.0,18.0,0.05263157894736842
PRIMARY_DELETE__HLO_to_P__primary_5y__M3__ridge__JPN,MEX,2010,2014,20,7.0,14.0,0.3684210526315789
PRIMARY_DELETE__HLO_to_P__primary_5y__M3__ridge__JPN,OMN,2010,2014,20,11.0,16.0,0.2631578947368421
PRIMARY_DELETE__HLO_to_P__primary_5y__M3__ridge__JPN,POL,2010,2014,20,4.0,6.0,0.10526315789473684
PRIMARY_DELETE__HLO_to_P__primary_5y__M3__ridge__JPN,SAU,2010,2014,20,16.0,9.0,0.3684210526315789
PRIMARY_DELETE__HLO_to_P__primary_5y__M3__ridge__JPN,SRB,2010,2014,20,5.0,8.0,0.15789473684210525
PRIMARY_DELETE__HLO_to_P__primary_5y__M3__ridge__JPN,ZAF,2010,2014,20,14.0,19.0,0.2631578947368421
PRIMARY_DELETE__HLO_to_P__primary_5y__M3__ridge__JPN,AUS,2015,2017,8,3.0,3.0,0.0
PRIMARY_DELETE__HLO_to_P__primary_5y__M3__ridge__JPN,BHR,2015,2017,8,8.0,5.0,0.42857142857142855
PRIMARY_DELETE__HLO_to_P__primary_5y__M3__ridge__JPN,DEU,2015,2017,8,2.0,2.0,0.0
PRIMARY_DELETE__HLO_to_P__primary_5y__M3__ridge__JPN,EGY,2015,2017,8,7.0,8.0,0.14285714285714285
PRIMARY_DELETE__HLO_to_P__primary_5y__M3__ridge__JPN,IDN,2015,2017,8,6.0,7.0,0.14285714285714285
PRIMARY_DELETE__HLO_to_P__primary_5y__M3__ridge__JPN,POL,2015,2017,8,1.0,1.0,0.0
PRIMARY_DELETE__HLO_to_P__primary_5y__M3__ridge__JPN,RUS,2015,2017,8,4.0,4.0,0.0
PRIMARY_DELETE__HLO_to_P__primary_5y__M3__ridge__JPN,SAU,2015,2017,8,5.0,6.0,0.14285714285714285
PRIMARY_DELETE__HLO_to_P__primary_5y__M3__ridge__KAZ,ISL,2000,2004,7,2.0,3.0,0.16666666666666666
PRIMARY_DELETE__HLO_to_P__primary_5y__M3__ridge__KAZ,LTU,2000,2004,7,4.0,4.0,0.0
PRIMARY_DELETE__HLO_to_P__primary_5y__M3__ridge__KAZ,NLD,2000,2004,7,3.0,1.0,0.3333333333333333
PRIMARY_DELETE__HLO_to_P__primary_5y__M3__ridge__KAZ,NOR,2000,2004,7,1.0,5.0,0.6666666666666666
PRIMARY_DELETE__HLO_to_P__primary_5y__M3__ridge__KAZ,PHL,2000,2004,7,6.0,7.0,0.16666666666666666
PRIMARY_DELETE__HLO_to_P__primary_5y__M3__ridge__KAZ,USA,2000,2004,7,5.0,2.0,0.5
PRIMARY_DELETE__HLO_to_P__primary_5y__M3__ridge__KAZ,ZAF,2000,2004,7,7.0,6.0,0.16666666666666666
PRIMARY_DELETE__HLO_to_P__primary_5y__M3__ridge__KAZ,AUT,2005,2009,17,2.0,5.0,0.1875
PRIMARY_DELETE__HLO_to_P__primary_5y__M3__ridge__KAZ,BRA,2005,2009,17,12.0,12.0,0.0
PRIMARY_DELETE__HLO_to_P__primary_5y__M3__ridge__KAZ,CHL,2005,2009,17,13.0,11.0,0.125
PRIMARY_DELETE__HLO_to_P__primary_5y__M3__ridge__KAZ,CRI,2005,2009,17,10.0,10.0,0.0
PRIMARY_DELETE__HLO_to_P__primary_5y__M3__ridge__KAZ,DEU,2005,2009,17,4.0,3.0,0.0625
PRIMARY_DELETE__HLO_to_P__primary_5y__M3__ridge__KAZ,IDN,2005,2009,17,16.0,17.0,0.0625
PRIMARY_DELETE__HLO_to_P__primary_5y__M3__ridge__KAZ,IRN,2005,2009,17,15.0,13.0,0.125
PRIMARY_DELETE__HLO_to_P__primary_5y__M3__ridge__KAZ,ITA,2005,2009,17,9.0,6.0,0.1875
PRIMARY_DELETE__HLO_to_P__primary_5y__M3__ridge__KAZ,JPN,2005,2009,17,1.0,8.0,0.4375
PRIMARY_DELETE__HLO_to_P__primary_5y__M3__ridge__KAZ,MAR,2005,2009,17,17.0,14.0,0.1875
PRIMARY_DELETE__HLO_to_P__primary_5y__M3__ridge__KAZ,NLD,2005,2009,17,3.0,1.0,0.125
PRIMARY_DELETE__HLO_to_P__primary_5y__M3__ridge__KAZ,NOR,2005,2009,17,6.0,4.0,0.125
PRIMARY_DELETE__HLO_to_P__primary_5y__M3__ridge__KAZ,PER,2005,2009,17,8.0,15.0,0.4375
PRIMARY_DELETE__HLO_to_P__primary_5y__M3__ridge__KAZ,POL,2005,2009,17,7.0,7.0,0.0
PRIMARY_DELETE__HLO_to_P__primary_5y__M3__ridge__KAZ,QAT,2005,2009,17,14.0,16.0,0.125
PRIMARY_DELETE__HLO_to_P__primary_5y__M3__ridge__KAZ,SVN,2005,2009,17,5.0,2.0,0.1875
PRIMARY_DELETE__HLO_to_P__primary_5y__M3__ridge__KAZ,UKR,2005,2009,17,11.0,9.0,0.125
PRIMARY_DELETE__HLO_to_P__primary_5y__M3__ridge__KAZ,BRA,2010,2014,19,9.0,14.0,0.2777777777777778
PRIMARY_DELETE__HLO_to_P__primary_5y__M3__ridge__KAZ,CHL,2010,2014,19,16.0,9.0,0.3888888888888889
PRIMARY_DELETE__HLO_to_P__primary_5y__M3__ridge__KAZ,COL,2010,2014,19,12.0,11.0,0.05555555555555555
PRIMARY_DELETE__HLO_to_P__primary_5y__M3__ridge__KAZ,DEU,2010,2014,19,3.0,4.0,0.05555555555555555
PRIMARY_DELETE__HLO_to_P__primary_5y__M3__ridge__KAZ,ESP,2010,2014,19,6.0,3.0,0.16666666666666666
PRIMARY_DELETE__HLO_to_P__primary_5y__M3__ridge__KAZ,FIN,2010,2014,19,1.0,1.0,0.0
PRIMARY_DELETE__HLO_to_P__primary_5y__M3__ridge__KAZ,GHA,2010,2014,19,19.0,19.0,0.0
PRIMARY_DELETE__HLO_to_P__primary_5y__M3__ridge__KAZ,HRV,2010,2014,19,8.0,5.0,0.16666666666666666
PRIMARY_DELETE__HLO_to_P__primary_5y__M3__ridge__KAZ,IDN,2010,2014,19,14.0,17.0,0.16666666666666666
PRIMARY_DELETE__HLO_to_P__primary_5y__M3__ridge__KAZ,ITA,2010,2014,19,10.0,6.0,0.2222222222222222
PRIMARY_DELETE__HLO_to_P__primary_5y__M3__ridge__KAZ,JOR,2010,2014,19,17.0,12.0,0.2777777777777778
PRIMARY_DELETE__HLO_to_P__primary_5y__M3__ridge__KAZ,KOR,2010,2014,19,2.0,2.0,0.0
PRIMARY_DELETE__HLO_to_P__primary_5y__M3__ridge__KAZ,MAR,2010,2014,19,18.0,16.0,0.1111111111111111
PRIMARY_DELETE__HLO_to_P__primary_5y__M3__ridge__KAZ,MEX,2010,2014,19,7.0,13.0,0.3333333333333333
PRIMARY_DELETE__HLO_to_P__primary_5y__M3__ridge__KAZ,OMN,2010,2014,19,11.0,15.0,0.2222222222222222
PRIMARY_DELETE__HLO_to_P__primary_5y__M3__ridge__KAZ,POL,2010,2014,19,4.0,7.0,0.16666666666666666
PRIMARY_DELETE__HLO_to_P__primary_5y__M3__ridge__KAZ,SAU,2010,2014,19,15.0,10.0,0.2777777777777778
PRIMARY_DELETE__HLO_to_P__primary_5y__M3__ridge__KAZ,SRB,2010,2014,19,5.0,8.0,0.16666666666666666
PRIMARY_DELETE__HLO_to_P__primary_5y__M3__ridge__KAZ,ZAF,2010,2014,19,13.0,18.0,0.2777777777777778
PRIMARY_DELETE__HLO_to_P__primary_5y__M3__ridge__KAZ,AUS,2015,2017,9,4.0,5.0,0.125
PRIMARY_DELETE__HLO_to_P__primary_5y__M3__ridge__KAZ,BHR,2015,2017,9,9.0,6.0,0.375
PRIMARY_DELETE__HLO_to_P__primary_5y__M3__ridge__KAZ,DEU,2015,2017,9,3.0,2.0,0.125
PRIMARY_DELETE__HLO_to_P__primary_5y__M3__ridge__KAZ,EGY,2015,2017,9,8.0,9.0,0.125
PRIMARY_DELETE__HLO_to_P__primary_5y__M3__ridge__KAZ,IDN,2015,2017,9,7.0,8.0,0.125
PRIMARY_DELETE__HLO_to_P__primary_5y__M3__ridge__KAZ,JPN,2015,2017,9,2.0,4.0,0.25
PRIMARY_DELETE__HLO_to_P__primary_5y__M3__ridge__KAZ,POL,2015,2017,9,1.0,1.0,0.0
PRIMARY_DELETE__HLO_to_P__primary_5y__M3__ridge__KAZ,RUS,2015,2017,9,5.0,3.0,0.25
PRIMARY_DELETE__HLO_to_P__primary_5y__M3__ridge__KAZ,SAU,2015,2017,9,6.0,7.0,0.125
PRIMARY_DELETE__HLO_to_P__primary_5y__M3__ridge__KOR,ISL,2000,2004,7,2.0,3.0,0.16666666666666666
PRIMARY_DELETE__HLO_to_P__primary_5y__M3__ridge__KOR,LTU,2000,2004,7,4.0,4.0,0.0
PRIMARY_DELETE__HLO_to_P__primary_5y__M3__ridge__KOR,NLD,2000,2004,7,3.0,1.0,0.3333333333333333
PRIMARY_DELETE__HLO_to_P__primary_5y__M3__ridge__KOR,NOR,2000,2004,7,1.0,5.0,0.6666666666666666
PRIMARY_DELETE__HLO_to_P__primary_5y__M3__ridge__KOR,PHL,2000,2004,7,6.0,7.0,0.16666666666666666
PRIMARY_DELETE__HLO_to_P__primary_5y__M3__ridge__KOR,USA,2000,2004,7,5.0,2.0,0.5
PRIMARY_DELETE__HLO_to_P__primary_5y__M3__ridge__KOR,ZAF,2000,2004,7,7.0,6.0,0.16666666666666666
PRIMARY_DELETE__HLO_to_P__primary_5y__M3__ridge__KOR,AUT,2005,2009,17,2.0,5.0,0.1875
PRIMARY_DELETE__HLO_to_P__primary_5y__M3__ridge__KOR,BRA,2005,2009,17,12.0,13.0,0.0625
PRIMARY_DELETE__HLO_to_P__primary_5y__M3__ridge__KOR,CHL,2005,2009,17,13.0,11.0,0.125
PRIMARY_DELETE__HLO_to_P__primary_5y__M3__ridge__KOR,CRI,2005,2009,17,10.0,10.0,0.0
PRIMARY_DELETE__HLO_to_P__primary_5y__M3__ridge__KOR,DEU,2005,2009,17,4.0,4.0,0.0
PRIMARY_DELETE__HLO_to_P__primary_5y__M3__ridge__KOR,IDN,2005,2009,17,16.0,17.0,0.0625
PRIMARY_DELETE__HLO_to_P__primary_5y__M3__ridge__KOR,IRN,2005,2009,17,15.0,12.0,0.1875
PRIMARY_DELETE__HLO_to_P__primary_5y__M3__ridge__KOR,ITA,2005,2009,17,9.0,6.0,0.1875
PRIMARY_DELETE__HLO_to_P__primary_5y__M3__ridge__KOR,JPN,2005,2009,17,1.0,8.0,0.4375
PRIMARY_DELETE__HLO_to_P__primary_5y__M3__ridge__KOR,MAR,2005,2009,17,17.0,14.0,0.1875
PRIMARY_DELETE__HLO_to_P__primary_5y__M3__ridge__KOR,NLD,2005,2009,17,3.0,1.0,0.125
PRIMARY_DELETE__HLO_to_P__primary_5y__M3__ridge__KOR,NOR,2005,2009,17,6.0,3.0,0.1875
PRIMARY_DELETE__HLO_to_P__primary_5y__M3__ridge__KOR,PER,2005,2009,17,8.0,15.0,0.4375
PRIMARY_DELETE__HLO_to_P__primary_5y__M3__ridge__KOR,POL,2005,2009,17,7.0,7.0,0.0
PRIMARY_DELETE__HLO_to_P__primary_5y__M3__ridge__KOR,QAT,2005,2009,17,14.0,16.0,0.125
PRIMARY_DELETE__HLO_to_P__primary_5y__M3__ridge__KOR,SVN,2005,2009,17,5.0,2.0,0.1875
PRIMARY_DELETE__HLO_to_P__primary_5y__M3__ridge__KOR,UKR,2005,2009,17,11.0,9.0,0.125
PRIMARY_DELETE__HLO_to_P__primary_5y__M3__ridge__KOR,BRA,2010,2014,19,8.0,14.0,0.3333333333333333
PRIMARY_DELETE__HLO_to_P__primary_5y__M3__ridge__KOR,CHL,2010,2014,19,16.0,9.0,0.3888888888888889
PRIMARY_DELETE__HLO_to_P__primary_5y__M3__ridge__KOR,COL,2010,2014,19,11.0,11.0,0.0
PRIMARY_DELETE__HLO_to_P__primary_5y__M3__ridge__KOR,DEU,2010,2014,19,2.0,2.0,0.0
PRIMARY_DELETE__HLO_to_P__primary_5y__M3__ridge__KOR,ESP,2010,2014,19,5.0,3.0,0.1111111111111111
PRIMARY_DELETE__HLO_to_P__primary_5y__M3__ridge__KOR,FIN,2010,2014,19,1.0,1.0,0.0
PRIMARY_DELETE__HLO_to_P__primary_5y__M3__ridge__KOR,GHA,2010,2014,19,19.0,19.0,0.0
PRIMARY_DELETE__HLO_to_P__primary_5y__M3__ridge__KOR,HRV,2010,2014,19,7.0,4.0,0.16666666666666666
PRIMARY_DELETE__HLO_to_P__primary_5y__M3__ridge__KOR,IDN,2010,2014,19,14.0,17.0,0.16666666666666666
PRIMARY_DELETE__HLO_to_P__primary_5y__M3__ridge__KOR,ITA,2010,2014,19,9.0,5.0,0.2222222222222222
PRIMARY_DELETE__HLO_to_P__primary_5y__M3__ridge__KOR,JOR,2010,2014,19,17.0,10.0,0.3888888888888889
PRIMARY_DELETE__HLO_to_P__primary_5y__M3__ridge__KOR,KAZ,2010,2014,19,12.0,12.0,0.0
PRIMARY_DELETE__HLO_to_P__primary_5y__M3__ridge__KOR,MAR,2010,2014,19,18.0,16.0,0.1111111111111111
PRIMARY_DELETE__HLO_to_P__primary_5y__M3__ridge__KOR,MEX,2010,2014,19,6.0,13.0,0.3888888888888889
PRIMARY_DELETE__HLO_to_P__primary_5y__M3__ridge__KOR,OMN,2010,2014,19,10.0,15.0,0.2777777777777778
PRIMARY_DELETE__HLO_to_P__primary_5y__M3__ridge__KOR,POL,2010,2014,19,3.0,6.0,0.16666666666666666
PRIMARY_DELETE__HLO_to_P__primary_5y__M3__ridge__KOR,SAU,2010,2014,19,15.0,8.0,0.3888888888888889
PRIMARY_DELETE__HLO_to_P__primary_5y__M3__ridge__KOR,SRB,2010,2014,19,4.0,7.0,0.16666666666666666
PRIMARY_DELETE__HLO_to_P__primary_5y__M3__ridge__KOR,ZAF,2010,2014,19,13.0,18.0,0.2777777777777778
PRIMARY_DELETE__HLO_to_P__primary_5y__M3__ridge__KOR,AUS,2015,2017,9,4.0,3.0,0.125
PRIMARY_DELETE__HLO_to_P__primary_5y__M3__ridge__KOR,BHR,2015,2017,9,9.0,6.0,0.375
PRIMARY_DELETE__HLO_to_P__primary_5y__M3__ridge__KOR,DEU,2015,2017,9,3.0,1.0,0.25
PRIMARY_DELETE__HLO_to_P__primary_5y__M3__ridge__KOR,EGY,2015,2017,9,8.0,9.0,0.125
PRIMARY_DELETE__HLO_to_P__primary_5y__M3__ridge__KOR,IDN,2015,2017,9,7.0,8.0,0.125
PRIMARY_DELETE__HLO_to_P__primary_5y__M3__ridge__KOR,JPN,2015,2017,9,2.0,5.0,0.375
PRIMARY_DELETE__HLO_to_P__primary_5y__M3__ridge__KOR,POL,2015,2017,9,1.0,2.0,0.125
PRIMARY_DELETE__HLO_to_P__primary_5y__M3__ridge__KOR,RUS,2015,2017,9,5.0,4.0,0.125
PRIMARY_DELETE__HLO_to_P__primary_5y__M3__ridge__KOR,SAU,2015,2017,9,6.0,7.0,0.125
PRIMARY_DELETE__HLO_to_P__primary_5y__M3__ridge__LTU,ISL,2000,2004,6,2.0,3.0,0.2
PRIMARY_DELETE__HLO_to_P__primary_5y__M3__ridge__LTU,NLD,2000,2004,6,3.0,1.0,0.4
PRIMARY_DELETE__HLO_to_P__primary_5y__M3__ridge__LTU,NOR,2000,2004,6,1.0,4.0,0.6
PRIMARY_DELETE__HLO_to_P__primary_5y__M3__ridge__LTU,PHL,2000,2004,6,5.0,6.0,0.2
PRIMARY_DELETE__HLO_to_P__primary_5y__M3__ridge__LTU,USA,2000,2004,6,4.0,2.0,0.4
PRIMARY_DELETE__HLO_to_P__primary_5y__M3__ridge__LTU,ZAF,2000,2004,6,6.0,5.0,0.2
PRIMARY_DELETE__HLO_to_P__primary_5y__M3__ridge__LTU,AUT,2005,2009,17,2.0,5.0,0.1875
PRIMARY_DELETE__HLO_to_P__primary_5y__M3__ridge__LTU,BRA,2005,2009,17,12.0,12.0,0.0
PRIMARY_DELETE__HLO_to_P__primary_5y__M3__ridge__LTU,CHL,2005,2009,17,13.0,11.0,0.125
PRIMARY_DELETE__HLO_to_P__primary_5y__M3__ridge__LTU,CRI,2005,2009,17,10.0,10.0,0.0
PRIMARY_DELETE__HLO_to_P__primary_5y__M3__ridge__LTU,DEU,2005,2009,17,4.0,4.0,0.0
PRIMARY_DELETE__HLO_to_P__primary_5y__M3__ridge__LTU,IDN,2005,2009,17,16.0,17.0,0.0625
PRIMARY_DELETE__HLO_to_P__primary_5y__M3__ridge__LTU,IRN,2005,2009,17,15.0,13.0,0.125
PRIMARY_DELETE__HLO_to_P__primary_5y__M3__ridge__LTU,ITA,2005,2009,17,9.0,6.0,0.1875
PRIMARY_DELETE__HLO_to_P__primary_5y__M3__ridge__LTU,JPN,2005,2009,17,1.0,8.0,0.4375
PRIMARY_DELETE__HLO_to_P__primary_5y__M3__ridge__LTU,MAR,2005,2009,17,17.0,14.0,0.1875
PRIMARY_DELETE__HLO_to_P__primary_5y__M3__ridge__LTU,NLD,2005,2009,17,3.0,1.0,0.125
PRIMARY_DELETE__HLO_to_P__primary_5y__M3__ridge__LTU,NOR,2005,2009,17,6.0,3.0,0.1875
PRIMARY_DELETE__HLO_to_P__primary_5y__M3__ridge__LTU,PER,2005,2009,17,8.0,15.0,0.4375
PRIMARY_DELETE__HLO_to_P__primary_5y__M3__ridge__LTU,POL,2005,2009,17,7.0,7.0,0.0
PRIMARY_DELETE__HLO_to_P__primary_5y__M3__ridge__LTU,QAT,2005,2009,17,14.0,16.0,0.125
PRIMARY_DELETE__HLO_to_P__primary_5y__M3__ridge__LTU,SVN,2005,2009,17,5.0,2.0,0.1875
PRIMARY_DELETE__HLO_to_P__primary_5y__M3__ridge__LTU,UKR,2005,2009,17,11.0,9.0,0.125
PRIMARY_DELETE__HLO_to_P__primary_5y__M3__ridge__LTU,BRA,2010,2014,20,9.0,15.0,0.3157894736842105
PRIMARY_DELETE__HLO_to_P__primary_5y__M3__ridge__LTU,CHL,2010,2014,20,17.0,10.0,0.3684210526315789
PRIMARY_DELETE__HLO_to_P__primary_5y__M3__ridge__LTU,COL,2010,2014,20,12.0,12.0,0.0
PRIMARY_DELETE__HLO_to_P__primary_5y__M3__ridge__LTU,DEU,2010,2014,20,3.0,3.0,0.0
PRIMARY_DELETE__HLO_to_P__primary_5y__M3__ridge__LTU,ESP,2010,2014,20,6.0,4.0,0.10526315789473684
PRIMARY_DELETE__HLO_to_P__primary_5y__M3__ridge__LTU,FIN,2010,2014,20,1.0,1.0,0.0
PRIMARY_DELETE__HLO_to_P__primary_5y__M3__ridge__LTU,GHA,2010,2014,20,20.0,20.0,0.0
PRIMARY_DELETE__HLO_to_P__primary_5y__M3__ridge__LTU,HRV,2010,2014,20,8.0,5.0,0.15789473684210525
PRIMARY_DELETE__HLO_to_P__primary_5y__M3__ridge__LTU,IDN,2010,2014,20,15.0,18.0,0.15789473684210525
PRIMARY_DELETE__HLO_to_P__primary_5y__M3__ridge__LTU,ITA,2010,2014,20,10.0,6.0,0.21052631578947367
PRIMARY_DELETE__HLO_to_P__primary_5y__M3__ridge__LTU,JOR,2010,2014,20,18.0,13.0,0.2631578947368421
PRIMARY_DELETE__HLO_to_P__primary_5y__M3__ridge__LTU,KAZ,2010,2014,20,13.0,11.0,0.10526315789473684
PRIMARY_DELETE__HLO_to_P__primary_5y__M3__ridge__LTU,KOR,2010,2014,20,2.0,2.0,0.0
PRIMARY_DELETE__HLO_to_P__primary_5y__M3__ridge__LTU,MAR,2010,2014,20,19.0,17.0,0.10526315789473684
PRIMARY_DELETE__HLO_to_P__primary_5y__M3__ridge__LTU,MEX,2010,2014,20,7.0,14.0,0.3684210526315789
PRIMARY_DELETE__HLO_to_P__primary_5y__M3__ridge__LTU,OMN,2010,2014,20,11.0,16.0,0.2631578947368421
PRIMARY_DELETE__HLO_to_P__primary_5y__M3__ridge__LTU,POL,2010,2014,20,4.0,7.0,0.15789473684210525
PRIMARY_DELETE__HLO_to_P__primary_5y__M3__ridge__LTU,SAU,2010,2014,20,16.0,9.0,0.3684210526315789
PRIMARY_DELETE__HLO_to_P__primary_5y__M3__ridge__LTU,SRB,2010,2014,20,5.0,8.0,0.15789473684210525
PRIMARY_DELETE__HLO_to_P__primary_5y__M3__ridge__LTU,ZAF,2010,2014,20,14.0,19.0,0.2631578947368421
PRIMARY_DELETE__HLO_to_P__primary_5y__M3__ridge__LTU,AUS,2015,2017,9,4.0,3.0,0.125
PRIMARY_DELETE__HLO_to_P__primary_5y__M3__ridge__LTU,BHR,2015,2017,9,9.0,6.0,0.375
PRIMARY_DELETE__HLO_to_P__primary_5y__M3__ridge__LTU,DEU,2015,2017,9,3.0,1.0,0.25
PRIMARY_DELETE__HLO_to_P__primary_5y__M3__ridge__LTU,EGY,2015,2017,9,8.0,9.0,0.125
PRIMARY_DELETE__HLO_to_P__primary_5y__M3__ridge__LTU,IDN,2015,2017,9,7.0,8.0,0.125
PRIMARY_DELETE__HLO_to_P__primary_5y__M3__ridge__LTU,JPN,2015,2017,9,2.0,4.0,0.25
PRIMARY_DELETE__HLO_to_P__primary_5y__M3__ridge__LTU,POL,2015,2017,9,1.0,2.0,0.125
PRIMARY_DELETE__HLO_to_P__primary_5y__M3__ridge__LTU,RUS,2015,2017,9,5.0,5.0,0.0
PRIMARY_DELETE__HLO_to_P__primary_5y__M3__ridge__LTU,SAU,2015,2017,9,6.0,7.0,0.125
PRIMARY_DELETE__HLO_to_P__primary_5y__M3__ridge__MAR,ISL,2000,2004,7,2.0,3.0,0.16666666666666666
PRIMARY_DELETE__HLO_to_P__primary_5y__M3__ridge__MAR,LTU,2000,2004,7,4.0,5.0,0.16666666666666666
PRIMARY_DELETE__HLO_to_P__primary_5y__M3__ridge__MAR,NLD,2000,2004,7,3.0,1.0,0.3333333333333333
PRIMARY_DELETE__HLO_to_P__primary_5y__M3__ridge__MAR,NOR,2000,2004,7,1.0,4.0,0.5
PRIMARY_DELETE__HLO_to_P__primary_5y__M3__ridge__MAR,PHL,2000,2004,7,6.0,7.0,0.16666666666666666
PRIMARY_DELETE__HLO_to_P__primary_5y__M3__ridge__MAR,USA,2000,2004,7,5.0,2.0,0.5
PRIMARY_DELETE__HLO_to_P__primary_5y__M3__ridge__MAR,ZAF,2000,2004,7,7.0,6.0,0.16666666666666666
PRIMARY_DELETE__HLO_to_P__primary_5y__M3__ridge__MAR,AUT,2005,2009,16,2.0,2.0,0.0
PRIMARY_DELETE__HLO_to_P__primary_5y__M3__ridge__MAR,BRA,2005,2009,16,12.0,13.0,0.06666666666666667
PRIMARY_DELETE__HLO_to_P__primary_5y__M3__ridge__MAR,CHL,2005,2009,16,13.0,10.0,0.2
PRIMARY_DELETE__HLO_to_P__primary_5y__M3__ridge__MAR,CRI,2005,2009,16,10.0,11.0,0.06666666666666667
PRIMARY_DELETE__HLO_to_P__primary_5y__M3__ridge__MAR,DEU,2005,2009,16,4.0,3.0,0.06666666666666667
PRIMARY_DELETE__HLO_to_P__primary_5y__M3__ridge__MAR,IDN,2005,2009,16,16.0,14.0,0.13333333333333333
PRIMARY_DELETE__HLO_to_P__primary_5y__M3__ridge__MAR,IRN,2005,2009,16,15.0,12.0,0.2
PRIMARY_DELETE__HLO_to_P__primary_5y__M3__ridge__MAR,ITA,2005,2009,16,9.0,4.0,0.3333333333333333
PRIMARY_DELETE__HLO_to_P__primary_5y__M3__ridge__MAR,JPN,2005,2009,16,1.0,6.0,0.3333333333333333
PRIMARY_DELETE__HLO_to_P__primary_5y__M3__ridge__MAR,NLD,2005,2009,16,3.0,1.0,0.13333333333333333
PRIMARY_DELETE__HLO_to_P__primary_5y__M3__ridge__MAR,NOR,2005,2009,16,6.0,5.0,0.06666666666666667
PRIMARY_DELETE__HLO_to_P__primary_5y__M3__ridge__MAR,PER,2005,2009,16,8.0,15.0,0.4666666666666667
PRIMARY_DELETE__HLO_to_P__primary_5y__M3__ridge__MAR,POL,2005,2009,16,7.0,7.0,0.0
PRIMARY_DELETE__HLO_to_P__primary_5y__M3__ridge__MAR,QAT,2005,2009,16,14.0,16.0,0.13333333333333333
PRIMARY_DELETE__HLO_to_P__primary_5y__M3__ridge__MAR,SVN,2005,2009,16,5.0,8.0,0.2
PRIMARY_DELETE__HLO_to_P__primary_5y__M3__ridge__MAR,UKR,2005,2009,16,11.0,9.0,0.13333333333333333
PRIMARY_DELETE__HLO_to_P__primary_5y__M3__ridge__MAR,BRA,2010,2014,19,9.0,15.0,0.3333333333333333
PRIMARY_DELETE__HLO_to_P__primary_5y__M3__ridge__MAR,CHL,2010,2014,19,17.0,9.0,0.4444444444444444
PRIMARY_DELETE__HLO_to_P__primary_5y__M3__ridge__MAR,COL,2010,2014,19,12.0,11.0,0.05555555555555555
PRIMARY_DELETE__HLO_to_P__primary_5y__M3__ridge__MAR,DEU,2010,2014,19,3.0,1.0,0.1111111111111111
PRIMARY_DELETE__HLO_to_P__primary_5y__M3__ridge__MAR,ESP,2010,2014,19,6.0,4.0,0.1111111111111111
PRIMARY_DELETE__HLO_to_P__primary_5y__M3__ridge__MAR,FIN,2010,2014,19,1.0,3.0,0.1111111111111111
PRIMARY_DELETE__HLO_to_P__primary_5y__M3__ridge__MAR,GHA,2010,2014,19,19.0,19.0,0.0
PRIMARY_DELETE__HLO_to_P__primary_5y__M3__ridge__MAR,HRV,2010,2014,19,8.0,8.0,0.0
PRIMARY_DELETE__HLO_to_P__primary_5y__M3__ridge__MAR,IDN,2010,2014,19,15.0,17.0,0.1111111111111111
PRIMARY_DELETE__HLO_to_P__primary_5y__M3__ridge__MAR,ITA,2010,2014,19,10.0,5.0,0.2777777777777778
PRIMARY_DELETE__HLO_to_P__primary_5y__M3__ridge__MAR,JOR,2010,2014,19,18.0,16.0,0.1111111111111111
PRIMARY_DELETE__HLO_to_P__primary_5y__M3__ridge__MAR,KAZ,2010,2014,19,13.0,13.0,0.0
PRIMARY_DELETE__HLO_to_P__primary_5y__M3__ridge__MAR,KOR,2010,2014,19,2.0,2.0,0.0
PRIMARY_DELETE__HLO_to_P__primary_5y__M3__ridge__MAR,MEX,2010,2014,19,7.0,12.0,0.2777777777777778
PRIMARY_DELETE__HLO_to_P__primary_5y__M3__ridge__MAR,OMN,2010,2014,19,11.0,14.0,0.16666666666666666
PRIMARY_DELETE__HLO_to_P__primary_5y__M3__ridge__MAR,POL,2010,2014,19,4.0,6.0,0.1111111111111111
PRIMARY_DELETE__HLO_to_P__primary_5y__M3__ridge__MAR,SAU,2010,2014,19,16.0,10.0,0.3333333333333333
PRIMARY_DELETE__HLO_to_P__primary_5y__M3__ridge__MAR,SRB,2010,2014,19,5.0,7.0,0.1111111111111111
PRIMARY_DELETE__HLO_to_P__primary_5y__M3__ridge__MAR,ZAF,2010,2014,19,14.0,18.0,0.2222222222222222
PRIMARY_DELETE__HLO_to_P__primary_5y__M3__ridge__MAR,AUS,2015,2017,9,4.0,3.0,0.125
PRIMARY_DELETE__HLO_to_P__primary_5y__M3__ridge__MAR,BHR,2015,2017,9,9.0,6.0,0.375
PRIMARY_DELETE__HLO_to_P__primary_5y__M3__ridge__MAR,DEU,2015,2017,9,3.0,1.0,0.25
PRIMARY_DELETE__HLO_to_P__primary_5y__M3__ridge__MAR,EGY,2015,2017,9,8.0,9.0,0.125
PRIMARY_DELETE__HLO_to_P__primary_5y__M3__ridge__MAR,IDN,2015,2017,9,7.0,8.0,0.125
PRIMARY_DELETE__HLO_to_P__primary_5y__M3__ridge__MAR,JPN,2015,2017,9,2.0,4.0,0.25
PRIMARY_DELETE__HLO_to_P__primary_5y__M3__ridge__MAR,POL,2015,2017,9,1.0,2.0,0.125
PRIMARY_DELETE__HLO_to_P__primary_5y__M3__ridge__MAR,RUS,2015,2017,9,5.0,5.0,0.0
PRIMARY_DELETE__HLO_to_P__primary_5y__M3__ridge__MAR,SAU,2015,2017,9,6.0,7.0,0.125
PRIMARY_DELETE__HLO_to_P__primary_5y__M3__ridge__MEX,ISL,2000,2004,7,2.0,3.0,0.16666666666666666
PRIMARY_DELETE__HLO_to_P__primary_5y__M3__ridge__MEX,LTU,2000,2004,7,4.0,4.0,0.0
PRIMARY_DELETE__HLO_to_P__primary_5y__M3__ridge__MEX,NLD,2000,2004,7,3.0,1.0,0.3333333333333333
PRIMARY_DELETE__HLO_to_P__primary_5y__M3__ridge__MEX,NOR,2000,2004,7,1.0,5.0,0.6666666666666666
PRIMARY_DELETE__HLO_to_P__primary_5y__M3__ridge__MEX,PHL,2000,2004,7,6.0,7.0,0.16666666666666666
PRIMARY_DELETE__HLO_to_P__primary_5y__M3__ridge__MEX,USA,2000,2004,7,5.0,2.0,0.5
PRIMARY_DELETE__HLO_to_P__primary_5y__M3__ridge__MEX,ZAF,2000,2004,7,7.0,6.0,0.16666666666666666
PRIMARY_DELETE__HLO_to_P__primary_5y__M3__ridge__MEX,AUT,2005,2009,17,2.0,5.0,0.1875
PRIMARY_DELETE__HLO_to_P__primary_5y__M3__ridge__MEX,BRA,2005,2009,17,12.0,12.0,0.0
PRIMARY_DELETE__HLO_to_P__primary_5y__M3__ridge__MEX,CHL,2005,2009,17,13.0,11.0,0.125
PRIMARY_DELETE__HLO_to_P__primary_5y__M3__ridge__MEX,CRI,2005,2009,17,10.0,10.0,0.0
PRIMARY_DELETE__HLO_to_P__primary_5y__M3__ridge__MEX,DEU,2005,2009,17,4.0,4.0,0.0
PRIMARY_DELETE__HLO_to_P__primary_5y__M3__ridge__MEX,IDN,2005,2009,17,16.0,17.0,0.0625
PRIMARY_DELETE__HLO_to_P__primary_5y__M3__ridge__MEX,IRN,2005,2009,17,15.0,13.0,0.125
PRIMARY_DELETE__HLO_to_P__primary_5y__M3__ridge__MEX,ITA,2005,2009,17,9.0,6.0,0.1875
PRIMARY_DELETE__HLO_to_P__primary_5y__M3__ridge__MEX,JPN,2005,2009,17,1.0,8.0,0.4375
PRIMARY_DELETE__HLO_to_P__primary_5y__M3__ridge__MEX,MAR,2005,2009,17,17.0,14.0,0.1875
PRIMARY_DELETE__HLO_to_P__primary_5y__M3__ridge__MEX,NLD,2005,2009,17,3.0,1.0,0.125
PRIMARY_DELETE__HLO_to_P__primary_5y__M3__ridge__MEX,NOR,2005,2009,17,6.0,3.0,0.1875
PRIMARY_DELETE__HLO_to_P__primary_5y__M3__ridge__MEX,PER,2005,2009,17,8.0,16.0,0.5
PRIMARY_DELETE__HLO_to_P__primary_5y__M3__ridge__MEX,POL,2005,2009,17,7.0,7.0,0.0
PRIMARY_DELETE__HLO_to_P__primary_5y__M3__ridge__MEX,QAT,2005,2009,17,14.0,15.0,0.0625
PRIMARY_DELETE__HLO_to_P__primary_5y__M3__ridge__MEX,SVN,2005,2009,17,5.0,2.0,0.1875
PRIMARY_DELETE__HLO_to_P__primary_5y__M3__ridge__MEX,UKR,2005,2009,17,11.0,9.0,0.125
PRIMARY_DELETE__HLO_to_P__primary_5y__M3__ridge__MEX,BRA,2010,2014,19,8.0,14.0,0.3333333333333333
PRIMARY_DELETE__HLO_to_P__primary_5y__M3__ridge__MEX,CHL,2010,2014,19,16.0,10.0,0.3333333333333333
PRIMARY_DELETE__HLO_to_P__primary_5y__M3__ridge__MEX,COL,2010,2014,19,11.0,13.0,0.1111111111111111
PRIMARY_DELETE__HLO_to_P__primary_5y__M3__ridge__MEX,DEU,2010,2014,19,3.0,4.0,0.05555555555555555
PRIMARY_DELETE__HLO_to_P__primary_5y__M3__ridge__MEX,ESP,2010,2014,19,6.0,3.0,0.16666666666666666
PRIMARY_DELETE__HLO_to_P__primary_5y__M3__ridge__MEX,FIN,2010,2014,19,1.0,1.0,0.0
PRIMARY_DELETE__HLO_to_P__primary_5y__M3__ridge__MEX,GHA,2010,2014,19,19.0,19.0,0.0
PRIMARY_DELETE__HLO_to_P__primary_5y__M3__ridge__MEX,HRV,2010,2014,19,7.0,5.0,0.1111111111111111
PRIMARY_DELETE__HLO_to_P__primary_5y__M3__ridge__MEX,IDN,2010,2014,19,14.0,17.0,0.16666666666666666
PRIMARY_DELETE__HLO_to_P__primary_5y__M3__ridge__MEX,ITA,2010,2014,19,9.0,6.0,0.16666666666666666
PRIMARY_DELETE__HLO_to_P__primary_5y__M3__ridge__MEX,JOR,2010,2014,19,17.0,11.0,0.3333333333333333
PRIMARY_DELETE__HLO_to_P__primary_5y__M3__ridge__MEX,KAZ,2010,2014,19,12.0,12.0,0.0
PRIMARY_DELETE__HLO_to_P__primary_5y__M3__ridge__MEX,KOR,2010,2014,19,2.0,2.0,0.0
PRIMARY_DELETE__HLO_to_P__primary_5y__M3__ridge__MEX,MAR,2010,2014,19,18.0,16.0,0.1111111111111111
PRIMARY_DELETE__HLO_to_P__primary_5y__M3__ridge__MEX,OMN,2010,2014,19,10.0,15.0,0.2777777777777778
PRIMARY_DELETE__HLO_to_P__primary_5y__M3__ridge__MEX,POL,2010,2014,19,4.0,7.0,0.16666666666666666
PRIMARY_DELETE__HLO_to_P__primary_5y__M3__ridge__MEX,SAU,2010,2014,19,15.0,9.0,0.3333333333333333
PRIMARY_DELETE__HLO_to_P__primary_5y__M3__ridge__MEX,SRB,2010,2014,19,5.0,8.0,0.16666666666666666
PRIMARY_DELETE__HLO_to_P__primary_5y__M3__ridge__MEX,ZAF,2010,2014,19,13.0,18.0,0.2777777777777778
PRIMARY_DELETE__HLO_to_P__primary_5y__M3__ridge__MEX,AUS,2015,2017,9,4.0,3.0,0.125
PRIMARY_DELETE__HLO_to_P__primary_5y__M3__ridge__MEX,BHR,2015,2017,9,9.0,6.0,0.375
PRIMARY_DELETE__HLO_to_P__primary_5y__M3__ridge__MEX,DEU,2015,2017,9,3.0,1.0,0.25
PRIMARY_DELETE__HLO_to_P__primary_5y__M3__ridge__MEX,EGY,2015,2017,9,8.0,9.0,0.125
PRIMARY_DELETE__HLO_to_P__primary_5y__M3__ridge__MEX,IDN,2015,2017,9,7.0,8.0,0.125
PRIMARY_DELETE__HLO_to_P__primary_5y__M3__ridge__MEX,JPN,2015,2017,9,2.0,4.0,0.25
PRIMARY_DELETE__HLO_to_P__primary_5y__M3__ridge__MEX,POL,2015,2017,9,1.0,2.0,0.125
PRIMARY_DELETE__HLO_to_P__primary_5y__M3__ridge__MEX,RUS,2015,2017,9,5.0,5.0,0.0
PRIMARY_DELETE__HLO_to_P__primary_5y__M3__ridge__MEX,SAU,2015,2017,9,6.0,7.0,0.125
PRIMARY_DELETE__HLO_to_P__primary_5y__M3__ridge__NLD,ISL,2000,2004,6,2.0,2.0,0.0
PRIMARY_DELETE__HLO_to_P__primary_5y__M3__ridge__NLD,LTU,2000,2004,6,3.0,3.0,0.0
PRIMARY_DELETE__HLO_to_P__primary_5y__M3__ridge__NLD,NOR,2000,2004,6,1.0,4.0,0.6
PRIMARY_DELETE__HLO_to_P__primary_5y__M3__ridge__NLD,PHL,2000,2004,6,5.0,6.0,0.2
PRIMARY_DELETE__HLO_to_P__primary_5y__M3__ridge__NLD,USA,2000,2004,6,4.0,1.0,0.6
PRIMARY_DELETE__HLO_to_P__primary_5y__M3__ridge__NLD,ZAF,2000,2004,6,6.0,5.0,0.2
PRIMARY_DELETE__HLO_to_P__primary_5y__M3__ridge__NLD,AUT,2005,2009,16,2.0,4.0,0.13333333333333333
PRIMARY_DELETE__HLO_to_P__primary_5y__M3__ridge__NLD,BRA,2005,2009,16,11.0,12.0,0.06666666666666667
PRIMARY_DELETE__HLO_to_P__primary_5y__M3__ridge__NLD,CHL,2005,2009,16,12.0,10.0,0.13333333333333333
PRIMARY_DELETE__HLO_to_P__primary_5y__M3__ridge__NLD,CRI,2005,2009,16,9.0,9.0,0.0
PRIMARY_DELETE__HLO_to_P__primary_5y__M3__ridge__NLD,DEU,2005,2009,16,3.0,3.0,0.0
PRIMARY_DELETE__HLO_to_P__primary_5y__M3__ridge__NLD,IDN,2005,2009,16,15.0,15.0,0.0
PRIMARY_DELETE__HLO_to_P__primary_5y__M3__ridge__NLD,IRN,2005,2009,16,14.0,11.0,0.2
PRIMARY_DELETE__HLO_to_P__primary_5y__M3__ridge__NLD,ITA,2005,2009,16,8.0,5.0,0.2
PRIMARY_DELETE__HLO_to_P__primary_5y__M3__ridge__NLD,JPN,2005,2009,16,1.0,7.0,0.4
PRIMARY_DELETE__HLO_to_P__primary_5y__M3__ridge__NLD,MAR,2005,2009,16,16.0,16.0,0.0
PRIMARY_DELETE__HLO_to_P__primary_5y__M3__ridge__NLD,NOR,2005,2009,16,5.0,2.0,0.2
PRIMARY_DELETE__HLO_to_P__primary_5y__M3__ridge__NLD,PER,2005,2009,16,7.0,13.0,0.4
PRIMARY_DELETE__HLO_to_P__primary_5y__M3__ridge__NLD,POL,2005,2009,16,6.0,6.0,0.0
PRIMARY_DELETE__HLO_to_P__primary_5y__M3__ridge__NLD,QAT,2005,2009,16,13.0,14.0,0.06666666666666667
PRIMARY_DELETE__HLO_to_P__primary_5y__M3__ridge__NLD,SVN,2005,2009,16,4.0,1.0,0.2
PRIMARY_DELETE__HLO_to_P__primary_5y__M3__ridge__NLD,UKR,2005,2009,16,10.0,8.0,0.13333333333333333
PRIMARY_DELETE__HLO_to_P__primary_5y__M3__ridge__NLD,BRA,2010,2014,20,9.0,15.0,0.3157894736842105
PRIMARY_DELETE__HLO_to_P__primary_5y__M3__ridge__NLD,CHL,2010,2014,20,17.0,10.0,0.3684210526315789
PRIMARY_DELETE__HLO_to_P__primary_5y__M3__ridge__NLD,COL,2010,2014,20,12.0,13.0,0.05263157894736842
PRIMARY_DELETE__HLO_to_P__primary_5y__M3__ridge__NLD,DEU,2010,2014,20,3.0,3.0,0.0
PRIMARY_DELETE__HLO_to_P__primary_5y__M3__ridge__NLD,ESP,2010,2014,20,6.0,4.0,0.10526315789473684
PRIMARY_DELETE__HLO_to_P__primary_5y__M3__ridge__NLD,FIN,2010,2014,20,1.0,1.0,0.0
PRIMARY_DELETE__HLO_to_P__primary_5y__M3__ridge__NLD,GHA,2010,2014,20,20.0,20.0,0.0
PRIMARY_DELETE__HLO_to_P__primary_5y__M3__ridge__NLD,HRV,2010,2014,20,8.0,5.0,0.15789473684210525
PRIMARY_DELETE__HLO_to_P__primary_5y__M3__ridge__NLD,IDN,2010,2014,20,15.0,17.0,0.10526315789473684
PRIMARY_DELETE__HLO_to_P__primary_5y__M3__ridge__NLD,ITA,2010,2014,20,10.0,6.0,0.21052631578947367
PRIMARY_DELETE__HLO_to_P__primary_5y__M3__ridge__NLD,JOR,2010,2014,20,18.0,11.0,0.3684210526315789
PRIMARY_DELETE__HLO_to_P__primary_5y__M3__ridge__NLD,KAZ,2010,2014,20,13.0,12.0,0.05263157894736842
PRIMARY_DELETE__HLO_to_P__primary_5y__M3__ridge__NLD,KOR,2010,2014,20,2.0,2.0,0.0
PRIMARY_DELETE__HLO_to_P__primary_5y__M3__ridge__NLD,MAR,2010,2014,20,19.0,18.0,0.05263157894736842
PRIMARY_DELETE__HLO_to_P__primary_5y__M3__ridge__NLD,MEX,2010,2014,20,7.0,14.0,0.3684210526315789
PRIMARY_DELETE__HLO_to_P__primary_5y__M3__ridge__NLD,OMN,2010,2014,20,11.0,16.0,0.2631578947368421
PRIMARY_DELETE__HLO_to_P__primary_5y__M3__ridge__NLD,POL,2010,2014,20,4.0,7.0,0.15789473684210525
PRIMARY_DELETE__HLO_to_P__primary_5y__M3__ridge__NLD,SAU,2010,2014,20,16.0,8.0,0.42105263157894735
PRIMARY_DELETE__HLO_to_P__primary_5y__M3__ridge__NLD,SRB,2010,2014,20,5.0,9.0,0.21052631578947367
PRIMARY_DELETE__HLO_to_P__primary_5y__M3__ridge__NLD,ZAF,2010,2014,20,14.0,19.0,0.2631578947368421
PRIMARY_DELETE__HLO_to_P__primary_5y__M3__ridge__NLD,AUS,2015,2017,9,4.0,3.0,0.125
PRIMARY_DELETE__HLO_to_P__primary_5y__M3__ridge__NLD,BHR,2015,2017,9,9.0,6.0,0.375
PRIMARY_DELETE__HLO_to_P__primary_5y__M3__ridge__NLD,DEU,2015,2017,9,3.0,1.0,0.25
PRIMARY_DELETE__HLO_to_P__primary_5y__M3__ridge__NLD,EGY,2015,2017,9,8.0,9.0,0.125
PRIMARY_DELETE__HLO_to_P__primary_5y__M3__ridge__NLD,IDN,2015,2017,9,7.0,8.0,0.125
PRIMARY_DELETE__HLO_to_P__primary_5y__M3__ridge__NLD,JPN,2015,2017,9,2.0,4.0,0.25
PRIMARY_DELETE__HLO_to_P__primary_5y__M3__ridge__NLD,POL,2015,2017,9,1.0,2.0,0.125
PRIMARY_DELETE__HLO_to_P__primary_5y__M3__ridge__NLD,RUS,2015,2017,9,5.0,5.0,0.0
PRIMARY_DELETE__HLO_to_P__primary_5y__M3__ridge__NLD,SAU,2015,2017,9,6.0,7.0,0.125
PRIMARY_DELETE__HLO_to_P__primary_5y__M3__ridge__NOR,ISL,2000,2004,6,1.0,3.0,0.4
PRIMARY_DELETE__HLO_to_P__primary_5y__M3__ridge__NOR,LTU,2000,2004,6,3.0,4.0,0.2
PRIMARY_DELETE__HLO_to_P__primary_5y__M3__ridge__NOR,NLD,2000,2004,6,2.0,1.0,0.2
PRIMARY_DELETE__HLO_to_P__primary_5y__M3__ridge__NOR,PHL,2000,2004,6,5.0,6.0,0.2
PRIMARY_DELETE__HLO_to_P__primary_5y__M3__ridge__NOR,USA,2000,2004,6,4.0,2.0,0.4
PRIMARY_DELETE__HLO_to_P__primary_5y__M3__ridge__NOR,ZAF,2000,2004,6,6.0,5.0,0.2
PRIMARY_DELETE__HLO_to_P__primary_5y__M3__ridge__NOR,AUT,2005,2009,16,2.0,5.0,0.2
PRIMARY_DELETE__HLO_to_P__primary_5y__M3__ridge__NOR,BRA,2005,2009,16,11.0,11.0,0.0
PRIMARY_DELETE__HLO_to_P__primary_5y__M3__ridge__NOR,CHL,2005,2009,16,12.0,10.0,0.13333333333333333
PRIMARY_DELETE__HLO_to_P__primary_5y__M3__ridge__NOR,CRI,2005,2009,16,9.0,9.0,0.0
PRIMARY_DELETE__HLO_to_P__primary_5y__M3__ridge__NOR,DEU,2005,2009,16,4.0,3.0,0.06666666666666667
PRIMARY_DELETE__HLO_to_P__primary_5y__M3__ridge__NOR,IDN,2005,2009,16,15.0,16.0,0.06666666666666667
PRIMARY_DELETE__HLO_to_P__primary_5y__M3__ridge__NOR,IRN,2005,2009,16,14.0,12.0,0.13333333333333333
PRIMARY_DELETE__HLO_to_P__primary_5y__M3__ridge__NOR,ITA,2005,2009,16,8.0,4.0,0.26666666666666666
PRIMARY_DELETE__HLO_to_P__primary_5y__M3__ridge__NOR,JPN,2005,2009,16,1.0,6.0,0.3333333333333333
PRIMARY_DELETE__HLO_to_P__primary_5y__M3__ridge__NOR,MAR,2005,2009,16,16.0,13.0,0.2
PRIMARY_DELETE__HLO_to_P__primary_5y__M3__ridge__NOR,NLD,2005,2009,16,3.0,1.0,0.13333333333333333
PRIMARY_DELETE__HLO_to_P__primary_5y__M3__ridge__NOR,PER,2005,2009,16,7.0,14.0,0.4666666666666667
PRIMARY_DELETE__HLO_to_P__primary_5y__M3__ridge__NOR,POL,2005,2009,16,6.0,7.0,0.06666666666666667
PRIMARY_DELETE__HLO_to_P__primary_5y__M3__ridge__NOR,QAT,2005,2009,16,13.0,15.0,0.13333333333333333
PRIMARY_DELETE__HLO_to_P__primary_5y__M3__ridge__NOR,SVN,2005,2009,16,5.0,2.0,0.2
PRIMARY_DELETE__HLO_to_P__primary_5y__M3__ridge__NOR,UKR,2005,2009,16,10.0,8.0,0.13333333333333333
PRIMARY_DELETE__HLO_to_P__primary_5y__M3__ridge__NOR,BRA,2010,2014,20,9.0,15.0,0.3157894736842105
PRIMARY_DELETE__HLO_to_P__primary_5y__M3__ridge__NOR,CHL,2010,2014,20,17.0,9.0,0.42105263157894735
PRIMARY_DELETE__HLO_to_P__primary_5y__M3__ridge__NOR,COL,2010,2014,20,12.0,12.0,0.0
PRIMARY_DELETE__HLO_to_P__primary_5y__M3__ridge__NOR,DEU,2010,2014,20,3.0,4.0,0.05263157894736842
PRIMARY_DELETE__HLO_to_P__primary_5y__M3__ridge__NOR,ESP,2010,2014,20,6.0,3.0,0.15789473684210525
PRIMARY_DELETE__HLO_to_P__primary_5y__M3__ridge__NOR,FIN,2010,2014,20,1.0,1.0,0.0
PRIMARY_DELETE__HLO_to_P__primary_5y__M3__ridge__NOR,GHA,2010,2014,20,20.0,20.0,0.0
PRIMARY_DELETE__HLO_to_P__primary_5y__M3__ridge__NOR,HRV,2010,2014,20,8.0,5.0,0.15789473684210525
PRIMARY_DELETE__HLO_to_P__primary_5y__M3__ridge__NOR,IDN,2010,2014,20,15.0,18.0,0.15789473684210525
PRIMARY_DELETE__HLO_to_P__primary_5y__M3__ridge__NOR,ITA,2010,2014,20,10.0,6.0,0.21052631578947367
PRIMARY_DELETE__HLO_to_P__primary_5y__M3__ridge__NOR,JOR,2010,2014,20,18.0,13.0,0.2631578947368421
PRIMARY_DELETE__HLO_to_P__primary_5y__M3__ridge__NOR,KAZ,2010,2014,20,13.0,11.0,0.10526315789473684
PRIMARY_DELETE__HLO_to_P__primary_5y__M3__ridge__NOR,KOR,2010,2014,20,2.0,2.0,0.0
PRIMARY_DELETE__HLO_to_P__primary_5y__M3__ridge__NOR,MAR,2010,2014,20,19.0,17.0,0.10526315789473684
PRIMARY_DELETE__HLO_to_P__primary_5y__M3__ridge__NOR,MEX,2010,2014,20,7.0,14.0,0.3684210526315789
PRIMARY_DELETE__HLO_to_P__primary_5y__M3__ridge__NOR,OMN,2010,2014,20,11.0,16.0,0.2631578947368421
PRIMARY_DELETE__HLO_to_P__primary_5y__M3__ridge__NOR,POL,2010,2014,20,4.0,7.0,0.15789473684210525
PRIMARY_DELETE__HLO_to_P__primary_5y__M3__ridge__NOR,SAU,2010,2014,20,16.0,10.0,0.3157894736842105
PRIMARY_DELETE__HLO_to_P__primary_5y__M3__ridge__NOR,SRB,2010,2014,20,5.0,8.0,0.15789473684210525
PRIMARY_DELETE__HLO_to_P__primary_5y__M3__ridge__NOR,ZAF,2010,2014,20,14.0,19.0,0.2631578947368421
PRIMARY_DELETE__HLO_to_P__primary_5y__M3__ridge__NOR,AUS,2015,2017,9,4.0,4.0,0.0
PRIMARY_DELETE__HLO_to_P__primary_5y__M3__ridge__NOR,BHR,2015,2017,9,9.0,6.0,0.375
PRIMARY_DELETE__HLO_to_P__primary_5y__M3__ridge__NOR,DEU,2015,2017,9,3.0,1.0,0.25
PRIMARY_DELETE__HLO_to_P__primary_5y__M3__ridge__NOR,EGY,2015,2017,9,8.0,9.0,0.125
PRIMARY_DELETE__HLO_to_P__primary_5y__M3__ridge__NOR,IDN,2015,2017,9,7.0,8.0,0.125
PRIMARY_DELETE__HLO_to_P__primary_5y__M3__ridge__NOR,JPN,2015,2017,9,2.0,3.0,0.125
PRIMARY_DELETE__HLO_to_P__primary_5y__M3__ridge__NOR,POL,2015,2017,9,1.0,2.0,0.125
PRIMARY_DELETE__HLO_to_P__primary_5y__M3__ridge__NOR,RUS,2015,2017,9,5.0,5.0,0.0
PRIMARY_DELETE__HLO_to_P__primary_5y__M3__ridge__NOR,SAU,2015,2017,9,6.0,7.0,0.125
PRIMARY_DELETE__HLO_to_P__primary_5y__M3__ridge__OMN,ISL,2000,2004,7,2.0,3.0,0.16666666666666666
PRIMARY_DELETE__HLO_to_P__primary_5y__M3__ridge__OMN,LTU,2000,2004,7,4.0,4.0,0.0
PRIMARY_DELETE__HLO_to_P__primary_5y__M3__ridge__OMN,NLD,2000,2004,7,3.0,1.0,0.3333333333333333
PRIMARY_DELETE__HLO_to_P__primary_5y__M3__ridge__OMN,NOR,2000,2004,7,1.0,5.0,0.6666666666666666
PRIMARY_DELETE__HLO_to_P__primary_5y__M3__ridge__OMN,PHL,2000,2004,7,6.0,7.0,0.16666666666666666
PRIMARY_DELETE__HLO_to_P__primary_5y__M3__ridge__OMN,USA,2000,2004,7,5.0,2.0,0.5
PRIMARY_DELETE__HLO_to_P__primary_5y__M3__ridge__OMN,ZAF,2000,2004,7,7.0,6.0,0.16666666666666666
PRIMARY_DELETE__HLO_to_P__primary_5y__M3__ridge__OMN,AUT,2005,2009,17,2.0,5.0,0.1875
PRIMARY_DELETE__HLO_to_P__primary_5y__M3__ridge__OMN,BRA,2005,2009,17,12.0,12.0,0.0
PRIMARY_DELETE__HLO_to_P__primary_5y__M3__ridge__OMN,CHL,2005,2009,17,13.0,11.0,0.125
PRIMARY_DELETE__HLO_to_P__primary_5y__M3__ridge__OMN,CRI,2005,2009,17,10.0,10.0,0.0
PRIMARY_DELETE__HLO_to_P__primary_5y__M3__ridge__OMN,DEU,2005,2009,17,4.0,4.0,0.0
PRIMARY_DELETE__HLO_to_P__primary_5y__M3__ridge__OMN,IDN,2005,2009,17,16.0,17.0,0.0625
PRIMARY_DELETE__HLO_to_P__primary_5y__M3__ridge__OMN,IRN,2005,2009,17,15.0,13.0,0.125
PRIMARY_DELETE__HLO_to_P__primary_5y__M3__ridge__OMN,ITA,2005,2009,17,9.0,6.0,0.1875
PRIMARY_DELETE__HLO_to_P__primary_5y__M3__ridge__OMN,JPN,2005,2009,17,1.0,8.0,0.4375
PRIMARY_DELETE__HLO_to_P__primary_5y__M3__ridge__OMN,MAR,2005,2009,17,17.0,14.0,0.1875
PRIMARY_DELETE__HLO_to_P__primary_5y__M3__ridge__OMN,NLD,2005,2009,17,3.0,1.0,0.125
PRIMARY_DELETE__HLO_to_P__primary_5y__M3__ridge__OMN,NOR,2005,2009,17,6.0,3.0,0.1875
PRIMARY_DELETE__HLO_to_P__primary_5y__M3__ridge__OMN,PER,2005,2009,17,8.0,15.0,0.4375
PRIMARY_DELETE__HLO_to_P__primary_5y__M3__ridge__OMN,POL,2005,2009,17,7.0,7.0,0.0
PRIMARY_DELETE__HLO_to_P__primary_5y__M3__ridge__OMN,QAT,2005,2009,17,14.0,16.0,0.125
PRIMARY_DELETE__HLO_to_P__primary_5y__M3__ridge__OMN,SVN,2005,2009,17,5.0,2.0,0.1875
PRIMARY_DELETE__HLO_to_P__primary_5y__M3__ridge__OMN,UKR,2005,2009,17,11.0,9.0,0.125
PRIMARY_DELETE__HLO_to_P__primary_5y__M3__ridge__OMN,BRA,2010,2014,19,9.0,15.0,0.3333333333333333
PRIMARY_DELETE__HLO_to_P__primary_5y__M3__ridge__OMN,CHL,2010,2014,19,16.0,10.0,0.3333333333333333
PRIMARY_DELETE__HLO_to_P__primary_5y__M3__ridge__OMN,COL,2010,2014,19,11.0,13.0,0.1111111111111111
PRIMARY_DELETE__HLO_to_P__primary_5y__M3__ridge__OMN,DEU,2010,2014,19,3.0,3.0,0.0
PRIMARY_DELETE__HLO_to_P__primary_5y__M3__ridge__OMN,ESP,2010,2014,19,6.0,4.0,0.1111111111111111
PRIMARY_DELETE__HLO_to_P__primary_5y__M3__ridge__OMN,FIN,2010,2014,19,1.0,1.0,0.0
PRIMARY_DELETE__HLO_to_P__primary_5y__M3__ridge__OMN,GHA,2010,2014,19,19.0,19.0,0.0
PRIMARY_DELETE__HLO_to_P__primary_5y__M3__ridge__OMN,HRV,2010,2014,19,8.0,5.0,0.16666666666666666
PRIMARY_DELETE__HLO_to_P__primary_5y__M3__ridge__OMN,IDN,2010,2014,19,14.0,17.0,0.16666666666666666
PRIMARY_DELETE__HLO_to_P__primary_5y__M3__ridge__OMN,ITA,2010,2014,19,10.0,6.0,0.2222222222222222
PRIMARY_DELETE__HLO_to_P__primary_5y__M3__ridge__OMN,JOR,2010,2014,19,17.0,11.0,0.3333333333333333
PRIMARY_DELETE__HLO_to_P__primary_5y__M3__ridge__OMN,KAZ,2010,2014,19,12.0,12.0,0.0
PRIMARY_DELETE__HLO_to_P__primary_5y__M3__ridge__OMN,KOR,2010,2014,19,2.0,2.0,0.0
PRIMARY_DELETE__HLO_to_P__primary_5y__M3__ridge__OMN,MAR,2010,2014,19,18.0,16.0,0.1111111111111111
PRIMARY_DELETE__HLO_to_P__primary_5y__M3__ridge__OMN,MEX,2010,2014,19,7.0,14.0,0.3888888888888889
PRIMARY_DELETE__HLO_to_P__primary_5y__M3__ridge__OMN,POL,2010,2014,19,4.0,7.0,0.16666666666666666
PRIMARY_DELETE__HLO_to_P__primary_5y__M3__ridge__OMN,SAU,2010,2014,19,15.0,9.0,0.3333333333333333
PRIMARY_DELETE__HLO_to_P__primary_5y__M3__ridge__OMN,SRB,2010,2014,19,5.0,8.0,0.16666666666666666
PRIMARY_DELETE__HLO_to_P__primary_5y__M3__ridge__OMN,ZAF,2010,2014,19,13.0,18.0,0.2777777777777778
PRIMARY_DELETE__HLO_to_P__primary_5y__M3__ridge__OMN,AUS,2015,2017,9,4.0,3.0,0.125
PRIMARY_DELETE__HLO_to_P__primary_5y__M3__ridge__OMN,BHR,2015,2017,9,9.0,6.0,0.375
PRIMARY_DELETE__HLO_to_P__primary_5y__M3__ridge__OMN,DEU,2015,2017,9,3.0,1.0,0.25
PRIMARY_DELETE__HLO_to_P__primary_5y__M3__ridge__OMN,EGY,2015,2017,9,8.0,9.0,0.125
PRIMARY_DELETE__HLO_to_P__primary_5y__M3__ridge__OMN,IDN,2015,2017,9,7.0,8.0,0.125
PRIMARY_DELETE__HLO_to_P__primary_5y__M3__ridge__OMN,JPN,2015,2017,9,2.0,4.0,0.25
PRIMARY_DELETE__HLO_to_P__primary_5y__M3__ridge__OMN,POL,2015,2017,9,1.0,2.0,0.125
PRIMARY_DELETE__HLO_to_P__primary_5y__M3__ridge__OMN,RUS,2015,2017,9,5.0,5.0,0.0
PRIMARY_DELETE__HLO_to_P__primary_5y__M3__ridge__OMN,SAU,2015,2017,9,6.0,7.0,0.125
PRIMARY_DELETE__HLO_to_P__primary_5y__M3__ridge__PER,ISL,2000,2004,7,2.0,2.0,0.0
PRIMARY_DELETE__HLO_to_P__primary_5y__M3__ridge__PER,LTU,2000,2004,7,4.0,5.0,0.16666666666666666
PRIMARY_DELETE__HLO_to_P__primary_5y__M3__ridge__PER,NLD,2000,2004,7,3.0,1.0,0.3333333333333333
PRIMARY_DELETE__HLO_to_P__primary_5y__M3__ridge__PER,NOR,2000,2004,7,1.0,4.0,0.5
PRIMARY_DELETE__HLO_to_P__primary_5y__M3__ridge__PER,PHL,2000,2004,7,6.0,7.0,0.16666666666666666
PRIMARY_DELETE__HLO_to_P__primary_5y__M3__ridge__PER,USA,2000,2004,7,5.0,3.0,0.3333333333333333
PRIMARY_DELETE__HLO_to_P__primary_5y__M3__ridge__PER,ZAF,2000,2004,7,7.0,6.0,0.16666666666666666
PRIMARY_DELETE__HLO_to_P__primary_5y__M3__ridge__PER,AUT,2005,2009,16,2.0,4.0,0.13333333333333333
PRIMARY_DELETE__HLO_to_P__primary_5y__M3__ridge__PER,BRA,2005,2009,16,11.0,13.0,0.13333333333333333
PRIMARY_DELETE__HLO_to_P__primary_5y__M3__ridge__PER,CHL,2005,2009,16,12.0,11.0,0.06666666666666667
PRIMARY_DELETE__HLO_to_P__primary_5y__M3__ridge__PER,CRI,2005,2009,16,9.0,9.0,0.0
PRIMARY_DELETE__HLO_to_P__primary_5y__M3__ridge__PER,DEU,2005,2009,16,4.0,5.0,0.06666666666666667
PRIMARY_DELETE__HLO_to_P__primary_5y__M3__ridge__PER,IDN,2005,2009,16,15.0,16.0,0.06666666666666667
PRIMARY_DELETE__HLO_to_P__primary_5y__M3__ridge__PER,IRN,2005,2009,16,14.0,12.0,0.13333333333333333
PRIMARY_DELETE__HLO_to_P__primary_5y__M3__ridge__PER,ITA,2005,2009,16,8.0,7.0,0.06666666666666667
PRIMARY_DELETE__HLO_to_P__primary_5y__M3__ridge__PER,JPN,2005,2009,16,1.0,8.0,0.4666666666666667
PRIMARY_DELETE__HLO_to_P__primary_5y__M3__ridge__PER,MAR,2005,2009,16,16.0,15.0,0.06666666666666667
PRIMARY_DELETE__HLO_to_P__primary_5y__M3__ridge__PER,NLD,2005,2009,16,3.0,1.0,0.13333333333333333
PRIMARY_DELETE__HLO_to_P__primary_5y__M3__ridge__PER,NOR,2005,2009,16,6.0,2.0,0.26666666666666666
PRIMARY_DELETE__HLO_to_P__primary_5y__M3__ridge__PER,POL,2005,2009,16,7.0,6.0,0.06666666666666667
PRIMARY_DELETE__HLO_to_P__primary_5y__M3__ridge__PER,QAT,2005,2009,16,13.0,14.0,0.06666666666666667
PRIMARY_DELETE__HLO_to_P__primary_5y__M3__ridge__PER,SVN,2005,2009,16,5.0,3.0,0.13333333333333333
PRIMARY_DELETE__HLO_to_P__primary_5y__M3__ridge__PER,UKR,2005,2009,16,10.0,10.0,0.0
PRIMARY_DELETE__HLO_to_P__primary_5y__M3__ridge__PER,BRA,2010,2014,20,9.0,13.0,0.21052631578947367
PRIMARY_DELETE__HLO_to_P__primary_5y__M3__ridge__PER,CHL,2010,2014,20,17.0,9.0,0.42105263157894735
PRIMARY_DELETE__HLO_to_P__primary_5y__M3__ridge__PER,COL,2010,2014,20,12.0,16.0,0.21052631578947367
PRIMARY_DELETE__HLO_to_P__primary_5y__M3__ridge__PER,DEU,2010,2014,20,3.0,3.0,0.0
PRIMARY_DELETE__HLO_to_P__primary_5y__M3__ridge__PER,ESP,2010,2014,20,6.0,4.0,0.10526315789473684
PRIMARY_DELETE__HLO_to_P__primary_5y__M3__ridge__PER,FIN,2010,2014,20,1.0,1.0,0.0
PRIMARY_DELETE__HLO_to_P__primary_5y__M3__ridge__PER,GHA,2010,2014,20,20.0,20.0,0.0
PRIMARY_DELETE__HLO_to_P__primary_5y__M3__ridge__PER,HRV,2010,2014,20,8.0,5.0,0.15789473684210525
PRIMARY_DELETE__HLO_to_P__primary_5y__M3__ridge__PER,IDN,2010,2014,20,15.0,18.0,0.15789473684210525
PRIMARY_DELETE__HLO_to_P__primary_5y__M3__ridge__PER,ITA,2010,2014,20,10.0,7.0,0.15789473684210525
PRIMARY_DELETE__HLO_to_P__primary_5y__M3__ridge__PER,JOR,2010,2014,20,18.0,12.0,0.3157894736842105
PRIMARY_DELETE__HLO_to_P__primary_5y__M3__ridge__PER,KAZ,2010,2014,20,13.0,11.0,0.10526315789473684
PRIMARY_DELETE__HLO_to_P__primary_5y__M3__ridge__PER,KOR,2010,2014,20,2.0,2.0,0.0
PRIMARY_DELETE__HLO_to_P__primary_5y__M3__ridge__PER,MAR,2010,2014,20,19.0,17.0,0.10526315789473684
PRIMARY_DELETE__HLO_to_P__primary_5y__M3__ridge__PER,MEX,2010,2014,20,7.0,15.0,0.42105263157894735
PRIMARY_DELETE__HLO_to_P__primary_5y__M3__ridge__PER,OMN,2010,2014,20,11.0,14.0,0.15789473684210525
PRIMARY_DELETE__HLO_to_P__primary_5y__M3__ridge__PER,POL,2010,2014,20,4.0,6.0,0.10526315789473684
PRIMARY_DELETE__HLO_to_P__primary_5y__M3__ridge__PER,SAU,2010,2014,20,16.0,10.0,0.3157894736842105
PRIMARY_DELETE__HLO_to_P__primary_5y__M3__ridge__PER,SRB,2010,2014,20,5.0,8.0,0.15789473684210525
PRIMARY_DELETE__HLO_to_P__primary_5y__M3__ridge__PER,ZAF,2010,2014,20,14.0,19.0,0.2631578947368421
PRIMARY_DELETE__HLO_to_P__primary_5y__M3__ridge__PER,AUS,2015,2017,9,4.0,3.0,0.125
PRIMARY_DELETE__HLO_to_P__primary_5y__M3__ridge__PER,BHR,2015,2017,9,9.0,6.0,0.375
PRIMARY_DELETE__HLO_to_P__primary_5y__M3__ridge__PER,DEU,2015,2017,9,3.0,2.0,0.125
PRIMARY_DELETE__HLO_to_P__primary_5y__M3__ridge__PER,EGY,2015,2017,9,8.0,9.0,0.125
PRIMARY_DELETE__HLO_to_P__primary_5y__M3__ridge__PER,IDN,2015,2017,9,7.0,8.0,0.125
PRIMARY_DELETE__HLO_to_P__primary_5y__M3__ridge__PER,JPN,2015,2017,9,2.0,5.0,0.375
PRIMARY_DELETE__HLO_to_P__primary_5y__M3__ridge__PER,POL,2015,2017,9,1.0,1.0,0.0
PRIMARY_DELETE__HLO_to_P__primary_5y__M3__ridge__PER,RUS,2015,2017,9,5.0,4.0,0.125
PRIMARY_DELETE__HLO_to_P__primary_5y__M3__ridge__PER,SAU,2015,2017,9,6.0,7.0,0.125
PRIMARY_DELETE__HLO_to_P__primary_5y__M3__ridge__PHL,ISL,2000,2004,6,2.0,1.0,0.2
PRIMARY_DELETE__HLO_to_P__primary_5y__M3__ridge__PHL,LTU,2000,2004,6,4.0,5.0,0.2
PRIMARY_DELETE__HLO_to_P__primary_5y__M3__ridge__PHL,NLD,2000,2004,6,3.0,2.0,0.2
PRIMARY_DELETE__HLO_to_P__primary_5y__M3__ridge__PHL,NOR,2000,2004,6,1.0,3.0,0.4
PRIMARY_DELETE__HLO_to_P__primary_5y__M3__ridge__PHL,USA,2000,2004,6,5.0,4.0,0.2
PRIMARY_DELETE__HLO_to_P__primary_5y__M3__ridge__PHL,ZAF,2000,2004,6,6.0,6.0,0.0
PRIMARY_DELETE__HLO_to_P__primary_5y__M3__ridge__PHL,AUT,2005,2009,17,2.0,5.0,0.1875
PRIMARY_DELETE__HLO_to_P__primary_5y__M3__ridge__PHL,BRA,2005,2009,17,12.0,12.0,0.0
PRIMARY_DELETE__HLO_to_P__primary_5y__M3__ridge__PHL,CHL,2005,2009,17,13.0,10.0,0.1875
PRIMARY_DELETE__HLO_to_P__primary_5y__M3__ridge__PHL,CRI,2005,2009,17,10.0,11.0,0.0625
PRIMARY_DELETE__HLO_to_P__primary_5y__M3__ridge__PHL,DEU,2005,2009,17,4.0,4.0,0.0
PRIMARY_DELETE__HLO_to_P__primary_5y__M3__ridge__PHL,IDN,2005,2009,17,16.0,17.0,0.0625
PRIMARY_DELETE__HLO_to_P__primary_5y__M3__ridge__PHL,IRN,2005,2009,17,15.0,13.0,0.125
PRIMARY_DELETE__HLO_to_P__primary_5y__M3__ridge__PHL,ITA,2005,2009,17,9.0,6.0,0.1875
PRIMARY_DELETE__HLO_to_P__primary_5y__M3__ridge__PHL,JPN,2005,2009,17,1.0,8.0,0.4375
PRIMARY_DELETE__HLO_to_P__primary_5y__M3__ridge__PHL,MAR,2005,2009,17,17.0,14.0,0.1875
PRIMARY_DELETE__HLO_to_P__primary_5y__M3__ridge__PHL,NLD,2005,2009,17,3.0,1.0,0.125
PRIMARY_DELETE__HLO_to_P__primary_5y__M3__ridge__PHL,NOR,2005,2009,17,6.0,2.0,0.25
PRIMARY_DELETE__HLO_to_P__primary_5y__M3__ridge__PHL,PER,2005,2009,17,8.0,16.0,0.5
PRIMARY_DELETE__HLO_to_P__primary_5y__M3__ridge__PHL,POL,2005,2009,17,7.0,7.0,0.0
PRIMARY_DELETE__HLO_to_P__primary_5y__M3__ridge__PHL,QAT,2005,2009,17,14.0,15.0,0.0625
PRIMARY_DELETE__HLO_to_P__primary_5y__M3__ridge__PHL,SVN,2005,2009,17,5.0,3.0,0.125
PRIMARY_DELETE__HLO_to_P__primary_5y__M3__ridge__PHL,UKR,2005,2009,17,11.0,9.0,0.125
PRIMARY_DELETE__HLO_to_P__primary_5y__M3__ridge__PHL,BRA,2010,2014,20,9.0,11.0,0.10526315789473684
PRIMARY_DELETE__HLO_to_P__primary_5y__M3__ridge__PHL,CHL,2010,2014,20,17.0,9.0,0.42105263157894735
PRIMARY_DELETE__HLO_to_P__primary_5y__M3__ridge__PHL,COL,2010,2014,20,12.0,12.0,0.0
PRIMARY_DELETE__HLO_to_P__primary_5y__M3__ridge__PHL,DEU,2010,2014,20,3.0,3.0,0.0
PRIMARY_DELETE__HLO_to_P__primary_5y__M3__ridge__PHL,ESP,2010,2014,20,6.0,4.0,0.10526315789473684
PRIMARY_DELETE__HLO_to_P__primary_5y__M3__ridge__PHL,FIN,2010,2014,20,1.0,1.0,0.0
PRIMARY_DELETE__HLO_to_P__primary_5y__M3__ridge__PHL,GHA,2010,2014,20,20.0,20.0,0.0
PRIMARY_DELETE__HLO_to_P__primary_5y__M3__ridge__PHL,HRV,2010,2014,20,8.0,7.0,0.05263157894736842
PRIMARY_DELETE__HLO_to_P__primary_5y__M3__ridge__PHL,IDN,2010,2014,20,15.0,18.0,0.15789473684210525
PRIMARY_DELETE__HLO_to_P__primary_5y__M3__ridge__PHL,ITA,2010,2014,20,10.0,6.0,0.21052631578947367
PRIMARY_DELETE__HLO_to_P__primary_5y__M3__ridge__PHL,JOR,2010,2014,20,18.0,14.0,0.21052631578947367
PRIMARY_DELETE__HLO_to_P__primary_5y__M3__ridge__PHL,KAZ,2010,2014,20,13.0,15.0,0.10526315789473684
PRIMARY_DELETE__HLO_to_P__primary_5y__M3__ridge__PHL,KOR,2010,2014,20,2.0,2.0,0.0
PRIMARY_DELETE__HLO_to_P__primary_5y__M3__ridge__PHL,MAR,2010,2014,20,19.0,17.0,0.10526315789473684
PRIMARY_DELETE__HLO_to_P__primary_5y__M3__ridge__PHL,MEX,2010,2014,20,7.0,13.0,0.3157894736842105
PRIMARY_DELETE__HLO_to_P__primary_5y__M3__ridge__PHL,OMN,2010,2014,20,11.0,16.0,0.2631578947368421
PRIMARY_DELETE__HLO_to_P__primary_5y__M3__ridge__PHL,POL,2010,2014,20,4.0,5.0,0.05263157894736842
PRIMARY_DELETE__HLO_to_P__primary_5y__M3__ridge__PHL,SAU,2010,2014,20,16.0,10.0,0.3157894736842105
PRIMARY_DELETE__HLO_to_P__primary_5y__M3__ridge__PHL,SRB,2010,2014,20,5.0,8.0,0.15789473684210525
PRIMARY_DELETE__HLO_to_P__primary_5y__M3__ridge__PHL,ZAF,2010,2014,20,14.0,19.0,0.2631578947368421
PRIMARY_DELETE__HLO_to_P__primary_5y__M3__ridge__PHL,AUS,2015,2017,9,4.0,3.0,0.125
PRIMARY_DELETE__HLO_to_P__primary_5y__M3__ridge__PHL,BHR,2015,2017,9,9.0,6.0,0.375
PRIMARY_DELETE__HLO_to_P__primary_5y__M3__ridge__PHL,DEU,2015,2017,9,3.0,1.0,0.25
PRIMARY_DELETE__HLO_to_P__primary_5y__M3__ridge__PHL,EGY,2015,2017,9,8.0,9.0,0.125
PRIMARY_DELETE__HLO_to_P__primary_5y__M3__ridge__PHL,IDN,2015,2017,9,7.0,8.0,0.125
PRIMARY_DELETE__HLO_to_P__primary_5y__M3__ridge__PHL,JPN,2015,2017,9,2.0,4.0,0.25
PRIMARY_DELETE__HLO_to_P__primary_5y__M3__ridge__PHL,POL,2015,2017,9,1.0,2.0,0.125
PRIMARY_DELETE__HLO_to_P__primary_5y__M3__ridge__PHL,RUS,2015,2017,9,5.0,5.0,0.0
PRIMARY_DELETE__HLO_to_P__primary_5y__M3__ridge__PHL,SAU,2015,2017,9,6.0,7.0,0.125
PRIMARY_DELETE__HLO_to_P__primary_5y__M3__ridge__POL,ISL,2000,2004,7,2.0,2.0,0.0
PRIMARY_DELETE__HLO_to_P__primary_5y__M3__ridge__POL,LTU,2000,2004,7,4.0,4.0,0.0
PRIMARY_DELETE__HLO_to_P__primary_5y__M3__ridge__POL,NLD,2000,2004,7,3.0,1.0,0.3333333333333333
PRIMARY_DELETE__HLO_to_P__primary_5y__M3__ridge__POL,NOR,2000,2004,7,1.0,5.0,0.6666666666666666
PRIMARY_DELETE__HLO_to_P__primary_5y__M3__ridge__POL,PHL,2000,2004,7,6.0,7.0,0.16666666666666666
PRIMARY_DELETE__HLO_to_P__primary_5y__M3__ridge__POL,USA,2000,2004,7,5.0,3.0,0.3333333333333333
PRIMARY_DELETE__HLO_to_P__primary_5y__M3__ridge__POL,ZAF,2000,2004,7,7.0,6.0,0.16666666666666666
PRIMARY_DELETE__HLO_to_P__primary_5y__M3__ridge__POL,AUT,2005,2009,16,2.0,5.0,0.2
PRIMARY_DELETE__HLO_to_P__primary_5y__M3__ridge__POL,BRA,2005,2009,16,11.0,12.0,0.06666666666666667
PRIMARY_DELETE__HLO_to_P__primary_5y__M3__ridge__POL,CHL,2005,2009,16,12.0,10.0,0.13333333333333333
PRIMARY_DELETE__HLO_to_P__primary_5y__M3__ridge__POL,CRI,2005,2009,16,9.0,9.0,0.0
PRIMARY_DELETE__HLO_to_P__primary_5y__M3__ridge__POL,DEU,2005,2009,16,4.0,4.0,0.0
PRIMARY_DELETE__HLO_to_P__primary_5y__M3__ridge__POL,IDN,2005,2009,16,15.0,15.0,0.0
PRIMARY_DELETE__HLO_to_P__primary_5y__M3__ridge__POL,IRN,2005,2009,16,14.0,11.0,0.2
PRIMARY_DELETE__HLO_to_P__primary_5y__M3__ridge__POL,ITA,2005,2009,16,8.0,6.0,0.13333333333333333
PRIMARY_DELETE__HLO_to_P__primary_5y__M3__ridge__POL,JPN,2005,2009,16,1.0,7.0,0.4
PRIMARY_DELETE__HLO_to_P__primary_5y__M3__ridge__POL,MAR,2005,2009,16,16.0,16.0,0.0
PRIMARY_DELETE__HLO_to_P__primary_5y__M3__ridge__POL,NLD,2005,2009,16,3.0,1.0,0.13333333333333333
PRIMARY_DELETE__HLO_to_P__primary_5y__M3__ridge__POL,NOR,2005,2009,16,6.0,3.0,0.2
PRIMARY_DELETE__HLO_to_P__primary_5y__M3__ridge__POL,PER,2005,2009,16,7.0,13.0,0.4
PRIMARY_DELETE__HLO_to_P__primary_5y__M3__ridge__POL,QAT,2005,2009,16,13.0,14.0,0.06666666666666667
PRIMARY_DELETE__HLO_to_P__primary_5y__M3__ridge__POL,SVN,2005,2009,16,5.0,2.0,0.2
PRIMARY_DELETE__HLO_to_P__primary_5y__M3__ridge__POL,UKR,2005,2009,16,10.0,8.0,0.13333333333333333
PRIMARY_DELETE__HLO_to_P__primary_5y__M3__ridge__POL,BRA,2010,2014,19,8.0,14.0,0.3333333333333333
PRIMARY_DELETE__HLO_to_P__primary_5y__M3__ridge__POL,CHL,2010,2014,19,16.0,9.0,0.3888888888888889
PRIMARY_DELETE__HLO_to_P__primary_5y__M3__ridge__POL,COL,2010,2014,19,11.0,11.0,0.0
PRIMARY_DELETE__HLO_to_P__primary_5y__M3__ridge__POL,DEU,2010,2014,19,3.0,4.0,0.05555555555555555
PRIMARY_DELETE__HLO_to_P__primary_5y__M3__ridge__POL,ESP,2010,2014,19,5.0,3.0,0.1111111111111111
PRIMARY_DELETE__HLO_to_P__primary_5y__M3__ridge__POL,FIN,2010,2014,19,1.0,1.0,0.0
PRIMARY_DELETE__HLO_to_P__primary_5y__M3__ridge__POL,GHA,2010,2014,19,19.0,19.0,0.0
PRIMARY_DELETE__HLO_to_P__primary_5y__M3__ridge__POL,HRV,2010,2014,19,7.0,6.0,0.05555555555555555
PRIMARY_DELETE__HLO_to_P__primary_5y__M3__ridge__POL,IDN,2010,2014,19,14.0,16.0,0.1111111111111111
PRIMARY_DELETE__HLO_to_P__primary_5y__M3__ridge__POL,ITA,2010,2014,19,9.0,5.0,0.2222222222222222
PRIMARY_DELETE__HLO_to_P__primary_5y__M3__ridge__POL,JOR,2010,2014,19,17.0,10.0,0.3888888888888889
PRIMARY_DELETE__HLO_to_P__primary_5y__M3__ridge__POL,KAZ,2010,2014,19,12.0,12.0,0.0
PRIMARY_DELETE__HLO_to_P__primary_5y__M3__ridge__POL,KOR,2010,2014,19,2.0,2.0,0.0
PRIMARY_DELETE__HLO_to_P__primary_5y__M3__ridge__POL,MAR,2010,2014,19,18.0,17.0,0.05555555555555555
PRIMARY_DELETE__HLO_to_P__primary_5y__M3__ridge__POL,MEX,2010,2014,19,6.0,13.0,0.3888888888888889
PRIMARY_DELETE__HLO_to_P__primary_5y__M3__ridge__POL,OMN,2010,2014,19,10.0,15.0,0.2777777777777778
PRIMARY_DELETE__HLO_to_P__primary_5y__M3__ridge__POL,SAU,2010,2014,19,15.0,8.0,0.3888888888888889
PRIMARY_DELETE__HLO_to_P__primary_5y__M3__ridge__POL,SRB,2010,2014,19,4.0,7.0,0.16666666666666666
PRIMARY_DELETE__HLO_to_P__primary_5y__M3__ridge__POL,ZAF,2010,2014,19,13.0,18.0,0.2777777777777778
PRIMARY_DELETE__HLO_to_P__primary_5y__M3__ridge__POL,AUS,2015,2017,8,3.0,2.0,0.14285714285714285
PRIMARY_DELETE__HLO_to_P__primary_5y__M3__ridge__POL,BHR,2015,2017,8,8.0,5.0,0.42857142857142855
PRIMARY_DELETE__HLO_to_P__primary_5y__M3__ridge__POL,DEU,2015,2017,8,2.0,1.0,0.14285714285714285
PRIMARY_DELETE__HLO_to_P__primary_5y__M3__ridge__POL,EGY,2015,2017,8,7.0,8.0,0.14285714285714285
PRIMARY_DELETE__HLO_to_P__primary_5y__M3__ridge__POL,IDN,2015,2017,8,6.0,7.0,0.14285714285714285
PRIMARY_DELETE__HLO_to_P__primary_5y__M3__ridge__POL,JPN,2015,2017,8,1.0,4.0,0.42857142857142855
PRIMARY_DELETE__HLO_to_P__primary_5y__M3__ridge__POL,RUS,2015,2017,8,4.0,3.0,0.14285714285714285
PRIMARY_DELETE__HLO_to_P__primary_5y__M3__ridge__POL,SAU,2015,2017,8,5.0,6.0,0.14285714285714285
PRIMARY_DELETE__HLO_to_P__primary_5y__M3__ridge__QAT,ISL,2000,2004,7,2.0,3.0,0.16666666666666666
PRIMARY_DELETE__HLO_to_P__primary_5y__M3__ridge__QAT,LTU,2000,2004,7,4.0,4.0,0.0
PRIMARY_DELETE__HLO_to_P__primary_5y__M3__ridge__QAT,NLD,2000,2004,7,3.0,1.0,0.3333333333333333
PRIMARY_DELETE__HLO_to_P__primary_5y__M3__ridge__QAT,NOR,2000,2004,7,1.0,5.0,0.6666666666666666
PRIMARY_DELETE__HLO_to_P__primary_5y__M3__ridge__QAT,PHL,2000,2004,7,6.0,7.0,0.16666666666666666
PRIMARY_DELETE__HLO_to_P__primary_5y__M3__ridge__QAT,USA,2000,2004,7,5.0,2.0,0.5
PRIMARY_DELETE__HLO_to_P__primary_5y__M3__ridge__QAT,ZAF,2000,2004,7,7.0,6.0,0.16666666666666666
PRIMARY_DELETE__HLO_to_P__primary_5y__M3__ridge__QAT,AUT,2005,2009,16,2.0,5.0,0.2
PRIMARY_DELETE__HLO_to_P__primary_5y__M3__ridge__QAT,BRA,2005,2009,16,12.0,13.0,0.06666666666666667
PRIMARY_DELETE__HLO_to_P__primary_5y__M3__ridge__QAT,CHL,2005,2009,16,13.0,11.0,0.13333333333333333
PRIMARY_DELETE__HLO_to_P__primary_5y__M3__ridge__QAT,CRI,2005,2009,16,10.0,10.0,0.0
PRIMARY_DELETE__HLO_to_P__primary_5y__M3__ridge__QAT,DEU,2005,2009,16,4.0,4.0,0.0
PRIMARY_DELETE__HLO_to_P__primary_5y__M3__ridge__QAT,IDN,2005,2009,16,15.0,15.0,0.0
PRIMARY_DELETE__HLO_to_P__primary_5y__M3__ridge__QAT,IRN,2005,2009,16,14.0,12.0,0.13333333333333333
PRIMARY_DELETE__HLO_to_P__primary_5y__M3__ridge__QAT,ITA,2005,2009,16,9.0,6.0,0.2
PRIMARY_DELETE__HLO_to_P__primary_5y__M3__ridge__QAT,JPN,2005,2009,16,1.0,8.0,0.4666666666666667
PRIMARY_DELETE__HLO_to_P__primary_5y__M3__ridge__QAT,MAR,2005,2009,16,16.0,16.0,0.0
PRIMARY_DELETE__HLO_to_P__primary_5y__M3__ridge__QAT,NLD,2005,2009,16,3.0,1.0,0.13333333333333333
PRIMARY_DELETE__HLO_to_P__primary_5y__M3__ridge__QAT,NOR,2005,2009,16,6.0,3.0,0.2
PRIMARY_DELETE__HLO_to_P__primary_5y__M3__ridge__QAT,PER,2005,2009,16,8.0,14.0,0.4
PRIMARY_DELETE__HLO_to_P__primary_5y__M3__ridge__QAT,POL,2005,2009,16,7.0,7.0,0.0
PRIMARY_DELETE__HLO_to_P__primary_5y__M3__ridge__QAT,SVN,2005,2009,16,5.0,2.0,0.2
PRIMARY_DELETE__HLO_to_P__primary_5y__M3__ridge__QAT,UKR,2005,2009,16,11.0,9.0,0.13333333333333333
PRIMARY_DELETE__HLO_to_P__primary_5y__M3__ridge__QAT,BRA,2010,2014,20,9.0,15.0,0.3157894736842105
PRIMARY_DELETE__HLO_to_P__primary_5y__M3__ridge__QAT,CHL,2010,2014,20,17.0,10.0,0.3684210526315789
PRIMARY_DELETE__HLO_to_P__primary_5y__M3__ridge__QAT,COL,2010,2014,20,12.0,13.0,0.05263157894736842
PRIMARY_DELETE__HLO_to_P__primary_5y__M3__ridge__QAT,DEU,2010,2014,20,3.0,3.0,0.0
PRIMARY_DELETE__HLO_to_P__primary_5y__M3__ridge__QAT,ESP,2010,2014,20,6.0,4.0,0.10526315789473684
PRIMARY_DELETE__HLO_to_P__primary_5y__M3__ridge__QAT,FIN,2010,2014,20,1.0,1.0,0.0
PRIMARY_DELETE__HLO_to_P__primary_5y__M3__ridge__QAT,GHA,2010,2014,20,20.0,20.0,0.0
PRIMARY_DELETE__HLO_to_P__primary_5y__M3__ridge__QAT,HRV,2010,2014,20,8.0,5.0,0.15789473684210525
PRIMARY_DELETE__HLO_to_P__primary_5y__M3__ridge__QAT,IDN,2010,2014,20,15.0,17.0,0.10526315789473684
PRIMARY_DELETE__HLO_to_P__primary_5y__M3__ridge__QAT,ITA,2010,2014,20,10.0,6.0,0.21052631578947367
PRIMARY_DELETE__HLO_to_P__primary_5y__M3__ridge__QAT,JOR,2010,2014,20,18.0,11.0,0.3684210526315789
PRIMARY_DELETE__HLO_to_P__primary_5y__M3__ridge__QAT,KAZ,2010,2014,20,13.0,12.0,0.05263157894736842
PRIMARY_DELETE__HLO_to_P__primary_5y__M3__ridge__QAT,KOR,2010,2014,20,2.0,2.0,0.0
PRIMARY_DELETE__HLO_to_P__primary_5y__M3__ridge__QAT,MAR,2010,2014,20,19.0,18.0,0.05263157894736842
PRIMARY_DELETE__HLO_to_P__primary_5y__M3__ridge__QAT,MEX,2010,2014,20,7.0,14.0,0.3684210526315789
PRIMARY_DELETE__HLO_to_P__primary_5y__M3__ridge__QAT,OMN,2010,2014,20,11.0,16.0,0.2631578947368421
PRIMARY_DELETE__HLO_to_P__primary_5y__M3__ridge__QAT,POL,2010,2014,20,4.0,7.0,0.15789473684210525
PRIMARY_DELETE__HLO_to_P__primary_5y__M3__ridge__QAT,SAU,2010,2014,20,16.0,9.0,0.3684210526315789
PRIMARY_DELETE__HLO_to_P__primary_5y__M3__ridge__QAT,SRB,2010,2014,20,5.0,8.0,0.15789473684210525
PRIMARY_DELETE__HLO_to_P__primary_5y__M3__ridge__QAT,ZAF,2010,2014,20,14.0,19.0,0.2631578947368421
PRIMARY_DELETE__HLO_to_P__primary_5y__M3__ridge__QAT,AUS,2015,2017,9,4.0,3.0,0.125
PRIMARY_DELETE__HLO_to_P__primary_5y__M3__ridge__QAT,BHR,2015,2017,9,9.0,6.0,0.375
PRIMARY_DELETE__HLO_to_P__primary_5y__M3__ridge__QAT,DEU,2015,2017,9,3.0,2.0,0.125
PRIMARY_DELETE__HLO_to_P__primary_5y__M3__ridge__QAT,EGY,2015,2017,9,8.0,9.0,0.125
PRIMARY_DELETE__HLO_to_P__primary_5y__M3__ridge__QAT,IDN,2015,2017,9,7.0,8.0,0.125
PRIMARY_DELETE__HLO_to_P__primary_5y__M3__ridge__QAT,JPN,2015,2017,9,2.0,4.0,0.25
PRIMARY_DELETE__HLO_to_P__primary_5y__M3__ridge__QAT,POL,2015,2017,9,1.0,1.0,0.0
PRIMARY_DELETE__HLO_to_P__primary_5y__M3__ridge__QAT,RUS,2015,2017,9,5.0,5.0,0.0
PRIMARY_DELETE__HLO_to_P__primary_5y__M3__ridge__QAT,SAU,2015,2017,9,6.0,7.0,0.125
PRIMARY_DELETE__HLO_to_P__primary_5y__M3__ridge__RUS,ISL,2000,2004,7,2.0,3.0,0.16666666666666666
PRIMARY_DELETE__HLO_to_P__primary_5y__M3__ridge__RUS,LTU,2000,2004,7,4.0,4.0,0.0
PRIMARY_DELETE__HLO_to_P__primary_5y__M3__ridge__RUS,NLD,2000,2004,7,3.0,1.0,0.3333333333333333
PRIMARY_DELETE__HLO_to_P__primary_5y__M3__ridge__RUS,NOR,2000,2004,7,1.0,5.0,0.6666666666666666
PRIMARY_DELETE__HLO_to_P__primary_5y__M3__ridge__RUS,PHL,2000,2004,7,6.0,7.0,0.16666666666666666
PRIMARY_DELETE__HLO_to_P__primary_5y__M3__ridge__RUS,USA,2000,2004,7,5.0,2.0,0.5
PRIMARY_DELETE__HLO_to_P__primary_5y__M3__ridge__RUS,ZAF,2000,2004,7,7.0,6.0,0.16666666666666666
PRIMARY_DELETE__HLO_to_P__primary_5y__M3__ridge__RUS,AUT,2005,2009,17,2.0,5.0,0.1875
PRIMARY_DELETE__HLO_to_P__primary_5y__M3__ridge__RUS,BRA,2005,2009,17,12.0,13.0,0.0625
PRIMARY_DELETE__HLO_to_P__primary_5y__M3__ridge__RUS,CHL,2005,2009,17,13.0,11.0,0.125
PRIMARY_DELETE__HLO_to_P__primary_5y__M3__ridge__RUS,CRI,2005,2009,17,10.0,10.0,0.0
PRIMARY_DELETE__HLO_to_P__primary_5y__M3__ridge__RUS,DEU,2005,2009,17,4.0,4.0,0.0
PRIMARY_DELETE__HLO_to_P__primary_5y__M3__ridge__RUS,IDN,2005,2009,17,16.0,16.0,0.0
PRIMARY_DELETE__HLO_to_P__primary_5y__M3__ridge__RUS,IRN,2005,2009,17,15.0,12.0,0.1875
PRIMARY_DELETE__HLO_to_P__primary_5y__M3__ridge__RUS,ITA,2005,2009,17,9.0,6.0,0.1875
PRIMARY_DELETE__HLO_to_P__primary_5y__M3__ridge__RUS,JPN,2005,2009,17,1.0,8.0,0.4375
PRIMARY_DELETE__HLO_to_P__primary_5y__M3__ridge__RUS,MAR,2005,2009,17,17.0,17.0,0.0
PRIMARY_DELETE__HLO_to_P__primary_5y__M3__ridge__RUS,NLD,2005,2009,17,3.0,1.0,0.125
PRIMARY_DELETE__HLO_to_P__primary_5y__M3__ridge__RUS,NOR,2005,2009,17,6.0,3.0,0.1875
PRIMARY_DELETE__HLO_to_P__primary_5y__M3__ridge__RUS,PER,2005,2009,17,8.0,14.0,0.375
PRIMARY_DELETE__HLO_to_P__primary_5y__M3__ridge__RUS,POL,2005,2009,17,7.0,7.0,0.0
PRIMARY_DELETE__HLO_to_P__primary_5y__M3__ridge__RUS,QAT,2005,2009,17,14.0,15.0,0.0625
PRIMARY_DELETE__HLO_to_P__primary_5y__M3__ridge__RUS,SVN,2005,2009,17,5.0,2.0,0.1875
PRIMARY_DELETE__HLO_to_P__primary_5y__M3__ridge__RUS,UKR,2005,2009,17,11.0,9.0,0.125
PRIMARY_DELETE__HLO_to_P__primary_5y__M3__ridge__RUS,BRA,2010,2014,20,9.0,15.0,0.3157894736842105
PRIMARY_DELETE__HLO_to_P__primary_5y__M3__ridge__RUS,CHL,2010,2014,20,17.0,10.0,0.3684210526315789
PRIMARY_DELETE__HLO_to_P__primary_5y__M3__ridge__RUS,COL,2010,2014,20,12.0,12.0,0.0
PRIMARY_DELETE__HLO_to_P__primary_5y__M3__ridge__RUS,DEU,2010,2014,20,3.0,3.0,0.0
PRIMARY_DELETE__HLO_to_P__primary_5y__M3__ridge__RUS,ESP,2010,2014,20,6.0,4.0,0.10526315789473684
PRIMARY_DELETE__HLO_to_P__primary_5y__M3__ridge__RUS,FIN,2010,2014,20,1.0,1.0,0.0
PRIMARY_DELETE__HLO_to_P__primary_5y__M3__ridge__RUS,GHA,2010,2014,20,20.0,20.0,0.0
PRIMARY_DELETE__HLO_to_P__primary_5y__M3__ridge__RUS,HRV,2010,2014,20,8.0,5.0,0.15789473684210525
PRIMARY_DELETE__HLO_to_P__primary_5y__M3__ridge__RUS,IDN,2010,2014,20,15.0,17.0,0.10526315789473684
PRIMARY_DELETE__HLO_to_P__primary_5y__M3__ridge__RUS,ITA,2010,2014,20,10.0,6.0,0.21052631578947367
PRIMARY_DELETE__HLO_to_P__primary_5y__M3__ridge__RUS,JOR,2010,2014,20,18.0,14.0,0.21052631578947367
PRIMARY_DELETE__HLO_to_P__primary_5y__M3__ridge__RUS,KAZ,2010,2014,20,13.0,11.0,0.10526315789473684
PRIMARY_DELETE__HLO_to_P__primary_5y__M3__ridge__RUS,KOR,2010,2014,20,2.0,2.0,0.0
PRIMARY_DELETE__HLO_to_P__primary_5y__M3__ridge__RUS,MAR,2010,2014,20,19.0,18.0,0.05263157894736842
PRIMARY_DELETE__HLO_to_P__primary_5y__M3__ridge__RUS,MEX,2010,2014,20,7.0,13.0,0.3157894736842105
PRIMARY_DELETE__HLO_to_P__primary_5y__M3__ridge__RUS,OMN,2010,2014,20,11.0,16.0,0.2631578947368421
PRIMARY_DELETE__HLO_to_P__primary_5y__M3__ridge__RUS,POL,2010,2014,20,4.0,7.0,0.15789473684210525
PRIMARY_DELETE__HLO_to_P__primary_5y__M3__ridge__RUS,SAU,2010,2014,20,16.0,9.0,0.3684210526315789
PRIMARY_DELETE__HLO_to_P__primary_5y__M3__ridge__RUS,SRB,2010,2014,20,5.0,8.0,0.15789473684210525
PRIMARY_DELETE__HLO_to_P__primary_5y__M3__ridge__RUS,ZAF,2010,2014,20,14.0,19.0,0.2631578947368421
PRIMARY_DELETE__HLO_to_P__primary_5y__M3__ridge__RUS,AUS,2015,2017,8,4.0,3.0,0.14285714285714285
PRIMARY_DELETE__HLO_to_P__primary_5y__M3__ridge__RUS,BHR,2015,2017,8,8.0,5.0,0.42857142857142855
PRIMARY_DELETE__HLO_to_P__primary_5y__M3__ridge__RUS,DEU,2015,2017,8,3.0,1.0,0.2857142857142857
PRIMARY_DELETE__HLO_to_P__primary_5y__M3__ridge__RUS,EGY,2015,2017,8,7.0,8.0,0.14285714285714285
PRIMARY_DELETE__HLO_to_P__primary_5y__M3__ridge__RUS,IDN,2015,2017,8,6.0,7.0,0.14285714285714285
PRIMARY_DELETE__HLO_to_P__primary_5y__M3__ridge__RUS,JPN,2015,2017,8,2.0,4.0,0.2857142857142857
PRIMARY_DELETE__HLO_to_P__primary_5y__M3__ridge__RUS,POL,2015,2017,8,1.0,2.0,0.14285714285714285
PRIMARY_DELETE__HLO_to_P__primary_5y__M3__ridge__RUS,SAU,2015,2017,8,5.0,6.0,0.14285714285714285
PRIMARY_DELETE__HLO_to_P__primary_5y__M3__ridge__SAU,ISL,2000,2004,7,2.0,3.0,0.16666666666666666
PRIMARY_DELETE__HLO_to_P__primary_5y__M3__ridge__SAU,LTU,2000,2004,7,4.0,5.0,0.16666666666666666
PRIMARY_DELETE__HLO_to_P__primary_5y__M3__ridge__SAU,NLD,2000,2004,7,3.0,1.0,0.3333333333333333
PRIMARY_DELETE__HLO_to_P__primary_5y__M3__ridge__SAU,NOR,2000,2004,7,1.0,4.0,0.5
PRIMARY_DELETE__HLO_to_P__primary_5y__M3__ridge__SAU,PHL,2000,2004,7,6.0,7.0,0.16666666666666666
PRIMARY_DELETE__HLO_to_P__primary_5y__M3__ridge__SAU,USA,2000,2004,7,5.0,2.0,0.5
PRIMARY_DELETE__HLO_to_P__primary_5y__M3__ridge__SAU,ZAF,2000,2004,7,7.0,6.0,0.16666666666666666
PRIMARY_DELETE__HLO_to_P__primary_5y__M3__ridge__SAU,AUT,2005,2009,17,2.0,5.0,0.1875
PRIMARY_DELETE__HLO_to_P__primary_5y__M3__ridge__SAU,BRA,2005,2009,17,12.0,12.0,0.0
PRIMARY_DELETE__HLO_to_P__primary_5y__M3__ridge__SAU,CHL,2005,2009,17,13.0,11.0,0.125
PRIMARY_DELETE__HLO_to_P__primary_5y__M3__ridge__SAU,CRI,2005,2009,17,10.0,10.0,0.0
PRIMARY_DELETE__HLO_to_P__primary_5y__M3__ridge__SAU,DEU,2005,2009,17,4.0,4.0,0.0
PRIMARY_DELETE__HLO_to_P__primary_5y__M3__ridge__SAU,IDN,2005,2009,17,16.0,17.0,0.0625
PRIMARY_DELETE__HLO_to_P__primary_5y__M3__ridge__SAU,IRN,2005,2009,17,15.0,14.0,0.0625
PRIMARY_DELETE__HLO_to_P__primary_5y__M3__ridge__SAU,ITA,2005,2009,17,9.0,6.0,0.1875
PRIMARY_DELETE__HLO_to_P__primary_5y__M3__ridge__SAU,JPN,2005,2009,17,1.0,8.0,0.4375
PRIMARY_DELETE__HLO_to_P__primary_5y__M3__ridge__SAU,MAR,2005,2009,17,17.0,13.0,0.25
PRIMARY_DELETE__HLO_to_P__primary_5y__M3__ridge__SAU,NLD,2005,2009,17,3.0,1.0,0.125
PRIMARY_DELETE__HLO_to_P__primary_5y__M3__ridge__SAU,NOR,2005,2009,17,6.0,3.0,0.1875
PRIMARY_DELETE__HLO_to_P__primary_5y__M3__ridge__SAU,PER,2005,2009,17,8.0,15.0,0.4375
PRIMARY_DELETE__HLO_to_P__primary_5y__M3__ridge__SAU,POL,2005,2009,17,7.0,7.0,0.0
PRIMARY_DELETE__HLO_to_P__primary_5y__M3__ridge__SAU,QAT,2005,2009,17,14.0,16.0,0.125
PRIMARY_DELETE__HLO_to_P__primary_5y__M3__ridge__SAU,SVN,2005,2009,17,5.0,2.0,0.1875
PRIMARY_DELETE__HLO_to_P__primary_5y__M3__ridge__SAU,UKR,2005,2009,17,11.0,9.0,0.125
PRIMARY_DELETE__HLO_to_P__primary_5y__M3__ridge__SAU,BRA,2010,2014,19,9.0,14.0,0.2777777777777778
PRIMARY_DELETE__HLO_to_P__primary_5y__M3__ridge__SAU,CHL,2010,2014,19,16.0,11.0,0.2777777777777778
PRIMARY_DELETE__HLO_to_P__primary_5y__M3__ridge__SAU,COL,2010,2014,19,12.0,10.0,0.1111111111111111
PRIMARY_DELETE__HLO_to_P__primary_5y__M3__ridge__SAU,DEU,2010,2014,19,3.0,3.0,0.0
PRIMARY_DELETE__HLO_to_P__primary_5y__M3__ridge__SAU,ESP,2010,2014,19,6.0,4.0,0.1111111111111111
PRIMARY_DELETE__HLO_to_P__primary_5y__M3__ridge__SAU,FIN,2010,2014,19,1.0,1.0,0.0
PRIMARY_DELETE__HLO_to_P__primary_5y__M3__ridge__SAU,GHA,2010,2014,19,19.0,19.0,0.0
PRIMARY_DELETE__HLO_to_P__primary_5y__M3__ridge__SAU,HRV,2010,2014,19,8.0,6.0,0.1111111111111111
PRIMARY_DELETE__HLO_to_P__primary_5y__M3__ridge__SAU,IDN,2010,2014,19,15.0,17.0,0.1111111111111111
PRIMARY_DELETE__HLO_to_P__primary_5y__M3__ridge__SAU,ITA,2010,2014,19,10.0,5.0,0.2777777777777778
PRIMARY_DELETE__HLO_to_P__primary_5y__M3__ridge__SAU,JOR,2010,2014,19,17.0,9.0,0.4444444444444444
PRIMARY_DELETE__HLO_to_P__primary_5y__M3__ridge__SAU,KAZ,2010,2014,19,13.0,12.0,0.05555555555555555
PRIMARY_DELETE__HLO_to_P__primary_5y__M3__ridge__SAU,KOR,2010,2014,19,2.0,2.0,0.0
PRIMARY_DELETE__HLO_to_P__primary_5y__M3__ridge__SAU,MAR,2010,2014,19,18.0,16.0,0.1111111111111111
PRIMARY_DELETE__HLO_to_P__primary_5y__M3__ridge__SAU,MEX,2010,2014,19,7.0,13.0,0.3333333333333333
PRIMARY_DELETE__HLO_to_P__primary_5y__M3__ridge__SAU,OMN,2010,2014,19,11.0,15.0,0.2222222222222222
PRIMARY_DELETE__HLO_to_P__primary_5y__M3__ridge__SAU,POL,2010,2014,19,4.0,7.0,0.16666666666666666
PRIMARY_DELETE__HLO_to_P__primary_5y__M3__ridge__SAU,SRB,2010,2014,19,5.0,8.0,0.16666666666666666
PRIMARY_DELETE__HLO_to_P__primary_5y__M3__ridge__SAU,ZAF,2010,2014,19,14.0,18.0,0.2222222222222222
PRIMARY_DELETE__HLO_to_P__primary_5y__M3__ridge__SAU,AUS,2015,2017,8,4.0,3.0,0.14285714285714285
PRIMARY_DELETE__HLO_to_P__primary_5y__M3__ridge__SAU,BHR,2015,2017,8,8.0,6.0,0.2857142857142857
PRIMARY_DELETE__HLO_to_P__primary_5y__M3__ridge__SAU,DEU,2015,2017,8,3.0,1.0,0.2857142857142857
PRIMARY_DELETE__HLO_to_P__primary_5y__M3__ridge__SAU,EGY,2015,2017,8,7.0,8.0,0.14285714285714285
PRIMARY_DELETE__HLO_to_P__primary_5y__M3__ridge__SAU,IDN,2015,2017,8,6.0,7.0,0.14285714285714285
PRIMARY_DELETE__HLO_to_P__primary_5y__M3__ridge__SAU,JPN,2015,2017,8,2.0,4.0,0.2857142857142857
PRIMARY_DELETE__HLO_to_P__primary_5y__M3__ridge__SAU,POL,2015,2017,8,1.0,2.0,0.14285714285714285
PRIMARY_DELETE__HLO_to_P__primary_5y__M3__ridge__SAU,RUS,2015,2017,8,5.0,5.0,0.0
PRIMARY_DELETE__HLO_to_P__primary_5y__M3__ridge__SRB,ISL,2000,2004,7,2.0,3.0,0.16666666666666666
PRIMARY_DELETE__HLO_to_P__primary_5y__M3__ridge__SRB,LTU,2000,2004,7,4.0,4.0,0.0
PRIMARY_DELETE__HLO_to_P__primary_5y__M3__ridge__SRB,NLD,2000,2004,7,3.0,1.0,0.3333333333333333
PRIMARY_DELETE__HLO_to_P__primary_5y__M3__ridge__SRB,NOR,2000,2004,7,1.0,5.0,0.6666666666666666
PRIMARY_DELETE__HLO_to_P__primary_5y__M3__ridge__SRB,PHL,2000,2004,7,6.0,7.0,0.16666666666666666
PRIMARY_DELETE__HLO_to_P__primary_5y__M3__ridge__SRB,USA,2000,2004,7,5.0,2.0,0.5
PRIMARY_DELETE__HLO_to_P__primary_5y__M3__ridge__SRB,ZAF,2000,2004,7,7.0,6.0,0.16666666666666666
PRIMARY_DELETE__HLO_to_P__primary_5y__M3__ridge__SRB,AUT,2005,2009,17,2.0,5.0,0.1875
PRIMARY_DELETE__HLO_to_P__primary_5y__M3__ridge__SRB,BRA,2005,2009,17,12.0,12.0,0.0
PRIMARY_DELETE__HLO_to_P__primary_5y__M3__ridge__SRB,CHL,2005,2009,17,13.0,11.0,0.125
PRIMARY_DELETE__HLO_to_P__primary_5y__M3__ridge__SRB,CRI,2005,2009,17,10.0,10.0,0.0
PRIMARY_DELETE__HLO_to_P__primary_5y__M3__ridge__SRB,DEU,2005,2009,17,4.0,4.0,0.0
PRIMARY_DELETE__HLO_to_P__primary_5y__M3__ridge__SRB,IDN,2005,2009,17,16.0,16.0,0.0
PRIMARY_DELETE__HLO_to_P__primary_5y__M3__ridge__SRB,IRN,2005,2009,17,15.0,13.0,0.125
PRIMARY_DELETE__HLO_to_P__primary_5y__M3__ridge__SRB,ITA,2005,2009,17,9.0,6.0,0.1875
PRIMARY_DELETE__HLO_to_P__primary_5y__M3__ridge__SRB,JPN,2005,2009,17,1.0,8.0,0.4375
PRIMARY_DELETE__HLO_to_P__primary_5y__M3__ridge__SRB,MAR,2005,2009,17,17.0,17.0,0.0
PRIMARY_DELETE__HLO_to_P__primary_5y__M3__ridge__SRB,NLD,2005,2009,17,3.0,1.0,0.125
PRIMARY_DELETE__HLO_to_P__primary_5y__M3__ridge__SRB,NOR,2005,2009,17,6.0,3.0,0.1875
PRIMARY_DELETE__HLO_to_P__primary_5y__M3__ridge__SRB,PER,2005,2009,17,8.0,14.0,0.375
PRIMARY_DELETE__HLO_to_P__primary_5y__M3__ridge__SRB,POL,2005,2009,17,7.0,7.0,0.0
PRIMARY_DELETE__HLO_to_P__primary_5y__M3__ridge__SRB,QAT,2005,2009,17,14.0,15.0,0.0625
PRIMARY_DELETE__HLO_to_P__primary_5y__M3__ridge__SRB,SVN,2005,2009,17,5.0,2.0,0.1875
PRIMARY_DELETE__HLO_to_P__primary_5y__M3__ridge__SRB,UKR,2005,2009,17,11.0,9.0,0.125
PRIMARY_DELETE__HLO_to_P__primary_5y__M3__ridge__SRB,BRA,2010,2014,19,8.0,14.0,0.3333333333333333
PRIMARY_DELETE__HLO_to_P__primary_5y__M3__ridge__SRB,CHL,2010,2014,19,16.0,9.0,0.3888888888888889
PRIMARY_DELETE__HLO_to_P__primary_5y__M3__ridge__SRB,COL,2010,2014,19,11.0,12.0,0.05555555555555555
PRIMARY_DELETE__HLO_to_P__primary_5y__M3__ridge__SRB,DEU,2010,2014,19,3.0,3.0,0.0
PRIMARY_DELETE__HLO_to_P__primary_5y__M3__ridge__SRB,ESP,2010,2014,19,5.0,4.0,0.05555555555555555
PRIMARY_DELETE__HLO_to_P__primary_5y__M3__ridge__SRB,FIN,2010,2014,19,1.0,1.0,0.0
PRIMARY_DELETE__HLO_to_P__primary_5y__M3__ridge__SRB,GHA,2010,2014,19,19.0,19.0,0.0
PRIMARY_DELETE__HLO_to_P__primary_5y__M3__ridge__SRB,HRV,2010,2014,19,7.0,5.0,0.1111111111111111
PRIMARY_DELETE__HLO_to_P__primary_5y__M3__ridge__SRB,IDN,2010,2014,19,14.0,16.0,0.1111111111111111
PRIMARY_DELETE__HLO_to_P__primary_5y__M3__ridge__SRB,ITA,2010,2014,19,9.0,6.0,0.16666666666666666
PRIMARY_DELETE__HLO_to_P__primary_5y__M3__ridge__SRB,JOR,2010,2014,19,17.0,10.0,0.3888888888888889
PRIMARY_DELETE__HLO_to_P__primary_5y__M3__ridge__SRB,KAZ,2010,2014,19,12.0,11.0,0.05555555555555555
PRIMARY_DELETE__HLO_to_P__primary_5y__M3__ridge__SRB,KOR,2010,2014,19,2.0,2.0,0.0
PRIMARY_DELETE__HLO_to_P__primary_5y__M3__ridge__SRB,MAR,2010,2014,19,18.0,17.0,0.05555555555555555
PRIMARY_DELETE__HLO_to_P__primary_5y__M3__ridge__SRB,MEX,2010,2014,19,6.0,13.0,0.3888888888888889
PRIMARY_DELETE__HLO_to_P__primary_5y__M3__ridge__SRB,OMN,2010,2014,19,10.0,15.0,0.2777777777777778
PRIMARY_DELETE__HLO_to_P__primary_5y__M3__ridge__SRB,POL,2010,2014,19,4.0,7.0,0.16666666666666666
PRIMARY_DELETE__HLO_to_P__primary_5y__M3__ridge__SRB,SAU,2010,2014,19,15.0,8.0,0.3888888888888889
PRIMARY_DELETE__HLO_to_P__primary_5y__M3__ridge__SRB,ZAF,2010,2014,19,13.0,18.0,0.2777777777777778
PRIMARY_DELETE__HLO_to_P__primary_5y__M3__ridge__SRB,AUS,2015,2017,9,4.0,3.0,0.125
PRIMARY_DELETE__HLO_to_P__primary_5y__M3__ridge__SRB,BHR,2015,2017,9,9.0,6.0,0.375
PRIMARY_DELETE__HLO_to_P__primary_5y__M3__ridge__SRB,DEU,2015,2017,9,3.0,1.0,0.25
PRIMARY_DELETE__HLO_to_P__primary_5y__M3__ridge__SRB,EGY,2015,2017,9,8.0,9.0,0.125
PRIMARY_DELETE__HLO_to_P__primary_5y__M3__ridge__SRB,IDN,2015,2017,9,7.0,8.0,0.125
PRIMARY_DELETE__HLO_to_P__primary_5y__M3__ridge__SRB,JPN,2015,2017,9,2.0,4.0,0.25
PRIMARY_DELETE__HLO_to_P__primary_5y__M3__ridge__SRB,POL,2015,2017,9,1.0,2.0,0.125
PRIMARY_DELETE__HLO_to_P__primary_5y__M3__ridge__SRB,RUS,2015,2017,9,5.0,5.0,0.0
PRIMARY_DELETE__HLO_to_P__primary_5y__M3__ridge__SRB,SAU,2015,2017,9,6.0,7.0,0.125
PRIMARY_DELETE__HLO_to_P__primary_5y__M3__ridge__SVN,ISL,2000,2004,7,2.0,2.0,0.0
PRIMARY_DELETE__HLO_to_P__primary_5y__M3__ridge__SVN,LTU,2000,2004,7,4.0,4.0,0.0
PRIMARY_DELETE__HLO_to_P__primary_5y__M3__ridge__SVN,NLD,2000,2004,7,3.0,1.0,0.3333333333333333
PRIMARY_DELETE__HLO_to_P__primary_5y__M3__ridge__SVN,NOR,2000,2004,7,1.0,5.0,0.6666666666666666
PRIMARY_DELETE__HLO_to_P__primary_5y__M3__ridge__SVN,PHL,2000,2004,7,6.0,7.0,0.16666666666666666
PRIMARY_DELETE__HLO_to_P__primary_5y__M3__ridge__SVN,USA,2000,2004,7,5.0,3.0,0.3333333333333333
PRIMARY_DELETE__HLO_to_P__primary_5y__M3__ridge__SVN,ZAF,2000,2004,7,7.0,6.0,0.16666666666666666
PRIMARY_DELETE__HLO_to_P__primary_5y__M3__ridge__SVN,AUT,2005,2009,16,2.0,4.0,0.13333333333333333
PRIMARY_DELETE__HLO_to_P__primary_5y__M3__ridge__SVN,BRA,2005,2009,16,11.0,12.0,0.06666666666666667
PRIMARY_DELETE__HLO_to_P__primary_5y__M3__ridge__SVN,CHL,2005,2009,16,12.0,10.0,0.13333333333333333
PRIMARY_DELETE__HLO_to_P__primary_5y__M3__ridge__SVN,CRI,2005,2009,16,9.0,9.0,0.0
PRIMARY_DELETE__HLO_to_P__primary_5y__M3__ridge__SVN,DEU,2005,2009,16,4.0,3.0,0.06666666666666667
PRIMARY_DELETE__HLO_to_P__primary_5y__M3__ridge__SVN,IDN,2005,2009,16,15.0,16.0,0.06666666666666667
PRIMARY_DELETE__HLO_to_P__primary_5y__M3__ridge__SVN,IRN,2005,2009,16,14.0,11.0,0.2
PRIMARY_DELETE__HLO_to_P__primary_5y__M3__ridge__SVN,ITA,2005,2009,16,8.0,5.0,0.2
PRIMARY_DELETE__HLO_to_P__primary_5y__M3__ridge__SVN,JPN,2005,2009,16,1.0,7.0,0.4
PRIMARY_DELETE__HLO_to_P__primary_5y__M3__ridge__SVN,MAR,2005,2009,16,16.0,13.0,0.2
PRIMARY_DELETE__HLO_to_P__primary_5y__M3__ridge__SVN,NLD,2005,2009,16,3.0,1.0,0.13333333333333333
PRIMARY_DELETE__HLO_to_P__primary_5y__M3__ridge__SVN,NOR,2005,2009,16,5.0,2.0,0.2
PRIMARY_DELETE__HLO_to_P__primary_5y__M3__ridge__SVN,PER,2005,2009,16,7.0,14.0,0.4666666666666667
PRIMARY_DELETE__HLO_to_P__primary_5y__M3__ridge__SVN,POL,2005,2009,16,6.0,6.0,0.0
PRIMARY_DELETE__HLO_to_P__primary_5y__M3__ridge__SVN,QAT,2005,2009,16,13.0,15.0,0.13333333333333333
PRIMARY_DELETE__HLO_to_P__primary_5y__M3__ridge__SVN,UKR,2005,2009,16,10.0,8.0,0.13333333333333333
PRIMARY_DELETE__HLO_to_P__primary_5y__M3__ridge__SVN,BRA,2010,2014,20,9.0,15.0,0.3157894736842105
PRIMARY_DELETE__HLO_to_P__primary_5y__M3__ridge__SVN,CHL,2010,2014,20,17.0,10.0,0.3684210526315789
PRIMARY_DELETE__HLO_to_P__primary_5y__M3__ridge__SVN,COL,2010,2014,20,12.0,13.0,0.05263157894736842
PRIMARY_DELETE__HLO_to_P__primary_5y__M3__ridge__SVN,DEU,2010,2014,20,3.0,4.0,0.05263157894736842
PRIMARY_DELETE__HLO_to_P__primary_5y__M3__ridge__SVN,ESP,2010,2014,20,6.0,3.0,0.15789473684210525
PRIMARY_DELETE__HLO_to_P__primary_5y__M3__ridge__SVN,FIN,2010,2014,20,1.0,1.0,0.0
PRIMARY_DELETE__HLO_to_P__primary_5y__M3__ridge__SVN,GHA,2010,2014,20,20.0,20.0,0.0
PRIMARY_DELETE__HLO_to_P__primary_5y__M3__ridge__SVN,HRV,2010,2014,20,8.0,5.0,0.15789473684210525
PRIMARY_DELETE__HLO_to_P__primary_5y__M3__ridge__SVN,IDN,2010,2014,20,15.0,18.0,0.15789473684210525
PRIMARY_DELETE__HLO_to_P__primary_5y__M3__ridge__SVN,ITA,2010,2014,20,10.0,6.0,0.21052631578947367
PRIMARY_DELETE__HLO_to_P__primary_5y__M3__ridge__SVN,JOR,2010,2014,20,18.0,11.0,0.3684210526315789
PRIMARY_DELETE__HLO_to_P__primary_5y__M3__ridge__SVN,KAZ,2010,2014,20,13.0,12.0,0.05263157894736842
PRIMARY_DELETE__HLO_to_P__primary_5y__M3__ridge__SVN,KOR,2010,2014,20,2.0,2.0,0.0
PRIMARY_DELETE__HLO_to_P__primary_5y__M3__ridge__SVN,MAR,2010,2014,20,19.0,17.0,0.10526315789473684
PRIMARY_DELETE__HLO_to_P__primary_5y__M3__ridge__SVN,MEX,2010,2014,20,7.0,14.0,0.3684210526315789
PRIMARY_DELETE__HLO_to_P__primary_5y__M3__ridge__SVN,OMN,2010,2014,20,11.0,16.0,0.2631578947368421
PRIMARY_DELETE__HLO_to_P__primary_5y__M3__ridge__SVN,POL,2010,2014,20,4.0,7.0,0.15789473684210525
PRIMARY_DELETE__HLO_to_P__primary_5y__M3__ridge__SVN,SAU,2010,2014,20,16.0,9.0,0.3684210526315789
PRIMARY_DELETE__HLO_to_P__primary_5y__M3__ridge__SVN,SRB,2010,2014,20,5.0,8.0,0.15789473684210525
PRIMARY_DELETE__HLO_to_P__primary_5y__M3__ridge__SVN,ZAF,2010,2014,20,14.0,19.0,0.2631578947368421
PRIMARY_DELETE__HLO_to_P__primary_5y__M3__ridge__SVN,AUS,2015,2017,9,4.0,3.0,0.125
PRIMARY_DELETE__HLO_to_P__primary_5y__M3__ridge__SVN,BHR,2015,2017,9,9.0,6.0,0.375
PRIMARY_DELETE__HLO_to_P__primary_5y__M3__ridge__SVN,DEU,2015,2017,9,3.0,1.0,0.25
PRIMARY_DELETE__HLO_to_P__primary_5y__M3__ridge__SVN,EGY,2015,2017,9,8.0,9.0,0.125
PRIMARY_DELETE__HLO_to_P__primary_5y__M3__ridge__SVN,IDN,2015,2017,9,7.0,8.0,0.125
PRIMARY_DELETE__HLO_to_P__primary_5y__M3__ridge__SVN,JPN,2015,2017,9,2.0,5.0,0.375
PRIMARY_DELETE__HLO_to_P__primary_5y__M3__ridge__SVN,POL,2015,2017,9,1.0,2.0,0.125
PRIMARY_DELETE__HLO_to_P__primary_5y__M3__ridge__SVN,RUS,2015,2017,9,5.0,4.0,0.125
PRIMARY_DELETE__HLO_to_P__primary_5y__M3__ridge__SVN,SAU,2015,2017,9,6.0,7.0,0.125
PRIMARY_DELETE__HLO_to_P__primary_5y__M3__ridge__UKR,ISL,2000,2004,7,2.0,2.0,0.0
PRIMARY_DELETE__HLO_to_P__primary_5y__M3__ridge__UKR,LTU,2000,2004,7,4.0,4.0,0.0
PRIMARY_DELETE__HLO_to_P__primary_5y__M3__ridge__UKR,NLD,2000,2004,7,3.0,1.0,0.3333333333333333
PRIMARY_DELETE__HLO_to_P__primary_5y__M3__ridge__UKR,NOR,2000,2004,7,1.0,5.0,0.6666666666666666
PRIMARY_DELETE__HLO_to_P__primary_5y__M3__ridge__UKR,PHL,2000,2004,7,6.0,7.0,0.16666666666666666
PRIMARY_DELETE__HLO_to_P__primary_5y__M3__ridge__UKR,USA,2000,2004,7,5.0,3.0,0.3333333333333333
PRIMARY_DELETE__HLO_to_P__primary_5y__M3__ridge__UKR,ZAF,2000,2004,7,7.0,6.0,0.16666666666666666
PRIMARY_DELETE__HLO_to_P__primary_5y__M3__ridge__UKR,AUT,2005,2009,16,2.0,5.0,0.2
PRIMARY_DELETE__HLO_to_P__primary_5y__M3__ridge__UKR,BRA,2005,2009,16,11.0,12.0,0.06666666666666667
PRIMARY_DELETE__HLO_to_P__primary_5y__M3__ridge__UKR,CHL,2005,2009,16,12.0,10.0,0.13333333333333333
PRIMARY_DELETE__HLO_to_P__primary_5y__M3__ridge__UKR,CRI,2005,2009,16,10.0,9.0,0.06666666666666667
PRIMARY_DELETE__HLO_to_P__primary_5y__M3__ridge__UKR,DEU,2005,2009,16,4.0,4.0,0.0
PRIMARY_DELETE__HLO_to_P__primary_5y__M3__ridge__UKR,IDN,2005,2009,16,15.0,15.0,0.0
PRIMARY_DELETE__HLO_to_P__primary_5y__M3__ridge__UKR,IRN,2005,2009,16,14.0,11.0,0.2
PRIMARY_DELETE__HLO_to_P__primary_5y__M3__ridge__UKR,ITA,2005,2009,16,9.0,6.0,0.2
PRIMARY_DELETE__HLO_to_P__primary_5y__M3__ridge__UKR,JPN,2005,2009,16,1.0,8.0,0.4666666666666667
PRIMARY_DELETE__HLO_to_P__primary_5y__M3__ridge__UKR,MAR,2005,2009,16,16.0,16.0,0.0
PRIMARY_DELETE__HLO_to_P__primary_5y__M3__ridge__UKR,NLD,2005,2009,16,3.0,1.0,0.13333333333333333
PRIMARY_DELETE__HLO_to_P__primary_5y__M3__ridge__UKR,NOR,2005,2009,16,6.0,3.0,0.2
PRIMARY_DELETE__HLO_to_P__primary_5y__M3__ridge__UKR,PER,2005,2009,16,8.0,13.0,0.3333333333333333
PRIMARY_DELETE__HLO_to_P__primary_5y__M3__ridge__UKR,POL,2005,2009,16,7.0,7.0,0.0
PRIMARY_DELETE__HLO_to_P__primary_5y__M3__ridge__UKR,QAT,2005,2009,16,13.0,14.0,0.06666666666666667
PRIMARY_DELETE__HLO_to_P__primary_5y__M3__ridge__UKR,SVN,2005,2009,16,5.0,2.0,0.2
PRIMARY_DELETE__HLO_to_P__primary_5y__M3__ridge__UKR,BRA,2010,2014,20,9.0,15.0,0.3157894736842105
PRIMARY_DELETE__HLO_to_P__primary_5y__M3__ridge__UKR,CHL,2010,2014,20,17.0,10.0,0.3684210526315789
PRIMARY_DELETE__HLO_to_P__primary_5y__M3__ridge__UKR,COL,2010,2014,20,12.0,12.0,0.0
PRIMARY_DELETE__HLO_to_P__primary_5y__M3__ridge__UKR,DEU,2010,2014,20,3.0,4.0,0.05263157894736842
PRIMARY_DELETE__HLO_to_P__primary_5y__M3__ridge__UKR,ESP,2010,2014,20,6.0,3.0,0.15789473684210525
PRIMARY_DELETE__HLO_to_P__primary_5y__M3__ridge__UKR,FIN,2010,2014,20,1.0,1.0,0.0
PRIMARY_DELETE__HLO_to_P__primary_5y__M3__ridge__UKR,GHA,2010,2014,20,20.0,20.0,0.0
PRIMARY_DELETE__HLO_to_P__primary_5y__M3__ridge__UKR,HRV,2010,2014,20,8.0,5.0,0.15789473684210525
PRIMARY_DELETE__HLO_to_P__primary_5y__M3__ridge__UKR,IDN,2010,2014,20,15.0,17.0,0.10526315789473684
PRIMARY_DELETE__HLO_to_P__primary_5y__M3__ridge__UKR,ITA,2010,2014,20,10.0,6.0,0.21052631578947367
PRIMARY_DELETE__HLO_to_P__primary_5y__M3__ridge__UKR,JOR,2010,2014,20,18.0,11.0,0.3684210526315789
PRIMARY_DELETE__HLO_to_P__primary_5y__M3__ridge__UKR,KAZ,2010,2014,20,13.0,13.0,0.0
PRIMARY_DELETE__HLO_to_P__primary_5y__M3__ridge__UKR,KOR,2010,2014,20,2.0,2.0,0.0
PRIMARY_DELETE__HLO_to_P__primary_5y__M3__ridge__UKR,MAR,2010,2014,20,19.0,18.0,0.05263157894736842
PRIMARY_DELETE__HLO_to_P__primary_5y__M3__ridge__UKR,MEX,2010,2014,20,7.0,14.0,0.3684210526315789
PRIMARY_DELETE__HLO_to_P__primary_5y__M3__ridge__UKR,OMN,2010,2014,20,11.0,16.0,0.2631578947368421
PRIMARY_DELETE__HLO_to_P__primary_5y__M3__ridge__UKR,POL,2010,2014,20,4.0,7.0,0.15789473684210525
PRIMARY_DELETE__HLO_to_P__primary_5y__M3__ridge__UKR,SAU,2010,2014,20,16.0,9.0,0.3684210526315789
PRIMARY_DELETE__HLO_to_P__primary_5y__M3__ridge__UKR,SRB,2010,2014,20,5.0,8.0,0.15789473684210525
PRIMARY_DELETE__HLO_to_P__primary_5y__M3__ridge__UKR,ZAF,2010,2014,20,14.0,19.0,0.2631578947368421
PRIMARY_DELETE__HLO_to_P__primary_5y__M3__ridge__UKR,AUS,2015,2017,9,4.0,3.0,0.125
PRIMARY_DELETE__HLO_to_P__primary_5y__M3__ridge__UKR,BHR,2015,2017,9,9.0,6.0,0.375
PRIMARY_DELETE__HLO_to_P__primary_5y__M3__ridge__UKR,DEU,2015,2017,9,3.0,1.0,0.25
PRIMARY_DELETE__HLO_to_P__primary_5y__M3__ridge__UKR,EGY,2015,2017,9,8.0,9.0,0.125
PRIMARY_DELETE__HLO_to_P__primary_5y__M3__ridge__UKR,IDN,2015,2017,9,7.0,8.0,0.125
PRIMARY_DELETE__HLO_to_P__primary_5y__M3__ridge__UKR,JPN,2015,2017,9,2.0,4.0,0.25
PRIMARY_DELETE__HLO_to_P__primary_5y__M3__ridge__UKR,POL,2015,2017,9,1.0,2.0,0.125
PRIMARY_DELETE__HLO_to_P__primary_5y__M3__ridge__UKR,RUS,2015,2017,9,5.0,5.0,0.0
PRIMARY_DELETE__HLO_to_P__primary_5y__M3__ridge__UKR,SAU,2015,2017,9,6.0,7.0,0.125
PRIMARY_DELETE__HLO_to_P__primary_5y__M3__ridge__USA,ISL,2000,2004,6,2.0,2.0,0.0
PRIMARY_DELETE__HLO_to_P__primary_5y__M3__ridge__USA,LTU,2000,2004,6,4.0,3.0,0.2
PRIMARY_DELETE__HLO_to_P__primary_5y__M3__ridge__USA,NLD,2000,2004,6,3.0,1.0,0.4
PRIMARY_DELETE__HLO_to_P__primary_5y__M3__ridge__USA,NOR,2000,2004,6,1.0,4.0,0.6
PRIMARY_DELETE__HLO_to_P__primary_5y__M3__ridge__USA,PHL,2000,2004,6,5.0,6.0,0.2
PRIMARY_DELETE__HLO_to_P__primary_5y__M3__ridge__USA,ZAF,2000,2004,6,6.0,5.0,0.2
PRIMARY_DELETE__HLO_to_P__primary_5y__M3__ridge__USA,AUT,2005,2009,17,2.0,5.0,0.1875
PRIMARY_DELETE__HLO_to_P__primary_5y__M3__ridge__USA,BRA,2005,2009,17,12.0,12.0,0.0
PRIMARY_DELETE__HLO_to_P__primary_5y__M3__ridge__USA,CHL,2005,2009,17,13.0,11.0,0.125
PRIMARY_DELETE__HLO_to_P__primary_5y__M3__ridge__USA,CRI,2005,2009,17,10.0,10.0,0.0
PRIMARY_DELETE__HLO_to_P__primary_5y__M3__ridge__USA,DEU,2005,2009,17,4.0,4.0,0.0
PRIMARY_DELETE__HLO_to_P__primary_5y__M3__ridge__USA,IDN,2005,2009,17,16.0,16.0,0.0
PRIMARY_DELETE__HLO_to_P__primary_5y__M3__ridge__USA,IRN,2005,2009,17,15.0,13.0,0.125
PRIMARY_DELETE__HLO_to_P__primary_5y__M3__ridge__USA,ITA,2005,2009,17,9.0,6.0,0.1875
PRIMARY_DELETE__HLO_to_P__primary_5y__M3__ridge__USA,JPN,2005,2009,17,1.0,8.0,0.4375
PRIMARY_DELETE__HLO_to_P__primary_5y__M3__ridge__USA,MAR,2005,2009,17,17.0,17.0,0.0
PRIMARY_DELETE__HLO_to_P__primary_5y__M3__ridge__USA,NLD,2005,2009,17,3.0,1.0,0.125
PRIMARY_DELETE__HLO_to_P__primary_5y__M3__ridge__USA,NOR,2005,2009,17,6.0,3.0,0.1875
PRIMARY_DELETE__HLO_to_P__primary_5y__M3__ridge__USA,PER,2005,2009,17,8.0,14.0,0.375
PRIMARY_DELETE__HLO_to_P__primary_5y__M3__ridge__USA,POL,2005,2009,17,7.0,7.0,0.0
PRIMARY_DELETE__HLO_to_P__primary_5y__M3__ridge__USA,QAT,2005,2009,17,14.0,15.0,0.0625
PRIMARY_DELETE__HLO_to_P__primary_5y__M3__ridge__USA,SVN,2005,2009,17,5.0,2.0,0.1875
PRIMARY_DELETE__HLO_to_P__primary_5y__M3__ridge__USA,UKR,2005,2009,17,11.0,9.0,0.125
PRIMARY_DELETE__HLO_to_P__primary_5y__M3__ridge__USA,BRA,2010,2014,20,9.0,15.0,0.3157894736842105
PRIMARY_DELETE__HLO_to_P__primary_5y__M3__ridge__USA,CHL,2010,2014,20,17.0,10.0,0.3684210526315789
PRIMARY_DELETE__HLO_to_P__primary_5y__M3__ridge__USA,COL,2010,2014,20,12.0,13.0,0.05263157894736842
PRIMARY_DELETE__HLO_to_P__primary_5y__M3__ridge__USA,DEU,2010,2014,20,3.0,3.0,0.0
PRIMARY_DELETE__HLO_to_P__primary_5y__M3__ridge__USA,ESP,2010,2014,20,6.0,4.0,0.10526315789473684
PRIMARY_DELETE__HLO_to_P__primary_5y__M3__ridge__USA,FIN,2010,2014,20,1.0,1.0,0.0
PRIMARY_DELETE__HLO_to_P__primary_5y__M3__ridge__USA,GHA,2010,2014,20,20.0,20.0,0.0
PRIMARY_DELETE__HLO_to_P__primary_5y__M3__ridge__USA,HRV,2010,2014,20,8.0,5.0,0.15789473684210525
PRIMARY_DELETE__HLO_to_P__primary_5y__M3__ridge__USA,IDN,2010,2014,20,15.0,17.0,0.10526315789473684
PRIMARY_DELETE__HLO_to_P__primary_5y__M3__ridge__USA,ITA,2010,2014,20,10.0,6.0,0.21052631578947367
PRIMARY_DELETE__HLO_to_P__primary_5y__M3__ridge__USA,JOR,2010,2014,20,18.0,11.0,0.3684210526315789
PRIMARY_DELETE__HLO_to_P__primary_5y__M3__ridge__USA,KAZ,2010,2014,20,13.0,12.0,0.05263157894736842
PRIMARY_DELETE__HLO_to_P__primary_5y__M3__ridge__USA,KOR,2010,2014,20,2.0,2.0,0.0
PRIMARY_DELETE__HLO_to_P__primary_5y__M3__ridge__USA,MAR,2010,2014,20,19.0,18.0,0.05263157894736842
PRIMARY_DELETE__HLO_to_P__primary_5y__M3__ridge__USA,MEX,2010,2014,20,7.0,14.0,0.3684210526315789
PRIMARY_DELETE__HLO_to_P__primary_5y__M3__ridge__USA,OMN,2010,2014,20,11.0,16.0,0.2631578947368421
PRIMARY_DELETE__HLO_to_P__primary_5y__M3__ridge__USA,POL,2010,2014,20,4.0,7.0,0.15789473684210525
PRIMARY_DELETE__HLO_to_P__primary_5y__M3__ridge__USA,SAU,2010,2014,20,16.0,8.0,0.42105263157894735
PRIMARY_DELETE__HLO_to_P__primary_5y__M3__ridge__USA,SRB,2010,2014,20,5.0,9.0,0.21052631578947367
PRIMARY_DELETE__HLO_to_P__primary_5y__M3__ridge__USA,ZAF,2010,2014,20,14.0,19.0,0.2631578947368421
PRIMARY_DELETE__HLO_to_P__primary_5y__M3__ridge__USA,AUS,2015,2017,9,4.0,3.0,0.125
PRIMARY_DELETE__HLO_to_P__primary_5y__M3__ridge__USA,BHR,2015,2017,9,9.0,6.0,0.375
PRIMARY_DELETE__HLO_to_P__primary_5y__M3__ridge__USA,DEU,2015,2017,9,3.0,1.0,0.25
PRIMARY_DELETE__HLO_to_P__primary_5y__M3__ridge__USA,EGY,2015,2017,9,8.0,9.0,0.125
PRIMARY_DELETE__HLO_to_P__primary_5y__M3__ridge__USA,IDN,2015,2017,9,7.0,8.0,0.125
PRIMARY_DELETE__HLO_to_P__primary_5y__M3__ridge__USA,JPN,2015,2017,9,2.0,4.0,0.25
PRIMARY_DELETE__HLO_to_P__primary_5y__M3__ridge__USA,POL,2015,2017,9,1.0,2.0,0.125
PRIMARY_DELETE__HLO_to_P__primary_5y__M3__ridge__USA,RUS,2015,2017,9,5.0,5.0,0.0
PRIMARY_DELETE__HLO_to_P__primary_5y__M3__ridge__USA,SAU,2015,2017,9,6.0,7.0,0.125
PRIMARY_DELETE__HLO_to_P__primary_5y__M3__ridge__ZAF,ISL,2000,2004,6,2.0,2.0,0.0
PRIMARY_DELETE__HLO_to_P__primary_5y__M3__ridge__ZAF,LTU,2000,2004,6,4.0,4.0,0.0
PRIMARY_DELETE__HLO_to_P__primary_5y__M3__ridge__ZAF,NLD,2000,2004,6,3.0,1.0,0.4
PRIMARY_DELETE__HLO_to_P__primary_5y__M3__ridge__ZAF,NOR,2000,2004,6,1.0,5.0,0.8
PRIMARY_DELETE__HLO_to_P__primary_5y__M3__ridge__ZAF,PHL,2000,2004,6,6.0,6.0,0.0
PRIMARY_DELETE__HLO_to_P__primary_5y__M3__ridge__ZAF,USA,2000,2004,6,5.0,3.0,0.4
PRIMARY_DELETE__HLO_to_P__primary_5y__M3__ridge__ZAF,AUT,2005,2009,17,2.0,5.0,0.1875
PRIMARY_DELETE__HLO_to_P__primary_5y__M3__ridge__ZAF,BRA,2005,2009,17,12.0,12.0,0.0
PRIMARY_DELETE__HLO_to_P__primary_5y__M3__ridge__ZAF,CHL,2005,2009,17,13.0,11.0,0.125
PRIMARY_DELETE__HLO_to_P__primary_5y__M3__ridge__ZAF,CRI,2005,2009,17,10.0,10.0,0.0
PRIMARY_DELETE__HLO_to_P__primary_5y__M3__ridge__ZAF,DEU,2005,2009,17,4.0,4.0,0.0
PRIMARY_DELETE__HLO_to_P__primary_5y__M3__ridge__ZAF,IDN,2005,2009,17,16.0,17.0,0.0625
PRIMARY_DELETE__HLO_to_P__primary_5y__M3__ridge__ZAF,IRN,2005,2009,17,15.0,13.0,0.125
PRIMARY_DELETE__HLO_to_P__primary_5y__M3__ridge__ZAF,ITA,2005,2009,17,9.0,6.0,0.1875
PRIMARY_DELETE__HLO_to_P__primary_5y__M3__ridge__ZAF,JPN,2005,2009,17,1.0,8.0,0.4375
PRIMARY_DELETE__HLO_to_P__primary_5y__M3__ridge__ZAF,MAR,2005,2009,17,17.0,14.0,0.1875
PRIMARY_DELETE__HLO_to_P__primary_5y__M3__ridge__ZAF,NLD,2005,2009,17,3.0,1.0,0.125
PRIMARY_DELETE__HLO_to_P__primary_5y__M3__ridge__ZAF,NOR,2005,2009,17,6.0,3.0,0.1875
PRIMARY_DELETE__HLO_to_P__primary_5y__M3__ridge__ZAF,PER,2005,2009,17,8.0,16.0,0.5
PRIMARY_DELETE__HLO_to_P__primary_5y__M3__ridge__ZAF,POL,2005,2009,17,7.0,7.0,0.0
PRIMARY_DELETE__HLO_to_P__primary_5y__M3__ridge__ZAF,QAT,2005,2009,17,14.0,15.0,0.0625
PRIMARY_DELETE__HLO_to_P__primary_5y__M3__ridge__ZAF,SVN,2005,2009,17,5.0,2.0,0.1875
PRIMARY_DELETE__HLO_to_P__primary_5y__M3__ridge__ZAF,UKR,2005,2009,17,11.0,9.0,0.125
PRIMARY_DELETE__HLO_to_P__primary_5y__M3__ridge__ZAF,BRA,2010,2014,19,9.0,14.0,0.2777777777777778
PRIMARY_DELETE__HLO_to_P__primary_5y__M3__ridge__ZAF,CHL,2010,2014,19,16.0,10.0,0.3333333333333333
PRIMARY_DELETE__HLO_to_P__primary_5y__M3__ridge__ZAF,COL,2010,2014,19,12.0,13.0,0.05555555555555555
PRIMARY_DELETE__HLO_to_P__primary_5y__M3__ridge__ZAF,DEU,2010,2014,19,3.0,4.0,0.05555555555555555
PRIMARY_DELETE__HLO_to_P__primary_5y__M3__ridge__ZAF,ESP,2010,2014,19,6.0,3.0,0.16666666666666666
PRIMARY_DELETE__HLO_to_P__primary_5y__M3__ridge__ZAF,FIN,2010,2014,19,1.0,1.0,0.0
PRIMARY_DELETE__HLO_to_P__primary_5y__M3__ridge__ZAF,GHA,2010,2014,19,19.0,19.0,0.0
PRIMARY_DELETE__HLO_to_P__primary_5y__M3__ridge__ZAF,HRV,2010,2014,19,8.0,5.0,0.16666666666666666
PRIMARY_DELETE__HLO_to_P__primary_5y__M3__ridge__ZAF,IDN,2010,2014,19,14.0,18.0,0.2222222222222222
PRIMARY_DELETE__HLO_to_P__primary_5y__M3__ridge__ZAF,ITA,2010,2014,19,10.0,7.0,0.16666666666666666
PRIMARY_DELETE__HLO_to_P__primary_5y__M3__ridge__ZAF,JOR,2010,2014,19,17.0,11.0,0.3333333333333333
PRIMARY_DELETE__HLO_to_P__primary_5y__M3__ridge__ZAF,KAZ,2010,2014,19,13.0,12.0,0.05555555555555555
PRIMARY_DELETE__HLO_to_P__primary_5y__M3__ridge__ZAF,KOR,2010,2014,19,2.0,2.0,0.0
PRIMARY_DELETE__HLO_to_P__primary_5y__M3__ridge__ZAF,MAR,2010,2014,19,18.0,17.0,0.05555555555555555
PRIMARY_DELETE__HLO_to_P__primary_5y__M3__ridge__ZAF,MEX,2010,2014,19,7.0,15.0,0.4444444444444444
PRIMARY_DELETE__HLO_to_P__primary_5y__M3__ridge__ZAF,OMN,2010,2014,19,11.0,16.0,0.2777777777777778
PRIMARY_DELETE__HLO_to_P__primary_5y__M3__ridge__ZAF,POL,2010,2014,19,4.0,6.0,0.1111111111111111
PRIMARY_DELETE__HLO_to_P__primary_5y__M3__ridge__ZAF,SAU,2010,2014,19,15.0,9.0,0.3333333333333333
PRIMARY_DELETE__HLO_to_P__primary_5y__M3__ridge__ZAF,SRB,2010,2014,19,5.0,8.0,0.16666666666666666
PRIMARY_DELETE__HLO_to_P__primary_5y__M3__ridge__ZAF,AUS,2015,2017,9,4.0,3.0,0.125
PRIMARY_DELETE__HLO_to_P__primary_5y__M3__ridge__ZAF,BHR,2015,2017,9,9.0,6.0,0.375
PRIMARY_DELETE__HLO_to_P__primary_5y__M3__ridge__ZAF,DEU,2015,2017,9,3.0,2.0,0.125
PRIMARY_DELETE__HLO_to_P__primary_5y__M3__ridge__ZAF,EGY,2015,2017,9,8.0,9.0,0.125
PRIMARY_DELETE__HLO_to_P__primary_5y__M3__ridge__ZAF,IDN,2015,2017,9,7.0,8.0,0.125
PRIMARY_DELETE__HLO_to_P__primary_5y__M3__ridge__ZAF,JPN,2015,2017,9,2.0,5.0,0.375
PRIMARY_DELETE__HLO_to_P__primary_5y__M3__ridge__ZAF,POL,2015,2017,9,1.0,1.0,0.0
PRIMARY_DELETE__HLO_to_P__primary_5y__M3__ridge__ZAF,RUS,2015,2017,9,5.0,4.0,0.125
PRIMARY_DELETE__HLO_to_P__primary_5y__M3__ridge__ZAF,SAU,2015,2017,9,6.0,7.0,0.125
PRIMARY__HLO_to_P__primary_5y__M1__lasso__none,ISL,2000,2004,7,2.0,4.0,0.3333333333333333
PRIMARY__HLO_to_P__primary_5y__M1__lasso__none,LTU,2000,2004,7,4.0,3.0,0.16666666666666666
PRIMARY__HLO_to_P__primary_5y__M1__lasso__none,NLD,2000,2004,7,3.0,1.0,0.3333333333333333
PRIMARY__HLO_to_P__primary_5y__M1__lasso__none,NOR,2000,2004,7,1.0,5.0,0.6666666666666666
PRIMARY__HLO_to_P__primary_5y__M1__lasso__none,PHL,2000,2004,7,6.0,6.0,0.0
PRIMARY__HLO_to_P__primary_5y__M1__lasso__none,USA,2000,2004,7,5.0,2.0,0.5
PRIMARY__HLO_to_P__primary_5y__M1__lasso__none,ZAF,2000,2004,7,7.0,7.0,0.0
PRIMARY__HLO_to_P__primary_5y__M1__lasso__none,AUT,2005,2009,17,2.0,5.0,0.1875
PRIMARY__HLO_to_P__primary_5y__M1__lasso__none,BRA,2005,2009,17,12.0,13.0,0.0625
PRIMARY__HLO_to_P__primary_5y__M1__lasso__none,CHL,2005,2009,17,13.0,11.0,0.125
PRIMARY__HLO_to_P__primary_5y__M1__lasso__none,CRI,2005,2009,17,10.0,10.0,0.0
PRIMARY__HLO_to_P__primary_5y__M1__lasso__none,DEU,2005,2009,17,4.0,3.0,0.0625
PRIMARY__HLO_to_P__primary_5y__M1__lasso__none,IDN,2005,2009,17,16.0,14.0,0.125
PRIMARY__HLO_to_P__primary_5y__M1__lasso__none,IRN,2005,2009,17,15.0,12.0,0.1875
PRIMARY__HLO_to_P__primary_5y__M1__lasso__none,ITA,2005,2009,17,9.0,6.0,0.1875
PRIMARY__HLO_to_P__primary_5y__M1__lasso__none,JPN,2005,2009,17,1.0,1.0,0.0
PRIMARY__HLO_to_P__primary_5y__M1__lasso__none,MAR,2005,2009,17,17.0,16.0,0.0625
PRIMARY__HLO_to_P__primary_5y__M1__lasso__none,NLD,2005,2009,17,3.0,2.0,0.0625
PRIMARY__HLO_to_P__primary_5y__M1__lasso__none,NOR,2005,2009,17,6.0,8.0,0.125
PRIMARY__HLO_to_P__primary_5y__M1__lasso__none,PER,2005,2009,17,8.0,15.0,0.4375
PRIMARY__HLO_to_P__primary_5y__M1__lasso__none,POL,2005,2009,17,7.0,4.0,0.1875
PRIMARY__HLO_to_P__primary_5y__M1__lasso__none,QAT,2005,2009,17,14.0,17.0,0.1875
PRIMARY__HLO_to_P__primary_5y__M1__lasso__none,SVN,2005,2009,17,5.0,7.0,0.125
PRIMARY__HLO_to_P__primary_5y__M1__lasso__none,UKR,2005,2009,17,11.0,9.0,0.125
PRIMARY__HLO_to_P__primary_5y__M1__lasso__none,BRA,2010,2014,20,9.0,12.0,0.15789473684210525
PRIMARY__HLO_to_P__primary_5y__M1__lasso__none,CHL,2010,2014,20,17.0,10.0,0.3684210526315789
PRIMARY__HLO_to_P__primary_5y__M1__lasso__none,COL,2010,2014,20,12.0,13.0,0.05263157894736842
PRIMARY__HLO_to_P__primary_5y__M1__lasso__none,DEU,2010,2014,20,3.0,3.0,0.0
PRIMARY__HLO_to_P__primary_5y__M1__lasso__none,ESP,2010,2014,20,6.0,7.0,0.05263157894736842
PRIMARY__HLO_to_P__primary_5y__M1__lasso__none,FIN,2010,2014,20,1.0,2.0,0.05263157894736842
PRIMARY__HLO_to_P__primary_5y__M1__lasso__none,GHA,2010,2014,20,20.0,20.0,0.0
PRIMARY__HLO_to_P__primary_5y__M1__lasso__none,HRV,2010,2014,20,8.0,6.0,0.10526315789473684
PRIMARY__HLO_to_P__primary_5y__M1__lasso__none,IDN,2010,2014,20,15.0,15.0,0.0
PRIMARY__HLO_to_P__primary_5y__M1__lasso__none,ITA,2010,2014,20,10.0,5.0,0.2631578947368421
PRIMARY__HLO_to_P__primary_5y__M1__lasso__none,JOR,2010,2014,20,18.0,17.0,0.05263157894736842
PRIMARY__HLO_to_P__primary_5y__M1__lasso__none,KAZ,2010,2014,20,13.0,9.0,0.21052631578947367
PRIMARY__HLO_to_P__primary_5y__M1__lasso__none,KOR,2010,2014,20,2.0,1.0,0.05263157894736842
PRIMARY__HLO_to_P__primary_5y__M1__lasso__none,MAR,2010,2014,20,19.0,19.0,0.0
PRIMARY__HLO_to_P__primary_5y__M1__lasso__none,MEX,2010,2014,20,7.0,11.0,0.21052631578947367
PRIMARY__HLO_to_P__primary_5y__M1__lasso__none,OMN,2010,2014,20,11.0,18.0,0.3684210526315789
PRIMARY__HLO_to_P__primary_5y__M1__lasso__none,POL,2010,2014,20,4.0,4.0,0.0
PRIMARY__HLO_to_P__primary_5y__M1__lasso__none,SAU,2010,2014,20,16.0,14.0,0.10526315789473684
PRIMARY__HLO_to_P__primary_5y__M1__lasso__none,SRB,2010,2014,20,5.0,8.0,0.15789473684210525
PRIMARY__HLO_to_P__primary_5y__M1__lasso__none,ZAF,2010,2014,20,14.0,16.0,0.10526315789473684
PRIMARY__HLO_to_P__primary_5y__M1__lasso__none,AUS,2015,2017,9,4.0,4.0,0.0
PRIMARY__HLO_to_P__primary_5y__M1__lasso__none,BHR,2015,2017,9,9.0,6.0,0.375
PRIMARY__HLO_to_P__primary_5y__M1__lasso__none,DEU,2015,2017,9,3.0,5.0,0.25
PRIMARY__HLO_to_P__primary_5y__M1__lasso__none,EGY,2015,2017,9,8.0,9.0,0.125
PRIMARY__HLO_to_P__primary_5y__M1__lasso__none,IDN,2015,2017,9,7.0,7.0,0.0
PRIMARY__HLO_to_P__primary_5y__M1__lasso__none,JPN,2015,2017,9,2.0,1.0,0.125
PRIMARY__HLO_to_P__primary_5y__M1__lasso__none,POL,2015,2017,9,1.0,3.0,0.25
PRIMARY__HLO_to_P__primary_5y__M1__lasso__none,RUS,2015,2017,9,5.0,2.0,0.375
PRIMARY__HLO_to_P__primary_5y__M1__lasso__none,SAU,2015,2017,9,6.0,8.0,0.25
PRIMARY__HLO_to_P__primary_5y__M1__ols__none,ISL,2000,2004,7,2.0,4.0,0.3333333333333333
PRIMARY__HLO_to_P__primary_5y__M1__ols__none,LTU,2000,2004,7,4.0,3.0,0.16666666666666666
PRIMARY__HLO_to_P__primary_5y__M1__ols__none,NLD,2000,2004,7,3.0,1.0,0.3333333333333333
PRIMARY__HLO_to_P__primary_5y__M1__ols__none,NOR,2000,2004,7,1.0,5.0,0.6666666666666666
PRIMARY__HLO_to_P__primary_5y__M1__ols__none,PHL,2000,2004,7,6.0,6.0,0.0
PRIMARY__HLO_to_P__primary_5y__M1__ols__none,USA,2000,2004,7,5.0,2.0,0.5
PRIMARY__HLO_to_P__primary_5y__M1__ols__none,ZAF,2000,2004,7,7.0,7.0,0.0
PRIMARY__HLO_to_P__primary_5y__M1__ols__none,AUT,2005,2009,17,2.0,6.0,0.25
PRIMARY__HLO_to_P__primary_5y__M1__ols__none,BRA,2005,2009,17,12.0,13.0,0.0625
PRIMARY__HLO_to_P__primary_5y__M1__ols__none,CHL,2005,2009,17,13.0,11.0,0.125
PRIMARY__HLO_to_P__primary_5y__M1__ols__none,CRI,2005,2009,17,10.0,10.0,0.0
PRIMARY__HLO_to_P__primary_5y__M1__ols__none,DEU,2005,2009,17,4.0,3.0,0.0625
PRIMARY__HLO_to_P__primary_5y__M1__ols__none,IDN,2005,2009,17,16.0,14.0,0.125
PRIMARY__HLO_to_P__primary_5y__M1__ols__none,IRN,2005,2009,17,15.0,12.0,0.1875
PRIMARY__HLO_to_P__primary_5y__M1__ols__none,ITA,2005,2009,17,9.0,7.0,0.125
PRIMARY__HLO_to_P__primary_5y__M1__ols__none,JPN,2005,2009,17,1.0,1.0,0.0
PRIMARY__HLO_to_P__primary_5y__M1__ols__none,MAR,2005,2009,17,17.0,16.0,0.0625
PRIMARY__HLO_to_P__primary_5y__M1__ols__none,NLD,2005,2009,17,3.0,2.0,0.0625
PRIMARY__HLO_to_P__primary_5y__M1__ols__none,NOR,2005,2009,17,6.0,8.0,0.125
PRIMARY__HLO_to_P__primary_5y__M1__ols__none,PER,2005,2009,17,8.0,15.0,0.4375
PRIMARY__HLO_to_P__primary_5y__M1__ols__none,POL,2005,2009,17,7.0,4.0,0.1875
PRIMARY__HLO_to_P__primary_5y__M1__ols__none,QAT,2005,2009,17,14.0,17.0,0.1875
PRIMARY__HLO_to_P__primary_5y__M1__ols__none,SVN,2005,2009,17,5.0,5.0,0.0
PRIMARY__HLO_to_P__primary_5y__M1__ols__none,UKR,2005,2009,17,11.0,9.0,0.125
PRIMARY__HLO_to_P__primary_5y__M1__ols__none,BRA,2010,2014,20,9.0,12.0,0.15789473684210525
PRIMARY__HLO_to_P__primary_5y__M1__ols__none,CHL,2010,2014,20,17.0,10.0,0.3684210526315789
PRIMARY__HLO_to_P__primary_5y__M1__ols__none,COL,2010,2014,20,12.0,13.0,0.05263157894736842
PRIMARY__HLO_to_P__primary_5y__M1__ols__none,DEU,2010,2014,20,3.0,3.0,0.0
PRIMARY__HLO_to_P__primary_5y__M1__ols__none,ESP,2010,2014,20,6.0,7.0,0.05263157894736842
PRIMARY__HLO_to_P__primary_5y__M1__ols__none,FIN,2010,2014,20,1.0,2.0,0.05263157894736842
PRIMARY__HLO_to_P__primary_5y__M1__ols__none,GHA,2010,2014,20,20.0,20.0,0.0
PRIMARY__HLO_to_P__primary_5y__M1__ols__none,HRV,2010,2014,20,8.0,6.0,0.10526315789473684
PRIMARY__HLO_to_P__primary_5y__M1__ols__none,IDN,2010,2014,20,15.0,15.0,0.0
PRIMARY__HLO_to_P__primary_5y__M1__ols__none,ITA,2010,2014,20,10.0,5.0,0.2631578947368421
PRIMARY__HLO_to_P__primary_5y__M1__ols__none,JOR,2010,2014,20,18.0,16.0,0.10526315789473684
PRIMARY__HLO_to_P__primary_5y__M1__ols__none,KAZ,2010,2014,20,13.0,9.0,0.21052631578947367
PRIMARY__HLO_to_P__primary_5y__M1__ols__none,KOR,2010,2014,20,2.0,1.0,0.05263157894736842
PRIMARY__HLO_to_P__primary_5y__M1__ols__none,MAR,2010,2014,20,19.0,19.0,0.0
PRIMARY__HLO_to_P__primary_5y__M1__ols__none,MEX,2010,2014,20,7.0,11.0,0.21052631578947367
PRIMARY__HLO_to_P__primary_5y__M1__ols__none,OMN,2010,2014,20,11.0,18.0,0.3684210526315789
PRIMARY__HLO_to_P__primary_5y__M1__ols__none,POL,2010,2014,20,4.0,4.0,0.0
PRIMARY__HLO_to_P__primary_5y__M1__ols__none,SAU,2010,2014,20,16.0,14.0,0.10526315789473684
PRIMARY__HLO_to_P__primary_5y__M1__ols__none,SRB,2010,2014,20,5.0,8.0,0.15789473684210525
PRIMARY__HLO_to_P__primary_5y__M1__ols__none,ZAF,2010,2014,20,14.0,17.0,0.15789473684210525
PRIMARY__HLO_to_P__primary_5y__M1__ols__none,AUS,2015,2017,9,4.0,5.0,0.125
PRIMARY__HLO_to_P__primary_5y__M1__ols__none,BHR,2015,2017,9,9.0,6.0,0.375
PRIMARY__HLO_to_P__primary_5y__M1__ols__none,DEU,2015,2017,9,3.0,4.0,0.125
PRIMARY__HLO_to_P__primary_5y__M1__ols__none,EGY,2015,2017,9,8.0,9.0,0.125
PRIMARY__HLO_to_P__primary_5y__M1__ols__none,IDN,2015,2017,9,7.0,7.0,0.0
PRIMARY__HLO_to_P__primary_5y__M1__ols__none,JPN,2015,2017,9,2.0,1.0,0.125
PRIMARY__HLO_to_P__primary_5y__M1__ols__none,POL,2015,2017,9,1.0,3.0,0.25
PRIMARY__HLO_to_P__primary_5y__M1__ols__none,RUS,2015,2017,9,5.0,2.0,0.375
PRIMARY__HLO_to_P__primary_5y__M1__ols__none,SAU,2015,2017,9,6.0,8.0,0.25
PRIMARY__HLO_to_P__primary_5y__M1__ridge__none,ISL,2000,2004,7,2.0,4.0,0.3333333333333333
PRIMARY__HLO_to_P__primary_5y__M1__ridge__none,LTU,2000,2004,7,4.0,3.0,0.16666666666666666
PRIMARY__HLO_to_P__primary_5y__M1__ridge__none,NLD,2000,2004,7,3.0,1.0,0.3333333333333333
PRIMARY__HLO_to_P__primary_5y__M1__ridge__none,NOR,2000,2004,7,1.0,5.0,0.6666666666666666
PRIMARY__HLO_to_P__primary_5y__M1__ridge__none,PHL,2000,2004,7,6.0,6.0,0.0
PRIMARY__HLO_to_P__primary_5y__M1__ridge__none,USA,2000,2004,7,5.0,2.0,0.5
PRIMARY__HLO_to_P__primary_5y__M1__ridge__none,ZAF,2000,2004,7,7.0,7.0,0.0
PRIMARY__HLO_to_P__primary_5y__M1__ridge__none,AUT,2005,2009,17,2.0,5.0,0.1875
PRIMARY__HLO_to_P__primary_5y__M1__ridge__none,BRA,2005,2009,17,12.0,13.0,0.0625
PRIMARY__HLO_to_P__primary_5y__M1__ridge__none,CHL,2005,2009,17,13.0,11.0,0.125
PRIMARY__HLO_to_P__primary_5y__M1__ridge__none,CRI,2005,2009,17,10.0,10.0,0.0
PRIMARY__HLO_to_P__primary_5y__M1__ridge__none,DEU,2005,2009,17,4.0,4.0,0.0
PRIMARY__HLO_to_P__primary_5y__M1__ridge__none,IDN,2005,2009,17,16.0,14.0,0.125
PRIMARY__HLO_to_P__primary_5y__M1__ridge__none,IRN,2005,2009,17,15.0,12.0,0.1875
PRIMARY__HLO_to_P__primary_5y__M1__ridge__none,ITA,2005,2009,17,9.0,6.0,0.1875
PRIMARY__HLO_to_P__primary_5y__M1__ridge__none,JPN,2005,2009,17,1.0,1.0,0.0
PRIMARY__HLO_to_P__primary_5y__M1__ridge__none,MAR,2005,2009,17,17.0,16.0,0.0625
PRIMARY__HLO_to_P__primary_5y__M1__ridge__none,NLD,2005,2009,17,3.0,2.0,0.0625
PRIMARY__HLO_to_P__primary_5y__M1__ridge__none,NOR,2005,2009,17,6.0,8.0,0.125
PRIMARY__HLO_to_P__primary_5y__M1__ridge__none,PER,2005,2009,17,8.0,15.0,0.4375
PRIMARY__HLO_to_P__primary_5y__M1__ridge__none,POL,2005,2009,17,7.0,3.0,0.25
PRIMARY__HLO_to_P__primary_5y__M1__ridge__none,QAT,2005,2009,17,14.0,17.0,0.1875
PRIMARY__HLO_to_P__primary_5y__M1__ridge__none,SVN,2005,2009,17,5.0,7.0,0.125
PRIMARY__HLO_to_P__primary_5y__M1__ridge__none,UKR,2005,2009,17,11.0,9.0,0.125
PRIMARY__HLO_to_P__primary_5y__M1__ridge__none,BRA,2010,2014,20,9.0,12.0,0.15789473684210525
PRIMARY__HLO_to_P__primary_5y__M1__ridge__none,CHL,2010,2014,20,17.0,10.0,0.3684210526315789
PRIMARY__HLO_to_P__primary_5y__M1__ridge__none,COL,2010,2014,20,12.0,13.0,0.05263157894736842
PRIMARY__HLO_to_P__primary_5y__M1__ridge__none,DEU,2010,2014,20,3.0,4.0,0.05263157894736842
PRIMARY__HLO_to_P__primary_5y__M1__ridge__none,ESP,2010,2014,20,6.0,7.0,0.05263157894736842
PRIMARY__HLO_to_P__primary_5y__M1__ridge__none,FIN,2010,2014,20,1.0,2.0,0.05263157894736842
PRIMARY__HLO_to_P__primary_5y__M1__ridge__none,GHA,2010,2014,20,20.0,20.0,0.0
PRIMARY__HLO_to_P__primary_5y__M1__ridge__none,HRV,2010,2014,20,8.0,6.0,0.10526315789473684
PRIMARY__HLO_to_P__primary_5y__M1__ridge__none,IDN,2010,2014,20,15.0,15.0,0.0
PRIMARY__HLO_to_P__primary_5y__M1__ridge__none,ITA,2010,2014,20,10.0,5.0,0.2631578947368421
PRIMARY__HLO_to_P__primary_5y__M1__ridge__none,JOR,2010,2014,20,18.0,17.0,0.05263157894736842
PRIMARY__HLO_to_P__primary_5y__M1__ridge__none,KAZ,2010,2014,20,13.0,9.0,0.21052631578947367
PRIMARY__HLO_to_P__primary_5y__M1__ridge__none,KOR,2010,2014,20,2.0,1.0,0.05263157894736842
PRIMARY__HLO_to_P__primary_5y__M1__ridge__none,MAR,2010,2014,20,19.0,19.0,0.0
PRIMARY__HLO_to_P__primary_5y__M1__ridge__none,MEX,2010,2014,20,7.0,11.0,0.21052631578947367
PRIMARY__HLO_to_P__primary_5y__M1__ridge__none,OMN,2010,2014,20,11.0,18.0,0.3684210526315789
PRIMARY__HLO_to_P__primary_5y__M1__ridge__none,POL,2010,2014,20,4.0,3.0,0.05263157894736842
PRIMARY__HLO_to_P__primary_5y__M1__ridge__none,SAU,2010,2014,20,16.0,14.0,0.10526315789473684
PRIMARY__HLO_to_P__primary_5y__M1__ridge__none,SRB,2010,2014,20,5.0,8.0,0.15789473684210525
PRIMARY__HLO_to_P__primary_5y__M1__ridge__none,ZAF,2010,2014,20,14.0,16.0,0.10526315789473684
PRIMARY__HLO_to_P__primary_5y__M1__ridge__none,AUS,2015,2017,9,4.0,4.0,0.0
PRIMARY__HLO_to_P__primary_5y__M1__ridge__none,BHR,2015,2017,9,9.0,6.0,0.375
PRIMARY__HLO_to_P__primary_5y__M1__ridge__none,DEU,2015,2017,9,3.0,5.0,0.25
PRIMARY__HLO_to_P__primary_5y__M1__ridge__none,EGY,2015,2017,9,8.0,9.0,0.125
PRIMARY__HLO_to_P__primary_5y__M1__ridge__none,IDN,2015,2017,9,7.0,7.0,0.0
PRIMARY__HLO_to_P__primary_5y__M1__ridge__none,JPN,2015,2017,9,2.0,1.0,0.125
PRIMARY__HLO_to_P__primary_5y__M1__ridge__none,POL,2015,2017,9,1.0,3.0,0.25
PRIMARY__HLO_to_P__primary_5y__M1__ridge__none,RUS,2015,2017,9,5.0,2.0,0.375
PRIMARY__HLO_to_P__primary_5y__M1__ridge__none,SAU,2015,2017,9,6.0,8.0,0.25
PRIMARY__HLO_to_P__primary_5y__M2__lasso__none,ISL,2000,2004,7,2.0,4.0,0.3333333333333333
PRIMARY__HLO_to_P__primary_5y__M2__lasso__none,LTU,2000,2004,7,4.0,5.0,0.16666666666666666
PRIMARY__HLO_to_P__primary_5y__M2__lasso__none,NLD,2000,2004,7,3.0,1.0,0.3333333333333333
PRIMARY__HLO_to_P__primary_5y__M2__lasso__none,NOR,2000,2004,7,1.0,2.0,0.16666666666666666
PRIMARY__HLO_to_P__primary_5y__M2__lasso__none,PHL,2000,2004,7,6.0,7.0,0.16666666666666666
PRIMARY__HLO_to_P__primary_5y__M2__lasso__none,USA,2000,2004,7,5.0,3.0,0.3333333333333333
PRIMARY__HLO_to_P__primary_5y__M2__lasso__none,ZAF,2000,2004,7,7.0,6.0,0.16666666666666666
PRIMARY__HLO_to_P__primary_5y__M2__lasso__none,AUT,2005,2009,17,2.0,6.0,0.25
PRIMARY__HLO_to_P__primary_5y__M2__lasso__none,BRA,2005,2009,17,12.0,14.0,0.125
PRIMARY__HLO_to_P__primary_5y__M2__lasso__none,CHL,2005,2009,17,13.0,9.0,0.25
PRIMARY__HLO_to_P__primary_5y__M2__lasso__none,CRI,2005,2009,17,10.0,11.0,0.0625
PRIMARY__HLO_to_P__primary_5y__M2__lasso__none,DEU,2005,2009,17,4.0,5.0,0.0625
PRIMARY__HLO_to_P__primary_5y__M2__lasso__none,IDN,2005,2009,17,16.0,17.0,0.0625
PRIMARY__HLO_to_P__primary_5y__M2__lasso__none,IRN,2005,2009,17,15.0,13.0,0.125
PRIMARY__HLO_to_P__primary_5y__M2__lasso__none,ITA,2005,2009,17,9.0,4.0,0.3125
PRIMARY__HLO_to_P__primary_5y__M2__lasso__none,JPN,2005,2009,17,1.0,8.0,0.4375
PRIMARY__HLO_to_P__primary_5y__M2__lasso__none,MAR,2005,2009,17,17.0,16.0,0.0625
PRIMARY__HLO_to_P__primary_5y__M2__lasso__none,NLD,2005,2009,17,3.0,2.0,0.0625
PRIMARY__HLO_to_P__primary_5y__M2__lasso__none,NOR,2005,2009,17,6.0,3.0,0.1875
PRIMARY__HLO_to_P__primary_5y__M2__lasso__none,PER,2005,2009,17,8.0,15.0,0.4375
PRIMARY__HLO_to_P__primary_5y__M2__lasso__none,POL,2005,2009,17,7.0,7.0,0.0
PRIMARY__HLO_to_P__primary_5y__M2__lasso__none,QAT,2005,2009,17,14.0,12.0,0.125
PRIMARY__HLO_to_P__primary_5y__M2__lasso__none,SVN,2005,2009,17,5.0,1.0,0.25
PRIMARY__HLO_to_P__primary_5y__M2__lasso__none,UKR,2005,2009,17,11.0,10.0,0.0625
PRIMARY__HLO_to_P__primary_5y__M2__lasso__none,BRA,2010,2014,20,9.0,14.0,0.2631578947368421
PRIMARY__HLO_to_P__primary_5y__M2__lasso__none,CHL,2010,2014,20,17.0,8.0,0.47368421052631576
PRIMARY__HLO_to_P__primary_5y__M2__lasso__none,COL,2010,2014,20,12.0,12.0,0.0
PRIMARY__HLO_to_P__primary_5y__M2__lasso__none,DEU,2010,2014,20,3.0,5.0,0.10526315789473684
PRIMARY__HLO_to_P__primary_5y__M2__lasso__none,ESP,2010,2014,20,6.0,2.0,0.21052631578947367
PRIMARY__HLO_to_P__primary_5y__M2__lasso__none,FIN,2010,2014,20,1.0,1.0,0.0
PRIMARY__HLO_to_P__primary_5y__M2__lasso__none,GHA,2010,2014,20,20.0,20.0,0.0
PRIMARY__HLO_to_P__primary_5y__M2__lasso__none,HRV,2010,2014,20,8.0,6.0,0.10526315789473684
PRIMARY__HLO_to_P__primary_5y__M2__lasso__none,IDN,2010,2014,20,15.0,18.0,0.15789473684210525
PRIMARY__HLO_to_P__primary_5y__M2__lasso__none,ITA,2010,2014,20,10.0,3.0,0.3684210526315789
PRIMARY__HLO_to_P__primary_5y__M2__lasso__none,JOR,2010,2014,20,18.0,15.0,0.15789473684210525
PRIMARY__HLO_to_P__primary_5y__M2__lasso__none,KAZ,2010,2014,20,13.0,16.0,0.15789473684210525
PRIMARY__HLO_to_P__primary_5y__M2__lasso__none,KOR,2010,2014,20,2.0,4.0,0.10526315789473684
PRIMARY__HLO_to_P__primary_5y__M2__lasso__none,MAR,2010,2014,20,19.0,17.0,0.10526315789473684
PRIMARY__HLO_to_P__primary_5y__M2__lasso__none,MEX,2010,2014,20,7.0,13.0,0.3157894736842105
PRIMARY__HLO_to_P__primary_5y__M2__lasso__none,OMN,2010,2014,20,11.0,11.0,0.0
PRIMARY__HLO_to_P__primary_5y__M2__lasso__none,POL,2010,2014,20,4.0,7.0,0.15789473684210525
PRIMARY__HLO_to_P__primary_5y__M2__lasso__none,SAU,2010,2014,20,16.0,10.0,0.3157894736842105
PRIMARY__HLO_to_P__primary_5y__M2__lasso__none,SRB,2010,2014,20,5.0,9.0,0.21052631578947367
PRIMARY__HLO_to_P__primary_5y__M2__lasso__none,ZAF,2010,2014,20,14.0,19.0,0.2631578947368421
PRIMARY__HLO_to_P__primary_5y__M2__lasso__none,AUS,2015,2017,9,4.0,2.0,0.25
PRIMARY__HLO_to_P__primary_5y__M2__lasso__none,BHR,2015,2017,9,9.0,3.0,0.75
PRIMARY__HLO_to_P__primary_5y__M2__lasso__none,DEU,2015,2017,9,3.0,1.0,0.25
PRIMARY__HLO_to_P__primary_5y__M2__lasso__none,EGY,2015,2017,9,8.0,9.0,0.125
PRIMARY__HLO_to_P__primary_5y__M2__lasso__none,IDN,2015,2017,9,7.0,8.0,0.125
PRIMARY__HLO_to_P__primary_5y__M2__lasso__none,JPN,2015,2017,9,2.0,6.0,0.5
PRIMARY__HLO_to_P__primary_5y__M2__lasso__none,POL,2015,2017,9,1.0,4.0,0.375
PRIMARY__HLO_to_P__primary_5y__M2__lasso__none,RUS,2015,2017,9,5.0,5.0,0.0
PRIMARY__HLO_to_P__primary_5y__M2__lasso__none,SAU,2015,2017,9,6.0,7.0,0.125
PRIMARY__HLO_to_P__primary_5y__M2__ols__none,ISL,2000,2004,7,2.0,4.0,0.3333333333333333
PRIMARY__HLO_to_P__primary_5y__M2__ols__none,LTU,2000,2004,7,4.0,5.0,0.16666666666666666
PRIMARY__HLO_to_P__primary_5y__M2__ols__none,NLD,2000,2004,7,3.0,2.0,0.16666666666666666
PRIMARY__HLO_to_P__primary_5y__M2__ols__none,NOR,2000,2004,7,1.0,1.0,0.0
PRIMARY__HLO_to_P__primary_5y__M2__ols__none,PHL,2000,2004,7,6.0,7.0,0.16666666666666666
PRIMARY__HLO_to_P__primary_5y__M2__ols__none,USA,2000,2004,7,5.0,3.0,0.3333333333333333
PRIMARY__HLO_to_P__primary_5y__M2__ols__none,ZAF,2000,2004,7,7.0,6.0,0.16666666666666666
PRIMARY__HLO_to_P__primary_5y__M2__ols__none,AUT,2005,2009,17,2.0,4.0,0.125
PRIMARY__HLO_to_P__primary_5y__M2__ols__none,BRA,2005,2009,17,12.0,14.0,0.125
PRIMARY__HLO_to_P__primary_5y__M2__ols__none,CHL,2005,2009,17,13.0,11.0,0.125
PRIMARY__HLO_to_P__primary_5y__M2__ols__none,CRI,2005,2009,17,10.0,9.0,0.0625
PRIMARY__HLO_to_P__primary_5y__M2__ols__none,DEU,2005,2009,17,4.0,6.0,0.125
PRIMARY__HLO_to_P__primary_5y__M2__ols__none,IDN,2005,2009,17,16.0,17.0,0.0625
PRIMARY__HLO_to_P__primary_5y__M2__ols__none,IRN,2005,2009,17,15.0,13.0,0.125
PRIMARY__HLO_to_P__primary_5y__M2__ols__none,ITA,2005,2009,17,9.0,5.0,0.25
PRIMARY__HLO_to_P__primary_5y__M2__ols__none,JPN,2005,2009,17,1.0,8.0,0.4375
PRIMARY__HLO_to_P__primary_5y__M2__ols__none,MAR,2005,2009,17,17.0,15.0,0.125
PRIMARY__HLO_to_P__primary_5y__M2__ols__none,NLD,2005,2009,17,3.0,3.0,0.0
PRIMARY__HLO_to_P__primary_5y__M2__ols__none,NOR,2005,2009,17,6.0,2.0,0.25
PRIMARY__HLO_to_P__primary_5y__M2__ols__none,PER,2005,2009,17,8.0,16.0,0.5
PRIMARY__HLO_to_P__primary_5y__M2__ols__none,POL,2005,2009,17,7.0,7.0,0.0
PRIMARY__HLO_to_P__primary_5y__M2__ols__none,QAT,2005,2009,17,14.0,12.0,0.125
PRIMARY__HLO_to_P__primary_5y__M2__ols__none,SVN,2005,2009,17,5.0,1.0,0.25
PRIMARY__HLO_to_P__primary_5y__M2__ols__none,UKR,2005,2009,17,11.0,10.0,0.0625
PRIMARY__HLO_to_P__primary_5y__M2__ols__none,BRA,2010,2014,20,9.0,14.0,0.2631578947368421
PRIMARY__HLO_to_P__primary_5y__M2__ols__none,CHL,2010,2014,20,17.0,10.0,0.3684210526315789
PRIMARY__HLO_to_P__primary_5y__M2__ols__none,COL,2010,2014,20,12.0,11.0,0.05263157894736842
PRIMARY__HLO_to_P__primary_5y__M2__ols__none,DEU,2010,2014,20,3.0,4.0,0.05263157894736842
PRIMARY__HLO_to_P__primary_5y__M2__ols__none,ESP,2010,2014,20,6.0,2.0,0.21052631578947367
PRIMARY__HLO_to_P__primary_5y__M2__ols__none,FIN,2010,2014,20,1.0,1.0,0.0
PRIMARY__HLO_to_P__primary_5y__M2__ols__none,GHA,2010,2014,20,20.0,20.0,0.0
PRIMARY__HLO_to_P__primary_5y__M2__ols__none,HRV,2010,2014,20,8.0,3.0,0.2631578947368421
PRIMARY__HLO_to_P__primary_5y__M2__ols__none,IDN,2010,2014,20,15.0,18.0,0.15789473684210525
PRIMARY__HLO_to_P__primary_5y__M2__ols__none,ITA,2010,2014,20,10.0,5.0,0.2631578947368421
PRIMARY__HLO_to_P__primary_5y__M2__ols__none,JOR,2010,2014,20,18.0,13.0,0.2631578947368421
PRIMARY__HLO_to_P__primary_5y__M2__ols__none,KAZ,2010,2014,20,13.0,15.0,0.10526315789473684
PRIMARY__HLO_to_P__primary_5y__M2__ols__none,KOR,2010,2014,20,2.0,7.0,0.2631578947368421
PRIMARY__HLO_to_P__primary_5y__M2__ols__none,MAR,2010,2014,20,19.0,17.0,0.10526315789473684
PRIMARY__HLO_to_P__primary_5y__M2__ols__none,MEX,2010,2014,20,7.0,16.0,0.47368421052631576
PRIMARY__HLO_to_P__primary_5y__M2__ols__none,OMN,2010,2014,20,11.0,12.0,0.05263157894736842
PRIMARY__HLO_to_P__primary_5y__M2__ols__none,POL,2010,2014,20,4.0,6.0,0.10526315789473684
PRIMARY__HLO_to_P__primary_5y__M2__ols__none,SAU,2010,2014,20,16.0,9.0,0.3684210526315789
PRIMARY__HLO_to_P__primary_5y__M2__ols__none,SRB,2010,2014,20,5.0,8.0,0.15789473684210525
PRIMARY__HLO_to_P__primary_5y__M2__ols__none,ZAF,2010,2014,20,14.0,19.0,0.2631578947368421
PRIMARY__HLO_to_P__primary_5y__M2__ols__none,AUS,2015,2017,9,4.0,4.0,0.0
PRIMARY__HLO_to_P__primary_5y__M2__ols__none,BHR,2015,2017,9,9.0,5.0,0.5
PRIMARY__HLO_to_P__primary_5y__M2__ols__none,DEU,2015,2017,9,3.0,2.0,0.125
PRIMARY__HLO_to_P__primary_5y__M2__ols__none,EGY,2015,2017,9,8.0,9.0,0.125
PRIMARY__HLO_to_P__primary_5y__M2__ols__none,IDN,2015,2017,9,7.0,8.0,0.125
PRIMARY__HLO_to_P__primary_5y__M2__ols__none,JPN,2015,2017,9,2.0,7.0,0.625
PRIMARY__HLO_to_P__primary_5y__M2__ols__none,POL,2015,2017,9,1.0,1.0,0.0
PRIMARY__HLO_to_P__primary_5y__M2__ols__none,RUS,2015,2017,9,5.0,6.0,0.125
PRIMARY__HLO_to_P__primary_5y__M2__ols__none,SAU,2015,2017,9,6.0,3.0,0.375
PRIMARY__HLO_to_P__primary_5y__M2__ridge__none,ISL,2000,2004,7,2.0,3.0,0.16666666666666666
PRIMARY__HLO_to_P__primary_5y__M2__ridge__none,LTU,2000,2004,7,4.0,5.0,0.16666666666666666
PRIMARY__HLO_to_P__primary_5y__M2__ridge__none,NLD,2000,2004,7,3.0,2.0,0.16666666666666666
PRIMARY__HLO_to_P__primary_5y__M2__ridge__none,NOR,2000,2004,7,1.0,1.0,0.0
PRIMARY__HLO_to_P__primary_5y__M2__ridge__none,PHL,2000,2004,7,6.0,7.0,0.16666666666666666
PRIMARY__HLO_to_P__primary_5y__M2__ridge__none,USA,2000,2004,7,5.0,4.0,0.16666666666666666
PRIMARY__HLO_to_P__primary_5y__M2__ridge__none,ZAF,2000,2004,7,7.0,6.0,0.16666666666666666
PRIMARY__HLO_to_P__primary_5y__M2__ridge__none,AUT,2005,2009,17,2.0,4.0,0.125
PRIMARY__HLO_to_P__primary_5y__M2__ridge__none,BRA,2005,2009,17,12.0,13.0,0.0625
PRIMARY__HLO_to_P__primary_5y__M2__ridge__none,CHL,2005,2009,17,13.0,11.0,0.125
PRIMARY__HLO_to_P__primary_5y__M2__ridge__none,CRI,2005,2009,17,10.0,10.0,0.0
PRIMARY__HLO_to_P__primary_5y__M2__ridge__none,DEU,2005,2009,17,4.0,5.0,0.0625
PRIMARY__HLO_to_P__primary_5y__M2__ridge__none,IDN,2005,2009,17,16.0,17.0,0.0625
PRIMARY__HLO_to_P__primary_5y__M2__ridge__none,IRN,2005,2009,17,15.0,14.0,0.0625
PRIMARY__HLO_to_P__primary_5y__M2__ridge__none,ITA,2005,2009,17,9.0,6.0,0.1875
PRIMARY__HLO_to_P__primary_5y__M2__ridge__none,JPN,2005,2009,17,1.0,8.0,0.4375
PRIMARY__HLO_to_P__primary_5y__M2__ridge__none,MAR,2005,2009,17,17.0,16.0,0.0625
PRIMARY__HLO_to_P__primary_5y__M2__ridge__none,NLD,2005,2009,17,3.0,3.0,0.0
PRIMARY__HLO_to_P__primary_5y__M2__ridge__none,NOR,2005,2009,17,6.0,1.0,0.3125
PRIMARY__HLO_to_P__primary_5y__M2__ridge__none,PER,2005,2009,17,8.0,15.0,0.4375
PRIMARY__HLO_to_P__primary_5y__M2__ridge__none,POL,2005,2009,17,7.0,7.0,0.0
PRIMARY__HLO_to_P__primary_5y__M2__ridge__none,QAT,2005,2009,17,14.0,12.0,0.125
PRIMARY__HLO_to_P__primary_5y__M2__ridge__none,SVN,2005,2009,17,5.0,2.0,0.1875
PRIMARY__HLO_to_P__primary_5y__M2__ridge__none,UKR,2005,2009,17,11.0,9.0,0.125
PRIMARY__HLO_to_P__primary_5y__M2__ridge__none,BRA,2010,2014,20,9.0,12.0,0.15789473684210525
PRIMARY__HLO_to_P__primary_5y__M2__ridge__none,CHL,2010,2014,20,17.0,9.0,0.42105263157894735
PRIMARY__HLO_to_P__primary_5y__M2__ridge__none,COL,2010,2014,20,12.0,11.0,0.05263157894736842
PRIMARY__HLO_to_P__primary_5y__M2__ridge__none,DEU,2010,2014,20,3.0,3.0,0.0
PRIMARY__HLO_to_P__primary_5y__M2__ridge__none,ESP,2010,2014,20,6.0,2.0,0.21052631578947367
PRIMARY__HLO_to_P__primary_5y__M2__ridge__none,FIN,2010,2014,20,1.0,1.0,0.0
PRIMARY__HLO_to_P__primary_5y__M2__ridge__none,GHA,2010,2014,20,20.0,20.0,0.0
PRIMARY__HLO_to_P__primary_5y__M2__ridge__none,HRV,2010,2014,20,8.0,5.0,0.15789473684210525
PRIMARY__HLO_to_P__primary_5y__M2__ridge__none,IDN,2010,2014,20,15.0,18.0,0.15789473684210525
PRIMARY__HLO_to_P__primary_5y__M2__ridge__none,ITA,2010,2014,20,10.0,6.0,0.21052631578947367
PRIMARY__HLO_to_P__primary_5y__M2__ridge__none,JOR,2010,2014,20,18.0,15.0,0.15789473684210525
PRIMARY__HLO_to_P__primary_5y__M2__ridge__none,KAZ,2010,2014,20,13.0,16.0,0.15789473684210525
PRIMARY__HLO_to_P__primary_5y__M2__ridge__none,KOR,2010,2014,20,2.0,4.0,0.10526315789473684
PRIMARY__HLO_to_P__primary_5y__M2__ridge__none,MAR,2010,2014,20,19.0,17.0,0.10526315789473684
PRIMARY__HLO_to_P__primary_5y__M2__ridge__none,MEX,2010,2014,20,7.0,14.0,0.3684210526315789
PRIMARY__HLO_to_P__primary_5y__M2__ridge__none,OMN,2010,2014,20,11.0,13.0,0.10526315789473684
PRIMARY__HLO_to_P__primary_5y__M2__ridge__none,POL,2010,2014,20,4.0,7.0,0.15789473684210525
PRIMARY__HLO_to_P__primary_5y__M2__ridge__none,SAU,2010,2014,20,16.0,10.0,0.3157894736842105
PRIMARY__HLO_to_P__primary_5y__M2__ridge__none,SRB,2010,2014,20,5.0,8.0,0.15789473684210525
PRIMARY__HLO_to_P__primary_5y__M2__ridge__none,ZAF,2010,2014,20,14.0,19.0,0.2631578947368421
PRIMARY__HLO_to_P__primary_5y__M2__ridge__none,AUS,2015,2017,9,4.0,3.0,0.125
PRIMARY__HLO_to_P__primary_5y__M2__ridge__none,BHR,2015,2017,9,9.0,4.0,0.625
PRIMARY__HLO_to_P__primary_5y__M2__ridge__none,DEU,2015,2017,9,3.0,1.0,0.25
PRIMARY__HLO_to_P__primary_5y__M2__ridge__none,EGY,2015,2017,9,8.0,9.0,0.125
PRIMARY__HLO_to_P__primary_5y__M2__ridge__none,IDN,2015,2017,9,7.0,8.0,0.125
PRIMARY__HLO_to_P__primary_5y__M2__ridge__none,JPN,2015,2017,9,2.0,5.0,0.375
PRIMARY__HLO_to_P__primary_5y__M2__ridge__none,POL,2015,2017,9,1.0,2.0,0.125
PRIMARY__HLO_to_P__primary_5y__M2__ridge__none,RUS,2015,2017,9,5.0,7.0,0.25
PRIMARY__HLO_to_P__primary_5y__M2__ridge__none,SAU,2015,2017,9,6.0,6.0,0.0
PRIMARY__HLO_to_P__primary_5y__M3__lasso__none,ISL,2000,2004,7,2.0,2.0,0.0
PRIMARY__HLO_to_P__primary_5y__M3__lasso__none,LTU,2000,2004,7,4.0,4.0,0.0
PRIMARY__HLO_to_P__primary_5y__M3__lasso__none,NLD,2000,2004,7,3.0,1.0,0.3333333333333333
PRIMARY__HLO_to_P__primary_5y__M3__lasso__none,NOR,2000,2004,7,1.0,5.0,0.6666666666666666
PRIMARY__HLO_to_P__primary_5y__M3__lasso__none,PHL,2000,2004,7,6.0,6.0,0.0
PRIMARY__HLO_to_P__primary_5y__M3__lasso__none,USA,2000,2004,7,5.0,3.0,0.3333333333333333
PRIMARY__HLO_to_P__primary_5y__M3__lasso__none,ZAF,2000,2004,7,7.0,7.0,0.0
PRIMARY__HLO_to_P__primary_5y__M3__lasso__none,AUT,2005,2009,17,2.0,6.0,0.25
PRIMARY__HLO_to_P__primary_5y__M3__lasso__none,BRA,2005,2009,17,12.0,13.0,0.0625
PRIMARY__HLO_to_P__primary_5y__M3__lasso__none,CHL,2005,2009,17,13.0,10.0,0.1875
PRIMARY__HLO_to_P__primary_5y__M3__lasso__none,CRI,2005,2009,17,10.0,11.0,0.0625
PRIMARY__HLO_to_P__primary_5y__M3__lasso__none,DEU,2005,2009,17,4.0,3.0,0.0625
PRIMARY__HLO_to_P__primary_5y__M3__lasso__none,IDN,2005,2009,17,16.0,16.0,0.0
PRIMARY__HLO_to_P__primary_5y__M3__lasso__none,IRN,2005,2009,17,15.0,12.0,0.1875
PRIMARY__HLO_to_P__primary_5y__M3__lasso__none,ITA,2005,2009,17,9.0,4.0,0.3125
PRIMARY__HLO_to_P__primary_5y__M3__lasso__none,JPN,2005,2009,17,1.0,1.0,0.0
PRIMARY__HLO_to_P__primary_5y__M3__lasso__none,MAR,2005,2009,17,17.0,17.0,0.0
PRIMARY__HLO_to_P__primary_5y__M3__lasso__none,NLD,2005,2009,17,3.0,2.0,0.0625
PRIMARY__HLO_to_P__primary_5y__M3__lasso__none,NOR,2005,2009,17,6.0,8.0,0.125
PRIMARY__HLO_to_P__primary_5y__M3__lasso__none,PER,2005,2009,17,8.0,14.0,0.375
PRIMARY__HLO_to_P__primary_5y__M3__lasso__none,POL,2005,2009,17,7.0,7.0,0.0
PRIMARY__HLO_to_P__primary_5y__M3__lasso__none,QAT,2005,2009,17,14.0,15.0,0.0625
PRIMARY__HLO_to_P__primary_5y__M3__lasso__none,SVN,2005,2009,17,5.0,5.0,0.0
PRIMARY__HLO_to_P__primary_5y__M3__lasso__none,UKR,2005,2009,17,11.0,9.0,0.125
PRIMARY__HLO_to_P__primary_5y__M3__lasso__none,BRA,2010,2014,20,9.0,15.0,0.3157894736842105
PRIMARY__HLO_to_P__primary_5y__M3__lasso__none,CHL,2010,2014,20,17.0,9.0,0.42105263157894735
PRIMARY__HLO_to_P__primary_5y__M3__lasso__none,COL,2010,2014,20,12.0,14.0,0.10526315789473684
PRIMARY__HLO_to_P__primary_5y__M3__lasso__none,DEU,2010,2014,20,3.0,3.0,0.0
PRIMARY__HLO_to_P__primary_5y__M3__lasso__none,ESP,2010,2014,20,6.0,5.0,0.05263157894736842
PRIMARY__HLO_to_P__primary_5y__M3__lasso__none,FIN,2010,2014,20,1.0,2.0,0.05263157894736842
PRIMARY__HLO_to_P__primary_5y__M3__lasso__none,GHA,2010,2014,20,20.0,20.0,0.0
PRIMARY__HLO_to_P__primary_5y__M3__lasso__none,HRV,2010,2014,20,8.0,7.0,0.05263157894736842
PRIMARY__HLO_to_P__primary_5y__M3__lasso__none,IDN,2010,2014,20,15.0,17.0,0.10526315789473684
PRIMARY__HLO_to_P__primary_5y__M3__lasso__none,ITA,2010,2014,20,10.0,4.0,0.3157894736842105
PRIMARY__HLO_to_P__primary_5y__M3__lasso__none,JOR,2010,2014,20,18.0,11.0,0.3684210526315789
PRIMARY__HLO_to_P__primary_5y__M3__lasso__none,KAZ,2010,2014,20,13.0,10.0,0.15789473684210525
PRIMARY__HLO_to_P__primary_5y__M3__lasso__none,KOR,2010,2014,20,2.0,1.0,0.05263157894736842
PRIMARY__HLO_to_P__primary_5y__M3__lasso__none,MAR,2010,2014,20,19.0,18.0,0.05263157894736842
PRIMARY__HLO_to_P__primary_5y__M3__lasso__none,MEX,2010,2014,20,7.0,12.0,0.2631578947368421
PRIMARY__HLO_to_P__primary_5y__M3__lasso__none,OMN,2010,2014,20,11.0,16.0,0.2631578947368421
PRIMARY__HLO_to_P__primary_5y__M3__lasso__none,POL,2010,2014,20,4.0,6.0,0.10526315789473684
PRIMARY__HLO_to_P__primary_5y__M3__lasso__none,SAU,2010,2014,20,16.0,13.0,0.15789473684210525
PRIMARY__HLO_to_P__primary_5y__M3__lasso__none,SRB,2010,2014,20,5.0,8.0,0.15789473684210525
PRIMARY__HLO_to_P__primary_5y__M3__lasso__none,ZAF,2010,2014,20,14.0,19.0,0.2631578947368421
PRIMARY__HLO_to_P__primary_5y__M3__lasso__none,AUS,2015,2017,9,4.0,5.0,0.125
PRIMARY__HLO_to_P__primary_5y__M3__lasso__none,BHR,2015,2017,9,9.0,6.0,0.375
PRIMARY__HLO_to_P__primary_5y__M3__lasso__none,DEU,2015,2017,9,3.0,4.0,0.125
PRIMARY__HLO_to_P__primary_5y__M3__lasso__none,EGY,2015,2017,9,8.0,9.0,0.125
PRIMARY__HLO_to_P__primary_5y__M3__lasso__none,IDN,2015,2017,9,7.0,8.0,0.125
PRIMARY__HLO_to_P__primary_5y__M3__lasso__none,JPN,2015,2017,9,2.0,1.0,0.125
PRIMARY__HLO_to_P__primary_5y__M3__lasso__none,POL,2015,2017,9,1.0,3.0,0.25
PRIMARY__HLO_to_P__primary_5y__M3__lasso__none,RUS,2015,2017,9,5.0,2.0,0.375
PRIMARY__HLO_to_P__primary_5y__M3__lasso__none,SAU,2015,2017,9,6.0,7.0,0.125
PRIMARY__HLO_to_P__primary_5y__M3__ols__none,ISL,2000,2004,7,2.0,3.0,0.16666666666666666
PRIMARY__HLO_to_P__primary_5y__M3__ols__none,LTU,2000,2004,7,4.0,4.0,0.0
PRIMARY__HLO_to_P__primary_5y__M3__ols__none,NLD,2000,2004,7,3.0,1.0,0.3333333333333333
PRIMARY__HLO_to_P__primary_5y__M3__ols__none,NOR,2000,2004,7,1.0,5.0,0.6666666666666666
PRIMARY__HLO_to_P__primary_5y__M3__ols__none,PHL,2000,2004,7,6.0,6.0,0.0
PRIMARY__HLO_to_P__primary_5y__M3__ols__none,USA,2000,2004,7,5.0,2.0,0.5
PRIMARY__HLO_to_P__primary_5y__M3__ols__none,ZAF,2000,2004,7,7.0,7.0,0.0
PRIMARY__HLO_to_P__primary_5y__M3__ols__none,AUT,2005,2009,17,2.0,4.0,0.125
PRIMARY__HLO_to_P__primary_5y__M3__ols__none,BRA,2005,2009,17,12.0,13.0,0.0625
PRIMARY__HLO_to_P__primary_5y__M3__ols__none,CHL,2005,2009,17,13.0,11.0,0.125
PRIMARY__HLO_to_P__primary_5y__M3__ols__none,CRI,2005,2009,17,10.0,9.0,0.0625
PRIMARY__HLO_to_P__primary_5y__M3__ols__none,DEU,2005,2009,17,4.0,3.0,0.0625
PRIMARY__HLO_to_P__primary_5y__M3__ols__none,IDN,2005,2009,17,16.0,15.0,0.0625
PRIMARY__HLO_to_P__primary_5y__M3__ols__none,IRN,2005,2009,17,15.0,12.0,0.1875
PRIMARY__HLO_to_P__primary_5y__M3__ols__none,ITA,2005,2009,17,9.0,6.0,0.1875
PRIMARY__HLO_to_P__primary_5y__M3__ols__none,JPN,2005,2009,17,1.0,8.0,0.4375
PRIMARY__HLO_to_P__primary_5y__M3__ols__none,MAR,2005,2009,17,17.0,16.0,0.0625
PRIMARY__HLO_to_P__primary_5y__M3__ols__none,NLD,2005,2009,17,3.0,1.0,0.125
PRIMARY__HLO_to_P__primary_5y__M3__ols__none,NOR,2005,2009,17,6.0,5.0,0.0625
PRIMARY__HLO_to_P__primary_5y__M3__ols__none,PER,2005,2009,17,8.0,14.0,0.375
PRIMARY__HLO_to_P__primary_5y__M3__ols__none,POL,2005,2009,17,7.0,7.0,0.0
PRIMARY__HLO_to_P__primary_5y__M3__ols__none,QAT,2005,2009,17,14.0,17.0,0.1875
PRIMARY__HLO_to_P__primary_5y__M3__ols__none,SVN,2005,2009,17,5.0,2.0,0.1875
PRIMARY__HLO_to_P__primary_5y__M3__ols__none,UKR,2005,2009,17,11.0,10.0,0.0625
PRIMARY__HLO_to_P__primary_5y__M3__ols__none,BRA,2010,2014,20,9.0,16.0,0.3684210526315789
PRIMARY__HLO_to_P__primary_5y__M3__ols__none,CHL,2010,2014,20,17.0,12.0,0.2631578947368421
PRIMARY__HLO_to_P__primary_5y__M3__ols__none,COL,2010,2014,20,12.0,13.0,0.05263157894736842
PRIMARY__HLO_to_P__primary_5y__M3__ols__none,DEU,2010,2014,20,3.0,3.0,0.0
PRIMARY__HLO_to_P__primary_5y__M3__ols__none,ESP,2010,2014,20,6.0,6.0,0.0
PRIMARY__HLO_to_P__primary_5y__M3__ols__none,FIN,2010,2014,20,1.0,1.0,0.0
PRIMARY__HLO_to_P__primary_5y__M3__ols__none,GHA,2010,2014,20,20.0,20.0,0.0
PRIMARY__HLO_to_P__primary_5y__M3__ols__none,HRV,2010,2014,20,8.0,4.0,0.21052631578947367
PRIMARY__HLO_to_P__primary_5y__M3__ols__none,IDN,2010,2014,20,15.0,17.0,0.10526315789473684
PRIMARY__HLO_to_P__primary_5y__M3__ols__none,ITA,2010,2014,20,10.0,5.0,0.2631578947368421
PRIMARY__HLO_to_P__primary_5y__M3__ols__none,JOR,2010,2014,20,18.0,11.0,0.3684210526315789
PRIMARY__HLO_to_P__primary_5y__M3__ols__none,KAZ,2010,2014,20,13.0,10.0,0.15789473684210525
PRIMARY__HLO_to_P__primary_5y__M3__ols__none,KOR,2010,2014,20,2.0,2.0,0.0
PRIMARY__HLO_to_P__primary_5y__M3__ols__none,MAR,2010,2014,20,19.0,18.0,0.05263157894736842
PRIMARY__HLO_to_P__primary_5y__M3__ols__none,MEX,2010,2014,20,7.0,14.0,0.3684210526315789
PRIMARY__HLO_to_P__primary_5y__M3__ols__none,OMN,2010,2014,20,11.0,15.0,0.21052631578947367
PRIMARY__HLO_to_P__primary_5y__M3__ols__none,POL,2010,2014,20,4.0,8.0,0.21052631578947367
PRIMARY__HLO_to_P__primary_5y__M3__ols__none,SAU,2010,2014,20,16.0,7.0,0.47368421052631576
PRIMARY__HLO_to_P__primary_5y__M3__ols__none,SRB,2010,2014,20,5.0,9.0,0.21052631578947367
PRIMARY__HLO_to_P__primary_5y__M3__ols__none,ZAF,2010,2014,20,14.0,19.0,0.2631578947368421
PRIMARY__HLO_to_P__primary_5y__M3__ols__none,AUS,2015,2017,9,4.0,2.0,0.25
PRIMARY__HLO_to_P__primary_5y__M3__ols__none,BHR,2015,2017,9,9.0,7.0,0.25
PRIMARY__HLO_to_P__primary_5y__M3__ols__none,DEU,2015,2017,9,3.0,4.0,0.125
PRIMARY__HLO_to_P__primary_5y__M3__ols__none,EGY,2015,2017,9,8.0,9.0,0.125
PRIMARY__HLO_to_P__primary_5y__M3__ols__none,IDN,2015,2017,9,7.0,8.0,0.125
PRIMARY__HLO_to_P__primary_5y__M3__ols__none,JPN,2015,2017,9,2.0,5.0,0.375
PRIMARY__HLO_to_P__primary_5y__M3__ols__none,POL,2015,2017,9,1.0,1.0,0.0
PRIMARY__HLO_to_P__primary_5y__M3__ols__none,RUS,2015,2017,9,5.0,3.0,0.25
PRIMARY__HLO_to_P__primary_5y__M3__ols__none,SAU,2015,2017,9,6.0,6.0,0.0
PRIMARY__HLO_to_P__primary_5y__M3__ridge__none,ISL,2000,2004,7,2.0,3.0,0.16666666666666666
PRIMARY__HLO_to_P__primary_5y__M3__ridge__none,LTU,2000,2004,7,4.0,4.0,0.0
PRIMARY__HLO_to_P__primary_5y__M3__ridge__none,NLD,2000,2004,7,3.0,1.0,0.3333333333333333
PRIMARY__HLO_to_P__primary_5y__M3__ridge__none,NOR,2000,2004,7,1.0,5.0,0.6666666666666666
PRIMARY__HLO_to_P__primary_5y__M3__ridge__none,PHL,2000,2004,7,6.0,7.0,0.16666666666666666
PRIMARY__HLO_to_P__primary_5y__M3__ridge__none,USA,2000,2004,7,5.0,2.0,0.5
PRIMARY__HLO_to_P__primary_5y__M3__ridge__none,ZAF,2000,2004,7,7.0,6.0,0.16666666666666666
PRIMARY__HLO_to_P__primary_5y__M3__ridge__none,AUT,2005,2009,17,2.0,5.0,0.1875
PRIMARY__HLO_to_P__primary_5y__M3__ridge__none,BRA,2005,2009,17,12.0,12.0,0.0
PRIMARY__HLO_to_P__primary_5y__M3__ridge__none,CHL,2005,2009,17,13.0,11.0,0.125
PRIMARY__HLO_to_P__primary_5y__M3__ridge__none,CRI,2005,2009,17,10.0,10.0,0.0
PRIMARY__HLO_to_P__primary_5y__M3__ridge__none,DEU,2005,2009,17,4.0,4.0,0.0
PRIMARY__HLO_to_P__primary_5y__M3__ridge__none,IDN,2005,2009,17,16.0,17.0,0.0625
PRIMARY__HLO_to_P__primary_5y__M3__ridge__none,IRN,2005,2009,17,15.0,13.0,0.125
PRIMARY__HLO_to_P__primary_5y__M3__ridge__none,ITA,2005,2009,17,9.0,6.0,0.1875
PRIMARY__HLO_to_P__primary_5y__M3__ridge__none,JPN,2005,2009,17,1.0,8.0,0.4375
PRIMARY__HLO_to_P__primary_5y__M3__ridge__none,MAR,2005,2009,17,17.0,14.0,0.1875
PRIMARY__HLO_to_P__primary_5y__M3__ridge__none,NLD,2005,2009,17,3.0,1.0,0.125
PRIMARY__HLO_to_P__primary_5y__M3__ridge__none,NOR,2005,2009,17,6.0,3.0,0.1875
PRIMARY__HLO_to_P__primary_5y__M3__ridge__none,PER,2005,2009,17,8.0,15.0,0.4375
PRIMARY__HLO_to_P__primary_5y__M3__ridge__none,POL,2005,2009,17,7.0,7.0,0.0
PRIMARY__HLO_to_P__primary_5y__M3__ridge__none,QAT,2005,2009,17,14.0,16.0,0.125
PRIMARY__HLO_to_P__primary_5y__M3__ridge__none,SVN,2005,2009,17,5.0,2.0,0.1875
PRIMARY__HLO_to_P__primary_5y__M3__ridge__none,UKR,2005,2009,17,11.0,9.0,0.125
PRIMARY__HLO_to_P__primary_5y__M3__ridge__none,BRA,2010,2014,20,9.0,15.0,0.3157894736842105
PRIMARY__HLO_to_P__primary_5y__M3__ridge__none,CHL,2010,2014,20,17.0,10.0,0.3684210526315789
PRIMARY__HLO_to_P__primary_5y__M3__ridge__none,COL,2010,2014,20,12.0,13.0,0.05263157894736842
PRIMARY__HLO_to_P__primary_5y__M3__ridge__none,DEU,2010,2014,20,3.0,3.0,0.0
PRIMARY__HLO_to_P__primary_5y__M3__ridge__none,ESP,2010,2014,20,6.0,4.0,0.10526315789473684
PRIMARY__HLO_to_P__primary_5y__M3__ridge__none,FIN,2010,2014,20,1.0,1.0,0.0
PRIMARY__HLO_to_P__primary_5y__M3__ridge__none,GHA,2010,2014,20,20.0,20.0,0.0
PRIMARY__HLO_to_P__primary_5y__M3__ridge__none,HRV,2010,2014,20,8.0,5.0,0.15789473684210525
PRIMARY__HLO_to_P__primary_5y__M3__ridge__none,IDN,2010,2014,20,15.0,18.0,0.15789473684210525
PRIMARY__HLO_to_P__primary_5y__M3__ridge__none,ITA,2010,2014,20,10.0,6.0,0.21052631578947367
PRIMARY__HLO_to_P__primary_5y__M3__ridge__none,JOR,2010,2014,20,18.0,11.0,0.3684210526315789
PRIMARY__HLO_to_P__primary_5y__M3__ridge__none,KAZ,2010,2014,20,13.0,12.0,0.05263157894736842
PRIMARY__HLO_to_P__primary_5y__M3__ridge__none,KOR,2010,2014,20,2.0,2.0,0.0
PRIMARY__HLO_to_P__primary_5y__M3__ridge__none,MAR,2010,2014,20,19.0,17.0,0.10526315789473684
PRIMARY__HLO_to_P__primary_5y__M3__ridge__none,MEX,2010,2014,20,7.0,14.0,0.3684210526315789
PRIMARY__HLO_to_P__primary_5y__M3__ridge__none,OMN,2010,2014,20,11.0,16.0,0.2631578947368421
PRIMARY__HLO_to_P__primary_5y__M3__ridge__none,POL,2010,2014,20,4.0,7.0,0.15789473684210525
PRIMARY__HLO_to_P__primary_5y__M3__ridge__none,SAU,2010,2014,20,16.0,9.0,0.3684210526315789
PRIMARY__HLO_to_P__primary_5y__M3__ridge__none,SRB,2010,2014,20,5.0,8.0,0.15789473684210525
PRIMARY__HLO_to_P__primary_5y__M3__ridge__none,ZAF,2010,2014,20,14.0,19.0,0.2631578947368421
PRIMARY__HLO_to_P__primary_5y__M3__ridge__none,AUS,2015,2017,9,4.0,3.0,0.125
PRIMARY__HLO_to_P__primary_5y__M3__ridge__none,BHR,2015,2017,9,9.0,6.0,0.375
PRIMARY__HLO_to_P__primary_5y__M3__ridge__none,DEU,2015,2017,9,3.0,1.0,0.25
PRIMARY__HLO_to_P__primary_5y__M3__ridge__none,EGY,2015,2017,9,8.0,9.0,0.125
PRIMARY__HLO_to_P__primary_5y__M3__ridge__none,IDN,2015,2017,9,7.0,8.0,0.125
PRIMARY__HLO_to_P__primary_5y__M3__ridge__none,JPN,2015,2017,9,2.0,4.0,0.25
PRIMARY__HLO_to_P__primary_5y__M3__ridge__none,POL,2015,2017,9,1.0,2.0,0.125
PRIMARY__HLO_to_P__primary_5y__M3__ridge__none,RUS,2015,2017,9,5.0,5.0,0.0
PRIMARY__HLO_to_P__primary_5y__M3__ridge__none,SAU,2015,2017,9,6.0,7.0,0.125
PRIMARY__P_to_HLO__primary_5y__M1__lasso__none,ISL,2000,2004,7,4.0,2.0,0.3333333333333333
PRIMARY__P_to_HLO__primary_5y__M1__lasso__none,LTU,2000,2004,7,3.0,4.0,0.16666666666666666
PRIMARY__P_to_HLO__primary_5y__M1__lasso__none,NLD,2000,2004,7,1.0,3.0,0.3333333333333333
PRIMARY__P_to_HLO__primary_5y__M1__lasso__none,NOR,2000,2004,7,5.0,1.0,0.6666666666666666
PRIMARY__P_to_HLO__primary_5y__M1__lasso__none,PHL,2000,2004,7,6.0,5.0,0.16666666666666666
PRIMARY__P_to_HLO__primary_5y__M1__lasso__none,USA,2000,2004,7,2.0,6.0,0.6666666666666666
PRIMARY__P_to_HLO__primary_5y__M1__lasso__none,ZAF,2000,2004,7,7.0,7.0,0.0
PRIMARY__P_to_HLO__primary_5y__M1__lasso__none,AUT,2005,2009,17,5.0,2.0,0.1875
PRIMARY__P_to_HLO__primary_5y__M1__lasso__none,BRA,2005,2009,17,13.0,12.0,0.0625
PRIMARY__P_to_HLO__primary_5y__M1__lasso__none,CHL,2005,2009,17,11.0,13.0,0.125
PRIMARY__P_to_HLO__primary_5y__M1__lasso__none,CRI,2005,2009,17,10.0,10.0,0.0
PRIMARY__P_to_HLO__primary_5y__M1__lasso__none,DEU,2005,2009,17,3.0,4.0,0.0625
PRIMARY__P_to_HLO__primary_5y__M1__lasso__none,IDN,2005,2009,17,14.0,15.0,0.0625
PRIMARY__P_to_HLO__primary_5y__M1__lasso__none,IRN,2005,2009,17,12.0,16.0,0.25
PRIMARY__P_to_HLO__primary_5y__M1__lasso__none,ITA,2005,2009,17,7.0,9.0,0.125
PRIMARY__P_to_HLO__primary_5y__M1__lasso__none,JPN,2005,2009,17,1.0,1.0,0.0
PRIMARY__P_to_HLO__primary_5y__M1__lasso__none,MAR,2005,2009,17,16.0,17.0,0.0625
PRIMARY__P_to_HLO__primary_5y__M1__lasso__none,NLD,2005,2009,17,2.0,3.0,0.0625
PRIMARY__P_to_HLO__primary_5y__M1__lasso__none,NOR,2005,2009,17,8.0,6.0,0.125
PRIMARY__P_to_HLO__primary_5y__M1__lasso__none,PER,2005,2009,17,15.0,7.0,0.5
PRIMARY__P_to_HLO__primary_5y__M1__lasso__none,POL,2005,2009,17,4.0,8.0,0.25
PRIMARY__P_to_HLO__primary_5y__M1__lasso__none,QAT,2005,2009,17,17.0,14.0,0.1875
PRIMARY__P_to_HLO__primary_5y__M1__lasso__none,SVN,2005,2009,17,6.0,5.0,0.0625
PRIMARY__P_to_HLO__primary_5y__M1__lasso__none,UKR,2005,2009,17,9.0,11.0,0.125
PRIMARY__P_to_HLO__primary_5y__M1__lasso__none,BRA,2010,2014,20,12.0,9.0,0.15789473684210525
PRIMARY__P_to_HLO__primary_5y__M1__lasso__none,CHL,2010,2014,20,10.0,17.0,0.3684210526315789
PRIMARY__P_to_HLO__primary_5y__M1__lasso__none,COL,2010,2014,20,13.0,12.0,0.05263157894736842
PRIMARY__P_to_HLO__primary_5y__M1__lasso__none,DEU,2010,2014,20,3.0,3.0,0.0
PRIMARY__P_to_HLO__primary_5y__M1__lasso__none,ESP,2010,2014,20,7.0,6.0,0.05263157894736842
PRIMARY__P_to_HLO__primary_5y__M1__lasso__none,FIN,2010,2014,20,2.0,1.0,0.05263157894736842
PRIMARY__P_to_HLO__primary_5y__M1__lasso__none,GHA,2010,2014,20,20.0,20.0,0.0
PRIMARY__P_to_HLO__primary_5y__M1__lasso__none,HRV,2010,2014,20,6.0,8.0,0.10526315789473684
PRIMARY__P_to_HLO__primary_5y__M1__lasso__none,IDN,2010,2014,20,15.0,15.0,0.0
PRIMARY__P_to_HLO__primary_5y__M1__lasso__none,ITA,2010,2014,20,5.0,10.0,0.2631578947368421
PRIMARY__P_to_HLO__primary_5y__M1__lasso__none,JOR,2010,2014,20,17.0,18.0,0.05263157894736842
PRIMARY__P_to_HLO__primary_5y__M1__lasso__none,KAZ,2010,2014,20,9.0,13.0,0.21052631578947367
PRIMARY__P_to_HLO__primary_5y__M1__lasso__none,KOR,2010,2014,20,1.0,2.0,0.05263157894736842
PRIMARY__P_to_HLO__primary_5y__M1__lasso__none,MAR,2010,2014,20,19.0,19.0,0.0
PRIMARY__P_to_HLO__primary_5y__M1__lasso__none,MEX,2010,2014,20,11.0,7.0,0.21052631578947367
PRIMARY__P_to_HLO__primary_5y__M1__lasso__none,OMN,2010,2014,20,16.0,11.0,0.2631578947368421
PRIMARY__P_to_HLO__primary_5y__M1__lasso__none,POL,2010,2014,20,4.0,4.0,0.0
PRIMARY__P_to_HLO__primary_5y__M1__lasso__none,SAU,2010,2014,20,14.0,16.0,0.10526315789473684
PRIMARY__P_to_HLO__primary_5y__M1__lasso__none,SRB,2010,2014,20,8.0,5.0,0.15789473684210525
PRIMARY__P_to_HLO__primary_5y__M1__lasso__none,ZAF,2010,2014,20,18.0,14.0,0.21052631578947367
PRIMARY__P_to_HLO__primary_5y__M1__lasso__none,AUS,2015,2017,9,5.0,4.0,0.125
PRIMARY__P_to_HLO__primary_5y__M1__lasso__none,BHR,2015,2017,9,6.0,9.0,0.375
PRIMARY__P_to_HLO__primary_5y__M1__lasso__none,DEU,2015,2017,9,4.0,3.0,0.125
PRIMARY__P_to_HLO__primary_5y__M1__lasso__none,EGY,2015,2017,9,9.0,8.0,0.125
PRIMARY__P_to_HLO__primary_5y__M1__lasso__none,IDN,2015,2017,9,7.0,7.0,0.0
PRIMARY__P_to_HLO__primary_5y__M1__lasso__none,JPN,2015,2017,9,1.0,2.0,0.125
PRIMARY__P_to_HLO__primary_5y__M1__lasso__none,POL,2015,2017,9,3.0,1.0,0.25
PRIMARY__P_to_HLO__primary_5y__M1__lasso__none,RUS,2015,2017,9,2.0,5.0,0.375
PRIMARY__P_to_HLO__primary_5y__M1__lasso__none,SAU,2015,2017,9,8.0,6.0,0.25
PRIMARY__P_to_HLO__primary_5y__M1__ols__none,ISL,2000,2004,7,4.0,2.0,0.3333333333333333
PRIMARY__P_to_HLO__primary_5y__M1__ols__none,LTU,2000,2004,7,3.0,4.0,0.16666666666666666
PRIMARY__P_to_HLO__primary_5y__M1__ols__none,NLD,2000,2004,7,1.0,3.0,0.3333333333333333
PRIMARY__P_to_HLO__primary_5y__M1__ols__none,NOR,2000,2004,7,5.0,1.0,0.6666666666666666
PRIMARY__P_to_HLO__primary_5y__M1__ols__none,PHL,2000,2004,7,6.0,5.0,0.16666666666666666
PRIMARY__P_to_HLO__primary_5y__M1__ols__none,USA,2000,2004,7,2.0,6.0,0.6666666666666666
PRIMARY__P_to_HLO__primary_5y__M1__ols__none,ZAF,2000,2004,7,7.0,7.0,0.0
PRIMARY__P_to_HLO__primary_5y__M1__ols__none,AUT,2005,2009,17,5.0,2.0,0.1875
PRIMARY__P_to_HLO__primary_5y__M1__ols__none,BRA,2005,2009,17,13.0,12.0,0.0625
PRIMARY__P_to_HLO__primary_5y__M1__ols__none,CHL,2005,2009,17,11.0,13.0,0.125
PRIMARY__P_to_HLO__primary_5y__M1__ols__none,CRI,2005,2009,17,10.0,10.0,0.0
PRIMARY__P_to_HLO__primary_5y__M1__ols__none,DEU,2005,2009,17,3.0,4.0,0.0625
PRIMARY__P_to_HLO__primary_5y__M1__ols__none,IDN,2005,2009,17,14.0,15.0,0.0625
PRIMARY__P_to_HLO__primary_5y__M1__ols__none,IRN,2005,2009,17,12.0,16.0,0.25
PRIMARY__P_to_HLO__primary_5y__M1__ols__none,ITA,2005,2009,17,7.0,9.0,0.125
PRIMARY__P_to_HLO__primary_5y__M1__ols__none,JPN,2005,2009,17,1.0,1.0,0.0
PRIMARY__P_to_HLO__primary_5y__M1__ols__none,MAR,2005,2009,17,16.0,17.0,0.0625
PRIMARY__P_to_HLO__primary_5y__M1__ols__none,NLD,2005,2009,17,2.0,3.0,0.0625
PRIMARY__P_to_HLO__primary_5y__M1__ols__none,NOR,2005,2009,17,8.0,6.0,0.125
PRIMARY__P_to_HLO__primary_5y__M1__ols__none,PER,2005,2009,17,15.0,7.0,0.5
PRIMARY__P_to_HLO__primary_5y__M1__ols__none,POL,2005,2009,17,4.0,8.0,0.25
PRIMARY__P_to_HLO__primary_5y__M1__ols__none,QAT,2005,2009,17,17.0,14.0,0.1875
PRIMARY__P_to_HLO__primary_5y__M1__ols__none,SVN,2005,2009,17,6.0,5.0,0.0625
PRIMARY__P_to_HLO__primary_5y__M1__ols__none,UKR,2005,2009,17,9.0,11.0,0.125
PRIMARY__P_to_HLO__primary_5y__M1__ols__none,BRA,2010,2014,20,12.0,9.0,0.15789473684210525
PRIMARY__P_to_HLO__primary_5y__M1__ols__none,CHL,2010,2014,20,10.0,17.0,0.3684210526315789
PRIMARY__P_to_HLO__primary_5y__M1__ols__none,COL,2010,2014,20,13.0,12.0,0.05263157894736842
PRIMARY__P_to_HLO__primary_5y__M1__ols__none,DEU,2010,2014,20,3.0,3.0,0.0
PRIMARY__P_to_HLO__primary_5y__M1__ols__none,ESP,2010,2014,20,7.0,6.0,0.05263157894736842
PRIMARY__P_to_HLO__primary_5y__M1__ols__none,FIN,2010,2014,20,2.0,1.0,0.05263157894736842
PRIMARY__P_to_HLO__primary_5y__M1__ols__none,GHA,2010,2014,20,20.0,20.0,0.0
PRIMARY__P_to_HLO__primary_5y__M1__ols__none,HRV,2010,2014,20,6.0,8.0,0.10526315789473684
PRIMARY__P_to_HLO__primary_5y__M1__ols__none,IDN,2010,2014,20,15.0,15.0,0.0
PRIMARY__P_to_HLO__primary_5y__M1__ols__none,ITA,2010,2014,20,5.0,10.0,0.2631578947368421
PRIMARY__P_to_HLO__primary_5y__M1__ols__none,JOR,2010,2014,20,17.0,18.0,0.05263157894736842
PRIMARY__P_to_HLO__primary_5y__M1__ols__none,KAZ,2010,2014,20,9.0,13.0,0.21052631578947367
PRIMARY__P_to_HLO__primary_5y__M1__ols__none,KOR,2010,2014,20,1.0,2.0,0.05263157894736842
PRIMARY__P_to_HLO__primary_5y__M1__ols__none,MAR,2010,2014,20,19.0,19.0,0.0
PRIMARY__P_to_HLO__primary_5y__M1__ols__none,MEX,2010,2014,20,11.0,7.0,0.21052631578947367
PRIMARY__P_to_HLO__primary_5y__M1__ols__none,OMN,2010,2014,20,16.0,11.0,0.2631578947368421
PRIMARY__P_to_HLO__primary_5y__M1__ols__none,POL,2010,2014,20,4.0,4.0,0.0
PRIMARY__P_to_HLO__primary_5y__M1__ols__none,SAU,2010,2014,20,14.0,16.0,0.10526315789473684
PRIMARY__P_to_HLO__primary_5y__M1__ols__none,SRB,2010,2014,20,8.0,5.0,0.15789473684210525
PRIMARY__P_to_HLO__primary_5y__M1__ols__none,ZAF,2010,2014,20,18.0,14.0,0.21052631578947367
PRIMARY__P_to_HLO__primary_5y__M1__ols__none,AUS,2015,2017,9,5.0,4.0,0.125
PRIMARY__P_to_HLO__primary_5y__M1__ols__none,BHR,2015,2017,9,6.0,9.0,0.375
PRIMARY__P_to_HLO__primary_5y__M1__ols__none,DEU,2015,2017,9,4.0,3.0,0.125
PRIMARY__P_to_HLO__primary_5y__M1__ols__none,EGY,2015,2017,9,9.0,8.0,0.125
PRIMARY__P_to_HLO__primary_5y__M1__ols__none,IDN,2015,2017,9,7.0,7.0,0.0
PRIMARY__P_to_HLO__primary_5y__M1__ols__none,JPN,2015,2017,9,1.0,2.0,0.125
PRIMARY__P_to_HLO__primary_5y__M1__ols__none,POL,2015,2017,9,3.0,1.0,0.25
PRIMARY__P_to_HLO__primary_5y__M1__ols__none,RUS,2015,2017,9,2.0,5.0,0.375
PRIMARY__P_to_HLO__primary_5y__M1__ols__none,SAU,2015,2017,9,8.0,6.0,0.25
PRIMARY__P_to_HLO__primary_5y__M1__ridge__none,ISL,2000,2004,7,4.0,2.0,0.3333333333333333
PRIMARY__P_to_HLO__primary_5y__M1__ridge__none,LTU,2000,2004,7,3.0,4.0,0.16666666666666666
PRIMARY__P_to_HLO__primary_5y__M1__ridge__none,NLD,2000,2004,7,1.0,3.0,0.3333333333333333
PRIMARY__P_to_HLO__primary_5y__M1__ridge__none,NOR,2000,2004,7,5.0,1.0,0.6666666666666666
PRIMARY__P_to_HLO__primary_5y__M1__ridge__none,PHL,2000,2004,7,6.0,5.0,0.16666666666666666
PRIMARY__P_to_HLO__primary_5y__M1__ridge__none,USA,2000,2004,7,2.0,6.0,0.6666666666666666
PRIMARY__P_to_HLO__primary_5y__M1__ridge__none,ZAF,2000,2004,7,7.0,7.0,0.0
PRIMARY__P_to_HLO__primary_5y__M1__ridge__none,AUT,2005,2009,17,5.0,2.0,0.1875
PRIMARY__P_to_HLO__primary_5y__M1__ridge__none,BRA,2005,2009,17,13.0,12.0,0.0625
PRIMARY__P_to_HLO__primary_5y__M1__ridge__none,CHL,2005,2009,17,11.0,13.0,0.125
PRIMARY__P_to_HLO__primary_5y__M1__ridge__none,CRI,2005,2009,17,10.0,10.0,0.0
PRIMARY__P_to_HLO__primary_5y__M1__ridge__none,DEU,2005,2009,17,3.0,4.0,0.0625
PRIMARY__P_to_HLO__primary_5y__M1__ridge__none,IDN,2005,2009,17,14.0,15.0,0.0625
PRIMARY__P_to_HLO__primary_5y__M1__ridge__none,IRN,2005,2009,17,12.0,16.0,0.25
PRIMARY__P_to_HLO__primary_5y__M1__ridge__none,ITA,2005,2009,17,7.0,9.0,0.125
PRIMARY__P_to_HLO__primary_5y__M1__ridge__none,JPN,2005,2009,17,1.0,1.0,0.0
PRIMARY__P_to_HLO__primary_5y__M1__ridge__none,MAR,2005,2009,17,16.0,17.0,0.0625
PRIMARY__P_to_HLO__primary_5y__M1__ridge__none,NLD,2005,2009,17,2.0,3.0,0.0625
PRIMARY__P_to_HLO__primary_5y__M1__ridge__none,NOR,2005,2009,17,8.0,6.0,0.125
PRIMARY__P_to_HLO__primary_5y__M1__ridge__none,PER,2005,2009,17,15.0,7.0,0.5
PRIMARY__P_to_HLO__primary_5y__M1__ridge__none,POL,2005,2009,17,4.0,8.0,0.25
PRIMARY__P_to_HLO__primary_5y__M1__ridge__none,QAT,2005,2009,17,17.0,14.0,0.1875
PRIMARY__P_to_HLO__primary_5y__M1__ridge__none,SVN,2005,2009,17,6.0,5.0,0.0625
PRIMARY__P_to_HLO__primary_5y__M1__ridge__none,UKR,2005,2009,17,9.0,11.0,0.125
PRIMARY__P_to_HLO__primary_5y__M1__ridge__none,BRA,2010,2014,20,12.0,9.0,0.15789473684210525
PRIMARY__P_to_HLO__primary_5y__M1__ridge__none,CHL,2010,2014,20,10.0,17.0,0.3684210526315789
PRIMARY__P_to_HLO__primary_5y__M1__ridge__none,COL,2010,2014,20,13.0,12.0,0.05263157894736842
PRIMARY__P_to_HLO__primary_5y__M1__ridge__none,DEU,2010,2014,20,3.0,3.0,0.0
PRIMARY__P_to_HLO__primary_5y__M1__ridge__none,ESP,2010,2014,20,7.0,6.0,0.05263157894736842
PRIMARY__P_to_HLO__primary_5y__M1__ridge__none,FIN,2010,2014,20,2.0,1.0,0.05263157894736842
PRIMARY__P_to_HLO__primary_5y__M1__ridge__none,GHA,2010,2014,20,20.0,20.0,0.0
PRIMARY__P_to_HLO__primary_5y__M1__ridge__none,HRV,2010,2014,20,6.0,8.0,0.10526315789473684
PRIMARY__P_to_HLO__primary_5y__M1__ridge__none,IDN,2010,2014,20,15.0,15.0,0.0
PRIMARY__P_to_HLO__primary_5y__M1__ridge__none,ITA,2010,2014,20,5.0,10.0,0.2631578947368421
PRIMARY__P_to_HLO__primary_5y__M1__ridge__none,JOR,2010,2014,20,17.0,18.0,0.05263157894736842
PRIMARY__P_to_HLO__primary_5y__M1__ridge__none,KAZ,2010,2014,20,9.0,13.0,0.21052631578947367
PRIMARY__P_to_HLO__primary_5y__M1__ridge__none,KOR,2010,2014,20,1.0,2.0,0.05263157894736842
PRIMARY__P_to_HLO__primary_5y__M1__ridge__none,MAR,2010,2014,20,19.0,19.0,0.0
PRIMARY__P_to_HLO__primary_5y__M1__ridge__none,MEX,2010,2014,20,11.0,7.0,0.21052631578947367
PRIMARY__P_to_HLO__primary_5y__M1__ridge__none,OMN,2010,2014,20,16.0,11.0,0.2631578947368421
PRIMARY__P_to_HLO__primary_5y__M1__ridge__none,POL,2010,2014,20,4.0,4.0,0.0
PRIMARY__P_to_HLO__primary_5y__M1__ridge__none,SAU,2010,2014,20,14.0,16.0,0.10526315789473684
PRIMARY__P_to_HLO__primary_5y__M1__ridge__none,SRB,2010,2014,20,8.0,5.0,0.15789473684210525
PRIMARY__P_to_HLO__primary_5y__M1__ridge__none,ZAF,2010,2014,20,18.0,14.0,0.21052631578947367
PRIMARY__P_to_HLO__primary_5y__M1__ridge__none,AUS,2015,2017,9,5.0,4.0,0.125
PRIMARY__P_to_HLO__primary_5y__M1__ridge__none,BHR,2015,2017,9,6.0,9.0,0.375
PRIMARY__P_to_HLO__primary_5y__M1__ridge__none,DEU,2015,2017,9,4.0,3.0,0.125
PRIMARY__P_to_HLO__primary_5y__M1__ridge__none,EGY,2015,2017,9,9.0,8.0,0.125
PRIMARY__P_to_HLO__primary_5y__M1__ridge__none,IDN,2015,2017,9,7.0,7.0,0.0
PRIMARY__P_to_HLO__primary_5y__M1__ridge__none,JPN,2015,2017,9,1.0,2.0,0.125
PRIMARY__P_to_HLO__primary_5y__M1__ridge__none,POL,2015,2017,9,3.0,1.0,0.25
PRIMARY__P_to_HLO__primary_5y__M1__ridge__none,RUS,2015,2017,9,2.0,5.0,0.375
PRIMARY__P_to_HLO__primary_5y__M1__ridge__none,SAU,2015,2017,9,8.0,6.0,0.25
PRIMARY__P_to_HLO__primary_5y__M2__lasso__none,ISL,2000,2004,7,4.0,5.0,0.16666666666666666
PRIMARY__P_to_HLO__primary_5y__M2__lasso__none,LTU,2000,2004,7,3.0,3.0,0.0
PRIMARY__P_to_HLO__primary_5y__M2__lasso__none,NLD,2000,2004,7,1.0,1.0,0.0
PRIMARY__P_to_HLO__primary_5y__M2__lasso__none,NOR,2000,2004,7,5.0,2.0,0.5
PRIMARY__P_to_HLO__primary_5y__M2__lasso__none,PHL,2000,2004,7,6.0,7.0,0.16666666666666666
PRIMARY__P_to_HLO__primary_5y__M2__lasso__none,USA,2000,2004,7,2.0,4.0,0.3333333333333333
PRIMARY__P_to_HLO__primary_5y__M2__lasso__none,ZAF,2000,2004,7,7.0,6.0,0.16666666666666666
PRIMARY__P_to_HLO__primary_5y__M2__lasso__none,AUT,2005,2009,17,5.0,5.0,0.0
PRIMARY__P_to_HLO__primary_5y__M2__lasso__none,BRA,2005,2009,17,13.0,13.0,0.0
PRIMARY__P_to_HLO__primary_5y__M2__lasso__none,CHL,2005,2009,17,11.0,10.0,0.0625
PRIMARY__P_to_HLO__primary_5y__M2__lasso__none,CRI,2005,2009,17,10.0,11.0,0.0625
PRIMARY__P_to_HLO__primary_5y__M2__lasso__none,DEU,2005,2009,17,3.0,3.0,0.0
PRIMARY__P_to_HLO__primary_5y__M2__lasso__none,IDN,2005,2009,17,14.0,16.0,0.125
PRIMARY__P_to_HLO__primary_5y__M2__lasso__none,IRN,2005,2009,17,12.0,12.0,0.0
PRIMARY__P_to_HLO__primary_5y__M2__lasso__none,ITA,2005,2009,17,7.0,1.0,0.375
PRIMARY__P_to_HLO__primary_5y__M2__lasso__none,JPN,2005,2009,17,1.0,4.0,0.1875
PRIMARY__P_to_HLO__primary_5y__M2__lasso__none,MAR,2005,2009,17,16.0,17.0,0.0625
PRIMARY__P_to_HLO__primary_5y__M2__lasso__none,NLD,2005,2009,17,2.0,9.0,0.4375
PRIMARY__P_to_HLO__primary_5y__M2__lasso__none,NOR,2005,2009,17,8.0,6.0,0.125
PRIMARY__P_to_HLO__primary_5y__M2__lasso__none,PER,2005,2009,17,15.0,15.0,0.0
PRIMARY__P_to_HLO__primary_5y__M2__lasso__none,POL,2005,2009,17,4.0,7.0,0.1875
PRIMARY__P_to_HLO__primary_5y__M2__lasso__none,QAT,2005,2009,17,17.0,14.0,0.1875
PRIMARY__P_to_HLO__primary_5y__M2__lasso__none,SVN,2005,2009,17,6.0,2.0,0.25
PRIMARY__P_to_HLO__primary_5y__M2__lasso__none,UKR,2005,2009,17,9.0,8.0,0.0625
PRIMARY__P_to_HLO__primary_5y__M2__lasso__none,BRA,2010,2014,20,12.0,10.0,0.10526315789473684
PRIMARY__P_to_HLO__primary_5y__M2__lasso__none,CHL,2010,2014,20,10.0,9.0,0.05263157894736842
PRIMARY__P_to_HLO__primary_5y__M2__lasso__none,COL,2010,2014,20,13.0,11.0,0.10526315789473684
PRIMARY__P_to_HLO__primary_5y__M2__lasso__none,DEU,2010,2014,20,3.0,2.0,0.05263157894736842
PRIMARY__P_to_HLO__primary_5y__M2__lasso__none,ESP,2010,2014,20,7.0,3.0,0.21052631578947367
PRIMARY__P_to_HLO__primary_5y__M2__lasso__none,FIN,2010,2014,20,2.0,8.0,0.3157894736842105
PRIMARY__P_to_HLO__primary_5y__M2__lasso__none,GHA,2010,2014,20,20.0,20.0,0.0
PRIMARY__P_to_HLO__primary_5y__M2__lasso__none,HRV,2010,2014,20,6.0,6.0,0.0
PRIMARY__P_to_HLO__primary_5y__M2__lasso__none,IDN,2010,2014,20,15.0,17.0,0.10526315789473684
PRIMARY__P_to_HLO__primary_5y__M2__lasso__none,ITA,2010,2014,20,5.0,4.0,0.05263157894736842
PRIMARY__P_to_HLO__primary_5y__M2__lasso__none,JOR,2010,2014,20,17.0,19.0,0.10526315789473684
PRIMARY__P_to_HLO__primary_5y__M2__lasso__none,KAZ,2010,2014,20,9.0,14.0,0.2631578947368421
PRIMARY__P_to_HLO__primary_5y__M2__lasso__none,KOR,2010,2014,20,1.0,1.0,0.0
PRIMARY__P_to_HLO__primary_5y__M2__lasso__none,MAR,2010,2014,20,19.0,16.0,0.15789473684210525
PRIMARY__P_to_HLO__primary_5y__M2__lasso__none,MEX,2010,2014,20,11.0,12.0,0.05263157894736842
PRIMARY__P_to_HLO__primary_5y__M2__lasso__none,OMN,2010,2014,20,16.0,13.0,0.15789473684210525
PRIMARY__P_to_HLO__primary_5y__M2__lasso__none,POL,2010,2014,20,4.0,5.0,0.05263157894736842
PRIMARY__P_to_HLO__primary_5y__M2__lasso__none,SAU,2010,2014,20,14.0,15.0,0.05263157894736842
PRIMARY__P_to_HLO__primary_5y__M2__lasso__none,SRB,2010,2014,20,8.0,7.0,0.05263157894736842
PRIMARY__P_to_HLO__primary_5y__M2__lasso__none,ZAF,2010,2014,20,18.0,18.0,0.0
PRIMARY__P_to_HLO__primary_5y__M2__lasso__none,AUS,2015,2017,9,5.0,5.0,0.0
PRIMARY__P_to_HLO__primary_5y__M2__lasso__none,BHR,2015,2017,9,6.0,6.0,0.0
PRIMARY__P_to_HLO__primary_5y__M2__lasso__none,DEU,2015,2017,9,4.0,1.0,0.375
PRIMARY__P_to_HLO__primary_5y__M2__lasso__none,EGY,2015,2017,9,9.0,9.0,0.0
PRIMARY__P_to_HLO__primary_5y__M2__lasso__none,IDN,2015,2017,9,7.0,8.0,0.125
PRIMARY__P_to_HLO__primary_5y__M2__lasso__none,JPN,2015,2017,9,1.0,2.0,0.125
PRIMARY__P_to_HLO__primary_5y__M2__lasso__none,POL,2015,2017,9,3.0,3.0,0.0
PRIMARY__P_to_HLO__primary_5y__M2__lasso__none,RUS,2015,2017,9,2.0,4.0,0.25
PRIMARY__P_to_HLO__primary_5y__M2__lasso__none,SAU,2015,2017,9,8.0,7.0,0.125
PRIMARY__P_to_HLO__primary_5y__M2__ols__none,ISL,2000,2004,7,4.0,5.0,0.16666666666666666
PRIMARY__P_to_HLO__primary_5y__M2__ols__none,LTU,2000,2004,7,3.0,3.0,0.0
PRIMARY__P_to_HLO__primary_5y__M2__ols__none,NLD,2000,2004,7,1.0,1.0,0.0
PRIMARY__P_to_HLO__primary_5y__M2__ols__none,NOR,2000,2004,7,5.0,2.0,0.5
PRIMARY__P_to_HLO__primary_5y__M2__ols__none,PHL,2000,2004,7,6.0,7.0,0.16666666666666666
PRIMARY__P_to_HLO__primary_5y__M2__ols__none,USA,2000,2004,7,2.0,4.0,0.3333333333333333
PRIMARY__P_to_HLO__primary_5y__M2__ols__none,ZAF,2000,2004,7,7.0,6.0,0.16666666666666666
PRIMARY__P_to_HLO__primary_5y__M2__ols__none,AUT,2005,2009,17,5.0,3.0,0.125
PRIMARY__P_to_HLO__primary_5y__M2__ols__none,BRA,2005,2009,17,13.0,13.0,0.0
PRIMARY__P_to_HLO__primary_5y__M2__ols__none,CHL,2005,2009,17,11.0,10.0,0.0625
PRIMARY__P_to_HLO__primary_5y__M2__ols__none,CRI,2005,2009,17,10.0,11.0,0.0625
PRIMARY__P_to_HLO__primary_5y__M2__ols__none,DEU,2005,2009,17,3.0,5.0,0.125
PRIMARY__P_to_HLO__primary_5y__M2__ols__none,IDN,2005,2009,17,14.0,17.0,0.1875
PRIMARY__P_to_HLO__primary_5y__M2__ols__none,IRN,2005,2009,17,12.0,12.0,0.0
PRIMARY__P_to_HLO__primary_5y__M2__ols__none,ITA,2005,2009,17,7.0,4.0,0.1875
PRIMARY__P_to_HLO__primary_5y__M2__ols__none,JPN,2005,2009,17,1.0,7.0,0.375
PRIMARY__P_to_HLO__primary_5y__M2__ols__none,MAR,2005,2009,17,16.0,16.0,0.0
PRIMARY__P_to_HLO__primary_5y__M2__ols__none,NLD,2005,2009,17,2.0,8.0,0.375
PRIMARY__P_to_HLO__primary_5y__M2__ols__none,NOR,2005,2009,17,8.0,2.0,0.375
PRIMARY__P_to_HLO__primary_5y__M2__ols__none,PER,2005,2009,17,15.0,15.0,0.0
PRIMARY__P_to_HLO__primary_5y__M2__ols__none,POL,2005,2009,17,4.0,6.0,0.125
PRIMARY__P_to_HLO__primary_5y__M2__ols__none,QAT,2005,2009,17,17.0,14.0,0.1875
PRIMARY__P_to_HLO__primary_5y__M2__ols__none,SVN,2005,2009,17,6.0,1.0,0.3125
PRIMARY__P_to_HLO__primary_5y__M2__ols__none,UKR,2005,2009,17,9.0,9.0,0.0
PRIMARY__P_to_HLO__primary_5y__M2__ols__none,BRA,2010,2014,20,12.0,10.0,0.10526315789473684
PRIMARY__P_to_HLO__primary_5y__M2__ols__none,CHL,2010,2014,20,10.0,9.0,0.05263157894736842
PRIMARY__P_to_HLO__primary_5y__M2__ols__none,COL,2010,2014,20,13.0,11.0,0.10526315789473684
PRIMARY__P_to_HLO__primary_5y__M2__ols__none,DEU,2010,2014,20,3.0,2.0,0.05263157894736842
PRIMARY__P_to_HLO__primary_5y__M2__ols__none,ESP,2010,2014,20,7.0,3.0,0.21052631578947367
PRIMARY__P_to_HLO__primary_5y__M2__ols__none,FIN,2010,2014,20,2.0,7.0,0.2631578947368421
PRIMARY__P_to_HLO__primary_5y__M2__ols__none,GHA,2010,2014,20,20.0,20.0,0.0
PRIMARY__P_to_HLO__primary_5y__M2__ols__none,HRV,2010,2014,20,6.0,5.0,0.05263157894736842
PRIMARY__P_to_HLO__primary_5y__M2__ols__none,IDN,2010,2014,20,15.0,17.0,0.10526315789473684
PRIMARY__P_to_HLO__primary_5y__M2__ols__none,ITA,2010,2014,20,5.0,6.0,0.05263157894736842
PRIMARY__P_to_HLO__primary_5y__M2__ols__none,JOR,2010,2014,20,17.0,19.0,0.10526315789473684
PRIMARY__P_to_HLO__primary_5y__M2__ols__none,KAZ,2010,2014,20,9.0,15.0,0.3157894736842105
PRIMARY__P_to_HLO__primary_5y__M2__ols__none,KOR,2010,2014,20,1.0,1.0,0.0
PRIMARY__P_to_HLO__primary_5y__M2__ols__none,MAR,2010,2014,20,19.0,14.0,0.2631578947368421
PRIMARY__P_to_HLO__primary_5y__M2__ols__none,MEX,2010,2014,20,11.0,13.0,0.10526315789473684
PRIMARY__P_to_HLO__primary_5y__M2__ols__none,OMN,2010,2014,20,16.0,12.0,0.21052631578947367
PRIMARY__P_to_HLO__primary_5y__M2__ols__none,POL,2010,2014,20,4.0,4.0,0.0
PRIMARY__P_to_HLO__primary_5y__M2__ols__none,SAU,2010,2014,20,14.0,16.0,0.10526315789473684
PRIMARY__P_to_HLO__primary_5y__M2__ols__none,SRB,2010,2014,20,8.0,8.0,0.0
PRIMARY__P_to_HLO__primary_5y__M2__ols__none,ZAF,2010,2014,20,18.0,18.0,0.0
PRIMARY__P_to_HLO__primary_5y__M2__ols__none,AUS,2015,2017,9,5.0,5.0,0.0
PRIMARY__P_to_HLO__primary_5y__M2__ols__none,BHR,2015,2017,9,6.0,6.0,0.0
PRIMARY__P_to_HLO__primary_5y__M2__ols__none,DEU,2015,2017,9,4.0,2.0,0.25
PRIMARY__P_to_HLO__primary_5y__M2__ols__none,EGY,2015,2017,9,9.0,9.0,0.0
PRIMARY__P_to_HLO__primary_5y__M2__ols__none,IDN,2015,2017,9,7.0,8.0,0.125
PRIMARY__P_to_HLO__primary_5y__M2__ols__none,JPN,2015,2017,9,1.0,3.0,0.25
PRIMARY__P_to_HLO__primary_5y__M2__ols__none,POL,2015,2017,9,3.0,1.0,0.25
PRIMARY__P_to_HLO__primary_5y__M2__ols__none,RUS,2015,2017,9,2.0,4.0,0.25
PRIMARY__P_to_HLO__primary_5y__M2__ols__none,SAU,2015,2017,9,8.0,7.0,0.125
PRIMARY__P_to_HLO__primary_5y__M2__ridge__none,ISL,2000,2004,7,4.0,4.0,0.0
PRIMARY__P_to_HLO__primary_5y__M2__ridge__none,LTU,2000,2004,7,3.0,3.0,0.0
PRIMARY__P_to_HLO__primary_5y__M2__ridge__none,NLD,2000,2004,7,1.0,2.0,0.16666666666666666
PRIMARY__P_to_HLO__primary_5y__M2__ridge__none,NOR,2000,2004,7,5.0,1.0,0.6666666666666666
PRIMARY__P_to_HLO__primary_5y__M2__ridge__none,PHL,2000,2004,7,6.0,7.0,0.16666666666666666
PRIMARY__P_to_HLO__primary_5y__M2__ridge__none,USA,2000,2004,7,2.0,5.0,0.5
PRIMARY__P_to_HLO__primary_5y__M2__ridge__none,ZAF,2000,2004,7,7.0,6.0,0.16666666666666666
PRIMARY__P_to_HLO__primary_5y__M2__ridge__none,AUT,2005,2009,17,5.0,4.0,0.0625
PRIMARY__P_to_HLO__primary_5y__M2__ridge__none,BRA,2005,2009,17,13.0,12.0,0.0625
PRIMARY__P_to_HLO__primary_5y__M2__ridge__none,CHL,2005,2009,17,11.0,10.0,0.0625
PRIMARY__P_to_HLO__primary_5y__M2__ridge__none,CRI,2005,2009,17,10.0,11.0,0.0625
PRIMARY__P_to_HLO__primary_5y__M2__ridge__none,DEU,2005,2009,17,3.0,5.0,0.125
PRIMARY__P_to_HLO__primary_5y__M2__ridge__none,IDN,2005,2009,17,14.0,16.0,0.125
PRIMARY__P_to_HLO__primary_5y__M2__ridge__none,IRN,2005,2009,17,12.0,14.0,0.125
PRIMARY__P_to_HLO__primary_5y__M2__ridge__none,ITA,2005,2009,17,7.0,6.0,0.0625
PRIMARY__P_to_HLO__primary_5y__M2__ridge__none,JPN,2005,2009,17,1.0,8.0,0.4375
PRIMARY__P_to_HLO__primary_5y__M2__ridge__none,MAR,2005,2009,17,16.0,17.0,0.0625
PRIMARY__P_to_HLO__primary_5y__M2__ridge__none,NLD,2005,2009,17,2.0,3.0,0.0625
PRIMARY__P_to_HLO__primary_5y__M2__ridge__none,NOR,2005,2009,17,8.0,2.0,0.375
PRIMARY__P_to_HLO__primary_5y__M2__ridge__none,PER,2005,2009,17,15.0,15.0,0.0
PRIMARY__P_to_HLO__primary_5y__M2__ridge__none,POL,2005,2009,17,4.0,7.0,0.1875
PRIMARY__P_to_HLO__primary_5y__M2__ridge__none,QAT,2005,2009,17,17.0,13.0,0.25
PRIMARY__P_to_HLO__primary_5y__M2__ridge__none,SVN,2005,2009,17,6.0,1.0,0.3125
PRIMARY__P_to_HLO__primary_5y__M2__ridge__none,UKR,2005,2009,17,9.0,9.0,0.0
PRIMARY__P_to_HLO__primary_5y__M2__ridge__none,BRA,2010,2014,20,12.0,10.0,0.10526315789473684
PRIMARY__P_to_HLO__primary_5y__M2__ridge__none,CHL,2010,2014,20,10.0,9.0,0.05263157894736842
PRIMARY__P_to_HLO__primary_5y__M2__ridge__none,COL,2010,2014,20,13.0,11.0,0.10526315789473684
PRIMARY__P_to_HLO__primary_5y__M2__ridge__none,DEU,2010,2014,20,3.0,2.0,0.05263157894736842
PRIMARY__P_to_HLO__primary_5y__M2__ridge__none,ESP,2010,2014,20,7.0,1.0,0.3157894736842105
PRIMARY__P_to_HLO__primary_5y__M2__ridge__none,FIN,2010,2014,20,2.0,4.0,0.10526315789473684
PRIMARY__P_to_HLO__primary_5y__M2__ridge__none,GHA,2010,2014,20,20.0,20.0,0.0
PRIMARY__P_to_HLO__primary_5y__M2__ridge__none,HRV,2010,2014,20,6.0,7.0,0.05263157894736842
PRIMARY__P_to_HLO__primary_5y__M2__ridge__none,IDN,2010,2014,20,15.0,17.0,0.10526315789473684
PRIMARY__P_to_HLO__primary_5y__M2__ridge__none,ITA,2010,2014,20,5.0,6.0,0.05263157894736842
PRIMARY__P_to_HLO__primary_5y__M2__ridge__none,JOR,2010,2014,20,17.0,19.0,0.10526315789473684
PRIMARY__P_to_HLO__primary_5y__M2__ridge__none,KAZ,2010,2014,20,9.0,15.0,0.3157894736842105
PRIMARY__P_to_HLO__primary_5y__M2__ridge__none,KOR,2010,2014,20,1.0,3.0,0.10526315789473684
PRIMARY__P_to_HLO__primary_5y__M2__ridge__none,MAR,2010,2014,20,19.0,16.0,0.15789473684210525
PRIMARY__P_to_HLO__primary_5y__M2__ridge__none,MEX,2010,2014,20,11.0,13.0,0.10526315789473684
PRIMARY__P_to_HLO__primary_5y__M2__ridge__none,OMN,2010,2014,20,16.0,12.0,0.21052631578947367
PRIMARY__P_to_HLO__primary_5y__M2__ridge__none,POL,2010,2014,20,4.0,5.0,0.05263157894736842
PRIMARY__P_to_HLO__primary_5y__M2__ridge__none,SAU,2010,2014,20,14.0,14.0,0.0
PRIMARY__P_to_HLO__primary_5y__M2__ridge__none,SRB,2010,2014,20,8.0,8.0,0.0
PRIMARY__P_to_HLO__primary_5y__M2__ridge__none,ZAF,2010,2014,20,18.0,18.0,0.0
PRIMARY__P_to_HLO__primary_5y__M2__ridge__none,AUS,2015,2017,9,5.0,4.0,0.125
PRIMARY__P_to_HLO__primary_5y__M2__ridge__none,BHR,2015,2017,9,6.0,5.0,0.125
PRIMARY__P_to_HLO__primary_5y__M2__ridge__none,DEU,2015,2017,9,4.0,1.0,0.375
PRIMARY__P_to_HLO__primary_5y__M2__ridge__none,EGY,2015,2017,9,9.0,9.0,0.0
PRIMARY__P_to_HLO__primary_5y__M2__ridge__none,IDN,2015,2017,9,7.0,8.0,0.125
PRIMARY__P_to_HLO__primary_5y__M2__ridge__none,JPN,2015,2017,9,1.0,3.0,0.25
PRIMARY__P_to_HLO__primary_5y__M2__ridge__none,POL,2015,2017,9,3.0,2.0,0.125
PRIMARY__P_to_HLO__primary_5y__M2__ridge__none,RUS,2015,2017,9,2.0,6.0,0.5
PRIMARY__P_to_HLO__primary_5y__M2__ridge__none,SAU,2015,2017,9,8.0,7.0,0.125
PRIMARY__P_to_HLO__primary_5y__M3__lasso__none,ISL,2000,2004,7,4.0,4.0,0.0
PRIMARY__P_to_HLO__primary_5y__M3__lasso__none,LTU,2000,2004,7,3.0,3.0,0.0
PRIMARY__P_to_HLO__primary_5y__M3__lasso__none,NLD,2000,2004,7,1.0,2.0,0.16666666666666666
PRIMARY__P_to_HLO__primary_5y__M3__lasso__none,NOR,2000,2004,7,5.0,1.0,0.6666666666666666
PRIMARY__P_to_HLO__primary_5y__M3__lasso__none,PHL,2000,2004,7,6.0,7.0,0.16666666666666666
PRIMARY__P_to_HLO__primary_5y__M3__lasso__none,USA,2000,2004,7,2.0,5.0,0.5
PRIMARY__P_to_HLO__primary_5y__M3__lasso__none,ZAF,2000,2004,7,7.0,6.0,0.16666666666666666
PRIMARY__P_to_HLO__primary_5y__M3__lasso__none,AUT,2005,2009,17,5.0,2.0,0.1875
PRIMARY__P_to_HLO__primary_5y__M3__lasso__none,BRA,2005,2009,17,13.0,12.0,0.0625
PRIMARY__P_to_HLO__primary_5y__M3__lasso__none,CHL,2005,2009,17,11.0,10.0,0.0625
PRIMARY__P_to_HLO__primary_5y__M3__lasso__none,CRI,2005,2009,17,10.0,11.0,0.0625
PRIMARY__P_to_HLO__primary_5y__M3__lasso__none,DEU,2005,2009,17,3.0,3.0,0.0
PRIMARY__P_to_HLO__primary_5y__M3__lasso__none,IDN,2005,2009,17,14.0,16.0,0.125
PRIMARY__P_to_HLO__primary_5y__M3__lasso__none,IRN,2005,2009,17,12.0,13.0,0.0625
PRIMARY__P_to_HLO__primary_5y__M3__lasso__none,ITA,2005,2009,17,7.0,7.0,0.0
PRIMARY__P_to_HLO__primary_5y__M3__lasso__none,JPN,2005,2009,17,1.0,1.0,0.0
PRIMARY__P_to_HLO__primary_5y__M3__lasso__none,MAR,2005,2009,17,16.0,17.0,0.0625
PRIMARY__P_to_HLO__primary_5y__M3__lasso__none,NLD,2005,2009,17,2.0,5.0,0.1875
PRIMARY__P_to_HLO__primary_5y__M3__lasso__none,NOR,2005,2009,17,8.0,8.0,0.0
PRIMARY__P_to_HLO__primary_5y__M3__lasso__none,PER,2005,2009,17,15.0,14.0,0.0625
PRIMARY__P_to_HLO__primary_5y__M3__lasso__none,POL,2005,2009,17,4.0,6.0,0.125
PRIMARY__P_to_HLO__primary_5y__M3__lasso__none,QAT,2005,2009,17,17.0,15.0,0.125
PRIMARY__P_to_HLO__primary_5y__M3__lasso__none,SVN,2005,2009,17,6.0,4.0,0.125
PRIMARY__P_to_HLO__primary_5y__M3__lasso__none,UKR,2005,2009,17,9.0,9.0,0.0
PRIMARY__P_to_HLO__primary_5y__M3__lasso__none,BRA,2010,2014,20,12.0,9.0,0.15789473684210525
PRIMARY__P_to_HLO__primary_5y__M3__lasso__none,CHL,2010,2014,20,10.0,10.0,0.0
PRIMARY__P_to_HLO__primary_5y__M3__lasso__none,COL,2010,2014,20,13.0,11.0,0.10526315789473684
PRIMARY__P_to_HLO__primary_5y__M3__lasso__none,DEU,2010,2014,20,3.0,2.0,0.05263157894736842
PRIMARY__P_to_HLO__primary_5y__M3__lasso__none,ESP,2010,2014,20,7.0,4.0,0.15789473684210525
PRIMARY__P_to_HLO__primary_5y__M3__lasso__none,FIN,2010,2014,20,2.0,5.0,0.15789473684210525
PRIMARY__P_to_HLO__primary_5y__M3__lasso__none,GHA,2010,2014,20,20.0,20.0,0.0
PRIMARY__P_to_HLO__primary_5y__M3__lasso__none,HRV,2010,2014,20,6.0,8.0,0.10526315789473684
PRIMARY__P_to_HLO__primary_5y__M3__lasso__none,IDN,2010,2014,20,15.0,15.0,0.0
PRIMARY__P_to_HLO__primary_5y__M3__lasso__none,ITA,2010,2014,20,5.0,7.0,0.10526315789473684
PRIMARY__P_to_HLO__primary_5y__M3__lasso__none,JOR,2010,2014,20,17.0,19.0,0.10526315789473684
PRIMARY__P_to_HLO__primary_5y__M3__lasso__none,KAZ,2010,2014,20,9.0,14.0,0.2631578947368421
PRIMARY__P_to_HLO__primary_5y__M3__lasso__none,KOR,2010,2014,20,1.0,1.0,0.0
PRIMARY__P_to_HLO__primary_5y__M3__lasso__none,MAR,2010,2014,20,19.0,17.0,0.10526315789473684
PRIMARY__P_to_HLO__primary_5y__M3__lasso__none,MEX,2010,2014,20,11.0,12.0,0.05263157894736842
PRIMARY__P_to_HLO__primary_5y__M3__lasso__none,OMN,2010,2014,20,16.0,13.0,0.15789473684210525
PRIMARY__P_to_HLO__primary_5y__M3__lasso__none,POL,2010,2014,20,4.0,3.0,0.05263157894736842
PRIMARY__P_to_HLO__primary_5y__M3__lasso__none,SAU,2010,2014,20,14.0,18.0,0.21052631578947367
PRIMARY__P_to_HLO__primary_5y__M3__lasso__none,SRB,2010,2014,20,8.0,6.0,0.10526315789473684
PRIMARY__P_to_HLO__primary_5y__M3__lasso__none,ZAF,2010,2014,20,18.0,16.0,0.10526315789473684
PRIMARY__P_to_HLO__primary_5y__M3__lasso__none,AUS,2015,2017,9,5.0,5.0,0.0
PRIMARY__P_to_HLO__primary_5y__M3__lasso__none,BHR,2015,2017,9,6.0,6.0,0.0
PRIMARY__P_to_HLO__primary_5y__M3__lasso__none,DEU,2015,2017,9,4.0,3.0,0.125
PRIMARY__P_to_HLO__primary_5y__M3__lasso__none,EGY,2015,2017,9,9.0,9.0,0.0
PRIMARY__P_to_HLO__primary_5y__M3__lasso__none,IDN,2015,2017,9,7.0,8.0,0.125
PRIMARY__P_to_HLO__primary_5y__M3__lasso__none,JPN,2015,2017,9,1.0,2.0,0.125
PRIMARY__P_to_HLO__primary_5y__M3__lasso__none,POL,2015,2017,9,3.0,1.0,0.25
PRIMARY__P_to_HLO__primary_5y__M3__lasso__none,RUS,2015,2017,9,2.0,4.0,0.25
PRIMARY__P_to_HLO__primary_5y__M3__lasso__none,SAU,2015,2017,9,8.0,7.0,0.125
PRIMARY__P_to_HLO__primary_5y__M3__ols__none,ISL,2000,2004,7,4.0,4.0,0.0
PRIMARY__P_to_HLO__primary_5y__M3__ols__none,LTU,2000,2004,7,3.0,3.0,0.0
PRIMARY__P_to_HLO__primary_5y__M3__ols__none,NLD,2000,2004,7,1.0,2.0,0.16666666666666666
PRIMARY__P_to_HLO__primary_5y__M3__ols__none,NOR,2000,2004,7,5.0,1.0,0.6666666666666666
PRIMARY__P_to_HLO__primary_5y__M3__ols__none,PHL,2000,2004,7,6.0,7.0,0.16666666666666666
PRIMARY__P_to_HLO__primary_5y__M3__ols__none,USA,2000,2004,7,2.0,5.0,0.5
PRIMARY__P_to_HLO__primary_5y__M3__ols__none,ZAF,2000,2004,7,7.0,6.0,0.16666666666666666
PRIMARY__P_to_HLO__primary_5y__M3__ols__none,AUT,2005,2009,17,5.0,3.0,0.125
PRIMARY__P_to_HLO__primary_5y__M3__ols__none,BRA,2005,2009,17,13.0,12.0,0.0625
PRIMARY__P_to_HLO__primary_5y__M3__ols__none,CHL,2005,2009,17,11.0,10.0,0.0625
PRIMARY__P_to_HLO__primary_5y__M3__ols__none,CRI,2005,2009,17,10.0,11.0,0.0625
PRIMARY__P_to_HLO__primary_5y__M3__ols__none,DEU,2005,2009,17,3.0,4.0,0.0625
PRIMARY__P_to_HLO__primary_5y__M3__ols__none,IDN,2005,2009,17,14.0,16.0,0.125
PRIMARY__P_to_HLO__primary_5y__M3__ols__none,IRN,2005,2009,17,12.0,14.0,0.125
PRIMARY__P_to_HLO__primary_5y__M3__ols__none,ITA,2005,2009,17,7.0,8.0,0.0625
PRIMARY__P_to_HLO__primary_5y__M3__ols__none,JPN,2005,2009,17,1.0,1.0,0.0
PRIMARY__P_to_HLO__primary_5y__M3__ols__none,MAR,2005,2009,17,16.0,17.0,0.0625
PRIMARY__P_to_HLO__primary_5y__M3__ols__none,NLD,2005,2009,17,2.0,6.0,0.25
PRIMARY__P_to_HLO__primary_5y__M3__ols__none,NOR,2005,2009,17,8.0,5.0,0.1875
PRIMARY__P_to_HLO__primary_5y__M3__ols__none,PER,2005,2009,17,15.0,15.0,0.0
PRIMARY__P_to_HLO__primary_5y__M3__ols__none,POL,2005,2009,17,4.0,7.0,0.1875
PRIMARY__P_to_HLO__primary_5y__M3__ols__none,QAT,2005,2009,17,17.0,13.0,0.25
PRIMARY__P_to_HLO__primary_5y__M3__ols__none,SVN,2005,2009,17,6.0,2.0,0.25
PRIMARY__P_to_HLO__primary_5y__M3__ols__none,UKR,2005,2009,17,9.0,9.0,0.0
PRIMARY__P_to_HLO__primary_5y__M3__ols__none,BRA,2010,2014,20,12.0,9.0,0.15789473684210525
PRIMARY__P_to_HLO__primary_5y__M3__ols__none,CHL,2010,2014,20,10.0,10.0,0.0
PRIMARY__P_to_HLO__primary_5y__M3__ols__none,COL,2010,2014,20,13.0,11.0,0.10526315789473684
PRIMARY__P_to_HLO__primary_5y__M3__ols__none,DEU,2010,2014,20,3.0,2.0,0.05263157894736842
PRIMARY__P_to_HLO__primary_5y__M3__ols__none,ESP,2010,2014,20,7.0,4.0,0.15789473684210525
PRIMARY__P_to_HLO__primary_5y__M3__ols__none,FIN,2010,2014,20,2.0,5.0,0.15789473684210525
PRIMARY__P_to_HLO__primary_5y__M3__ols__none,GHA,2010,2014,20,20.0,20.0,0.0
PRIMARY__P_to_HLO__primary_5y__M3__ols__none,HRV,2010,2014,20,6.0,7.0,0.05263157894736842
PRIMARY__P_to_HLO__primary_5y__M3__ols__none,IDN,2010,2014,20,15.0,16.0,0.05263157894736842
PRIMARY__P_to_HLO__primary_5y__M3__ols__none,ITA,2010,2014,20,5.0,8.0,0.15789473684210525
PRIMARY__P_to_HLO__primary_5y__M3__ols__none,JOR,2010,2014,20,17.0,19.0,0.10526315789473684
PRIMARY__P_to_HLO__primary_5y__M3__ols__none,KAZ,2010,2014,20,9.0,14.0,0.2631578947368421
PRIMARY__P_to_HLO__primary_5y__M3__ols__none,KOR,2010,2014,20,1.0,1.0,0.0
PRIMARY__P_to_HLO__primary_5y__M3__ols__none,MAR,2010,2014,20,19.0,17.0,0.10526315789473684
PRIMARY__P_to_HLO__primary_5y__M3__ols__none,MEX,2010,2014,20,11.0,12.0,0.05263157894736842
PRIMARY__P_to_HLO__primary_5y__M3__ols__none,OMN,2010,2014,20,16.0,13.0,0.15789473684210525
PRIMARY__P_to_HLO__primary_5y__M3__ols__none,POL,2010,2014,20,4.0,3.0,0.05263157894736842
PRIMARY__P_to_HLO__primary_5y__M3__ols__none,SAU,2010,2014,20,14.0,18.0,0.21052631578947367
PRIMARY__P_to_HLO__primary_5y__M3__ols__none,SRB,2010,2014,20,8.0,6.0,0.10526315789473684
PRIMARY__P_to_HLO__primary_5y__M3__ols__none,ZAF,2010,2014,20,18.0,15.0,0.15789473684210525
PRIMARY__P_to_HLO__primary_5y__M3__ols__none,AUS,2015,2017,9,5.0,5.0,0.0
PRIMARY__P_to_HLO__primary_5y__M3__ols__none,BHR,2015,2017,9,6.0,6.0,0.0
PRIMARY__P_to_HLO__primary_5y__M3__ols__none,DEU,2015,2017,9,4.0,3.0,0.125
PRIMARY__P_to_HLO__primary_5y__M3__ols__none,EGY,2015,2017,9,9.0,9.0,0.0
PRIMARY__P_to_HLO__primary_5y__M3__ols__none,IDN,2015,2017,9,7.0,8.0,0.125
PRIMARY__P_to_HLO__primary_5y__M3__ols__none,JPN,2015,2017,9,1.0,2.0,0.125
PRIMARY__P_to_HLO__primary_5y__M3__ols__none,POL,2015,2017,9,3.0,1.0,0.25
PRIMARY__P_to_HLO__primary_5y__M3__ols__none,RUS,2015,2017,9,2.0,4.0,0.25
PRIMARY__P_to_HLO__primary_5y__M3__ols__none,SAU,2015,2017,9,8.0,7.0,0.125
PRIMARY__P_to_HLO__primary_5y__M3__ridge__none,ISL,2000,2004,7,4.0,3.0,0.16666666666666666
PRIMARY__P_to_HLO__primary_5y__M3__ridge__none,LTU,2000,2004,7,3.0,4.0,0.16666666666666666
PRIMARY__P_to_HLO__primary_5y__M3__ridge__none,NLD,2000,2004,7,1.0,2.0,0.16666666666666666
PRIMARY__P_to_HLO__primary_5y__M3__ridge__none,NOR,2000,2004,7,5.0,1.0,0.6666666666666666
PRIMARY__P_to_HLO__primary_5y__M3__ridge__none,PHL,2000,2004,7,6.0,6.0,0.0
PRIMARY__P_to_HLO__primary_5y__M3__ridge__none,USA,2000,2004,7,2.0,5.0,0.5
PRIMARY__P_to_HLO__primary_5y__M3__ridge__none,ZAF,2000,2004,7,7.0,7.0,0.0
PRIMARY__P_to_HLO__primary_5y__M3__ridge__none,AUT,2005,2009,17,5.0,2.0,0.1875
PRIMARY__P_to_HLO__primary_5y__M3__ridge__none,BRA,2005,2009,17,13.0,12.0,0.0625
PRIMARY__P_to_HLO__primary_5y__M3__ridge__none,CHL,2005,2009,17,11.0,10.0,0.0625
PRIMARY__P_to_HLO__primary_5y__M3__ridge__none,CRI,2005,2009,17,10.0,11.0,0.0625
PRIMARY__P_to_HLO__primary_5y__M3__ridge__none,DEU,2005,2009,17,3.0,6.0,0.1875
PRIMARY__P_to_HLO__primary_5y__M3__ridge__none,IDN,2005,2009,17,14.0,16.0,0.125
PRIMARY__P_to_HLO__primary_5y__M3__ridge__none,IRN,2005,2009,17,12.0,14.0,0.125
PRIMARY__P_to_HLO__primary_5y__M3__ridge__none,ITA,2005,2009,17,7.0,8.0,0.0625
PRIMARY__P_to_HLO__primary_5y__M3__ridge__none,JPN,2005,2009,17,1.0,3.0,0.125
PRIMARY__P_to_HLO__primary_5y__M3__ridge__none,MAR,2005,2009,17,16.0,17.0,0.0625
PRIMARY__P_to_HLO__primary_5y__M3__ridge__none,NLD,2005,2009,17,2.0,5.0,0.1875
PRIMARY__P_to_HLO__primary_5y__M3__ridge__none,NOR,2005,2009,17,8.0,4.0,0.25
PRIMARY__P_to_HLO__primary_5y__M3__ridge__none,PER,2005,2009,17,15.0,15.0,0.0
PRIMARY__P_to_HLO__primary_5y__M3__ridge__none,POL,2005,2009,17,4.0,7.0,0.1875
PRIMARY__P_to_HLO__primary_5y__M3__ridge__none,QAT,2005,2009,17,17.0,13.0,0.25
PRIMARY__P_to_HLO__primary_5y__M3__ridge__none,SVN,2005,2009,17,6.0,1.0,0.3125
PRIMARY__P_to_HLO__primary_5y__M3__ridge__none,UKR,2005,2009,17,9.0,9.0,0.0
PRIMARY__P_to_HLO__primary_5y__M3__ridge__none,BRA,2010,2014,20,12.0,9.0,0.15789473684210525
PRIMARY__P_to_HLO__primary_5y__M3__ridge__none,CHL,2010,2014,20,10.0,10.0,0.0
PRIMARY__P_to_HLO__primary_5y__M3__ridge__none,COL,2010,2014,20,13.0,11.0,0.10526315789473684
PRIMARY__P_to_HLO__primary_5y__M3__ridge__none,DEU,2010,2014,20,3.0,2.0,0.05263157894736842
PRIMARY__P_to_HLO__primary_5y__M3__ridge__none,ESP,2010,2014,20,7.0,4.0,0.15789473684210525
PRIMARY__P_to_HLO__primary_5y__M3__ridge__none,FIN,2010,2014,20,2.0,3.0,0.05263157894736842
PRIMARY__P_to_HLO__primary_5y__M3__ridge__none,GHA,2010,2014,20,20.0,20.0,0.0
PRIMARY__P_to_HLO__primary_5y__M3__ridge__none,HRV,2010,2014,20,6.0,6.0,0.0
PRIMARY__P_to_HLO__primary_5y__M3__ridge__none,IDN,2010,2014,20,15.0,16.0,0.05263157894736842
PRIMARY__P_to_HLO__primary_5y__M3__ridge__none,ITA,2010,2014,20,5.0,7.0,0.10526315789473684
PRIMARY__P_to_HLO__primary_5y__M3__ridge__none,JOR,2010,2014,20,17.0,19.0,0.10526315789473684
PRIMARY__P_to_HLO__primary_5y__M3__ridge__none,KAZ,2010,2014,20,9.0,14.0,0.2631578947368421
PRIMARY__P_to_HLO__primary_5y__M3__ridge__none,KOR,2010,2014,20,1.0,1.0,0.0
PRIMARY__P_to_HLO__primary_5y__M3__ridge__none,MAR,2010,2014,20,19.0,18.0,0.05263157894736842
PRIMARY__P_to_HLO__primary_5y__M3__ridge__none,MEX,2010,2014,20,11.0,12.0,0.05263157894736842
PRIMARY__P_to_HLO__primary_5y__M3__ridge__none,OMN,2010,2014,20,16.0,13.0,0.15789473684210525
PRIMARY__P_to_HLO__primary_5y__M3__ridge__none,POL,2010,2014,20,4.0,5.0,0.05263157894736842
PRIMARY__P_to_HLO__primary_5y__M3__ridge__none,SAU,2010,2014,20,14.0,15.0,0.05263157894736842
PRIMARY__P_to_HLO__primary_5y__M3__ridge__none,SRB,2010,2014,20,8.0,8.0,0.0
PRIMARY__P_to_HLO__primary_5y__M3__ridge__none,ZAF,2010,2014,20,18.0,17.0,0.05263157894736842
PRIMARY__P_to_HLO__primary_5y__M3__ridge__none,AUS,2015,2017,9,5.0,4.0,0.125
PRIMARY__P_to_HLO__primary_5y__M3__ridge__none,BHR,2015,2017,9,6.0,6.0,0.0
PRIMARY__P_to_HLO__primary_5y__M3__ridge__none,DEU,2015,2017,9,4.0,2.0,0.25
PRIMARY__P_to_HLO__primary_5y__M3__ridge__none,EGY,2015,2017,9,9.0,9.0,0.0
PRIMARY__P_to_HLO__primary_5y__M3__ridge__none,IDN,2015,2017,9,7.0,8.0,0.125
PRIMARY__P_to_HLO__primary_5y__M3__ridge__none,JPN,2015,2017,9,1.0,3.0,0.25
PRIMARY__P_to_HLO__primary_5y__M3__ridge__none,POL,2015,2017,9,3.0,1.0,0.25
PRIMARY__P_to_HLO__primary_5y__M3__ridge__none,RUS,2015,2017,9,2.0,5.0,0.375
PRIMARY__P_to_HLO__primary_5y__M3__ridge__none,SAU,2015,2017,9,8.0,7.0,0.125
S10__HLO_to_P__alternative_10y__M1__ridge__none,ISL,2000,2004,5,2.0,3.0,0.25
S10__HLO_to_P__alternative_10y__M1__ridge__none,NLD,2000,2004,5,3.0,1.0,0.5
S10__HLO_to_P__alternative_10y__M1__ridge__none,NOR,2000,2004,5,1.0,4.0,0.75
S10__HLO_to_P__alternative_10y__M1__ridge__none,PHL,2000,2004,5,5.0,5.0,0.0
S10__HLO_to_P__alternative_10y__M1__ridge__none,USA,2000,2004,5,4.0,2.0,0.5
S10__HLO_to_P__alternative_10y__M1__ridge__none,AUT,2005,2009,14,2.0,5.0,0.23076923076923078
S10__HLO_to_P__alternative_10y__M1__ridge__none,CHL,2005,2009,14,10.0,9.0,0.07692307692307693
S10__HLO_to_P__alternative_10y__M1__ridge__none,CRI,2005,2009,14,8.0,8.0,0.0
S10__HLO_to_P__alternative_10y__M1__ridge__none,IDN,2005,2009,14,13.0,11.0,0.15384615384615385
S10__HLO_to_P__alternative_10y__M1__ridge__none,IRN,2005,2009,14,12.0,10.0,0.15384615384615385
S10__HLO_to_P__alternative_10y__M1__ridge__none,ITA,2005,2009,14,7.0,4.0,0.23076923076923078
S10__HLO_to_P__alternative_10y__M1__ridge__none,JPN,2005,2009,14,1.0,1.0,0.0
S10__HLO_to_P__alternative_10y__M1__ridge__none,MAR,2005,2009,14,14.0,13.0,0.07692307692307693
S10__HLO_to_P__alternative_10y__M1__ridge__none,NLD,2005,2009,14,3.0,2.0,0.07692307692307693
S10__HLO_to_P__alternative_10y__M1__ridge__none,NOR,2005,2009,14,4.0,6.0,0.15384615384615385
S10__HLO_to_P__alternative_10y__M1__ridge__none,PER,2005,2009,14,6.0,12.0,0.46153846153846156
S10__HLO_to_P__alternative_10y__M1__ridge__none,POL,2005,2009,14,5.0,3.0,0.15384615384615385
S10__HLO_to_P__alternative_10y__M1__ridge__none,QAT,2005,2009,14,11.0,14.0,0.23076923076923078
S10__HLO_to_P__alternative_10y__M1__ridge__none,UKR,2005,2009,14,9.0,7.0,0.15384615384615385
S10__HLO_to_P__alternative_10y__M1__ridge__none,BRA,2010,2014,20,9.0,12.0,0.15789473684210525
S10__HLO_to_P__alternative_10y__M1__ridge__none,CHL,2010,2014,20,17.0,10.0,0.3684210526315789
S10__HLO_to_P__alternative_10y__M1__ridge__none,COL,2010,2014,20,12.0,13.0,0.05263157894736842
S10__HLO_to_P__alternative_10y__M1__ridge__none,DEU,2010,2014,20,3.0,3.0,0.0
S10__HLO_to_P__alternative_10y__M1__ridge__none,ESP,2010,2014,20,6.0,7.0,0.05263157894736842
S10__HLO_to_P__alternative_10y__M1__ridge__none,FIN,2010,2014,20,1.0,2.0,0.05263157894736842
S10__HLO_to_P__alternative_10y__M1__ridge__none,GHA,2010,2014,20,20.0,20.0,0.0
S10__HLO_to_P__alternative_10y__M1__ridge__none,HRV,2010,2014,20,8.0,6.0,0.10526315789473684
S10__HLO_to_P__alternative_10y__M1__ridge__none,IDN,2010,2014,20,15.0,15.0,0.0
S10__HLO_to_P__alternative_10y__M1__ridge__none,ITA,2010,2014,20,10.0,5.0,0.2631578947368421
S10__HLO_to_P__alternative_10y__M1__ridge__none,JOR,2010,2014,20,18.0,16.0,0.10526315789473684
S10__HLO_to_P__alternative_10y__M1__ridge__none,KAZ,2010,2014,20,13.0,9.0,0.21052631578947367
S10__HLO_to_P__alternative_10y__M1__ridge__none,KOR,2010,2014,20,2.0,1.0,0.05263157894736842
S10__HLO_to_P__alternative_10y__M1__ridge__none,MAR,2010,2014,20,19.0,19.0,0.0
S10__HLO_to_P__alternative_10y__M1__ridge__none,MEX,2010,2014,20,7.0,11.0,0.21052631578947367
S10__HLO_to_P__alternative_10y__M1__ridge__none,OMN,2010,2014,20,11.0,17.0,0.3157894736842105
S10__HLO_to_P__alternative_10y__M1__ridge__none,POL,2010,2014,20,4.0,4.0,0.0
S10__HLO_to_P__alternative_10y__M1__ridge__none,SAU,2010,2014,20,16.0,14.0,0.10526315789473684
S10__HLO_to_P__alternative_10y__M1__ridge__none,SRB,2010,2014,20,5.0,8.0,0.15789473684210525
S10__HLO_to_P__alternative_10y__M1__ridge__none,ZAF,2010,2014,20,14.0,18.0,0.21052631578947367
S10__HLO_to_P__alternative_10y__M1__ridge__none,AUS,2015,2017,9,4.0,5.0,0.125
S10__HLO_to_P__alternative_10y__M1__ridge__none,BHR,2015,2017,9,9.0,6.0,0.375
S10__HLO_to_P__alternative_10y__M1__ridge__none,DEU,2015,2017,9,3.0,4.0,0.125
S10__HLO_to_P__alternative_10y__M1__ridge__none,EGY,2015,2017,9,8.0,9.0,0.125
S10__HLO_to_P__alternative_10y__M1__ridge__none,IDN,2015,2017,9,7.0,7.0,0.0
S10__HLO_to_P__alternative_10y__M1__ridge__none,JPN,2015,2017,9,2.0,1.0,0.125
S10__HLO_to_P__alternative_10y__M1__ridge__none,POL,2015,2017,9,1.0,3.0,0.25
S10__HLO_to_P__alternative_10y__M1__ridge__none,RUS,2015,2017,9,5.0,2.0,0.375
S10__HLO_to_P__alternative_10y__M1__ridge__none,SAU,2015,2017,9,6.0,8.0,0.25
S10__HLO_to_P__alternative_10y__M2__ridge__none,ISL,2000,2004,5,2.0,4.0,0.5
S10__HLO_to_P__alternative_10y__M2__ridge__none,NLD,2000,2004,5,3.0,1.0,0.5
S10__HLO_to_P__alternative_10y__M2__ridge__none,NOR,2000,2004,5,1.0,3.0,0.5
S10__HLO_to_P__alternative_10y__M2__ridge__none,PHL,2000,2004,5,5.0,5.0,0.0
S10__HLO_to_P__alternative_10y__M2__ridge__none,USA,2000,2004,5,4.0,2.0,0.5
S10__HLO_to_P__alternative_10y__M2__ridge__none,AUT,2005,2009,14,2.0,2.0,0.0
S10__HLO_to_P__alternative_10y__M2__ridge__none,CHL,2005,2009,14,10.0,9.0,0.07692307692307693
S10__HLO_to_P__alternative_10y__M2__ridge__none,CRI,2005,2009,14,8.0,8.0,0.0
S10__HLO_to_P__alternative_10y__M2__ridge__none,IDN,2005,2009,14,13.0,12.0,0.07692307692307693
S10__HLO_to_P__alternative_10y__M2__ridge__none,IRN,2005,2009,14,12.0,11.0,0.07692307692307693
S10__HLO_to_P__alternative_10y__M2__ridge__none,ITA,2005,2009,14,7.0,4.0,0.23076923076923078
S10__HLO_to_P__alternative_10y__M2__ridge__none,JPN,2005,2009,14,1.0,7.0,0.46153846153846156
S10__HLO_to_P__alternative_10y__M2__ridge__none,MAR,2005,2009,14,14.0,14.0,0.0
S10__HLO_to_P__alternative_10y__M2__ridge__none,NLD,2005,2009,14,3.0,3.0,0.0
S10__HLO_to_P__alternative_10y__M2__ridge__none,NOR,2005,2009,14,4.0,1.0,0.23076923076923078
S10__HLO_to_P__alternative_10y__M2__ridge__none,PER,2005,2009,14,6.0,13.0,0.5384615384615384
S10__HLO_to_P__alternative_10y__M2__ridge__none,POL,2005,2009,14,5.0,5.0,0.0
S10__HLO_to_P__alternative_10y__M2__ridge__none,QAT,2005,2009,14,11.0,10.0,0.07692307692307693
S10__HLO_to_P__alternative_10y__M2__ridge__none,UKR,2005,2009,14,9.0,6.0,0.23076923076923078
S10__HLO_to_P__alternative_10y__M2__ridge__none,BRA,2010,2014,20,9.0,12.0,0.15789473684210525
S10__HLO_to_P__alternative_10y__M2__ridge__none,CHL,2010,2014,20,17.0,10.0,0.3684210526315789
S10__HLO_to_P__alternative_10y__M2__ridge__none,COL,2010,2014,20,12.0,8.0,0.21052631578947367
S10__HLO_to_P__alternative_10y__M2__ridge__none,DEU,2010,2014,20,3.0,3.0,0.0
S10__HLO_to_P__alternative_10y__M2__ridge__none,ESP,2010,2014,20,6.0,2.0,0.21052631578947367
S10__HLO_to_P__alternative_10y__M2__ridge__none,FIN,2010,2014,20,1.0,1.0,0.0
S10__HLO_to_P__alternative_10y__M2__ridge__none,GHA,2010,2014,20,20.0,20.0,0.0
S10__HLO_to_P__alternative_10y__M2__ridge__none,HRV,2010,2014,20,8.0,7.0,0.05263157894736842
S10__HLO_to_P__alternative_10y__M2__ridge__none,IDN,2010,2014,20,15.0,18.0,0.15789473684210525
S10__HLO_to_P__alternative_10y__M2__ridge__none,ITA,2010,2014,20,10.0,5.0,0.2631578947368421
S10__HLO_to_P__alternative_10y__M2__ridge__none,JOR,2010,2014,20,18.0,15.0,0.15789473684210525
S10__HLO_to_P__alternative_10y__M2__ridge__none,KAZ,2010,2014,20,13.0,14.0,0.05263157894736842
S10__HLO_to_P__alternative_10y__M2__ridge__none,KOR,2010,2014,20,2.0,4.0,0.10526315789473684
S10__HLO_to_P__alternative_10y__M2__ridge__none,MAR,2010,2014,20,19.0,17.0,0.10526315789473684
S10__HLO_to_P__alternative_10y__M2__ridge__none,MEX,2010,2014,20,7.0,13.0,0.3157894736842105
S10__HLO_to_P__alternative_10y__M2__ridge__none,OMN,2010,2014,20,11.0,16.0,0.2631578947368421
S10__HLO_to_P__alternative_10y__M2__ridge__none,POL,2010,2014,20,4.0,6.0,0.10526315789473684
S10__HLO_to_P__alternative_10y__M2__ridge__none,SAU,2010,2014,20,16.0,11.0,0.2631578947368421
S10__HLO_to_P__alternative_10y__M2__ridge__none,SRB,2010,2014,20,5.0,9.0,0.21052631578947367
S10__HLO_to_P__alternative_10y__M2__ridge__none,ZAF,2010,2014,20,14.0,19.0,0.2631578947368421
S10__HLO_to_P__alternative_10y__M2__ridge__none,AUS,2015,2017,9,4.0,3.0,0.125
S10__HLO_to_P__alternative_10y__M2__ridge__none,BHR,2015,2017,9,9.0,6.0,0.375
S10__HLO_to_P__alternative_10y__M2__ridge__none,DEU,2015,2017,9,3.0,1.0,0.25
S10__HLO_to_P__alternative_10y__M2__ridge__none,EGY,2015,2017,9,8.0,9.0,0.125
S10__HLO_to_P__alternative_10y__M2__ridge__none,IDN,2015,2017,9,7.0,8.0,0.125
S10__HLO_to_P__alternative_10y__M2__ridge__none,JPN,2015,2017,9,2.0,5.0,0.375
S10__HLO_to_P__alternative_10y__M2__ridge__none,POL,2015,2017,9,1.0,2.0,0.125
S10__HLO_to_P__alternative_10y__M2__ridge__none,RUS,2015,2017,9,5.0,7.0,0.25
S10__HLO_to_P__alternative_10y__M2__ridge__none,SAU,2015,2017,9,6.0,4.0,0.25
S10__HLO_to_P__alternative_10y__M3__ridge__none,ISL,2000,2004,5,2.0,3.0,0.25
S10__HLO_to_P__alternative_10y__M3__ridge__none,NLD,2000,2004,5,3.0,1.0,0.5
S10__HLO_to_P__alternative_10y__M3__ridge__none,NOR,2000,2004,5,1.0,4.0,0.75
S10__HLO_to_P__alternative_10y__M3__ridge__none,PHL,2000,2004,5,5.0,5.0,0.0
S10__HLO_to_P__alternative_10y__M3__ridge__none,USA,2000,2004,5,4.0,2.0,0.5
S10__HLO_to_P__alternative_10y__M3__ridge__none,AUT,2005,2009,14,2.0,2.0,0.0
S10__HLO_to_P__alternative_10y__M3__ridge__none,CHL,2005,2009,14,10.0,9.0,0.07692307692307693
S10__HLO_to_P__alternative_10y__M3__ridge__none,CRI,2005,2009,14,8.0,8.0,0.0
S10__HLO_to_P__alternative_10y__M3__ridge__none,IDN,2005,2009,14,13.0,11.0,0.15384615384615385
S10__HLO_to_P__alternative_10y__M3__ridge__none,IRN,2005,2009,14,12.0,10.0,0.15384615384615385
S10__HLO_to_P__alternative_10y__M3__ridge__none,ITA,2005,2009,14,7.0,4.0,0.23076923076923078
S10__HLO_to_P__alternative_10y__M3__ridge__none,JPN,2005,2009,14,1.0,6.0,0.38461538461538464
S10__HLO_to_P__alternative_10y__M3__ridge__none,MAR,2005,2009,14,14.0,14.0,0.0
S10__HLO_to_P__alternative_10y__M3__ridge__none,NLD,2005,2009,14,3.0,1.0,0.15384615384615385
S10__HLO_to_P__alternative_10y__M3__ridge__none,NOR,2005,2009,14,4.0,3.0,0.07692307692307693
S10__HLO_to_P__alternative_10y__M3__ridge__none,PER,2005,2009,14,6.0,12.0,0.46153846153846156
S10__HLO_to_P__alternative_10y__M3__ridge__none,POL,2005,2009,14,5.0,5.0,0.0
S10__HLO_to_P__alternative_10y__M3__ridge__none,QAT,2005,2009,14,11.0,13.0,0.15384615384615385
S10__HLO_to_P__alternative_10y__M3__ridge__none,UKR,2005,2009,14,9.0,7.0,0.15384615384615385
S10__HLO_to_P__alternative_10y__M3__ridge__none,BRA,2010,2014,20,9.0,14.0,0.2631578947368421
S10__HLO_to_P__alternative_10y__M3__ridge__none,CHL,2010,2014,20,17.0,10.0,0.3684210526315789
S10__HLO_to_P__alternative_10y__M3__ridge__none,COL,2010,2014,20,12.0,8.0,0.21052631578947367
S10__HLO_to_P__alternative_10y__M3__ridge__none,DEU,2010,2014,20,3.0,4.0,0.05263157894736842
S10__HLO_to_P__alternative_10y__M3__ridge__none,ESP,2010,2014,20,6.0,3.0,0.15789473684210525
S10__HLO_to_P__alternative_10y__M3__ridge__none,FIN,2010,2014,20,1.0,1.0,0.0
S10__HLO_to_P__alternative_10y__M3__ridge__none,GHA,2010,2014,20,20.0,20.0,0.0
S10__HLO_to_P__alternative_10y__M3__ridge__none,HRV,2010,2014,20,8.0,7.0,0.05263157894736842
S10__HLO_to_P__alternative_10y__M3__ridge__none,IDN,2010,2014,20,15.0,17.0,0.10526315789473684
S10__HLO_to_P__alternative_10y__M3__ridge__none,ITA,2010,2014,20,10.0,5.0,0.2631578947368421
S10__HLO_to_P__alternative_10y__M3__ridge__none,JOR,2010,2014,20,18.0,15.0,0.15789473684210525
S10__HLO_to_P__alternative_10y__M3__ridge__none,KAZ,2010,2014,20,13.0,13.0,0.0
S10__HLO_to_P__alternative_10y__M3__ridge__none,KOR,2010,2014,20,2.0,2.0,0.0
S10__HLO_to_P__alternative_10y__M3__ridge__none,MAR,2010,2014,20,19.0,18.0,0.05263157894736842
S10__HLO_to_P__alternative_10y__M3__ridge__none,MEX,2010,2014,20,7.0,12.0,0.2631578947368421
S10__HLO_to_P__alternative_10y__M3__ridge__none,OMN,2010,2014,20,11.0,16.0,0.2631578947368421
S10__HLO_to_P__alternative_10y__M3__ridge__none,POL,2010,2014,20,4.0,6.0,0.10526315789473684
S10__HLO_to_P__alternative_10y__M3__ridge__none,SAU,2010,2014,20,16.0,11.0,0.2631578947368421
S10__HLO_to_P__alternative_10y__M3__ridge__none,SRB,2010,2014,20,5.0,9.0,0.21052631578947367
S10__HLO_to_P__alternative_10y__M3__ridge__none,ZAF,2010,2014,20,14.0,19.0,0.2631578947368421
S10__HLO_to_P__alternative_10y__M3__ridge__none,AUS,2015,2017,9,4.0,3.0,0.125
S10__HLO_to_P__alternative_10y__M3__ridge__none,BHR,2015,2017,9,9.0,6.0,0.375
S10__HLO_to_P__alternative_10y__M3__ridge__none,DEU,2015,2017,9,3.0,1.0,0.25
S10__HLO_to_P__alternative_10y__M3__ridge__none,EGY,2015,2017,9,8.0,9.0,0.125
S10__HLO_to_P__alternative_10y__M3__ridge__none,IDN,2015,2017,9,7.0,8.0,0.125
S10__HLO_to_P__alternative_10y__M3__ridge__none,JPN,2015,2017,9,2.0,4.0,0.25
S10__HLO_to_P__alternative_10y__M3__ridge__none,POL,2015,2017,9,1.0,2.0,0.125
S10__HLO_to_P__alternative_10y__M3__ridge__none,RUS,2015,2017,9,5.0,5.0,0.0
S10__HLO_to_P__alternative_10y__M3__ridge__none,SAU,2015,2017,9,6.0,7.0,0.125
S10__HLO_to_P__primary_5y_matched__M1__ridge__none,ISL,2000,2004,5,2.0,3.0,0.25
S10__HLO_to_P__primary_5y_matched__M1__ridge__none,NLD,2000,2004,5,3.0,1.0,0.5
S10__HLO_to_P__primary_5y_matched__M1__ridge__none,NOR,2000,2004,5,1.0,4.0,0.75
S10__HLO_to_P__primary_5y_matched__M1__ridge__none,PHL,2000,2004,5,5.0,5.0,0.0
S10__HLO_to_P__primary_5y_matched__M1__ridge__none,USA,2000,2004,5,4.0,2.0,0.5
S10__HLO_to_P__primary_5y_matched__M1__ridge__none,AUT,2005,2009,14,2.0,5.0,0.23076923076923078
S10__HLO_to_P__primary_5y_matched__M1__ridge__none,CHL,2005,2009,14,10.0,9.0,0.07692307692307693
S10__HLO_to_P__primary_5y_matched__M1__ridge__none,CRI,2005,2009,14,8.0,8.0,0.0
S10__HLO_to_P__primary_5y_matched__M1__ridge__none,IDN,2005,2009,14,13.0,11.0,0.15384615384615385
S10__HLO_to_P__primary_5y_matched__M1__ridge__none,IRN,2005,2009,14,12.0,10.0,0.15384615384615385
S10__HLO_to_P__primary_5y_matched__M1__ridge__none,ITA,2005,2009,14,7.0,4.0,0.23076923076923078
S10__HLO_to_P__primary_5y_matched__M1__ridge__none,JPN,2005,2009,14,1.0,1.0,0.0
S10__HLO_to_P__primary_5y_matched__M1__ridge__none,MAR,2005,2009,14,14.0,13.0,0.07692307692307693
S10__HLO_to_P__primary_5y_matched__M1__ridge__none,NLD,2005,2009,14,3.0,2.0,0.07692307692307693
S10__HLO_to_P__primary_5y_matched__M1__ridge__none,NOR,2005,2009,14,4.0,6.0,0.15384615384615385
S10__HLO_to_P__primary_5y_matched__M1__ridge__none,PER,2005,2009,14,6.0,12.0,0.46153846153846156
S10__HLO_to_P__primary_5y_matched__M1__ridge__none,POL,2005,2009,14,5.0,3.0,0.15384615384615385
S10__HLO_to_P__primary_5y_matched__M1__ridge__none,QAT,2005,2009,14,11.0,14.0,0.23076923076923078
S10__HLO_to_P__primary_5y_matched__M1__ridge__none,UKR,2005,2009,14,9.0,7.0,0.15384615384615385
S10__HLO_to_P__primary_5y_matched__M1__ridge__none,BRA,2010,2014,20,9.0,12.0,0.15789473684210525
S10__HLO_to_P__primary_5y_matched__M1__ridge__none,CHL,2010,2014,20,17.0,10.0,0.3684210526315789
S10__HLO_to_P__primary_5y_matched__M1__ridge__none,COL,2010,2014,20,12.0,13.0,0.05263157894736842
S10__HLO_to_P__primary_5y_matched__M1__ridge__none,DEU,2010,2014,20,3.0,3.0,0.0
S10__HLO_to_P__primary_5y_matched__M1__ridge__none,ESP,2010,2014,20,6.0,7.0,0.05263157894736842
S10__HLO_to_P__primary_5y_matched__M1__ridge__none,FIN,2010,2014,20,1.0,2.0,0.05263157894736842
S10__HLO_to_P__primary_5y_matched__M1__ridge__none,GHA,2010,2014,20,20.0,20.0,0.0
S10__HLO_to_P__primary_5y_matched__M1__ridge__none,HRV,2010,2014,20,8.0,6.0,0.10526315789473684
S10__HLO_to_P__primary_5y_matched__M1__ridge__none,IDN,2010,2014,20,15.0,15.0,0.0
S10__HLO_to_P__primary_5y_matched__M1__ridge__none,ITA,2010,2014,20,10.0,5.0,0.2631578947368421
S10__HLO_to_P__primary_5y_matched__M1__ridge__none,JOR,2010,2014,20,18.0,16.0,0.10526315789473684
S10__HLO_to_P__primary_5y_matched__M1__ridge__none,KAZ,2010,2014,20,13.0,9.0,0.21052631578947367
S10__HLO_to_P__primary_5y_matched__M1__ridge__none,KOR,2010,2014,20,2.0,1.0,0.05263157894736842
S10__HLO_to_P__primary_5y_matched__M1__ridge__none,MAR,2010,2014,20,19.0,19.0,0.0
S10__HLO_to_P__primary_5y_matched__M1__ridge__none,MEX,2010,2014,20,7.0,11.0,0.21052631578947367
S10__HLO_to_P__primary_5y_matched__M1__ridge__none,OMN,2010,2014,20,11.0,17.0,0.3157894736842105
S10__HLO_to_P__primary_5y_matched__M1__ridge__none,POL,2010,2014,20,4.0,4.0,0.0
S10__HLO_to_P__primary_5y_matched__M1__ridge__none,SAU,2010,2014,20,16.0,14.0,0.10526315789473684
S10__HLO_to_P__primary_5y_matched__M1__ridge__none,SRB,2010,2014,20,5.0,8.0,0.15789473684210525
S10__HLO_to_P__primary_5y_matched__M1__ridge__none,ZAF,2010,2014,20,14.0,18.0,0.21052631578947367
S10__HLO_to_P__primary_5y_matched__M1__ridge__none,AUS,2015,2017,9,4.0,5.0,0.125
S10__HLO_to_P__primary_5y_matched__M1__ridge__none,BHR,2015,2017,9,9.0,6.0,0.375
S10__HLO_to_P__primary_5y_matched__M1__ridge__none,DEU,2015,2017,9,3.0,4.0,0.125
S10__HLO_to_P__primary_5y_matched__M1__ridge__none,EGY,2015,2017,9,8.0,9.0,0.125
S10__HLO_to_P__primary_5y_matched__M1__ridge__none,IDN,2015,2017,9,7.0,7.0,0.0
S10__HLO_to_P__primary_5y_matched__M1__ridge__none,JPN,2015,2017,9,2.0,1.0,0.125
S10__HLO_to_P__primary_5y_matched__M1__ridge__none,POL,2015,2017,9,1.0,3.0,0.25
S10__HLO_to_P__primary_5y_matched__M1__ridge__none,RUS,2015,2017,9,5.0,2.0,0.375
S10__HLO_to_P__primary_5y_matched__M1__ridge__none,SAU,2015,2017,9,6.0,8.0,0.25
S10__HLO_to_P__primary_5y_matched__M2__ridge__none,ISL,2000,2004,5,2.0,1.0,0.25
S10__HLO_to_P__primary_5y_matched__M2__ridge__none,NLD,2000,2004,5,3.0,2.0,0.25
S10__HLO_to_P__primary_5y_matched__M2__ridge__none,NOR,2000,2004,5,1.0,3.0,0.5
S10__HLO_to_P__primary_5y_matched__M2__ridge__none,PHL,2000,2004,5,5.0,5.0,0.0
S10__HLO_to_P__primary_5y_matched__M2__ridge__none,USA,2000,2004,5,4.0,4.0,0.0
S10__HLO_to_P__primary_5y_matched__M2__ridge__none,AUT,2005,2009,14,2.0,3.0,0.07692307692307693
S10__HLO_to_P__primary_5y_matched__M2__ridge__none,CHL,2005,2009,14,10.0,9.0,0.07692307692307693
S10__HLO_to_P__primary_5y_matched__M2__ridge__none,CRI,2005,2009,14,8.0,8.0,0.0
S10__HLO_to_P__primary_5y_matched__M2__ridge__none,IDN,2005,2009,14,13.0,14.0,0.07692307692307693
S10__HLO_to_P__primary_5y_matched__M2__ridge__none,IRN,2005,2009,14,12.0,11.0,0.07692307692307693
S10__HLO_to_P__primary_5y_matched__M2__ridge__none,ITA,2005,2009,14,7.0,4.0,0.23076923076923078
S10__HLO_to_P__primary_5y_matched__M2__ridge__none,JPN,2005,2009,14,1.0,7.0,0.46153846153846156
S10__HLO_to_P__primary_5y_matched__M2__ridge__none,MAR,2005,2009,14,14.0,13.0,0.07692307692307693
S10__HLO_to_P__primary_5y_matched__M2__ridge__none,NLD,2005,2009,14,3.0,2.0,0.07692307692307693
S10__HLO_to_P__primary_5y_matched__M2__ridge__none,NOR,2005,2009,14,4.0,1.0,0.23076923076923078
S10__HLO_to_P__primary_5y_matched__M2__ridge__none,PER,2005,2009,14,6.0,12.0,0.46153846153846156
S10__HLO_to_P__primary_5y_matched__M2__ridge__none,POL,2005,2009,14,5.0,5.0,0.0
S10__HLO_to_P__primary_5y_matched__M2__ridge__none,QAT,2005,2009,14,11.0,10.0,0.07692307692307693
S10__HLO_to_P__primary_5y_matched__M2__ridge__none,UKR,2005,2009,14,9.0,6.0,0.23076923076923078
S10__HLO_to_P__primary_5y_matched__M2__ridge__none,BRA,2010,2014,20,9.0,12.0,0.15789473684210525
S10__HLO_to_P__primary_5y_matched__M2__ridge__none,CHL,2010,2014,20,17.0,9.0,0.42105263157894735
S10__HLO_to_P__primary_5y_matched__M2__ridge__none,COL,2010,2014,20,12.0,11.0,0.05263157894736842
S10__HLO_to_P__primary_5y_matched__M2__ridge__none,DEU,2010,2014,20,3.0,3.0,0.0
S10__HLO_to_P__primary_5y_matched__M2__ridge__none,ESP,2010,2014,20,6.0,2.0,0.21052631578947367
S10__HLO_to_P__primary_5y_matched__M2__ridge__none,FIN,2010,2014,20,1.0,1.0,0.0
S10__HLO_to_P__primary_5y_matched__M2__ridge__none,GHA,2010,2014,20,20.0,20.0,0.0
S10__HLO_to_P__primary_5y_matched__M2__ridge__none,HRV,2010,2014,20,8.0,5.0,0.15789473684210525
S10__HLO_to_P__primary_5y_matched__M2__ridge__none,IDN,2010,2014,20,15.0,18.0,0.15789473684210525
S10__HLO_to_P__primary_5y_matched__M2__ridge__none,ITA,2010,2014,20,10.0,7.0,0.15789473684210525
S10__HLO_to_P__primary_5y_matched__M2__ridge__none,JOR,2010,2014,20,18.0,15.0,0.15789473684210525
S10__HLO_to_P__primary_5y_matched__M2__ridge__none,KAZ,2010,2014,20,13.0,14.0,0.05263157894736842
S10__HLO_to_P__primary_5y_matched__M2__ridge__none,KOR,2010,2014,20,2.0,4.0,0.10526315789473684
S10__HLO_to_P__primary_5y_matched__M2__ridge__none,MAR,2010,2014,20,19.0,17.0,0.10526315789473684
S10__HLO_to_P__primary_5y_matched__M2__ridge__none,MEX,2010,2014,20,7.0,16.0,0.47368421052631576
S10__HLO_to_P__primary_5y_matched__M2__ridge__none,OMN,2010,2014,20,11.0,13.0,0.10526315789473684
S10__HLO_to_P__primary_5y_matched__M2__ridge__none,POL,2010,2014,20,4.0,6.0,0.10526315789473684
S10__HLO_to_P__primary_5y_matched__M2__ridge__none,SAU,2010,2014,20,16.0,10.0,0.3157894736842105
S10__HLO_to_P__primary_5y_matched__M2__ridge__none,SRB,2010,2014,20,5.0,8.0,0.15789473684210525
S10__HLO_to_P__primary_5y_matched__M2__ridge__none,ZAF,2010,2014,20,14.0,19.0,0.2631578947368421
S10__HLO_to_P__primary_5y_matched__M2__ridge__none,AUS,2015,2017,9,4.0,4.0,0.0
S10__HLO_to_P__primary_5y_matched__M2__ridge__none,BHR,2015,2017,9,9.0,3.0,0.75
S10__HLO_to_P__primary_5y_matched__M2__ridge__none,DEU,2015,2017,9,3.0,1.0,0.25
S10__HLO_to_P__primary_5y_matched__M2__ridge__none,EGY,2015,2017,9,8.0,9.0,0.125
S10__HLO_to_P__primary_5y_matched__M2__ridge__none,IDN,2015,2017,9,7.0,8.0,0.125
S10__HLO_to_P__primary_5y_matched__M2__ridge__none,JPN,2015,2017,9,2.0,7.0,0.625
S10__HLO_to_P__primary_5y_matched__M2__ridge__none,POL,2015,2017,9,1.0,2.0,0.125
S10__HLO_to_P__primary_5y_matched__M2__ridge__none,RUS,2015,2017,9,5.0,5.0,0.0
S10__HLO_to_P__primary_5y_matched__M2__ridge__none,SAU,2015,2017,9,6.0,6.0,0.0
S10__HLO_to_P__primary_5y_matched__M3__ridge__none,ISL,2000,2004,5,2.0,1.0,0.25
S10__HLO_to_P__primary_5y_matched__M3__ridge__none,NLD,2000,2004,5,3.0,3.0,0.0
S10__HLO_to_P__primary_5y_matched__M3__ridge__none,NOR,2000,2004,5,1.0,4.0,0.75
S10__HLO_to_P__primary_5y_matched__M3__ridge__none,PHL,2000,2004,5,5.0,5.0,0.0
S10__HLO_to_P__primary_5y_matched__M3__ridge__none,USA,2000,2004,5,4.0,2.0,0.5
S10__HLO_to_P__primary_5y_matched__M3__ridge__none,AUT,2005,2009,14,2.0,3.0,0.07692307692307693
S10__HLO_to_P__primary_5y_matched__M3__ridge__none,CHL,2005,2009,14,10.0,9.0,0.07692307692307693
S10__HLO_to_P__primary_5y_matched__M3__ridge__none,CRI,2005,2009,14,8.0,8.0,0.0
S10__HLO_to_P__primary_5y_matched__M3__ridge__none,IDN,2005,2009,14,13.0,14.0,0.07692307692307693
S10__HLO_to_P__primary_5y_matched__M3__ridge__none,IRN,2005,2009,14,12.0,10.0,0.15384615384615385
S10__HLO_to_P__primary_5y_matched__M3__ridge__none,ITA,2005,2009,14,7.0,4.0,0.23076923076923078
S10__HLO_to_P__primary_5y_matched__M3__ridge__none,JPN,2005,2009,14,1.0,6.0,0.38461538461538464
S10__HLO_to_P__primary_5y_matched__M3__ridge__none,MAR,2005,2009,14,14.0,11.0,0.23076923076923078
S10__HLO_to_P__primary_5y_matched__M3__ridge__none,NLD,2005,2009,14,3.0,2.0,0.07692307692307693
S10__HLO_to_P__primary_5y_matched__M3__ridge__none,NOR,2005,2009,14,4.0,1.0,0.23076923076923078
S10__HLO_to_P__primary_5y_matched__M3__ridge__none,PER,2005,2009,14,6.0,12.0,0.46153846153846156
S10__HLO_to_P__primary_5y_matched__M3__ridge__none,POL,2005,2009,14,5.0,5.0,0.0
S10__HLO_to_P__primary_5y_matched__M3__ridge__none,QAT,2005,2009,14,11.0,13.0,0.15384615384615385
S10__HLO_to_P__primary_5y_matched__M3__ridge__none,UKR,2005,2009,14,9.0,7.0,0.15384615384615385
S10__HLO_to_P__primary_5y_matched__M3__ridge__none,BRA,2010,2014,20,9.0,13.0,0.21052631578947367
S10__HLO_to_P__primary_5y_matched__M3__ridge__none,CHL,2010,2014,20,17.0,10.0,0.3684210526315789
S10__HLO_to_P__primary_5y_matched__M3__ridge__none,COL,2010,2014,20,12.0,12.0,0.0
S10__HLO_to_P__primary_5y_matched__M3__ridge__none,DEU,2010,2014,20,3.0,4.0,0.05263157894736842
S10__HLO_to_P__primary_5y_matched__M3__ridge__none,ESP,2010,2014,20,6.0,3.0,0.15789473684210525
S10__HLO_to_P__primary_5y_matched__M3__ridge__none,FIN,2010,2014,20,1.0,1.0,0.0
S10__HLO_to_P__primary_5y_matched__M3__ridge__none,GHA,2010,2014,20,20.0,20.0,0.0
S10__HLO_to_P__primary_5y_matched__M3__ridge__none,HRV,2010,2014,20,8.0,5.0,0.15789473684210525
S10__HLO_to_P__primary_5y_matched__M3__ridge__none,IDN,2010,2014,20,15.0,18.0,0.15789473684210525
S10__HLO_to_P__primary_5y_matched__M3__ridge__none,ITA,2010,2014,20,10.0,7.0,0.15789473684210525
S10__HLO_to_P__primary_5y_matched__M3__ridge__none,JOR,2010,2014,20,18.0,14.0,0.21052631578947367
S10__HLO_to_P__primary_5y_matched__M3__ridge__none,KAZ,2010,2014,20,13.0,11.0,0.10526315789473684
S10__HLO_to_P__primary_5y_matched__M3__ridge__none,KOR,2010,2014,20,2.0,2.0,0.0
S10__HLO_to_P__primary_5y_matched__M3__ridge__none,MAR,2010,2014,20,19.0,17.0,0.10526315789473684
S10__HLO_to_P__primary_5y_matched__M3__ridge__none,MEX,2010,2014,20,7.0,15.0,0.42105263157894735
S10__HLO_to_P__primary_5y_matched__M3__ridge__none,OMN,2010,2014,20,11.0,16.0,0.2631578947368421
S10__HLO_to_P__primary_5y_matched__M3__ridge__none,POL,2010,2014,20,4.0,6.0,0.10526315789473684
S10__HLO_to_P__primary_5y_matched__M3__ridge__none,SAU,2010,2014,20,16.0,9.0,0.3684210526315789
S10__HLO_to_P__primary_5y_matched__M3__ridge__none,SRB,2010,2014,20,5.0,8.0,0.15789473684210525
S10__HLO_to_P__primary_5y_matched__M3__ridge__none,ZAF,2010,2014,20,14.0,19.0,0.2631578947368421
S10__HLO_to_P__primary_5y_matched__M3__ridge__none,AUS,2015,2017,9,4.0,3.0,0.125
S10__HLO_to_P__primary_5y_matched__M3__ridge__none,BHR,2015,2017,9,9.0,6.0,0.375
S10__HLO_to_P__primary_5y_matched__M3__ridge__none,DEU,2015,2017,9,3.0,1.0,0.25
S10__HLO_to_P__primary_5y_matched__M3__ridge__none,EGY,2015,2017,9,8.0,9.0,0.125
S10__HLO_to_P__primary_5y_matched__M3__ridge__none,IDN,2015,2017,9,7.0,8.0,0.125
S10__HLO_to_P__primary_5y_matched__M3__ridge__none,JPN,2015,2017,9,2.0,4.0,0.25
S10__HLO_to_P__primary_5y_matched__M3__ridge__none,POL,2015,2017,9,1.0,2.0,0.125
S10__HLO_to_P__primary_5y_matched__M3__ridge__none,RUS,2015,2017,9,5.0,5.0,0.0
S10__HLO_to_P__primary_5y_matched__M3__ridge__none,SAU,2015,2017,9,6.0,7.0,0.125
S10__P_to_HLO__alternative_10y__M1__ridge__none,ISL,2000,2004,5,3.0,2.0,0.25
S10__P_to_HLO__alternative_10y__M1__ridge__none,NLD,2000,2004,5,1.0,3.0,0.5
S10__P_to_HLO__alternative_10y__M1__ridge__none,NOR,2000,2004,5,4.0,1.0,0.75
S10__P_to_HLO__alternative_10y__M1__ridge__none,PHL,2000,2004,5,5.0,4.0,0.25
S10__P_to_HLO__alternative_10y__M1__ridge__none,USA,2000,2004,5,2.0,5.0,0.75
S10__P_to_HLO__alternative_10y__M1__ridge__none,AUT,2005,2009,14,4.0,2.0,0.15384615384615385
S10__P_to_HLO__alternative_10y__M1__ridge__none,CHL,2005,2009,14,9.0,10.0,0.07692307692307693
S10__P_to_HLO__alternative_10y__M1__ridge__none,CRI,2005,2009,14,8.0,8.0,0.0
S10__P_to_HLO__alternative_10y__M1__ridge__none,IDN,2005,2009,14,11.0,12.0,0.07692307692307693
S10__P_to_HLO__alternative_10y__M1__ridge__none,IRN,2005,2009,14,10.0,13.0,0.23076923076923078
S10__P_to_HLO__alternative_10y__M1__ridge__none,ITA,2005,2009,14,5.0,7.0,0.15384615384615385
S10__P_to_HLO__alternative_10y__M1__ridge__none,JPN,2005,2009,14,1.0,1.0,0.0
S10__P_to_HLO__alternative_10y__M1__ridge__none,MAR,2005,2009,14,13.0,14.0,0.07692307692307693
S10__P_to_HLO__alternative_10y__M1__ridge__none,NLD,2005,2009,14,2.0,3.0,0.07692307692307693
S10__P_to_HLO__alternative_10y__M1__ridge__none,NOR,2005,2009,14,6.0,4.0,0.15384615384615385
S10__P_to_HLO__alternative_10y__M1__ridge__none,PER,2005,2009,14,12.0,5.0,0.5384615384615384
S10__P_to_HLO__alternative_10y__M1__ridge__none,POL,2005,2009,14,3.0,6.0,0.23076923076923078
S10__P_to_HLO__alternative_10y__M1__ridge__none,QAT,2005,2009,14,14.0,11.0,0.23076923076923078
S10__P_to_HLO__alternative_10y__M1__ridge__none,UKR,2005,2009,14,7.0,9.0,0.15384615384615385
S10__P_to_HLO__alternative_10y__M1__ridge__none,BRA,2010,2014,20,12.0,9.0,0.15789473684210525
S10__P_to_HLO__alternative_10y__M1__ridge__none,CHL,2010,2014,20,10.0,17.0,0.3684210526315789
S10__P_to_HLO__alternative_10y__M1__ridge__none,COL,2010,2014,20,13.0,12.0,0.05263157894736842
S10__P_to_HLO__alternative_10y__M1__ridge__none,DEU,2010,2014,20,3.0,3.0,0.0
S10__P_to_HLO__alternative_10y__M1__ridge__none,ESP,2010,2014,20,7.0,6.0,0.05263157894736842
S10__P_to_HLO__alternative_10y__M1__ridge__none,FIN,2010,2014,20,2.0,1.0,0.05263157894736842
S10__P_to_HLO__alternative_10y__M1__ridge__none,GHA,2010,2014,20,20.0,20.0,0.0
S10__P_to_HLO__alternative_10y__M1__ridge__none,HRV,2010,2014,20,6.0,8.0,0.10526315789473684
S10__P_to_HLO__alternative_10y__M1__ridge__none,IDN,2010,2014,20,15.0,15.0,0.0
S10__P_to_HLO__alternative_10y__M1__ridge__none,ITA,2010,2014,20,5.0,10.0,0.2631578947368421
S10__P_to_HLO__alternative_10y__M1__ridge__none,JOR,2010,2014,20,17.0,18.0,0.05263157894736842
S10__P_to_HLO__alternative_10y__M1__ridge__none,KAZ,2010,2014,20,9.0,13.0,0.21052631578947367
S10__P_to_HLO__alternative_10y__M1__ridge__none,KOR,2010,2014,20,1.0,2.0,0.05263157894736842
S10__P_to_HLO__alternative_10y__M1__ridge__none,MAR,2010,2014,20,19.0,19.0,0.0
S10__P_to_HLO__alternative_10y__M1__ridge__none,MEX,2010,2014,20,11.0,7.0,0.21052631578947367
S10__P_to_HLO__alternative_10y__M1__ridge__none,OMN,2010,2014,20,16.0,11.0,0.2631578947368421
S10__P_to_HLO__alternative_10y__M1__ridge__none,POL,2010,2014,20,4.0,4.0,0.0
S10__P_to_HLO__alternative_10y__M1__ridge__none,SAU,2010,2014,20,14.0,16.0,0.10526315789473684
S10__P_to_HLO__alternative_10y__M1__ridge__none,SRB,2010,2014,20,8.0,5.0,0.15789473684210525
S10__P_to_HLO__alternative_10y__M1__ridge__none,ZAF,2010,2014,20,18.0,14.0,0.21052631578947367
S10__P_to_HLO__alternative_10y__M1__ridge__none,AUS,2015,2017,9,5.0,4.0,0.125
S10__P_to_HLO__alternative_10y__M1__ridge__none,BHR,2015,2017,9,6.0,9.0,0.375
S10__P_to_HLO__alternative_10y__M1__ridge__none,DEU,2015,2017,9,4.0,3.0,0.125
S10__P_to_HLO__alternative_10y__M1__ridge__none,EGY,2015,2017,9,9.0,8.0,0.125
S10__P_to_HLO__alternative_10y__M1__ridge__none,IDN,2015,2017,9,7.0,7.0,0.0
S10__P_to_HLO__alternative_10y__M1__ridge__none,JPN,2015,2017,9,1.0,2.0,0.125
S10__P_to_HLO__alternative_10y__M1__ridge__none,POL,2015,2017,9,3.0,1.0,0.25
S10__P_to_HLO__alternative_10y__M1__ridge__none,RUS,2015,2017,9,2.0,5.0,0.375
S10__P_to_HLO__alternative_10y__M1__ridge__none,SAU,2015,2017,9,8.0,6.0,0.25
S10__P_to_HLO__alternative_10y__M2__ridge__none,ISL,2000,2004,5,3.0,4.0,0.25
S10__P_to_HLO__alternative_10y__M2__ridge__none,NLD,2000,2004,5,1.0,1.0,0.0
S10__P_to_HLO__alternative_10y__M2__ridge__none,NOR,2000,2004,5,4.0,2.0,0.5
S10__P_to_HLO__alternative_10y__M2__ridge__none,PHL,2000,2004,5,5.0,5.0,0.0
S10__P_to_HLO__alternative_10y__M2__ridge__none,USA,2000,2004,5,2.0,3.0,0.25
S10__P_to_HLO__alternative_10y__M2__ridge__none,AUT,2005,2009,14,4.0,2.0,0.15384615384615385
S10__P_to_HLO__alternative_10y__M2__ridge__none,CHL,2005,2009,14,9.0,8.0,0.07692307692307693
S10__P_to_HLO__alternative_10y__M2__ridge__none,CRI,2005,2009,14,8.0,9.0,0.07692307692307693
S10__P_to_HLO__alternative_10y__M2__ridge__none,IDN,2005,2009,14,11.0,12.0,0.07692307692307693
S10__P_to_HLO__alternative_10y__M2__ridge__none,IRN,2005,2009,14,10.0,10.0,0.0
S10__P_to_HLO__alternative_10y__M2__ridge__none,ITA,2005,2009,14,5.0,1.0,0.3076923076923077
S10__P_to_HLO__alternative_10y__M2__ridge__none,JPN,2005,2009,14,1.0,3.0,0.15384615384615385
S10__P_to_HLO__alternative_10y__M2__ridge__none,MAR,2005,2009,14,13.0,13.0,0.0
S10__P_to_HLO__alternative_10y__M2__ridge__none,NLD,2005,2009,14,2.0,6.0,0.3076923076923077
S10__P_to_HLO__alternative_10y__M2__ridge__none,NOR,2005,2009,14,6.0,4.0,0.15384615384615385
S10__P_to_HLO__alternative_10y__M2__ridge__none,PER,2005,2009,14,12.0,14.0,0.15384615384615385
S10__P_to_HLO__alternative_10y__M2__ridge__none,POL,2005,2009,14,3.0,5.0,0.15384615384615385
S10__P_to_HLO__alternative_10y__M2__ridge__none,QAT,2005,2009,14,14.0,11.0,0.23076923076923078
S10__P_to_HLO__alternative_10y__M2__ridge__none,UKR,2005,2009,14,7.0,7.0,0.0
S10__P_to_HLO__alternative_10y__M2__ridge__none,BRA,2010,2014,20,12.0,10.0,0.10526315789473684
S10__P_to_HLO__alternative_10y__M2__ridge__none,CHL,2010,2014,20,10.0,9.0,0.05263157894736842
S10__P_to_HLO__alternative_10y__M2__ridge__none,COL,2010,2014,20,13.0,11.0,0.10526315789473684
S10__P_to_HLO__alternative_10y__M2__ridge__none,DEU,2010,2014,20,3.0,3.0,0.0
S10__P_to_HLO__alternative_10y__M2__ridge__none,ESP,2010,2014,20,7.0,1.0,0.3157894736842105
S10__P_to_HLO__alternative_10y__M2__ridge__none,FIN,2010,2014,20,2.0,6.0,0.21052631578947367
S10__P_to_HLO__alternative_10y__M2__ridge__none,GHA,2010,2014,20,20.0,20.0,0.0
S10__P_to_HLO__alternative_10y__M2__ridge__none,HRV,2010,2014,20,6.0,7.0,0.05263157894736842
S10__P_to_HLO__alternative_10y__M2__ridge__none,IDN,2010,2014,20,15.0,15.0,0.0
S10__P_to_HLO__alternative_10y__M2__ridge__none,ITA,2010,2014,20,5.0,5.0,0.0
S10__P_to_HLO__alternative_10y__M2__ridge__none,JOR,2010,2014,20,17.0,19.0,0.10526315789473684
S10__P_to_HLO__alternative_10y__M2__ridge__none,KAZ,2010,2014,20,9.0,12.0,0.15789473684210525
S10__P_to_HLO__alternative_10y__M2__ridge__none,KOR,2010,2014,20,1.0,2.0,0.05263157894736842
S10__P_to_HLO__alternative_10y__M2__ridge__none,MAR,2010,2014,20,19.0,16.0,0.15789473684210525
S10__P_to_HLO__alternative_10y__M2__ridge__none,MEX,2010,2014,20,11.0,13.0,0.10526315789473684
S10__P_to_HLO__alternative_10y__M2__ridge__none,OMN,2010,2014,20,16.0,14.0,0.10526315789473684
S10__P_to_HLO__alternative_10y__M2__ridge__none,POL,2010,2014,20,4.0,4.0,0.0
S10__P_to_HLO__alternative_10y__M2__ridge__none,SAU,2010,2014,20,14.0,18.0,0.21052631578947367
S10__P_to_HLO__alternative_10y__M2__ridge__none,SRB,2010,2014,20,8.0,8.0,0.0
S10__P_to_HLO__alternative_10y__M2__ridge__none,ZAF,2010,2014,20,18.0,17.0,0.05263157894736842
S10__P_to_HLO__alternative_10y__M2__ridge__none,AUS,2015,2017,9,5.0,5.0,0.0
S10__P_to_HLO__alternative_10y__M2__ridge__none,BHR,2015,2017,9,6.0,6.0,0.0
S10__P_to_HLO__alternative_10y__M2__ridge__none,DEU,2015,2017,9,4.0,1.0,0.375
S10__P_to_HLO__alternative_10y__M2__ridge__none,EGY,2015,2017,9,9.0,8.0,0.125
S10__P_to_HLO__alternative_10y__M2__ridge__none,IDN,2015,2017,9,7.0,9.0,0.25
S10__P_to_HLO__alternative_10y__M2__ridge__none,JPN,2015,2017,9,1.0,3.0,0.25
S10__P_to_HLO__alternative_10y__M2__ridge__none,POL,2015,2017,9,3.0,2.0,0.125
S10__P_to_HLO__alternative_10y__M2__ridge__none,RUS,2015,2017,9,2.0,4.0,0.25
S10__P_to_HLO__alternative_10y__M2__ridge__none,SAU,2015,2017,9,8.0,7.0,0.125
S10__P_to_HLO__alternative_10y__M3__ridge__none,ISL,2000,2004,5,3.0,3.0,0.0
S10__P_to_HLO__alternative_10y__M3__ridge__none,NLD,2000,2004,5,1.0,2.0,0.25
S10__P_to_HLO__alternative_10y__M3__ridge__none,NOR,2000,2004,5,4.0,1.0,0.75
S10__P_to_HLO__alternative_10y__M3__ridge__none,PHL,2000,2004,5,5.0,5.0,0.0
S10__P_to_HLO__alternative_10y__M3__ridge__none,USA,2000,2004,5,2.0,4.0,0.5
S10__P_to_HLO__alternative_10y__M3__ridge__none,AUT,2005,2009,14,4.0,2.0,0.15384615384615385
S10__P_to_HLO__alternative_10y__M3__ridge__none,CHL,2005,2009,14,9.0,8.0,0.07692307692307693
S10__P_to_HLO__alternative_10y__M3__ridge__none,CRI,2005,2009,14,8.0,9.0,0.07692307692307693
S10__P_to_HLO__alternative_10y__M3__ridge__none,IDN,2005,2009,14,11.0,13.0,0.15384615384615385
S10__P_to_HLO__alternative_10y__M3__ridge__none,IRN,2005,2009,14,10.0,11.0,0.07692307692307693
S10__P_to_HLO__alternative_10y__M3__ridge__none,ITA,2005,2009,14,5.0,4.0,0.07692307692307693
S10__P_to_HLO__alternative_10y__M3__ridge__none,JPN,2005,2009,14,1.0,1.0,0.0
S10__P_to_HLO__alternative_10y__M3__ridge__none,MAR,2005,2009,14,13.0,14.0,0.07692307692307693
S10__P_to_HLO__alternative_10y__M3__ridge__none,NLD,2005,2009,14,2.0,3.0,0.07692307692307693
S10__P_to_HLO__alternative_10y__M3__ridge__none,NOR,2005,2009,14,6.0,5.0,0.07692307692307693
S10__P_to_HLO__alternative_10y__M3__ridge__none,PER,2005,2009,14,12.0,12.0,0.0
S10__P_to_HLO__alternative_10y__M3__ridge__none,POL,2005,2009,14,3.0,6.0,0.23076923076923078
S10__P_to_HLO__alternative_10y__M3__ridge__none,QAT,2005,2009,14,14.0,10.0,0.3076923076923077
S10__P_to_HLO__alternative_10y__M3__ridge__none,UKR,2005,2009,14,7.0,7.0,0.0
S10__P_to_HLO__alternative_10y__M3__ridge__none,BRA,2010,2014,20,12.0,9.0,0.15789473684210525
S10__P_to_HLO__alternative_10y__M3__ridge__none,CHL,2010,2014,20,10.0,10.0,0.0
S10__P_to_HLO__alternative_10y__M3__ridge__none,COL,2010,2014,20,13.0,11.0,0.10526315789473684
S10__P_to_HLO__alternative_10y__M3__ridge__none,DEU,2010,2014,20,3.0,2.0,0.05263157894736842
S10__P_to_HLO__alternative_10y__M3__ridge__none,ESP,2010,2014,20,7.0,4.0,0.15789473684210525
S10__P_to_HLO__alternative_10y__M3__ridge__none,FIN,2010,2014,20,2.0,5.0,0.15789473684210525
S10__P_to_HLO__alternative_10y__M3__ridge__none,GHA,2010,2014,20,20.0,20.0,0.0
S10__P_to_HLO__alternative_10y__M3__ridge__none,HRV,2010,2014,20,6.0,7.0,0.05263157894736842
S10__P_to_HLO__alternative_10y__M3__ridge__none,IDN,2010,2014,20,15.0,15.0,0.0
S10__P_to_HLO__alternative_10y__M3__ridge__none,ITA,2010,2014,20,5.0,6.0,0.05263157894736842
S10__P_to_HLO__alternative_10y__M3__ridge__none,JOR,2010,2014,20,17.0,19.0,0.10526315789473684
S10__P_to_HLO__alternative_10y__M3__ridge__none,KAZ,2010,2014,20,9.0,13.0,0.21052631578947367
S10__P_to_HLO__alternative_10y__M3__ridge__none,KOR,2010,2014,20,1.0,1.0,0.0
S10__P_to_HLO__alternative_10y__M3__ridge__none,MAR,2010,2014,20,19.0,18.0,0.05263157894736842
S10__P_to_HLO__alternative_10y__M3__ridge__none,MEX,2010,2014,20,11.0,12.0,0.05263157894736842
S10__P_to_HLO__alternative_10y__M3__ridge__none,OMN,2010,2014,20,16.0,14.0,0.10526315789473684
S10__P_to_HLO__alternative_10y__M3__ridge__none,POL,2010,2014,20,4.0,3.0,0.05263157894736842
S10__P_to_HLO__alternative_10y__M3__ridge__none,SAU,2010,2014,20,14.0,16.0,0.10526315789473684
S10__P_to_HLO__alternative_10y__M3__ridge__none,SRB,2010,2014,20,8.0,8.0,0.0
S10__P_to_HLO__alternative_10y__M3__ridge__none,ZAF,2010,2014,20,18.0,17.0,0.05263157894736842
S10__P_to_HLO__alternative_10y__M3__ridge__none,AUS,2015,2017,9,5.0,5.0,0.0
S10__P_to_HLO__alternative_10y__M3__ridge__none,BHR,2015,2017,9,6.0,6.0,0.0
S10__P_to_HLO__alternative_10y__M3__ridge__none,DEU,2015,2017,9,4.0,3.0,0.125
S10__P_to_HLO__alternative_10y__M3__ridge__none,EGY,2015,2017,9,9.0,8.0,0.125
S10__P_to_HLO__alternative_10y__M3__ridge__none,IDN,2015,2017,9,7.0,9.0,0.25
S10__P_to_HLO__alternative_10y__M3__ridge__none,JPN,2015,2017,9,1.0,2.0,0.125
S10__P_to_HLO__alternative_10y__M3__ridge__none,POL,2015,2017,9,3.0,1.0,0.25
S10__P_to_HLO__alternative_10y__M3__ridge__none,RUS,2015,2017,9,2.0,4.0,0.25
S10__P_to_HLO__alternative_10y__M3__ridge__none,SAU,2015,2017,9,8.0,7.0,0.125
S10__P_to_HLO__primary_5y_matched__M1__ridge__none,ISL,2000,2004,5,3.0,2.0,0.25
S10__P_to_HLO__primary_5y_matched__M1__ridge__none,NLD,2000,2004,5,1.0,3.0,0.5
S10__P_to_HLO__primary_5y_matched__M1__ridge__none,NOR,2000,2004,5,4.0,1.0,0.75
S10__P_to_HLO__primary_5y_matched__M1__ridge__none,PHL,2000,2004,5,5.0,4.0,0.25
S10__P_to_HLO__primary_5y_matched__M1__ridge__none,USA,2000,2004,5,2.0,5.0,0.75
S10__P_to_HLO__primary_5y_matched__M1__ridge__none,AUT,2005,2009,14,4.0,2.0,0.15384615384615385
S10__P_to_HLO__primary_5y_matched__M1__ridge__none,CHL,2005,2009,14,9.0,10.0,0.07692307692307693
S10__P_to_HLO__primary_5y_matched__M1__ridge__none,CRI,2005,2009,14,8.0,8.0,0.0
S10__P_to_HLO__primary_5y_matched__M1__ridge__none,IDN,2005,2009,14,11.0,12.0,0.07692307692307693
S10__P_to_HLO__primary_5y_matched__M1__ridge__none,IRN,2005,2009,14,10.0,13.0,0.23076923076923078
S10__P_to_HLO__primary_5y_matched__M1__ridge__none,ITA,2005,2009,14,5.0,7.0,0.15384615384615385
S10__P_to_HLO__primary_5y_matched__M1__ridge__none,JPN,2005,2009,14,1.0,1.0,0.0
S10__P_to_HLO__primary_5y_matched__M1__ridge__none,MAR,2005,2009,14,13.0,14.0,0.07692307692307693
S10__P_to_HLO__primary_5y_matched__M1__ridge__none,NLD,2005,2009,14,2.0,3.0,0.07692307692307693
S10__P_to_HLO__primary_5y_matched__M1__ridge__none,NOR,2005,2009,14,6.0,4.0,0.15384615384615385
S10__P_to_HLO__primary_5y_matched__M1__ridge__none,PER,2005,2009,14,12.0,5.0,0.5384615384615384
S10__P_to_HLO__primary_5y_matched__M1__ridge__none,POL,2005,2009,14,3.0,6.0,0.23076923076923078
S10__P_to_HLO__primary_5y_matched__M1__ridge__none,QAT,2005,2009,14,14.0,11.0,0.23076923076923078
S10__P_to_HLO__primary_5y_matched__M1__ridge__none,UKR,2005,2009,14,7.0,9.0,0.15384615384615385
S10__P_to_HLO__primary_5y_matched__M1__ridge__none,BRA,2010,2014,20,12.0,9.0,0.15789473684210525
S10__P_to_HLO__primary_5y_matched__M1__ridge__none,CHL,2010,2014,20,10.0,17.0,0.3684210526315789
S10__P_to_HLO__primary_5y_matched__M1__ridge__none,COL,2010,2014,20,13.0,12.0,0.05263157894736842
S10__P_to_HLO__primary_5y_matched__M1__ridge__none,DEU,2010,2014,20,3.0,3.0,0.0
S10__P_to_HLO__primary_5y_matched__M1__ridge__none,ESP,2010,2014,20,7.0,6.0,0.05263157894736842
S10__P_to_HLO__primary_5y_matched__M1__ridge__none,FIN,2010,2014,20,2.0,1.0,0.05263157894736842
S10__P_to_HLO__primary_5y_matched__M1__ridge__none,GHA,2010,2014,20,20.0,20.0,0.0
S10__P_to_HLO__primary_5y_matched__M1__ridge__none,HRV,2010,2014,20,6.0,8.0,0.10526315789473684
S10__P_to_HLO__primary_5y_matched__M1__ridge__none,IDN,2010,2014,20,15.0,15.0,0.0
S10__P_to_HLO__primary_5y_matched__M1__ridge__none,ITA,2010,2014,20,5.0,10.0,0.2631578947368421
S10__P_to_HLO__primary_5y_matched__M1__ridge__none,JOR,2010,2014,20,17.0,18.0,0.05263157894736842
S10__P_to_HLO__primary_5y_matched__M1__ridge__none,KAZ,2010,2014,20,9.0,13.0,0.21052631578947367
S10__P_to_HLO__primary_5y_matched__M1__ridge__none,KOR,2010,2014,20,1.0,2.0,0.05263157894736842
S10__P_to_HLO__primary_5y_matched__M1__ridge__none,MAR,2010,2014,20,19.0,19.0,0.0
S10__P_to_HLO__primary_5y_matched__M1__ridge__none,MEX,2010,2014,20,11.0,7.0,0.21052631578947367
S10__P_to_HLO__primary_5y_matched__M1__ridge__none,OMN,2010,2014,20,16.0,11.0,0.2631578947368421
S10__P_to_HLO__primary_5y_matched__M1__ridge__none,POL,2010,2014,20,4.0,4.0,0.0
S10__P_to_HLO__primary_5y_matched__M1__ridge__none,SAU,2010,2014,20,14.0,16.0,0.10526315789473684
S10__P_to_HLO__primary_5y_matched__M1__ridge__none,SRB,2010,2014,20,8.0,5.0,0.15789473684210525
S10__P_to_HLO__primary_5y_matched__M1__ridge__none,ZAF,2010,2014,20,18.0,14.0,0.21052631578947367
S10__P_to_HLO__primary_5y_matched__M1__ridge__none,AUS,2015,2017,9,5.0,4.0,0.125
S10__P_to_HLO__primary_5y_matched__M1__ridge__none,BHR,2015,2017,9,6.0,9.0,0.375
S10__P_to_HLO__primary_5y_matched__M1__ridge__none,DEU,2015,2017,9,4.0,3.0,0.125
S10__P_to_HLO__primary_5y_matched__M1__ridge__none,EGY,2015,2017,9,9.0,8.0,0.125
S10__P_to_HLO__primary_5y_matched__M1__ridge__none,IDN,2015,2017,9,7.0,7.0,0.0
S10__P_to_HLO__primary_5y_matched__M1__ridge__none,JPN,2015,2017,9,1.0,2.0,0.125
S10__P_to_HLO__primary_5y_matched__M1__ridge__none,POL,2015,2017,9,3.0,1.0,0.25
S10__P_to_HLO__primary_5y_matched__M1__ridge__none,RUS,2015,2017,9,2.0,5.0,0.375
S10__P_to_HLO__primary_5y_matched__M1__ridge__none,SAU,2015,2017,9,8.0,6.0,0.25
S10__P_to_HLO__primary_5y_matched__M2__ridge__none,ISL,2000,2004,5,3.0,3.0,0.0
S10__P_to_HLO__primary_5y_matched__M2__ridge__none,NLD,2000,2004,5,1.0,1.0,0.0
S10__P_to_HLO__primary_5y_matched__M2__ridge__none,NOR,2000,2004,5,4.0,2.0,0.5
S10__P_to_HLO__primary_5y_matched__M2__ridge__none,PHL,2000,2004,5,5.0,5.0,0.0
S10__P_to_HLO__primary_5y_matched__M2__ridge__none,USA,2000,2004,5,2.0,4.0,0.5
S10__P_to_HLO__primary_5y_matched__M2__ridge__none,AUT,2005,2009,14,4.0,4.0,0.0
S10__P_to_HLO__primary_5y_matched__M2__ridge__none,CHL,2005,2009,14,9.0,9.0,0.0
S10__P_to_HLO__primary_5y_matched__M2__ridge__none,CRI,2005,2009,14,8.0,8.0,0.0
S10__P_to_HLO__primary_5y_matched__M2__ridge__none,IDN,2005,2009,14,11.0,13.0,0.15384615384615385
S10__P_to_HLO__primary_5y_matched__M2__ridge__none,IRN,2005,2009,14,10.0,11.0,0.07692307692307693
S10__P_to_HLO__primary_5y_matched__M2__ridge__none,ITA,2005,2009,14,5.0,5.0,0.0
S10__P_to_HLO__primary_5y_matched__M2__ridge__none,JPN,2005,2009,14,1.0,6.0,0.38461538461538464
S10__P_to_HLO__primary_5y_matched__M2__ridge__none,MAR,2005,2009,14,13.0,14.0,0.07692307692307693
S10__P_to_HLO__primary_5y_matched__M2__ridge__none,NLD,2005,2009,14,2.0,2.0,0.0
S10__P_to_HLO__primary_5y_matched__M2__ridge__none,NOR,2005,2009,14,6.0,1.0,0.38461538461538464
S10__P_to_HLO__primary_5y_matched__M2__ridge__none,PER,2005,2009,14,12.0,12.0,0.0
S10__P_to_HLO__primary_5y_matched__M2__ridge__none,POL,2005,2009,14,3.0,3.0,0.0
S10__P_to_HLO__primary_5y_matched__M2__ridge__none,QAT,2005,2009,14,14.0,10.0,0.3076923076923077
S10__P_to_HLO__primary_5y_matched__M2__ridge__none,UKR,2005,2009,14,7.0,7.0,0.0
S10__P_to_HLO__primary_5y_matched__M2__ridge__none,BRA,2010,2014,20,12.0,10.0,0.10526315789473684
S10__P_to_HLO__primary_5y_matched__M2__ridge__none,CHL,2010,2014,20,10.0,9.0,0.05263157894736842
S10__P_to_HLO__primary_5y_matched__M2__ridge__none,COL,2010,2014,20,13.0,11.0,0.10526315789473684
S10__P_to_HLO__primary_5y_matched__M2__ridge__none,DEU,2010,2014,20,3.0,3.0,0.0
S10__P_to_HLO__primary_5y_matched__M2__ridge__none,ESP,2010,2014,20,7.0,1.0,0.3157894736842105
S10__P_to_HLO__primary_5y_matched__M2__ridge__none,FIN,2010,2014,20,2.0,5.0,0.15789473684210525
S10__P_to_HLO__primary_5y_matched__M2__ridge__none,GHA,2010,2014,20,20.0,20.0,0.0
S10__P_to_HLO__primary_5y_matched__M2__ridge__none,HRV,2010,2014,20,6.0,6.0,0.0
S10__P_to_HLO__primary_5y_matched__M2__ridge__none,IDN,2010,2014,20,15.0,16.0,0.05263157894736842
S10__P_to_HLO__primary_5y_matched__M2__ridge__none,ITA,2010,2014,20,5.0,7.0,0.10526315789473684
S10__P_to_HLO__primary_5y_matched__M2__ridge__none,JOR,2010,2014,20,17.0,19.0,0.10526315789473684
S10__P_to_HLO__primary_5y_matched__M2__ridge__none,KAZ,2010,2014,20,9.0,15.0,0.3157894736842105
S10__P_to_HLO__primary_5y_matched__M2__ridge__none,KOR,2010,2014,20,1.0,4.0,0.15789473684210525
S10__P_to_HLO__primary_5y_matched__M2__ridge__none,MAR,2010,2014,20,19.0,17.0,0.10526315789473684
S10__P_to_HLO__primary_5y_matched__M2__ridge__none,MEX,2010,2014,20,11.0,13.0,0.10526315789473684
S10__P_to_HLO__primary_5y_matched__M2__ridge__none,OMN,2010,2014,20,16.0,12.0,0.21052631578947367
S10__P_to_HLO__primary_5y_matched__M2__ridge__none,POL,2010,2014,20,4.0,2.0,0.10526315789473684
S10__P_to_HLO__primary_5y_matched__M2__ridge__none,SAU,2010,2014,20,14.0,14.0,0.0
S10__P_to_HLO__primary_5y_matched__M2__ridge__none,SRB,2010,2014,20,8.0,8.0,0.0
S10__P_to_HLO__primary_5y_matched__M2__ridge__none,ZAF,2010,2014,20,18.0,18.0,0.0
S10__P_to_HLO__primary_5y_matched__M2__ridge__none,AUS,2015,2017,9,5.0,6.0,0.125
S10__P_to_HLO__primary_5y_matched__M2__ridge__none,BHR,2015,2017,9,6.0,5.0,0.125
S10__P_to_HLO__primary_5y_matched__M2__ridge__none,DEU,2015,2017,9,4.0,2.0,0.25
S10__P_to_HLO__primary_5y_matched__M2__ridge__none,EGY,2015,2017,9,9.0,9.0,0.0
S10__P_to_HLO__primary_5y_matched__M2__ridge__none,IDN,2015,2017,9,7.0,8.0,0.125
S10__P_to_HLO__primary_5y_matched__M2__ridge__none,JPN,2015,2017,9,1.0,3.0,0.25
S10__P_to_HLO__primary_5y_matched__M2__ridge__none,POL,2015,2017,9,3.0,1.0,0.25
S10__P_to_HLO__primary_5y_matched__M2__ridge__none,RUS,2015,2017,9,2.0,4.0,0.25
S10__P_to_HLO__primary_5y_matched__M2__ridge__none,SAU,2015,2017,9,8.0,7.0,0.125
S10__P_to_HLO__primary_5y_matched__M3__ridge__none,ISL,2000,2004,5,3.0,3.0,0.0
S10__P_to_HLO__primary_5y_matched__M3__ridge__none,NLD,2000,2004,5,1.0,2.0,0.25
S10__P_to_HLO__primary_5y_matched__M3__ridge__none,NOR,2000,2004,5,4.0,1.0,0.75
S10__P_to_HLO__primary_5y_matched__M3__ridge__none,PHL,2000,2004,5,5.0,5.0,0.0
S10__P_to_HLO__primary_5y_matched__M3__ridge__none,USA,2000,2004,5,2.0,4.0,0.5
S10__P_to_HLO__primary_5y_matched__M3__ridge__none,AUT,2005,2009,14,4.0,3.0,0.07692307692307693
S10__P_to_HLO__primary_5y_matched__M3__ridge__none,CHL,2005,2009,14,9.0,8.0,0.07692307692307693
S10__P_to_HLO__primary_5y_matched__M3__ridge__none,CRI,2005,2009,14,8.0,9.0,0.07692307692307693
S10__P_to_HLO__primary_5y_matched__M3__ridge__none,IDN,2005,2009,14,11.0,13.0,0.15384615384615385
S10__P_to_HLO__primary_5y_matched__M3__ridge__none,IRN,2005,2009,14,10.0,11.0,0.07692307692307693
S10__P_to_HLO__primary_5y_matched__M3__ridge__none,ITA,2005,2009,14,5.0,6.0,0.07692307692307693
S10__P_to_HLO__primary_5y_matched__M3__ridge__none,JPN,2005,2009,14,1.0,4.0,0.23076923076923078
S10__P_to_HLO__primary_5y_matched__M3__ridge__none,MAR,2005,2009,14,13.0,14.0,0.07692307692307693
S10__P_to_HLO__primary_5y_matched__M3__ridge__none,NLD,2005,2009,14,2.0,2.0,0.0
S10__P_to_HLO__primary_5y_matched__M3__ridge__none,NOR,2005,2009,14,6.0,1.0,0.38461538461538464
S10__P_to_HLO__primary_5y_matched__M3__ridge__none,PER,2005,2009,14,12.0,12.0,0.0
S10__P_to_HLO__primary_5y_matched__M3__ridge__none,POL,2005,2009,14,3.0,5.0,0.15384615384615385
S10__P_to_HLO__primary_5y_matched__M3__ridge__none,QAT,2005,2009,14,14.0,10.0,0.3076923076923077
S10__P_to_HLO__primary_5y_matched__M3__ridge__none,UKR,2005,2009,14,7.0,7.0,0.0
S10__P_to_HLO__primary_5y_matched__M3__ridge__none,BRA,2010,2014,20,12.0,9.0,0.15789473684210525
S10__P_to_HLO__primary_5y_matched__M3__ridge__none,CHL,2010,2014,20,10.0,10.0,0.0
S10__P_to_HLO__primary_5y_matched__M3__ridge__none,COL,2010,2014,20,13.0,11.0,0.10526315789473684
S10__P_to_HLO__primary_5y_matched__M3__ridge__none,DEU,2010,2014,20,3.0,2.0,0.05263157894736842
S10__P_to_HLO__primary_5y_matched__M3__ridge__none,ESP,2010,2014,20,7.0,3.0,0.21052631578947367
S10__P_to_HLO__primary_5y_matched__M3__ridge__none,FIN,2010,2014,20,2.0,4.0,0.10526315789473684
S10__P_to_HLO__primary_5y_matched__M3__ridge__none,GHA,2010,2014,20,20.0,20.0,0.0
S10__P_to_HLO__primary_5y_matched__M3__ridge__none,HRV,2010,2014,20,6.0,6.0,0.0
S10__P_to_HLO__primary_5y_matched__M3__ridge__none,IDN,2010,2014,20,15.0,16.0,0.05263157894736842
S10__P_to_HLO__primary_5y_matched__M3__ridge__none,ITA,2010,2014,20,5.0,7.0,0.10526315789473684
S10__P_to_HLO__primary_5y_matched__M3__ridge__none,JOR,2010,2014,20,17.0,19.0,0.10526315789473684
S10__P_to_HLO__primary_5y_matched__M3__ridge__none,KAZ,2010,2014,20,9.0,14.0,0.2631578947368421
S10__P_to_HLO__primary_5y_matched__M3__ridge__none,KOR,2010,2014,20,1.0,1.0,0.0
S10__P_to_HLO__primary_5y_matched__M3__ridge__none,MAR,2010,2014,20,19.0,18.0,0.05263157894736842
S10__P_to_HLO__primary_5y_matched__M3__ridge__none,MEX,2010,2014,20,11.0,12.0,0.05263157894736842
S10__P_to_HLO__primary_5y_matched__M3__ridge__none,OMN,2010,2014,20,16.0,13.0,0.15789473684210525
S10__P_to_HLO__primary_5y_matched__M3__ridge__none,POL,2010,2014,20,4.0,5.0,0.05263157894736842
S10__P_to_HLO__primary_5y_matched__M3__ridge__none,SAU,2010,2014,20,14.0,15.0,0.05263157894736842
S10__P_to_HLO__primary_5y_matched__M3__ridge__none,SRB,2010,2014,20,8.0,8.0,0.0
S10__P_to_HLO__primary_5y_matched__M3__ridge__none,ZAF,2010,2014,20,18.0,17.0,0.05263157894736842
S10__P_to_HLO__primary_5y_matched__M3__ridge__none,AUS,2015,2017,9,5.0,5.0,0.0
S10__P_to_HLO__primary_5y_matched__M3__ridge__none,BHR,2015,2017,9,6.0,6.0,0.0
S10__P_to_HLO__primary_5y_matched__M3__ridge__none,DEU,2015,2017,9,4.0,2.0,0.25
S10__P_to_HLO__primary_5y_matched__M3__ridge__none,EGY,2015,2017,9,9.0,9.0,0.0
S10__P_to_HLO__primary_5y_matched__M3__ridge__none,IDN,2015,2017,9,7.0,8.0,0.125
S10__P_to_HLO__primary_5y_matched__M3__ridge__none,JPN,2015,2017,9,1.0,3.0,0.25
S10__P_to_HLO__primary_5y_matched__M3__ridge__none,POL,2015,2017,9,3.0,1.0,0.25
S10__P_to_HLO__primary_5y_matched__M3__ridge__none,RUS,2015,2017,9,2.0,4.0,0.25
S10__P_to_HLO__primary_5y_matched__M3__ridge__none,SAU,2015,2017,9,8.0,7.0,0.125
S12__HLO_to_P__alternative_12y__M1__ridge__none,ISL,2000,2004,3,2.0,1.0,0.5
S12__HLO_to_P__alternative_12y__M1__ridge__none,NOR,2000,2004,3,1.0,2.0,0.5
S12__HLO_to_P__alternative_12y__M1__ridge__none,PHL,2000,2004,3,3.0,3.0,0.0
S12__HLO_to_P__alternative_12y__M1__ridge__none,AUT,2005,2009,13,2.0,5.0,0.25
S12__HLO_to_P__alternative_12y__M1__ridge__none,CHL,2005,2009,13,9.0,8.0,0.08333333333333333
S12__HLO_to_P__alternative_12y__M1__ridge__none,IDN,2005,2009,13,12.0,10.0,0.16666666666666666
S12__HLO_to_P__alternative_12y__M1__ridge__none,IRN,2005,2009,13,11.0,9.0,0.16666666666666666
S12__HLO_to_P__alternative_12y__M1__ridge__none,ITA,2005,2009,13,7.0,4.0,0.25
S12__HLO_to_P__alternative_12y__M1__ridge__none,JPN,2005,2009,13,1.0,1.0,0.0
S12__HLO_to_P__alternative_12y__M1__ridge__none,MAR,2005,2009,13,13.0,12.0,0.08333333333333333
S12__HLO_to_P__alternative_12y__M1__ridge__none,NLD,2005,2009,13,3.0,2.0,0.08333333333333333
S12__HLO_to_P__alternative_12y__M1__ridge__none,NOR,2005,2009,13,4.0,6.0,0.16666666666666666
S12__HLO_to_P__alternative_12y__M1__ridge__none,PER,2005,2009,13,6.0,11.0,0.4166666666666667
S12__HLO_to_P__alternative_12y__M1__ridge__none,POL,2005,2009,13,5.0,3.0,0.16666666666666666
S12__HLO_to_P__alternative_12y__M1__ridge__none,QAT,2005,2009,13,10.0,13.0,0.25
S12__HLO_to_P__alternative_12y__M1__ridge__none,UKR,2005,2009,13,8.0,7.0,0.08333333333333333
S12__HLO_to_P__alternative_12y__M1__ridge__none,BRA,2010,2014,18,7.0,10.0,0.17647058823529413
S12__HLO_to_P__alternative_12y__M1__ridge__none,CHL,2010,2014,18,15.0,8.0,0.4117647058823529
S12__HLO_to_P__alternative_12y__M1__ridge__none,COL,2010,2014,18,10.0,12.0,0.11764705882352941
S12__HLO_to_P__alternative_12y__M1__ridge__none,ESP,2010,2014,18,5.0,5.0,0.0
S12__HLO_to_P__alternative_12y__M1__ridge__none,FIN,2010,2014,18,1.0,2.0,0.058823529411764705
S12__HLO_to_P__alternative_12y__M1__ridge__none,GHA,2010,2014,18,18.0,18.0,0.0
S12__HLO_to_P__alternative_12y__M1__ridge__none,IDN,2010,2014,18,13.0,13.0,0.0
S12__HLO_to_P__alternative_12y__M1__ridge__none,ITA,2010,2014,18,8.0,4.0,0.23529411764705882
S12__HLO_to_P__alternative_12y__M1__ridge__none,JOR,2010,2014,18,16.0,14.0,0.11764705882352941
S12__HLO_to_P__alternative_12y__M1__ridge__none,KAZ,2010,2014,18,11.0,7.0,0.23529411764705882
S12__HLO_to_P__alternative_12y__M1__ridge__none,KOR,2010,2014,18,2.0,1.0,0.058823529411764705
S12__HLO_to_P__alternative_12y__M1__ridge__none,MAR,2010,2014,18,17.0,17.0,0.0
S12__HLO_to_P__alternative_12y__M1__ridge__none,MEX,2010,2014,18,6.0,9.0,0.17647058823529413
S12__HLO_to_P__alternative_12y__M1__ridge__none,OMN,2010,2014,18,9.0,15.0,0.35294117647058826
S12__HLO_to_P__alternative_12y__M1__ridge__none,POL,2010,2014,18,3.0,3.0,0.0
S12__HLO_to_P__alternative_12y__M1__ridge__none,SAU,2010,2014,18,14.0,11.0,0.17647058823529413
S12__HLO_to_P__alternative_12y__M1__ridge__none,SRB,2010,2014,18,4.0,6.0,0.11764705882352941
S12__HLO_to_P__alternative_12y__M1__ridge__none,ZAF,2010,2014,18,12.0,16.0,0.23529411764705882
S12__HLO_to_P__alternative_12y__M1__ridge__none,AUS,2015,2017,8,4.0,5.0,0.14285714285714285
S12__HLO_to_P__alternative_12y__M1__ridge__none,BHR,2015,2017,8,8.0,6.0,0.2857142857142857
S12__HLO_to_P__alternative_12y__M1__ridge__none,DEU,2015,2017,8,3.0,4.0,0.14285714285714285
S12__HLO_to_P__alternative_12y__M1__ridge__none,EGY,2015,2017,8,7.0,8.0,0.14285714285714285
S12__HLO_to_P__alternative_12y__M1__ridge__none,IDN,2015,2017,8,6.0,7.0,0.14285714285714285
S12__HLO_to_P__alternative_12y__M1__ridge__none,JPN,2015,2017,8,2.0,1.0,0.14285714285714285
S12__HLO_to_P__alternative_12y__M1__ridge__none,POL,2015,2017,8,1.0,3.0,0.2857142857142857
S12__HLO_to_P__alternative_12y__M1__ridge__none,RUS,2015,2017,8,5.0,2.0,0.42857142857142855
S12__HLO_to_P__alternative_12y__M2__ridge__none,ISL,2000,2004,3,2.0,1.0,0.5
S12__HLO_to_P__alternative_12y__M2__ridge__none,NOR,2000,2004,3,1.0,2.0,0.5
S12__HLO_to_P__alternative_12y__M2__ridge__none,PHL,2000,2004,3,3.0,3.0,0.0
S12__HLO_to_P__alternative_12y__M2__ridge__none,AUT,2005,2009,13,2.0,3.0,0.08333333333333333
S12__HLO_to_P__alternative_12y__M2__ridge__none,CHL,2005,2009,13,9.0,8.0,0.08333333333333333
S12__HLO_to_P__alternative_12y__M2__ridge__none,IDN,2005,2009,13,12.0,11.0,0.08333333333333333
S12__HLO_to_P__alternative_12y__M2__ridge__none,IRN,2005,2009,13,11.0,10.0,0.08333333333333333
S12__HLO_to_P__alternative_12y__M2__ridge__none,ITA,2005,2009,13,7.0,2.0,0.4166666666666667
S12__HLO_to_P__alternative_12y__M2__ridge__none,JPN,2005,2009,13,1.0,7.0,0.5
S12__HLO_to_P__alternative_12y__M2__ridge__none,MAR,2005,2009,13,13.0,13.0,0.0
S12__HLO_to_P__alternative_12y__M2__ridge__none,NLD,2005,2009,13,3.0,4.0,0.08333333333333333
S12__HLO_to_P__alternative_12y__M2__ridge__none,NOR,2005,2009,13,4.0,6.0,0.16666666666666666
S12__HLO_to_P__alternative_12y__M2__ridge__none,PER,2005,2009,13,6.0,12.0,0.5
S12__HLO_to_P__alternative_12y__M2__ridge__none,POL,2005,2009,13,5.0,5.0,0.0
S12__HLO_to_P__alternative_12y__M2__ridge__none,QAT,2005,2009,13,10.0,9.0,0.08333333333333333
S12__HLO_to_P__alternative_12y__M2__ridge__none,UKR,2005,2009,13,8.0,1.0,0.5833333333333334
S12__HLO_to_P__alternative_12y__M2__ridge__none,BRA,2010,2014,18,7.0,12.0,0.29411764705882354
S12__HLO_to_P__alternative_12y__M2__ridge__none,CHL,2010,2014,18,15.0,7.0,0.47058823529411764
S12__HLO_to_P__alternative_12y__M2__ridge__none,COL,2010,2014,18,10.0,11.0,0.058823529411764705
S12__HLO_to_P__alternative_12y__M2__ridge__none,ESP,2010,2014,18,5.0,6.0,0.058823529411764705
S12__HLO_to_P__alternative_12y__M2__ridge__none,FIN,2010,2014,18,1.0,2.0,0.058823529411764705
S12__HLO_to_P__alternative_12y__M2__ridge__none,GHA,2010,2014,18,18.0,18.0,0.0
S12__HLO_to_P__alternative_12y__M2__ridge__none,IDN,2010,2014,18,13.0,13.0,0.0
S12__HLO_to_P__alternative_12y__M2__ridge__none,ITA,2010,2014,18,8.0,4.0,0.23529411764705882
S12__HLO_to_P__alternative_12y__M2__ridge__none,JOR,2010,2014,18,16.0,15.0,0.058823529411764705
S12__HLO_to_P__alternative_12y__M2__ridge__none,KAZ,2010,2014,18,11.0,10.0,0.058823529411764705
S12__HLO_to_P__alternative_12y__M2__ridge__none,KOR,2010,2014,18,2.0,1.0,0.058823529411764705
S12__HLO_to_P__alternative_12y__M2__ridge__none,MAR,2010,2014,18,17.0,17.0,0.0
S12__HLO_to_P__alternative_12y__M2__ridge__none,MEX,2010,2014,18,6.0,9.0,0.17647058823529413
S12__HLO_to_P__alternative_12y__M2__ridge__none,OMN,2010,2014,18,9.0,14.0,0.29411764705882354
S12__HLO_to_P__alternative_12y__M2__ridge__none,POL,2010,2014,18,3.0,5.0,0.11764705882352941
S12__HLO_to_P__alternative_12y__M2__ridge__none,SAU,2010,2014,18,14.0,8.0,0.35294117647058826
S12__HLO_to_P__alternative_12y__M2__ridge__none,SRB,2010,2014,18,4.0,3.0,0.058823529411764705
S12__HLO_to_P__alternative_12y__M2__ridge__none,ZAF,2010,2014,18,12.0,16.0,0.23529411764705882
S12__HLO_to_P__alternative_12y__M2__ridge__none,AUS,2015,2017,8,4.0,3.0,0.14285714285714285
S12__HLO_to_P__alternative_12y__M2__ridge__none,BHR,2015,2017,8,8.0,5.0,0.42857142857142855
S12__HLO_to_P__alternative_12y__M2__ridge__none,DEU,2015,2017,8,3.0,1.0,0.2857142857142857
S12__HLO_to_P__alternative_12y__M2__ridge__none,EGY,2015,2017,8,7.0,8.0,0.14285714285714285
S12__HLO_to_P__alternative_12y__M2__ridge__none,IDN,2015,2017,8,6.0,7.0,0.14285714285714285
S12__HLO_to_P__alternative_12y__M2__ridge__none,JPN,2015,2017,8,2.0,6.0,0.5714285714285714
S12__HLO_to_P__alternative_12y__M2__ridge__none,POL,2015,2017,8,1.0,2.0,0.14285714285714285
S12__HLO_to_P__alternative_12y__M2__ridge__none,RUS,2015,2017,8,5.0,4.0,0.14285714285714285
S12__HLO_to_P__alternative_12y__M3__ridge__none,ISL,2000,2004,3,2.0,1.0,0.5
S12__HLO_to_P__alternative_12y__M3__ridge__none,NOR,2000,2004,3,1.0,2.0,0.5
S12__HLO_to_P__alternative_12y__M3__ridge__none,PHL,2000,2004,3,3.0,3.0,0.0
S12__HLO_to_P__alternative_12y__M3__ridge__none,AUT,2005,2009,13,2.0,3.0,0.08333333333333333
S12__HLO_to_P__alternative_12y__M3__ridge__none,CHL,2005,2009,13,9.0,8.0,0.08333333333333333
S12__HLO_to_P__alternative_12y__M3__ridge__none,IDN,2005,2009,13,12.0,10.0,0.16666666666666666
S12__HLO_to_P__alternative_12y__M3__ridge__none,IRN,2005,2009,13,11.0,9.0,0.16666666666666666
S12__HLO_to_P__alternative_12y__M3__ridge__none,ITA,2005,2009,13,7.0,2.0,0.4166666666666667
S12__HLO_to_P__alternative_12y__M3__ridge__none,JPN,2005,2009,13,1.0,6.0,0.4166666666666667
S12__HLO_to_P__alternative_12y__M3__ridge__none,MAR,2005,2009,13,13.0,13.0,0.0
S12__HLO_to_P__alternative_12y__M3__ridge__none,NLD,2005,2009,13,3.0,1.0,0.16666666666666666
S12__HLO_to_P__alternative_12y__M3__ridge__none,NOR,2005,2009,13,4.0,7.0,0.25
S12__HLO_to_P__alternative_12y__M3__ridge__none,PER,2005,2009,13,6.0,11.0,0.4166666666666667
S12__HLO_to_P__alternative_12y__M3__ridge__none,POL,2005,2009,13,5.0,5.0,0.0
S12__HLO_to_P__alternative_12y__M3__ridge__none,QAT,2005,2009,13,10.0,12.0,0.16666666666666666
S12__HLO_to_P__alternative_12y__M3__ridge__none,UKR,2005,2009,13,8.0,4.0,0.3333333333333333
S12__HLO_to_P__alternative_12y__M3__ridge__none,BRA,2010,2014,18,7.0,14.0,0.4117647058823529
S12__HLO_to_P__alternative_12y__M3__ridge__none,CHL,2010,2014,18,15.0,7.0,0.47058823529411764
S12__HLO_to_P__alternative_12y__M3__ridge__none,COL,2010,2014,18,10.0,11.0,0.058823529411764705
S12__HLO_to_P__alternative_12y__M3__ridge__none,ESP,2010,2014,18,5.0,6.0,0.058823529411764705
S12__HLO_to_P__alternative_12y__M3__ridge__none,FIN,2010,2014,18,1.0,2.0,0.058823529411764705
S12__HLO_to_P__alternative_12y__M3__ridge__none,GHA,2010,2014,18,18.0,18.0,0.0
S12__HLO_to_P__alternative_12y__M3__ridge__none,IDN,2010,2014,18,13.0,12.0,0.058823529411764705
S12__HLO_to_P__alternative_12y__M3__ridge__none,ITA,2010,2014,18,8.0,4.0,0.23529411764705882
S12__HLO_to_P__alternative_12y__M3__ridge__none,JOR,2010,2014,18,16.0,15.0,0.058823529411764705
S12__HLO_to_P__alternative_12y__M3__ridge__none,KAZ,2010,2014,18,11.0,10.0,0.058823529411764705
S12__HLO_to_P__alternative_12y__M3__ridge__none,KOR,2010,2014,18,2.0,1.0,0.058823529411764705
S12__HLO_to_P__alternative_12y__M3__ridge__none,MAR,2010,2014,18,17.0,17.0,0.0
S12__HLO_to_P__alternative_12y__M3__ridge__none,MEX,2010,2014,18,6.0,9.0,0.17647058823529413
S12__HLO_to_P__alternative_12y__M3__ridge__none,OMN,2010,2014,18,9.0,13.0,0.23529411764705882
S12__HLO_to_P__alternative_12y__M3__ridge__none,POL,2010,2014,18,3.0,5.0,0.11764705882352941
S12__HLO_to_P__alternative_12y__M3__ridge__none,SAU,2010,2014,18,14.0,8.0,0.35294117647058826
S12__HLO_to_P__alternative_12y__M3__ridge__none,SRB,2010,2014,18,4.0,3.0,0.058823529411764705
S12__HLO_to_P__alternative_12y__M3__ridge__none,ZAF,2010,2014,18,12.0,16.0,0.23529411764705882
S12__HLO_to_P__alternative_12y__M3__ridge__none,AUS,2015,2017,8,4.0,3.0,0.14285714285714285
S12__HLO_to_P__alternative_12y__M3__ridge__none,BHR,2015,2017,8,8.0,6.0,0.2857142857142857
S12__HLO_to_P__alternative_12y__M3__ridge__none,DEU,2015,2017,8,3.0,1.0,0.2857142857142857
S12__HLO_to_P__alternative_12y__M3__ridge__none,EGY,2015,2017,8,7.0,8.0,0.14285714285714285
S12__HLO_to_P__alternative_12y__M3__ridge__none,IDN,2015,2017,8,6.0,7.0,0.14285714285714285
S12__HLO_to_P__alternative_12y__M3__ridge__none,JPN,2015,2017,8,2.0,5.0,0.42857142857142855
S12__HLO_to_P__alternative_12y__M3__ridge__none,POL,2015,2017,8,1.0,2.0,0.14285714285714285
S12__HLO_to_P__alternative_12y__M3__ridge__none,RUS,2015,2017,8,5.0,4.0,0.14285714285714285
S12__HLO_to_P__primary_5y_matched__M1__ridge__none,ISL,2000,2004,3,2.0,1.0,0.5
S12__HLO_to_P__primary_5y_matched__M1__ridge__none,NOR,2000,2004,3,1.0,2.0,0.5
S12__HLO_to_P__primary_5y_matched__M1__ridge__none,PHL,2000,2004,3,3.0,3.0,0.0
S12__HLO_to_P__primary_5y_matched__M1__ridge__none,AUT,2005,2009,13,2.0,5.0,0.25
S12__HLO_to_P__primary_5y_matched__M1__ridge__none,CHL,2005,2009,13,9.0,8.0,0.08333333333333333
S12__HLO_to_P__primary_5y_matched__M1__ridge__none,IDN,2005,2009,13,12.0,10.0,0.16666666666666666
S12__HLO_to_P__primary_5y_matched__M1__ridge__none,IRN,2005,2009,13,11.0,9.0,0.16666666666666666
S12__HLO_to_P__primary_5y_matched__M1__ridge__none,ITA,2005,2009,13,7.0,4.0,0.25
S12__HLO_to_P__primary_5y_matched__M1__ridge__none,JPN,2005,2009,13,1.0,1.0,0.0
S12__HLO_to_P__primary_5y_matched__M1__ridge__none,MAR,2005,2009,13,13.0,12.0,0.08333333333333333
S12__HLO_to_P__primary_5y_matched__M1__ridge__none,NLD,2005,2009,13,3.0,2.0,0.08333333333333333
S12__HLO_to_P__primary_5y_matched__M1__ridge__none,NOR,2005,2009,13,4.0,6.0,0.16666666666666666
S12__HLO_to_P__primary_5y_matched__M1__ridge__none,PER,2005,2009,13,6.0,11.0,0.4166666666666667
S12__HLO_to_P__primary_5y_matched__M1__ridge__none,POL,2005,2009,13,5.0,3.0,0.16666666666666666
S12__HLO_to_P__primary_5y_matched__M1__ridge__none,QAT,2005,2009,13,10.0,13.0,0.25
S12__HLO_to_P__primary_5y_matched__M1__ridge__none,UKR,2005,2009,13,8.0,7.0,0.08333333333333333
S12__HLO_to_P__primary_5y_matched__M1__ridge__none,BRA,2010,2014,18,7.0,10.0,0.17647058823529413
S12__HLO_to_P__primary_5y_matched__M1__ridge__none,CHL,2010,2014,18,15.0,8.0,0.4117647058823529
S12__HLO_to_P__primary_5y_matched__M1__ridge__none,COL,2010,2014,18,10.0,12.0,0.11764705882352941
S12__HLO_to_P__primary_5y_matched__M1__ridge__none,ESP,2010,2014,18,5.0,5.0,0.0
S12__HLO_to_P__primary_5y_matched__M1__ridge__none,FIN,2010,2014,18,1.0,2.0,0.058823529411764705
S12__HLO_to_P__primary_5y_matched__M1__ridge__none,GHA,2010,2014,18,18.0,18.0,0.0
S12__HLO_to_P__primary_5y_matched__M1__ridge__none,IDN,2010,2014,18,13.0,13.0,0.0
S12__HLO_to_P__primary_5y_matched__M1__ridge__none,ITA,2010,2014,18,8.0,4.0,0.23529411764705882
S12__HLO_to_P__primary_5y_matched__M1__ridge__none,JOR,2010,2014,18,16.0,14.0,0.11764705882352941
S12__HLO_to_P__primary_5y_matched__M1__ridge__none,KAZ,2010,2014,18,11.0,7.0,0.23529411764705882
S12__HLO_to_P__primary_5y_matched__M1__ridge__none,KOR,2010,2014,18,2.0,1.0,0.058823529411764705
S12__HLO_to_P__primary_5y_matched__M1__ridge__none,MAR,2010,2014,18,17.0,17.0,0.0
S12__HLO_to_P__primary_5y_matched__M1__ridge__none,MEX,2010,2014,18,6.0,9.0,0.17647058823529413
S12__HLO_to_P__primary_5y_matched__M1__ridge__none,OMN,2010,2014,18,9.0,15.0,0.35294117647058826
S12__HLO_to_P__primary_5y_matched__M1__ridge__none,POL,2010,2014,18,3.0,3.0,0.0
S12__HLO_to_P__primary_5y_matched__M1__ridge__none,SAU,2010,2014,18,14.0,11.0,0.17647058823529413
S12__HLO_to_P__primary_5y_matched__M1__ridge__none,SRB,2010,2014,18,4.0,6.0,0.11764705882352941
S12__HLO_to_P__primary_5y_matched__M1__ridge__none,ZAF,2010,2014,18,12.0,16.0,0.23529411764705882
S12__HLO_to_P__primary_5y_matched__M1__ridge__none,AUS,2015,2017,8,4.0,5.0,0.14285714285714285
S12__HLO_to_P__primary_5y_matched__M1__ridge__none,BHR,2015,2017,8,8.0,6.0,0.2857142857142857
S12__HLO_to_P__primary_5y_matched__M1__ridge__none,DEU,2015,2017,8,3.0,4.0,0.14285714285714285
S12__HLO_to_P__primary_5y_matched__M1__ridge__none,EGY,2015,2017,8,7.0,8.0,0.14285714285714285
S12__HLO_to_P__primary_5y_matched__M1__ridge__none,IDN,2015,2017,8,6.0,7.0,0.14285714285714285
S12__HLO_to_P__primary_5y_matched__M1__ridge__none,JPN,2015,2017,8,2.0,1.0,0.14285714285714285
S12__HLO_to_P__primary_5y_matched__M1__ridge__none,POL,2015,2017,8,1.0,3.0,0.2857142857142857
S12__HLO_to_P__primary_5y_matched__M1__ridge__none,RUS,2015,2017,8,5.0,2.0,0.42857142857142855
S12__HLO_to_P__primary_5y_matched__M2__ridge__none,ISL,2000,2004,3,2.0,1.0,0.5
S12__HLO_to_P__primary_5y_matched__M2__ridge__none,NOR,2000,2004,3,1.0,2.0,0.5
S12__HLO_to_P__primary_5y_matched__M2__ridge__none,PHL,2000,2004,3,3.0,3.0,0.0
S12__HLO_to_P__primary_5y_matched__M2__ridge__none,AUT,2005,2009,13,2.0,3.0,0.08333333333333333
S12__HLO_to_P__primary_5y_matched__M2__ridge__none,CHL,2005,2009,13,9.0,8.0,0.08333333333333333
S12__HLO_to_P__primary_5y_matched__M2__ridge__none,IDN,2005,2009,13,12.0,13.0,0.08333333333333333
S12__HLO_to_P__primary_5y_matched__M2__ridge__none,IRN,2005,2009,13,11.0,9.0,0.16666666666666666
S12__HLO_to_P__primary_5y_matched__M2__ridge__none,ITA,2005,2009,13,7.0,4.0,0.25
S12__HLO_to_P__primary_5y_matched__M2__ridge__none,JPN,2005,2009,13,1.0,7.0,0.5
S12__HLO_to_P__primary_5y_matched__M2__ridge__none,MAR,2005,2009,13,13.0,11.0,0.16666666666666666
S12__HLO_to_P__primary_5y_matched__M2__ridge__none,NLD,2005,2009,13,3.0,2.0,0.08333333333333333
S12__HLO_to_P__primary_5y_matched__M2__ridge__none,NOR,2005,2009,13,4.0,1.0,0.25
S12__HLO_to_P__primary_5y_matched__M2__ridge__none,PER,2005,2009,13,6.0,12.0,0.5
S12__HLO_to_P__primary_5y_matched__M2__ridge__none,POL,2005,2009,13,5.0,5.0,0.0
S12__HLO_to_P__primary_5y_matched__M2__ridge__none,QAT,2005,2009,13,10.0,10.0,0.0
S12__HLO_to_P__primary_5y_matched__M2__ridge__none,UKR,2005,2009,13,8.0,6.0,0.16666666666666666
S12__HLO_to_P__primary_5y_matched__M2__ridge__none,BRA,2010,2014,18,7.0,9.0,0.11764705882352941
S12__HLO_to_P__primary_5y_matched__M2__ridge__none,CHL,2010,2014,18,15.0,7.0,0.47058823529411764
S12__HLO_to_P__primary_5y_matched__M2__ridge__none,COL,2010,2014,18,10.0,12.0,0.11764705882352941
S12__HLO_to_P__primary_5y_matched__M2__ridge__none,ESP,2010,2014,18,5.0,2.0,0.17647058823529413
S12__HLO_to_P__primary_5y_matched__M2__ridge__none,FIN,2010,2014,18,1.0,1.0,0.0
S12__HLO_to_P__primary_5y_matched__M2__ridge__none,GHA,2010,2014,18,18.0,17.0,0.058823529411764705
S12__HLO_to_P__primary_5y_matched__M2__ridge__none,IDN,2010,2014,18,13.0,16.0,0.17647058823529413
S12__HLO_to_P__primary_5y_matched__M2__ridge__none,ITA,2010,2014,18,8.0,5.0,0.17647058823529413
S12__HLO_to_P__primary_5y_matched__M2__ridge__none,JOR,2010,2014,18,16.0,13.0,0.17647058823529413
S12__HLO_to_P__primary_5y_matched__M2__ridge__none,KAZ,2010,2014,18,11.0,11.0,0.0
S12__HLO_to_P__primary_5y_matched__M2__ridge__none,KOR,2010,2014,18,2.0,3.0,0.058823529411764705
S12__HLO_to_P__primary_5y_matched__M2__ridge__none,MAR,2010,2014,18,17.0,15.0,0.11764705882352941
S12__HLO_to_P__primary_5y_matched__M2__ridge__none,MEX,2010,2014,18,6.0,14.0,0.47058823529411764
S12__HLO_to_P__primary_5y_matched__M2__ridge__none,OMN,2010,2014,18,9.0,10.0,0.058823529411764705
S12__HLO_to_P__primary_5y_matched__M2__ridge__none,POL,2010,2014,18,3.0,4.0,0.058823529411764705
S12__HLO_to_P__primary_5y_matched__M2__ridge__none,SAU,2010,2014,18,14.0,8.0,0.35294117647058826
S12__HLO_to_P__primary_5y_matched__M2__ridge__none,SRB,2010,2014,18,4.0,6.0,0.11764705882352941
S12__HLO_to_P__primary_5y_matched__M2__ridge__none,ZAF,2010,2014,18,12.0,18.0,0.35294117647058826
S12__HLO_to_P__primary_5y_matched__M2__ridge__none,AUS,2015,2017,8,4.0,5.0,0.14285714285714285
S12__HLO_to_P__primary_5y_matched__M2__ridge__none,BHR,2015,2017,8,8.0,3.0,0.7142857142857143
S12__HLO_to_P__primary_5y_matched__M2__ridge__none,DEU,2015,2017,8,3.0,2.0,0.14285714285714285
S12__HLO_to_P__primary_5y_matched__M2__ridge__none,EGY,2015,2017,8,7.0,8.0,0.14285714285714285
S12__HLO_to_P__primary_5y_matched__M2__ridge__none,IDN,2015,2017,8,6.0,7.0,0.14285714285714285
S12__HLO_to_P__primary_5y_matched__M2__ridge__none,JPN,2015,2017,8,2.0,6.0,0.5714285714285714
S12__HLO_to_P__primary_5y_matched__M2__ridge__none,POL,2015,2017,8,1.0,1.0,0.0
S12__HLO_to_P__primary_5y_matched__M2__ridge__none,RUS,2015,2017,8,5.0,4.0,0.14285714285714285
S12__HLO_to_P__primary_5y_matched__M3__ridge__none,ISL,2000,2004,3,2.0,1.0,0.5
S12__HLO_to_P__primary_5y_matched__M3__ridge__none,NOR,2000,2004,3,1.0,2.0,0.5
S12__HLO_to_P__primary_5y_matched__M3__ridge__none,PHL,2000,2004,3,3.0,3.0,0.0
S12__HLO_to_P__primary_5y_matched__M3__ridge__none,AUT,2005,2009,13,2.0,2.0,0.0
S12__HLO_to_P__primary_5y_matched__M3__ridge__none,CHL,2005,2009,13,9.0,8.0,0.08333333333333333
S12__HLO_to_P__primary_5y_matched__M3__ridge__none,IDN,2005,2009,13,12.0,12.0,0.0
S12__HLO_to_P__primary_5y_matched__M3__ridge__none,IRN,2005,2009,13,11.0,9.0,0.16666666666666666
S12__HLO_to_P__primary_5y_matched__M3__ridge__none,ITA,2005,2009,13,7.0,3.0,0.3333333333333333
S12__HLO_to_P__primary_5y_matched__M3__ridge__none,JPN,2005,2009,13,1.0,6.0,0.4166666666666667
S12__HLO_to_P__primary_5y_matched__M3__ridge__none,MAR,2005,2009,13,13.0,10.0,0.25
S12__HLO_to_P__primary_5y_matched__M3__ridge__none,NLD,2005,2009,13,3.0,1.0,0.16666666666666666
S12__HLO_to_P__primary_5y_matched__M3__ridge__none,NOR,2005,2009,13,4.0,5.0,0.08333333333333333
S12__HLO_to_P__primary_5y_matched__M3__ridge__none,PER,2005,2009,13,6.0,13.0,0.5833333333333334
S12__HLO_to_P__primary_5y_matched__M3__ridge__none,POL,2005,2009,13,5.0,4.0,0.08333333333333333
S12__HLO_to_P__primary_5y_matched__M3__ridge__none,QAT,2005,2009,13,10.0,11.0,0.08333333333333333
S12__HLO_to_P__primary_5y_matched__M3__ridge__none,UKR,2005,2009,13,8.0,7.0,0.08333333333333333
S12__HLO_to_P__primary_5y_matched__M3__ridge__none,BRA,2010,2014,18,7.0,13.0,0.35294117647058826
S12__HLO_to_P__primary_5y_matched__M3__ridge__none,CHL,2010,2014,18,15.0,7.0,0.47058823529411764
S12__HLO_to_P__primary_5y_matched__M3__ridge__none,COL,2010,2014,18,10.0,10.0,0.0
S12__HLO_to_P__primary_5y_matched__M3__ridge__none,ESP,2010,2014,18,5.0,3.0,0.11764705882352941
S12__HLO_to_P__primary_5y_matched__M3__ridge__none,FIN,2010,2014,18,1.0,1.0,0.0
S12__HLO_to_P__primary_5y_matched__M3__ridge__none,GHA,2010,2014,18,18.0,18.0,0.0
S12__HLO_to_P__primary_5y_matched__M3__ridge__none,IDN,2010,2014,18,13.0,16.0,0.17647058823529413
S12__HLO_to_P__primary_5y_matched__M3__ridge__none,ITA,2010,2014,18,8.0,5.0,0.17647058823529413
S12__HLO_to_P__primary_5y_matched__M3__ridge__none,JOR,2010,2014,18,16.0,14.0,0.11764705882352941
S12__HLO_to_P__primary_5y_matched__M3__ridge__none,KAZ,2010,2014,18,11.0,9.0,0.11764705882352941
S12__HLO_to_P__primary_5y_matched__M3__ridge__none,KOR,2010,2014,18,2.0,2.0,0.0
S12__HLO_to_P__primary_5y_matched__M3__ridge__none,MAR,2010,2014,18,17.0,15.0,0.11764705882352941
S12__HLO_to_P__primary_5y_matched__M3__ridge__none,MEX,2010,2014,18,6.0,11.0,0.29411764705882354
S12__HLO_to_P__primary_5y_matched__M3__ridge__none,OMN,2010,2014,18,9.0,12.0,0.17647058823529413
S12__HLO_to_P__primary_5y_matched__M3__ridge__none,POL,2010,2014,18,3.0,4.0,0.058823529411764705
S12__HLO_to_P__primary_5y_matched__M3__ridge__none,SAU,2010,2014,18,14.0,8.0,0.35294117647058826
S12__HLO_to_P__primary_5y_matched__M3__ridge__none,SRB,2010,2014,18,4.0,6.0,0.11764705882352941
S12__HLO_to_P__primary_5y_matched__M3__ridge__none,ZAF,2010,2014,18,12.0,17.0,0.29411764705882354
S12__HLO_to_P__primary_5y_matched__M3__ridge__none,AUS,2015,2017,8,4.0,5.0,0.14285714285714285
S12__HLO_to_P__primary_5y_matched__M3__ridge__none,BHR,2015,2017,8,8.0,6.0,0.2857142857142857
S12__HLO_to_P__primary_5y_matched__M3__ridge__none,DEU,2015,2017,8,3.0,2.0,0.14285714285714285
S12__HLO_to_P__primary_5y_matched__M3__ridge__none,EGY,2015,2017,8,7.0,8.0,0.14285714285714285
S12__HLO_to_P__primary_5y_matched__M3__ridge__none,IDN,2015,2017,8,6.0,7.0,0.14285714285714285
S12__HLO_to_P__primary_5y_matched__M3__ridge__none,JPN,2015,2017,8,2.0,4.0,0.2857142857142857
S12__HLO_to_P__primary_5y_matched__M3__ridge__none,POL,2015,2017,8,1.0,1.0,0.0
S12__HLO_to_P__primary_5y_matched__M3__ridge__none,RUS,2015,2017,8,5.0,3.0,0.2857142857142857
S12__P_to_HLO__alternative_12y__M1__ridge__none,ISL,2000,2004,3,1.0,2.0,0.5
S12__P_to_HLO__alternative_12y__M1__ridge__none,NOR,2000,2004,3,2.0,1.0,0.5
S12__P_to_HLO__alternative_12y__M1__ridge__none,PHL,2000,2004,3,3.0,3.0,0.0
S12__P_to_HLO__alternative_12y__M1__ridge__none,AUT,2005,2009,13,4.0,2.0,0.16666666666666666
S12__P_to_HLO__alternative_12y__M1__ridge__none,CHL,2005,2009,13,8.0,9.0,0.08333333333333333
S12__P_to_HLO__alternative_12y__M1__ridge__none,IDN,2005,2009,13,10.0,11.0,0.08333333333333333
S12__P_to_HLO__alternative_12y__M1__ridge__none,IRN,2005,2009,13,9.0,12.0,0.25
S12__P_to_HLO__alternative_12y__M1__ridge__none,ITA,2005,2009,13,5.0,7.0,0.16666666666666666
S12__P_to_HLO__alternative_12y__M1__ridge__none,JPN,2005,2009,13,1.0,1.0,0.0
S12__P_to_HLO__alternative_12y__M1__ridge__none,MAR,2005,2009,13,12.0,13.0,0.08333333333333333
S12__P_to_HLO__alternative_12y__M1__ridge__none,NLD,2005,2009,13,2.0,3.0,0.08333333333333333
S12__P_to_HLO__alternative_12y__M1__ridge__none,NOR,2005,2009,13,6.0,4.0,0.16666666666666666
S12__P_to_HLO__alternative_12y__M1__ridge__none,PER,2005,2009,13,11.0,5.0,0.5
S12__P_to_HLO__alternative_12y__M1__ridge__none,POL,2005,2009,13,3.0,6.0,0.25
S12__P_to_HLO__alternative_12y__M1__ridge__none,QAT,2005,2009,13,13.0,10.0,0.25
S12__P_to_HLO__alternative_12y__M1__ridge__none,UKR,2005,2009,13,7.0,8.0,0.08333333333333333
S12__P_to_HLO__alternative_12y__M1__ridge__none,BRA,2010,2014,18,10.0,7.0,0.17647058823529413
S12__P_to_HLO__alternative_12y__M1__ridge__none,CHL,2010,2014,18,8.0,15.0,0.4117647058823529
S12__P_to_HLO__alternative_12y__M1__ridge__none,COL,2010,2014,18,11.0,10.0,0.058823529411764705
S12__P_to_HLO__alternative_12y__M1__ridge__none,ESP,2010,2014,18,5.0,5.0,0.0
S12__P_to_HLO__alternative_12y__M1__ridge__none,FIN,2010,2014,18,2.0,1.0,0.058823529411764705
S12__P_to_HLO__alternative_12y__M1__ridge__none,GHA,2010,2014,18,18.0,18.0,0.0
S12__P_to_HLO__alternative_12y__M1__ridge__none,IDN,2010,2014,18,13.0,13.0,0.0
S12__P_to_HLO__alternative_12y__M1__ridge__none,ITA,2010,2014,18,4.0,8.0,0.23529411764705882
S12__P_to_HLO__alternative_12y__M1__ridge__none,JOR,2010,2014,18,15.0,16.0,0.058823529411764705
S12__P_to_HLO__alternative_12y__M1__ridge__none,KAZ,2010,2014,18,7.0,11.0,0.23529411764705882
S12__P_to_HLO__alternative_12y__M1__ridge__none,KOR,2010,2014,18,1.0,2.0,0.058823529411764705
S12__P_to_HLO__alternative_12y__M1__ridge__none,MAR,2010,2014,18,17.0,17.0,0.0
S12__P_to_HLO__alternative_12y__M1__ridge__none,MEX,2010,2014,18,9.0,6.0,0.17647058823529413
S12__P_to_HLO__alternative_12y__M1__ridge__none,OMN,2010,2014,18,14.0,9.0,0.29411764705882354
S12__P_to_HLO__alternative_12y__M1__ridge__none,POL,2010,2014,18,3.0,3.0,0.0
S12__P_to_HLO__alternative_12y__M1__ridge__none,SAU,2010,2014,18,12.0,14.0,0.11764705882352941
S12__P_to_HLO__alternative_12y__M1__ridge__none,SRB,2010,2014,18,6.0,4.0,0.11764705882352941
S12__P_to_HLO__alternative_12y__M1__ridge__none,ZAF,2010,2014,18,16.0,12.0,0.23529411764705882
S12__P_to_HLO__alternative_12y__M1__ridge__none,AUS,2015,2017,8,5.0,4.0,0.14285714285714285
S12__P_to_HLO__alternative_12y__M1__ridge__none,BHR,2015,2017,8,6.0,8.0,0.2857142857142857
S12__P_to_HLO__alternative_12y__M1__ridge__none,DEU,2015,2017,8,4.0,3.0,0.14285714285714285
S12__P_to_HLO__alternative_12y__M1__ridge__none,EGY,2015,2017,8,8.0,7.0,0.14285714285714285
S12__P_to_HLO__alternative_12y__M1__ridge__none,IDN,2015,2017,8,7.0,6.0,0.14285714285714285
S12__P_to_HLO__alternative_12y__M1__ridge__none,JPN,2015,2017,8,1.0,2.0,0.14285714285714285
S12__P_to_HLO__alternative_12y__M1__ridge__none,POL,2015,2017,8,3.0,1.0,0.2857142857142857
S12__P_to_HLO__alternative_12y__M1__ridge__none,RUS,2015,2017,8,2.0,5.0,0.42857142857142855
S12__P_to_HLO__alternative_12y__M2__ridge__none,ISL,2000,2004,3,1.0,2.0,0.5
S12__P_to_HLO__alternative_12y__M2__ridge__none,NOR,2000,2004,3,2.0,1.0,0.5
S12__P_to_HLO__alternative_12y__M2__ridge__none,PHL,2000,2004,3,3.0,3.0,0.0
S12__P_to_HLO__alternative_12y__M2__ridge__none,AUT,2005,2009,13,4.0,2.0,0.16666666666666666
S12__P_to_HLO__alternative_12y__M2__ridge__none,CHL,2005,2009,13,8.0,8.0,0.0
S12__P_to_HLO__alternative_12y__M2__ridge__none,IDN,2005,2009,13,10.0,12.0,0.16666666666666666
S12__P_to_HLO__alternative_12y__M2__ridge__none,IRN,2005,2009,13,9.0,10.0,0.08333333333333333
S12__P_to_HLO__alternative_12y__M2__ridge__none,ITA,2005,2009,13,5.0,3.0,0.16666666666666666
S12__P_to_HLO__alternative_12y__M2__ridge__none,JPN,2005,2009,13,1.0,6.0,0.4166666666666667
S12__P_to_HLO__alternative_12y__M2__ridge__none,MAR,2005,2009,13,12.0,13.0,0.08333333333333333
S12__P_to_HLO__alternative_12y__M2__ridge__none,NLD,2005,2009,13,2.0,4.0,0.16666666666666666
S12__P_to_HLO__alternative_12y__M2__ridge__none,NOR,2005,2009,13,6.0,1.0,0.4166666666666667
S12__P_to_HLO__alternative_12y__M2__ridge__none,PER,2005,2009,13,11.0,11.0,0.0
S12__P_to_HLO__alternative_12y__M2__ridge__none,POL,2005,2009,13,3.0,5.0,0.16666666666666666
S12__P_to_HLO__alternative_12y__M2__ridge__none,QAT,2005,2009,13,13.0,9.0,0.3333333333333333
S12__P_to_HLO__alternative_12y__M2__ridge__none,UKR,2005,2009,13,7.0,7.0,0.0
S12__P_to_HLO__alternative_12y__M2__ridge__none,BRA,2010,2014,18,10.0,8.0,0.11764705882352941
S12__P_to_HLO__alternative_12y__M2__ridge__none,CHL,2010,2014,18,8.0,7.0,0.058823529411764705
S12__P_to_HLO__alternative_12y__M2__ridge__none,COL,2010,2014,18,11.0,9.0,0.11764705882352941
S12__P_to_HLO__alternative_12y__M2__ridge__none,ESP,2010,2014,18,5.0,5.0,0.0
S12__P_to_HLO__alternative_12y__M2__ridge__none,FIN,2010,2014,18,2.0,2.0,0.0
S12__P_to_HLO__alternative_12y__M2__ridge__none,GHA,2010,2014,18,18.0,18.0,0.0
S12__P_to_HLO__alternative_12y__M2__ridge__none,IDN,2010,2014,18,13.0,12.0,0.058823529411764705
S12__P_to_HLO__alternative_12y__M2__ridge__none,ITA,2010,2014,18,4.0,4.0,0.0
S12__P_to_HLO__alternative_12y__M2__ridge__none,JOR,2010,2014,18,15.0,17.0,0.11764705882352941
S12__P_to_HLO__alternative_12y__M2__ridge__none,KAZ,2010,2014,18,7.0,10.0,0.17647058823529413
S12__P_to_HLO__alternative_12y__M2__ridge__none,KOR,2010,2014,18,1.0,1.0,0.0
S12__P_to_HLO__alternative_12y__M2__ridge__none,MAR,2010,2014,18,17.0,14.0,0.17647058823529413
S12__P_to_HLO__alternative_12y__M2__ridge__none,MEX,2010,2014,18,9.0,11.0,0.11764705882352941
S12__P_to_HLO__alternative_12y__M2__ridge__none,OMN,2010,2014,18,14.0,13.0,0.058823529411764705
S12__P_to_HLO__alternative_12y__M2__ridge__none,POL,2010,2014,18,3.0,3.0,0.0
S12__P_to_HLO__alternative_12y__M2__ridge__none,SAU,2010,2014,18,12.0,16.0,0.23529411764705882
S12__P_to_HLO__alternative_12y__M2__ridge__none,SRB,2010,2014,18,6.0,6.0,0.0
S12__P_to_HLO__alternative_12y__M2__ridge__none,ZAF,2010,2014,18,16.0,15.0,0.058823529411764705
S12__P_to_HLO__alternative_12y__M2__ridge__none,AUS,2015,2017,8,5.0,4.0,0.14285714285714285
S12__P_to_HLO__alternative_12y__M2__ridge__none,BHR,2015,2017,8,6.0,6.0,0.0
S12__P_to_HLO__alternative_12y__M2__ridge__none,DEU,2015,2017,8,4.0,1.0,0.42857142857142855
S12__P_to_HLO__alternative_12y__M2__ridge__none,EGY,2015,2017,8,8.0,8.0,0.0
S12__P_to_HLO__alternative_12y__M2__ridge__none,IDN,2015,2017,8,7.0,7.0,0.0
S12__P_to_HLO__alternative_12y__M2__ridge__none,JPN,2015,2017,8,1.0,3.0,0.2857142857142857
S12__P_to_HLO__alternative_12y__M2__ridge__none,POL,2015,2017,8,3.0,2.0,0.14285714285714285
S12__P_to_HLO__alternative_12y__M2__ridge__none,RUS,2015,2017,8,2.0,5.0,0.42857142857142855
S12__P_to_HLO__alternative_12y__M3__ridge__none,ISL,2000,2004,3,1.0,2.0,0.5
S12__P_to_HLO__alternative_12y__M3__ridge__none,NOR,2000,2004,3,2.0,1.0,0.5
S12__P_to_HLO__alternative_12y__M3__ridge__none,PHL,2000,2004,3,3.0,3.0,0.0
S12__P_to_HLO__alternative_12y__M3__ridge__none,AUT,2005,2009,13,4.0,1.0,0.25
S12__P_to_HLO__alternative_12y__M3__ridge__none,CHL,2005,2009,13,8.0,8.0,0.0
S12__P_to_HLO__alternative_12y__M3__ridge__none,IDN,2005,2009,13,10.0,12.0,0.16666666666666666
S12__P_to_HLO__alternative_12y__M3__ridge__none,IRN,2005,2009,13,9.0,11.0,0.16666666666666666
S12__P_to_HLO__alternative_12y__M3__ridge__none,ITA,2005,2009,13,5.0,5.0,0.0
S12__P_to_HLO__alternative_12y__M3__ridge__none,JPN,2005,2009,13,1.0,3.0,0.16666666666666666
S12__P_to_HLO__alternative_12y__M3__ridge__none,MAR,2005,2009,13,12.0,13.0,0.08333333333333333
S12__P_to_HLO__alternative_12y__M3__ridge__none,NLD,2005,2009,13,2.0,4.0,0.16666666666666666
S12__P_to_HLO__alternative_12y__M3__ridge__none,NOR,2005,2009,13,6.0,2.0,0.3333333333333333
S12__P_to_HLO__alternative_12y__M3__ridge__none,PER,2005,2009,13,11.0,10.0,0.08333333333333333
S12__P_to_HLO__alternative_12y__M3__ridge__none,POL,2005,2009,13,3.0,6.0,0.25
S12__P_to_HLO__alternative_12y__M3__ridge__none,QAT,2005,2009,13,13.0,9.0,0.3333333333333333
S12__P_to_HLO__alternative_12y__M3__ridge__none,UKR,2005,2009,13,7.0,7.0,0.0
S12__P_to_HLO__alternative_12y__M3__ridge__none,BRA,2010,2014,18,10.0,7.0,0.17647058823529413
S12__P_to_HLO__alternative_12y__M3__ridge__none,CHL,2010,2014,18,8.0,8.0,0.0
S12__P_to_HLO__alternative_12y__M3__ridge__none,COL,2010,2014,18,11.0,10.0,0.058823529411764705
S12__P_to_HLO__alternative_12y__M3__ridge__none,ESP,2010,2014,18,5.0,3.0,0.11764705882352941
S12__P_to_HLO__alternative_12y__M3__ridge__none,FIN,2010,2014,18,2.0,2.0,0.0
S12__P_to_HLO__alternative_12y__M3__ridge__none,GHA,2010,2014,18,18.0,18.0,0.0
S12__P_to_HLO__alternative_12y__M3__ridge__none,IDN,2010,2014,18,13.0,13.0,0.0
S12__P_to_HLO__alternative_12y__M3__ridge__none,ITA,2010,2014,18,4.0,5.0,0.058823529411764705
S12__P_to_HLO__alternative_12y__M3__ridge__none,JOR,2010,2014,18,15.0,17.0,0.11764705882352941
S12__P_to_HLO__alternative_12y__M3__ridge__none,KAZ,2010,2014,18,7.0,11.0,0.23529411764705882
S12__P_to_HLO__alternative_12y__M3__ridge__none,KOR,2010,2014,18,1.0,1.0,0.0
S12__P_to_HLO__alternative_12y__M3__ridge__none,MAR,2010,2014,18,17.0,15.0,0.11764705882352941
S12__P_to_HLO__alternative_12y__M3__ridge__none,MEX,2010,2014,18,9.0,9.0,0.0
S12__P_to_HLO__alternative_12y__M3__ridge__none,OMN,2010,2014,18,14.0,12.0,0.11764705882352941
S12__P_to_HLO__alternative_12y__M3__ridge__none,POL,2010,2014,18,3.0,4.0,0.058823529411764705
S12__P_to_HLO__alternative_12y__M3__ridge__none,SAU,2010,2014,18,12.0,16.0,0.23529411764705882
S12__P_to_HLO__alternative_12y__M3__ridge__none,SRB,2010,2014,18,6.0,6.0,0.0
S12__P_to_HLO__alternative_12y__M3__ridge__none,ZAF,2010,2014,18,16.0,14.0,0.11764705882352941
S12__P_to_HLO__alternative_12y__M3__ridge__none,AUS,2015,2017,8,5.0,4.0,0.14285714285714285
S12__P_to_HLO__alternative_12y__M3__ridge__none,BHR,2015,2017,8,6.0,6.0,0.0
S12__P_to_HLO__alternative_12y__M3__ridge__none,DEU,2015,2017,8,4.0,1.0,0.42857142857142855
S12__P_to_HLO__alternative_12y__M3__ridge__none,EGY,2015,2017,8,8.0,8.0,0.0
S12__P_to_HLO__alternative_12y__M3__ridge__none,IDN,2015,2017,8,7.0,7.0,0.0
S12__P_to_HLO__alternative_12y__M3__ridge__none,JPN,2015,2017,8,1.0,3.0,0.2857142857142857
S12__P_to_HLO__alternative_12y__M3__ridge__none,POL,2015,2017,8,3.0,2.0,0.14285714285714285
S12__P_to_HLO__alternative_12y__M3__ridge__none,RUS,2015,2017,8,2.0,5.0,0.42857142857142855
S12__P_to_HLO__primary_5y_matched__M1__ridge__none,ISL,2000,2004,3,1.0,2.0,0.5
S12__P_to_HLO__primary_5y_matched__M1__ridge__none,NOR,2000,2004,3,2.0,1.0,0.5
S12__P_to_HLO__primary_5y_matched__M1__ridge__none,PHL,2000,2004,3,3.0,3.0,0.0
S12__P_to_HLO__primary_5y_matched__M1__ridge__none,AUT,2005,2009,13,4.0,2.0,0.16666666666666666
S12__P_to_HLO__primary_5y_matched__M1__ridge__none,CHL,2005,2009,13,8.0,9.0,0.08333333333333333
S12__P_to_HLO__primary_5y_matched__M1__ridge__none,IDN,2005,2009,13,10.0,11.0,0.08333333333333333
S12__P_to_HLO__primary_5y_matched__M1__ridge__none,IRN,2005,2009,13,9.0,12.0,0.25
S12__P_to_HLO__primary_5y_matched__M1__ridge__none,ITA,2005,2009,13,5.0,7.0,0.16666666666666666
S12__P_to_HLO__primary_5y_matched__M1__ridge__none,JPN,2005,2009,13,1.0,1.0,0.0
S12__P_to_HLO__primary_5y_matched__M1__ridge__none,MAR,2005,2009,13,12.0,13.0,0.08333333333333333
S12__P_to_HLO__primary_5y_matched__M1__ridge__none,NLD,2005,2009,13,2.0,3.0,0.08333333333333333
S12__P_to_HLO__primary_5y_matched__M1__ridge__none,NOR,2005,2009,13,6.0,4.0,0.16666666666666666
S12__P_to_HLO__primary_5y_matched__M1__ridge__none,PER,2005,2009,13,11.0,5.0,0.5
S12__P_to_HLO__primary_5y_matched__M1__ridge__none,POL,2005,2009,13,3.0,6.0,0.25
S12__P_to_HLO__primary_5y_matched__M1__ridge__none,QAT,2005,2009,13,13.0,10.0,0.25
S12__P_to_HLO__primary_5y_matched__M1__ridge__none,UKR,2005,2009,13,7.0,8.0,0.08333333333333333
S12__P_to_HLO__primary_5y_matched__M1__ridge__none,BRA,2010,2014,18,10.0,7.0,0.17647058823529413
S12__P_to_HLO__primary_5y_matched__M1__ridge__none,CHL,2010,2014,18,8.0,15.0,0.4117647058823529
S12__P_to_HLO__primary_5y_matched__M1__ridge__none,COL,2010,2014,18,11.0,10.0,0.058823529411764705
S12__P_to_HLO__primary_5y_matched__M1__ridge__none,ESP,2010,2014,18,5.0,5.0,0.0
S12__P_to_HLO__primary_5y_matched__M1__ridge__none,FIN,2010,2014,18,2.0,1.0,0.058823529411764705
S12__P_to_HLO__primary_5y_matched__M1__ridge__none,GHA,2010,2014,18,18.0,18.0,0.0
S12__P_to_HLO__primary_5y_matched__M1__ridge__none,IDN,2010,2014,18,13.0,13.0,0.0
S12__P_to_HLO__primary_5y_matched__M1__ridge__none,ITA,2010,2014,18,4.0,8.0,0.23529411764705882
S12__P_to_HLO__primary_5y_matched__M1__ridge__none,JOR,2010,2014,18,15.0,16.0,0.058823529411764705
S12__P_to_HLO__primary_5y_matched__M1__ridge__none,KAZ,2010,2014,18,7.0,11.0,0.23529411764705882
S12__P_to_HLO__primary_5y_matched__M1__ridge__none,KOR,2010,2014,18,1.0,2.0,0.058823529411764705
S12__P_to_HLO__primary_5y_matched__M1__ridge__none,MAR,2010,2014,18,17.0,17.0,0.0
S12__P_to_HLO__primary_5y_matched__M1__ridge__none,MEX,2010,2014,18,9.0,6.0,0.17647058823529413
S12__P_to_HLO__primary_5y_matched__M1__ridge__none,OMN,2010,2014,18,14.0,9.0,0.29411764705882354
S12__P_to_HLO__primary_5y_matched__M1__ridge__none,POL,2010,2014,18,3.0,3.0,0.0
S12__P_to_HLO__primary_5y_matched__M1__ridge__none,SAU,2010,2014,18,12.0,14.0,0.11764705882352941
S12__P_to_HLO__primary_5y_matched__M1__ridge__none,SRB,2010,2014,18,6.0,4.0,0.11764705882352941
S12__P_to_HLO__primary_5y_matched__M1__ridge__none,ZAF,2010,2014,18,16.0,12.0,0.23529411764705882
S12__P_to_HLO__primary_5y_matched__M1__ridge__none,AUS,2015,2017,8,5.0,4.0,0.14285714285714285
S12__P_to_HLO__primary_5y_matched__M1__ridge__none,BHR,2015,2017,8,6.0,8.0,0.2857142857142857
S12__P_to_HLO__primary_5y_matched__M1__ridge__none,DEU,2015,2017,8,4.0,3.0,0.14285714285714285
S12__P_to_HLO__primary_5y_matched__M1__ridge__none,EGY,2015,2017,8,8.0,7.0,0.14285714285714285
S12__P_to_HLO__primary_5y_matched__M1__ridge__none,IDN,2015,2017,8,7.0,6.0,0.14285714285714285
S12__P_to_HLO__primary_5y_matched__M1__ridge__none,JPN,2015,2017,8,1.0,2.0,0.14285714285714285
S12__P_to_HLO__primary_5y_matched__M1__ridge__none,POL,2015,2017,8,3.0,1.0,0.2857142857142857
S12__P_to_HLO__primary_5y_matched__M1__ridge__none,RUS,2015,2017,8,2.0,5.0,0.42857142857142855
S12__P_to_HLO__primary_5y_matched__M2__ridge__none,ISL,2000,2004,3,1.0,2.0,0.5
S12__P_to_HLO__primary_5y_matched__M2__ridge__none,NOR,2000,2004,3,2.0,1.0,0.5
S12__P_to_HLO__primary_5y_matched__M2__ridge__none,PHL,2000,2004,3,3.0,3.0,0.0
S12__P_to_HLO__primary_5y_matched__M2__ridge__none,AUT,2005,2009,13,4.0,3.0,0.08333333333333333
S12__P_to_HLO__primary_5y_matched__M2__ridge__none,CHL,2005,2009,13,8.0,8.0,0.0
S12__P_to_HLO__primary_5y_matched__M2__ridge__none,IDN,2005,2009,13,10.0,12.0,0.16666666666666666
S12__P_to_HLO__primary_5y_matched__M2__ridge__none,IRN,2005,2009,13,9.0,10.0,0.08333333333333333
S12__P_to_HLO__primary_5y_matched__M2__ridge__none,ITA,2005,2009,13,5.0,5.0,0.0
S12__P_to_HLO__primary_5y_matched__M2__ridge__none,JPN,2005,2009,13,1.0,6.0,0.4166666666666667
S12__P_to_HLO__primary_5y_matched__M2__ridge__none,MAR,2005,2009,13,12.0,13.0,0.08333333333333333
S12__P_to_HLO__primary_5y_matched__M2__ridge__none,NLD,2005,2009,13,2.0,2.0,0.0
S12__P_to_HLO__primary_5y_matched__M2__ridge__none,NOR,2005,2009,13,6.0,1.0,0.4166666666666667
S12__P_to_HLO__primary_5y_matched__M2__ridge__none,PER,2005,2009,13,11.0,11.0,0.0
S12__P_to_HLO__primary_5y_matched__M2__ridge__none,POL,2005,2009,13,3.0,4.0,0.08333333333333333
S12__P_to_HLO__primary_5y_matched__M2__ridge__none,QAT,2005,2009,13,13.0,9.0,0.3333333333333333
S12__P_to_HLO__primary_5y_matched__M2__ridge__none,UKR,2005,2009,13,7.0,7.0,0.0
S12__P_to_HLO__primary_5y_matched__M2__ridge__none,BRA,2010,2014,18,10.0,8.0,0.11764705882352941
S12__P_to_HLO__primary_5y_matched__M2__ridge__none,CHL,2010,2014,18,8.0,7.0,0.058823529411764705
S12__P_to_HLO__primary_5y_matched__M2__ridge__none,COL,2010,2014,18,11.0,9.0,0.11764705882352941
S12__P_to_HLO__primary_5y_matched__M2__ridge__none,ESP,2010,2014,18,5.0,1.0,0.23529411764705882
S12__P_to_HLO__primary_5y_matched__M2__ridge__none,FIN,2010,2014,18,2.0,3.0,0.058823529411764705
S12__P_to_HLO__primary_5y_matched__M2__ridge__none,GHA,2010,2014,18,18.0,18.0,0.0
S12__P_to_HLO__primary_5y_matched__M2__ridge__none,IDN,2010,2014,18,13.0,14.0,0.058823529411764705
S12__P_to_HLO__primary_5y_matched__M2__ridge__none,ITA,2010,2014,18,4.0,5.0,0.058823529411764705
S12__P_to_HLO__primary_5y_matched__M2__ridge__none,JOR,2010,2014,18,15.0,17.0,0.11764705882352941
S12__P_to_HLO__primary_5y_matched__M2__ridge__none,KAZ,2010,2014,18,7.0,13.0,0.35294117647058826
S12__P_to_HLO__primary_5y_matched__M2__ridge__none,KOR,2010,2014,18,1.0,4.0,0.17647058823529413
S12__P_to_HLO__primary_5y_matched__M2__ridge__none,MAR,2010,2014,18,17.0,15.0,0.11764705882352941
S12__P_to_HLO__primary_5y_matched__M2__ridge__none,MEX,2010,2014,18,9.0,12.0,0.17647058823529413
S12__P_to_HLO__primary_5y_matched__M2__ridge__none,OMN,2010,2014,18,14.0,10.0,0.23529411764705882
S12__P_to_HLO__primary_5y_matched__M2__ridge__none,POL,2010,2014,18,3.0,2.0,0.058823529411764705
S12__P_to_HLO__primary_5y_matched__M2__ridge__none,SAU,2010,2014,18,12.0,11.0,0.058823529411764705
S12__P_to_HLO__primary_5y_matched__M2__ridge__none,SRB,2010,2014,18,6.0,6.0,0.0
S12__P_to_HLO__primary_5y_matched__M2__ridge__none,ZAF,2010,2014,18,16.0,16.0,0.0
S12__P_to_HLO__primary_5y_matched__M2__ridge__none,AUS,2015,2017,8,5.0,6.0,0.14285714285714285
S12__P_to_HLO__primary_5y_matched__M2__ridge__none,BHR,2015,2017,8,6.0,4.0,0.2857142857142857
S12__P_to_HLO__primary_5y_matched__M2__ridge__none,DEU,2015,2017,8,4.0,2.0,0.2857142857142857
S12__P_to_HLO__primary_5y_matched__M2__ridge__none,EGY,2015,2017,8,8.0,8.0,0.0
S12__P_to_HLO__primary_5y_matched__M2__ridge__none,IDN,2015,2017,8,7.0,7.0,0.0
S12__P_to_HLO__primary_5y_matched__M2__ridge__none,JPN,2015,2017,8,1.0,3.0,0.2857142857142857
S12__P_to_HLO__primary_5y_matched__M2__ridge__none,POL,2015,2017,8,3.0,1.0,0.2857142857142857
S12__P_to_HLO__primary_5y_matched__M2__ridge__none,RUS,2015,2017,8,2.0,5.0,0.42857142857142855
S12__P_to_HLO__primary_5y_matched__M3__ridge__none,ISL,2000,2004,3,1.0,2.0,0.5
S12__P_to_HLO__primary_5y_matched__M3__ridge__none,NOR,2000,2004,3,2.0,1.0,0.5
S12__P_to_HLO__primary_5y_matched__M3__ridge__none,PHL,2000,2004,3,3.0,3.0,0.0
S12__P_to_HLO__primary_5y_matched__M3__ridge__none,AUT,2005,2009,13,4.0,3.0,0.08333333333333333
S12__P_to_HLO__primary_5y_matched__M3__ridge__none,CHL,2005,2009,13,8.0,8.0,0.0
S12__P_to_HLO__primary_5y_matched__M3__ridge__none,IDN,2005,2009,13,10.0,12.0,0.16666666666666666
S12__P_to_HLO__primary_5y_matched__M3__ridge__none,IRN,2005,2009,13,9.0,11.0,0.16666666666666666
S12__P_to_HLO__primary_5y_matched__M3__ridge__none,ITA,2005,2009,13,5.0,6.0,0.08333333333333333
S12__P_to_HLO__primary_5y_matched__M3__ridge__none,JPN,2005,2009,13,1.0,4.0,0.25
S12__P_to_HLO__primary_5y_matched__M3__ridge__none,MAR,2005,2009,13,12.0,13.0,0.08333333333333333
S12__P_to_HLO__primary_5y_matched__M3__ridge__none,NLD,2005,2009,13,2.0,2.0,0.0
S12__P_to_HLO__primary_5y_matched__M3__ridge__none,NOR,2005,2009,13,6.0,1.0,0.4166666666666667
S12__P_to_HLO__primary_5y_matched__M3__ridge__none,PER,2005,2009,13,11.0,10.0,0.08333333333333333
S12__P_to_HLO__primary_5y_matched__M3__ridge__none,POL,2005,2009,13,3.0,5.0,0.16666666666666666
S12__P_to_HLO__primary_5y_matched__M3__ridge__none,QAT,2005,2009,13,13.0,9.0,0.3333333333333333
S12__P_to_HLO__primary_5y_matched__M3__ridge__none,UKR,2005,2009,13,7.0,7.0,0.0
S12__P_to_HLO__primary_5y_matched__M3__ridge__none,BRA,2010,2014,18,10.0,7.0,0.17647058823529413
S12__P_to_HLO__primary_5y_matched__M3__ridge__none,CHL,2010,2014,18,8.0,9.0,0.058823529411764705
S12__P_to_HLO__primary_5y_matched__M3__ridge__none,COL,2010,2014,18,11.0,8.0,0.17647058823529413
S12__P_to_HLO__primary_5y_matched__M3__ridge__none,ESP,2010,2014,18,5.0,3.0,0.11764705882352941
S12__P_to_HLO__primary_5y_matched__M3__ridge__none,FIN,2010,2014,18,2.0,2.0,0.0
S12__P_to_HLO__primary_5y_matched__M3__ridge__none,GHA,2010,2014,18,18.0,18.0,0.0
S12__P_to_HLO__primary_5y_matched__M3__ridge__none,IDN,2010,2014,18,13.0,14.0,0.058823529411764705
S12__P_to_HLO__primary_5y_matched__M3__ridge__none,ITA,2010,2014,18,4.0,5.0,0.058823529411764705
S12__P_to_HLO__primary_5y_matched__M3__ridge__none,JOR,2010,2014,18,15.0,17.0,0.11764705882352941
S12__P_to_HLO__primary_5y_matched__M3__ridge__none,KAZ,2010,2014,18,7.0,12.0,0.29411764705882354
S12__P_to_HLO__primary_5y_matched__M3__ridge__none,KOR,2010,2014,18,1.0,1.0,0.0
S12__P_to_HLO__primary_5y_matched__M3__ridge__none,MAR,2010,2014,18,17.0,15.0,0.11764705882352941
S12__P_to_HLO__primary_5y_matched__M3__ridge__none,MEX,2010,2014,18,9.0,10.0,0.058823529411764705
S12__P_to_HLO__primary_5y_matched__M3__ridge__none,OMN,2010,2014,18,14.0,11.0,0.17647058823529413
S12__P_to_HLO__primary_5y_matched__M3__ridge__none,POL,2010,2014,18,3.0,4.0,0.058823529411764705
S12__P_to_HLO__primary_5y_matched__M3__ridge__none,SAU,2010,2014,18,12.0,13.0,0.058823529411764705
S12__P_to_HLO__primary_5y_matched__M3__ridge__none,SRB,2010,2014,18,6.0,6.0,0.0
S12__P_to_HLO__primary_5y_matched__M3__ridge__none,ZAF,2010,2014,18,16.0,16.0,0.0
S12__P_to_HLO__primary_5y_matched__M3__ridge__none,AUS,2015,2017,8,5.0,4.0,0.14285714285714285
S12__P_to_HLO__primary_5y_matched__M3__ridge__none,BHR,2015,2017,8,6.0,6.0,0.0
S12__P_to_HLO__primary_5y_matched__M3__ridge__none,DEU,2015,2017,8,4.0,2.0,0.2857142857142857
S12__P_to_HLO__primary_5y_matched__M3__ridge__none,EGY,2015,2017,8,8.0,8.0,0.0
S12__P_to_HLO__primary_5y_matched__M3__ridge__none,IDN,2015,2017,8,7.0,7.0,0.0
S12__P_to_HLO__primary_5y_matched__M3__ridge__none,JPN,2015,2017,8,1.0,3.0,0.2857142857142857
S12__P_to_HLO__primary_5y_matched__M3__ridge__none,POL,2015,2017,8,3.0,1.0,0.2857142857142857
S12__P_to_HLO__primary_5y_matched__M3__ridge__none,RUS,2015,2017,8,2.0,5.0,0.42857142857142855
S4__HLO_to_P__four_year_preceding_5y__M1__ridge__none,ISL,2000,2003,7,2.0,4.0,0.3333333333333333
S4__HLO_to_P__four_year_preceding_5y__M1__ridge__none,LTU,2000,2003,7,5.0,3.0,0.3333333333333333
S4__HLO_to_P__four_year_preceding_5y__M1__ridge__none,NLD,2000,2003,7,3.0,1.0,0.3333333333333333
S4__HLO_to_P__four_year_preceding_5y__M1__ridge__none,NOR,2000,2003,7,1.0,5.0,0.6666666666666666
S4__HLO_to_P__four_year_preceding_5y__M1__ridge__none,PHL,2000,2003,7,4.0,6.0,0.3333333333333333
S4__HLO_to_P__four_year_preceding_5y__M1__ridge__none,USA,2000,2003,7,6.0,2.0,0.6666666666666666
S4__HLO_to_P__four_year_preceding_5y__M1__ridge__none,ZAF,2000,2003,7,7.0,7.0,0.0
S4__HLO_to_P__four_year_preceding_5y__M1__ridge__none,BRA,2004,2007,5,4.0,4.0,0.0
S4__HLO_to_P__four_year_preceding_5y__M1__ridge__none,CHL,2004,2007,5,3.0,3.0,0.0
S4__HLO_to_P__four_year_preceding_5y__M1__ridge__none,JPN,2004,2007,5,1.0,1.0,0.0
S4__HLO_to_P__four_year_preceding_5y__M1__ridge__none,MAR,2004,2007,5,5.0,5.0,0.0
S4__HLO_to_P__four_year_preceding_5y__M1__ridge__none,NLD,2004,2007,5,2.0,2.0,0.0
S4__HLO_to_P__four_year_preceding_5y__M1__ridge__none,AUT,2008,2011,19,1.0,7.0,0.3333333333333333
S4__HLO_to_P__four_year_preceding_5y__M1__ridge__none,CAN,2008,2011,19,2.0,3.0,0.05555555555555555
S4__HLO_to_P__four_year_preceding_5y__M1__ridge__none,COL,2008,2011,19,13.0,14.0,0.05555555555555555
S4__HLO_to_P__four_year_preceding_5y__M1__ridge__none,DEU,2008,2011,19,4.0,4.0,0.0
S4__HLO_to_P__four_year_preceding_5y__M1__ridge__none,ESP,2008,2011,19,10.0,9.0,0.05555555555555555
S4__HLO_to_P__four_year_preceding_5y__M1__ridge__none,FIN,2008,2011,19,6.0,2.0,0.2222222222222222
S4__HLO_to_P__four_year_preceding_5y__M1__ridge__none,HRV,2008,2011,19,8.0,8.0,0.0
S4__HLO_to_P__four_year_preceding_5y__M1__ridge__none,IDN,2008,2011,19,17.0,16.0,0.05555555555555555
S4__HLO_to_P__four_year_preceding_5y__M1__ridge__none,IRN,2008,2011,19,16.0,13.0,0.16666666666666666
S4__HLO_to_P__four_year_preceding_5y__M1__ridge__none,ITA,2008,2011,19,11.0,5.0,0.3333333333333333
S4__HLO_to_P__four_year_preceding_5y__M1__ridge__none,KOR,2008,2011,19,3.0,1.0,0.1111111111111111
S4__HLO_to_P__four_year_preceding_5y__M1__ridge__none,MAR,2008,2011,19,19.0,19.0,0.0
S4__HLO_to_P__four_year_preceding_5y__M1__ridge__none,NOR,2008,2011,19,5.0,10.0,0.2777777777777778
S4__HLO_to_P__four_year_preceding_5y__M1__ridge__none,OMN,2008,2011,19,12.0,18.0,0.3333333333333333
S4__HLO_to_P__four_year_preceding_5y__M1__ridge__none,POL,2008,2011,19,7.0,6.0,0.05555555555555555
S4__HLO_to_P__four_year_preceding_5y__M1__ridge__none,QAT,2008,2011,19,15.0,17.0,0.1111111111111111
S4__HLO_to_P__four_year_preceding_5y__M1__ridge__none,SAU,2008,2011,19,18.0,15.0,0.16666666666666666
S4__HLO_to_P__four_year_preceding_5y__M1__ridge__none,SRB,2008,2011,19,9.0,11.0,0.1111111111111111
S4__HLO_to_P__four_year_preceding_5y__M1__ridge__none,TUR,2008,2011,19,14.0,12.0,0.1111111111111111
S4__HLO_to_P__four_year_preceding_5y__M1__ridge__none,BHR,2012,2015,18,11.0,10.0,0.058823529411764705
S4__HLO_to_P__four_year_preceding_5y__M1__ridge__none,BRA,2012,2015,18,12.0,13.0,0.058823529411764705
S4__HLO_to_P__four_year_preceding_5y__M1__ridge__none,CHL,2012,2015,18,15.0,9.0,0.35294117647058826
S4__HLO_to_P__four_year_preceding_5y__M1__ridge__none,DEU,2012,2015,18,2.0,4.0,0.11764705882352941
S4__HLO_to_P__four_year_preceding_5y__M1__ridge__none,EGY,2012,2015,18,13.0,18.0,0.29411764705882354
S4__HLO_to_P__four_year_preceding_5y__M1__ridge__none,ESP,2012,2015,18,5.0,5.0,0.0
S4__HLO_to_P__four_year_preceding_5y__M1__ridge__none,FIN,2012,2015,18,3.0,2.0,0.058823529411764705
S4__HLO_to_P__four_year_preceding_5y__M1__ridge__none,HRV,2012,2015,18,8.0,6.0,0.11764705882352941
S4__HLO_to_P__four_year_preceding_5y__M1__ridge__none,IDN,2012,2015,18,9.0,14.0,0.29411764705882354
S4__HLO_to_P__four_year_preceding_5y__M1__ridge__none,JOR,2012,2015,18,18.0,15.0,0.17647058823529413
S4__HLO_to_P__four_year_preceding_5y__M1__ridge__none,JPN,2012,2015,18,1.0,1.0,0.0
S4__HLO_to_P__four_year_preceding_5y__M1__ridge__none,KAZ,2012,2015,18,14.0,7.0,0.4117647058823529
S4__HLO_to_P__four_year_preceding_5y__M1__ridge__none,MAR,2012,2015,18,16.0,17.0,0.058823529411764705
S4__HLO_to_P__four_year_preceding_5y__M1__ridge__none,MEX,2012,2015,18,7.0,11.0,0.23529411764705882
S4__HLO_to_P__four_year_preceding_5y__M1__ridge__none,OMN,2012,2015,18,10.0,12.0,0.11764705882352941
S4__HLO_to_P__four_year_preceding_5y__M1__ridge__none,POL,2012,2015,18,4.0,3.0,0.058823529411764705
S4__HLO_to_P__four_year_preceding_5y__M1__ridge__none,SAU,2012,2015,18,17.0,16.0,0.058823529411764705
S4__HLO_to_P__four_year_preceding_5y__M1__ridge__none,SRB,2012,2015,18,6.0,8.0,0.11764705882352941
S4__HLO_to_P__four_year_preceding_5y__M2__ridge__none,ISL,2000,2003,7,2.0,1.0,0.16666666666666666
S4__HLO_to_P__four_year_preceding_5y__M2__ridge__none,LTU,2000,2003,7,5.0,5.0,0.0
S4__HLO_to_P__four_year_preceding_5y__M2__ridge__none,NLD,2000,2003,7,3.0,3.0,0.0
S4__HLO_to_P__four_year_preceding_5y__M2__ridge__none,NOR,2000,2003,7,1.0,4.0,0.5
S4__HLO_to_P__four_year_preceding_5y__M2__ridge__none,PHL,2000,2003,7,4.0,7.0,0.5
S4__HLO_to_P__four_year_preceding_5y__M2__ridge__none,USA,2000,2003,7,6.0,2.0,0.6666666666666666
S4__HLO_to_P__four_year_preceding_5y__M2__ridge__none,ZAF,2000,2003,7,7.0,6.0,0.16666666666666666
S4__HLO_to_P__four_year_preceding_5y__M2__ridge__none,BRA,2004,2007,5,4.0,4.0,0.0
S4__HLO_to_P__four_year_preceding_5y__M2__ridge__none,CHL,2004,2007,5,3.0,3.0,0.0
S4__HLO_to_P__four_year_preceding_5y__M2__ridge__none,JPN,2004,2007,5,1.0,2.0,0.25
S4__HLO_to_P__four_year_preceding_5y__M2__ridge__none,MAR,2004,2007,5,5.0,5.0,0.0
S4__HLO_to_P__four_year_preceding_5y__M2__ridge__none,NLD,2004,2007,5,2.0,1.0,0.25
S4__HLO_to_P__four_year_preceding_5y__M2__ridge__none,AUT,2008,2011,19,1.0,8.0,0.3888888888888889
S4__HLO_to_P__four_year_preceding_5y__M2__ridge__none,CAN,2008,2011,19,2.0,9.0,0.3888888888888889
S4__HLO_to_P__four_year_preceding_5y__M2__ridge__none,COL,2008,2011,19,13.0,17.0,0.2222222222222222
S4__HLO_to_P__four_year_preceding_5y__M2__ridge__none,DEU,2008,2011,19,4.0,7.0,0.16666666666666666
S4__HLO_to_P__four_year_preceding_5y__M2__ridge__none,ESP,2008,2011,19,10.0,5.0,0.2777777777777778
S4__HLO_to_P__four_year_preceding_5y__M2__ridge__none,FIN,2008,2011,19,6.0,3.0,0.16666666666666666
S4__HLO_to_P__four_year_preceding_5y__M2__ridge__none,HRV,2008,2011,19,8.0,1.0,0.3888888888888889
S4__HLO_to_P__four_year_preceding_5y__M2__ridge__none,IDN,2008,2011,19,17.0,19.0,0.1111111111111111
S4__HLO_to_P__four_year_preceding_5y__M2__ridge__none,IRN,2008,2011,19,16.0,15.0,0.05555555555555555
S4__HLO_to_P__four_year_preceding_5y__M2__ridge__none,ITA,2008,2011,19,11.0,10.0,0.05555555555555555
S4__HLO_to_P__four_year_preceding_5y__M2__ridge__none,KOR,2008,2011,19,3.0,6.0,0.16666666666666666
S4__HLO_to_P__four_year_preceding_5y__M2__ridge__none,MAR,2008,2011,19,19.0,18.0,0.05555555555555555
S4__HLO_to_P__four_year_preceding_5y__M2__ridge__none,NOR,2008,2011,19,5.0,4.0,0.05555555555555555
S4__HLO_to_P__four_year_preceding_5y__M2__ridge__none,OMN,2008,2011,19,12.0,16.0,0.2222222222222222
S4__HLO_to_P__four_year_preceding_5y__M2__ridge__none,POL,2008,2011,19,7.0,2.0,0.2777777777777778
S4__HLO_to_P__four_year_preceding_5y__M2__ridge__none,QAT,2008,2011,19,15.0,12.0,0.16666666666666666
S4__HLO_to_P__four_year_preceding_5y__M2__ridge__none,SAU,2008,2011,19,18.0,14.0,0.2222222222222222
S4__HLO_to_P__four_year_preceding_5y__M2__ridge__none,SRB,2008,2011,19,9.0,11.0,0.1111111111111111
S4__HLO_to_P__four_year_preceding_5y__M2__ridge__none,TUR,2008,2011,19,14.0,13.0,0.05555555555555555
S4__HLO_to_P__four_year_preceding_5y__M2__ridge__none,BHR,2012,2015,18,11.0,10.0,0.058823529411764705
S4__HLO_to_P__four_year_preceding_5y__M2__ridge__none,BRA,2012,2015,18,12.0,11.0,0.058823529411764705
S4__HLO_to_P__four_year_preceding_5y__M2__ridge__none,CHL,2012,2015,18,15.0,9.0,0.35294117647058826
S4__HLO_to_P__four_year_preceding_5y__M2__ridge__none,DEU,2012,2015,18,2.0,5.0,0.17647058823529413
S4__HLO_to_P__four_year_preceding_5y__M2__ridge__none,EGY,2012,2015,18,13.0,17.0,0.23529411764705882
S4__HLO_to_P__four_year_preceding_5y__M2__ridge__none,ESP,2012,2015,18,5.0,3.0,0.11764705882352941
S4__HLO_to_P__four_year_preceding_5y__M2__ridge__none,FIN,2012,2015,18,3.0,4.0,0.058823529411764705
S4__HLO_to_P__four_year_preceding_5y__M2__ridge__none,HRV,2012,2015,18,8.0,1.0,0.4117647058823529
S4__HLO_to_P__four_year_preceding_5y__M2__ridge__none,IDN,2012,2015,18,9.0,18.0,0.5294117647058824
S4__HLO_to_P__four_year_preceding_5y__M2__ridge__none,JOR,2012,2015,18,18.0,15.0,0.17647058823529413
S4__HLO_to_P__four_year_preceding_5y__M2__ridge__none,JPN,2012,2015,18,1.0,6.0,0.29411764705882354
S4__HLO_to_P__four_year_preceding_5y__M2__ridge__none,KAZ,2012,2015,18,14.0,14.0,0.0
S4__HLO_to_P__four_year_preceding_5y__M2__ridge__none,MAR,2012,2015,18,16.0,16.0,0.0
S4__HLO_to_P__four_year_preceding_5y__M2__ridge__none,MEX,2012,2015,18,7.0,13.0,0.35294117647058826
S4__HLO_to_P__four_year_preceding_5y__M2__ridge__none,OMN,2012,2015,18,10.0,12.0,0.11764705882352941
S4__HLO_to_P__four_year_preceding_5y__M2__ridge__none,POL,2012,2015,18,4.0,2.0,0.11764705882352941
S4__HLO_to_P__four_year_preceding_5y__M2__ridge__none,SAU,2012,2015,18,17.0,7.0,0.5882352941176471
S4__HLO_to_P__four_year_preceding_5y__M2__ridge__none,SRB,2012,2015,18,6.0,8.0,0.11764705882352941
S4__HLO_to_P__four_year_preceding_5y__M3__ridge__none,ISL,2000,2003,7,2.0,3.0,0.16666666666666666
S4__HLO_to_P__four_year_preceding_5y__M3__ridge__none,LTU,2000,2003,7,5.0,4.0,0.16666666666666666
S4__HLO_to_P__four_year_preceding_5y__M3__ridge__none,NLD,2000,2003,7,3.0,2.0,0.16666666666666666
S4__HLO_to_P__four_year_preceding_5y__M3__ridge__none,NOR,2000,2003,7,1.0,5.0,0.6666666666666666
S4__HLO_to_P__four_year_preceding_5y__M3__ridge__none,PHL,2000,2003,7,4.0,7.0,0.5
S4__HLO_to_P__four_year_preceding_5y__M3__ridge__none,USA,2000,2003,7,6.0,1.0,0.8333333333333334
S4__HLO_to_P__four_year_preceding_5y__M3__ridge__none,ZAF,2000,2003,7,7.0,6.0,0.16666666666666666
S4__HLO_to_P__four_year_preceding_5y__M3__ridge__none,BRA,2004,2007,5,4.0,4.0,0.0
S4__HLO_to_P__four_year_preceding_5y__M3__ridge__none,CHL,2004,2007,5,3.0,3.0,0.0
S4__HLO_to_P__four_year_preceding_5y__M3__ridge__none,JPN,2004,2007,5,1.0,2.0,0.25
S4__HLO_to_P__four_year_preceding_5y__M3__ridge__none,MAR,2004,2007,5,5.0,5.0,0.0
S4__HLO_to_P__four_year_preceding_5y__M3__ridge__none,NLD,2004,2007,5,2.0,1.0,0.25
S4__HLO_to_P__four_year_preceding_5y__M3__ridge__none,AUT,2008,2011,19,1.0,9.0,0.4444444444444444
S4__HLO_to_P__four_year_preceding_5y__M3__ridge__none,CAN,2008,2011,19,2.0,8.0,0.3333333333333333
S4__HLO_to_P__four_year_preceding_5y__M3__ridge__none,COL,2008,2011,19,13.0,16.0,0.16666666666666666
S4__HLO_to_P__four_year_preceding_5y__M3__ridge__none,DEU,2008,2011,19,4.0,6.0,0.1111111111111111
S4__HLO_to_P__four_year_preceding_5y__M3__ridge__none,ESP,2008,2011,19,10.0,7.0,0.16666666666666666
S4__HLO_to_P__four_year_preceding_5y__M3__ridge__none,FIN,2008,2011,19,6.0,1.0,0.2777777777777778
S4__HLO_to_P__four_year_preceding_5y__M3__ridge__none,HRV,2008,2011,19,8.0,3.0,0.2777777777777778
S4__HLO_to_P__four_year_preceding_5y__M3__ridge__none,IDN,2008,2011,19,17.0,19.0,0.1111111111111111
S4__HLO_to_P__four_year_preceding_5y__M3__ridge__none,IRN,2008,2011,19,16.0,15.0,0.05555555555555555
S4__HLO_to_P__four_year_preceding_5y__M3__ridge__none,ITA,2008,2011,19,11.0,10.0,0.05555555555555555
S4__HLO_to_P__four_year_preceding_5y__M3__ridge__none,KOR,2008,2011,19,3.0,2.0,0.05555555555555555
S4__HLO_to_P__four_year_preceding_5y__M3__ridge__none,MAR,2008,2011,19,19.0,18.0,0.05555555555555555
S4__HLO_to_P__four_year_preceding_5y__M3__ridge__none,NOR,2008,2011,19,5.0,5.0,0.0
S4__HLO_to_P__four_year_preceding_5y__M3__ridge__none,OMN,2008,2011,19,12.0,17.0,0.2777777777777778
S4__HLO_to_P__four_year_preceding_5y__M3__ridge__none,POL,2008,2011,19,7.0,4.0,0.16666666666666666
S4__HLO_to_P__four_year_preceding_5y__M3__ridge__none,QAT,2008,2011,19,15.0,12.0,0.16666666666666666
S4__HLO_to_P__four_year_preceding_5y__M3__ridge__none,SAU,2008,2011,19,18.0,14.0,0.2222222222222222
S4__HLO_to_P__four_year_preceding_5y__M3__ridge__none,SRB,2008,2011,19,9.0,11.0,0.1111111111111111
S4__HLO_to_P__four_year_preceding_5y__M3__ridge__none,TUR,2008,2011,19,14.0,13.0,0.05555555555555555
S4__HLO_to_P__four_year_preceding_5y__M3__ridge__none,BHR,2012,2015,18,11.0,9.0,0.11764705882352941
S4__HLO_to_P__four_year_preceding_5y__M3__ridge__none,BRA,2012,2015,18,12.0,11.0,0.058823529411764705
S4__HLO_to_P__four_year_preceding_5y__M3__ridge__none,CHL,2012,2015,18,15.0,8.0,0.4117647058823529
S4__HLO_to_P__four_year_preceding_5y__M3__ridge__none,DEU,2012,2015,18,2.0,5.0,0.17647058823529413
S4__HLO_to_P__four_year_preceding_5y__M3__ridge__none,EGY,2012,2015,18,13.0,17.0,0.23529411764705882
S4__HLO_to_P__four_year_preceding_5y__M3__ridge__none,ESP,2012,2015,18,5.0,4.0,0.058823529411764705
S4__HLO_to_P__four_year_preceding_5y__M3__ridge__none,FIN,2012,2015,18,3.0,3.0,0.0
S4__HLO_to_P__four_year_preceding_5y__M3__ridge__none,HRV,2012,2015,18,8.0,2.0,0.35294117647058826
S4__HLO_to_P__four_year_preceding_5y__M3__ridge__none,IDN,2012,2015,18,9.0,18.0,0.5294117647058824
S4__HLO_to_P__four_year_preceding_5y__M3__ridge__none,JOR,2012,2015,18,18.0,15.0,0.17647058823529413
S4__HLO_to_P__four_year_preceding_5y__M3__ridge__none,JPN,2012,2015,18,1.0,6.0,0.29411764705882354
S4__HLO_to_P__four_year_preceding_5y__M3__ridge__none,KAZ,2012,2015,18,14.0,12.0,0.11764705882352941
S4__HLO_to_P__four_year_preceding_5y__M3__ridge__none,MAR,2012,2015,18,16.0,16.0,0.0
S4__HLO_to_P__four_year_preceding_5y__M3__ridge__none,MEX,2012,2015,18,7.0,14.0,0.4117647058823529
S4__HLO_to_P__four_year_preceding_5y__M3__ridge__none,OMN,2012,2015,18,10.0,13.0,0.17647058823529413
S4__HLO_to_P__four_year_preceding_5y__M3__ridge__none,POL,2012,2015,18,4.0,1.0,0.17647058823529413
S4__HLO_to_P__four_year_preceding_5y__M3__ridge__none,SAU,2012,2015,18,17.0,10.0,0.4117647058823529
S4__HLO_to_P__four_year_preceding_5y__M3__ridge__none,SRB,2012,2015,18,6.0,7.0,0.058823529411764705
S4__P_to_HLO__four_year_preceding_5y__M1__ridge__none,ISL,2000,2003,7,4.0,2.0,0.3333333333333333
S4__P_to_HLO__four_year_preceding_5y__M1__ridge__none,LTU,2000,2003,7,3.0,5.0,0.3333333333333333
S4__P_to_HLO__four_year_preceding_5y__M1__ridge__none,NLD,2000,2003,7,1.0,3.0,0.3333333333333333
S4__P_to_HLO__four_year_preceding_5y__M1__ridge__none,NOR,2000,2003,7,5.0,1.0,0.6666666666666666
S4__P_to_HLO__four_year_preceding_5y__M1__ridge__none,PHL,2000,2003,7,6.0,4.0,0.3333333333333333
S4__P_to_HLO__four_year_preceding_5y__M1__ridge__none,USA,2000,2003,7,2.0,6.0,0.6666666666666666
S4__P_to_HLO__four_year_preceding_5y__M1__ridge__none,ZAF,2000,2003,7,7.0,7.0,0.0
S4__P_to_HLO__four_year_preceding_5y__M1__ridge__none,BRA,2004,2007,5,4.0,4.0,0.0
S4__P_to_HLO__four_year_preceding_5y__M1__ridge__none,CHL,2004,2007,5,3.0,3.0,0.0
S4__P_to_HLO__four_year_preceding_5y__M1__ridge__none,JPN,2004,2007,5,1.0,1.0,0.0
S4__P_to_HLO__four_year_preceding_5y__M1__ridge__none,MAR,2004,2007,5,5.0,5.0,0.0
S4__P_to_HLO__four_year_preceding_5y__M1__ridge__none,NLD,2004,2007,5,2.0,2.0,0.0
S4__P_to_HLO__four_year_preceding_5y__M1__ridge__none,AUT,2008,2011,19,5.0,1.0,0.2222222222222222
S4__P_to_HLO__four_year_preceding_5y__M1__ridge__none,CAN,2008,2011,19,3.0,2.0,0.05555555555555555
S4__P_to_HLO__four_year_preceding_5y__M1__ridge__none,COL,2008,2011,19,14.0,13.0,0.05555555555555555
S4__P_to_HLO__four_year_preceding_5y__M1__ridge__none,DEU,2008,2011,19,4.0,4.0,0.0
S4__P_to_HLO__four_year_preceding_5y__M1__ridge__none,ESP,2008,2011,19,10.0,10.0,0.0
S4__P_to_HLO__four_year_preceding_5y__M1__ridge__none,FIN,2008,2011,19,2.0,6.0,0.2222222222222222
S4__P_to_HLO__four_year_preceding_5y__M1__ridge__none,HRV,2008,2011,19,8.0,8.0,0.0
S4__P_to_HLO__four_year_preceding_5y__M1__ridge__none,IDN,2008,2011,19,16.0,16.0,0.0
S4__P_to_HLO__four_year_preceding_5y__M1__ridge__none,IRN,2008,2011,19,13.0,17.0,0.2222222222222222
S4__P_to_HLO__four_year_preceding_5y__M1__ridge__none,ITA,2008,2011,19,6.0,11.0,0.2777777777777778
S4__P_to_HLO__four_year_preceding_5y__M1__ridge__none,KOR,2008,2011,19,1.0,3.0,0.1111111111111111
S4__P_to_HLO__four_year_preceding_5y__M1__ridge__none,MAR,2008,2011,19,19.0,19.0,0.0
S4__P_to_HLO__four_year_preceding_5y__M1__ridge__none,NOR,2008,2011,19,9.0,5.0,0.2222222222222222
S4__P_to_HLO__four_year_preceding_5y__M1__ridge__none,OMN,2008,2011,19,18.0,12.0,0.3333333333333333
S4__P_to_HLO__four_year_preceding_5y__M1__ridge__none,POL,2008,2011,19,7.0,7.0,0.0
S4__P_to_HLO__four_year_preceding_5y__M1__ridge__none,QAT,2008,2011,19,17.0,15.0,0.1111111111111111
S4__P_to_HLO__four_year_preceding_5y__M1__ridge__none,SAU,2008,2011,19,15.0,18.0,0.16666666666666666
S4__P_to_HLO__four_year_preceding_5y__M1__ridge__none,SRB,2008,2011,19,11.0,9.0,0.1111111111111111
S4__P_to_HLO__four_year_preceding_5y__M1__ridge__none,TUR,2008,2011,19,12.0,14.0,0.1111111111111111
S4__P_to_HLO__four_year_preceding_5y__M1__ridge__none,BHR,2012,2015,18,10.0,11.0,0.058823529411764705
S4__P_to_HLO__four_year_preceding_5y__M1__ridge__none,BRA,2012,2015,18,13.0,13.0,0.0
S4__P_to_HLO__four_year_preceding_5y__M1__ridge__none,CHL,2012,2015,18,9.0,15.0,0.35294117647058826
S4__P_to_HLO__four_year_preceding_5y__M1__ridge__none,DEU,2012,2015,18,4.0,2.0,0.11764705882352941
S4__P_to_HLO__four_year_preceding_5y__M1__ridge__none,EGY,2012,2015,18,18.0,12.0,0.35294117647058826
S4__P_to_HLO__four_year_preceding_5y__M1__ridge__none,ESP,2012,2015,18,5.0,5.0,0.0
S4__P_to_HLO__four_year_preceding_5y__M1__ridge__none,FIN,2012,2015,18,2.0,3.0,0.058823529411764705
S4__P_to_HLO__four_year_preceding_5y__M1__ridge__none,HRV,2012,2015,18,6.0,9.0,0.17647058823529413
S4__P_to_HLO__four_year_preceding_5y__M1__ridge__none,IDN,2012,2015,18,14.0,8.0,0.35294117647058826
S4__P_to_HLO__four_year_preceding_5y__M1__ridge__none,JOR,2012,2015,18,15.0,18.0,0.17647058823529413
S4__P_to_HLO__four_year_preceding_5y__M1__ridge__none,JPN,2012,2015,18,1.0,1.0,0.0
S4__P_to_HLO__four_year_preceding_5y__M1__ridge__none,KAZ,2012,2015,18,7.0,14.0,0.4117647058823529
S4__P_to_HLO__four_year_preceding_5y__M1__ridge__none,MAR,2012,2015,18,17.0,16.0,0.058823529411764705
S4__P_to_HLO__four_year_preceding_5y__M1__ridge__none,MEX,2012,2015,18,11.0,7.0,0.23529411764705882
S4__P_to_HLO__four_year_preceding_5y__M1__ridge__none,OMN,2012,2015,18,12.0,10.0,0.11764705882352941
S4__P_to_HLO__four_year_preceding_5y__M1__ridge__none,POL,2012,2015,18,3.0,4.0,0.058823529411764705
S4__P_to_HLO__four_year_preceding_5y__M1__ridge__none,SAU,2012,2015,18,16.0,17.0,0.058823529411764705
S4__P_to_HLO__four_year_preceding_5y__M1__ridge__none,SRB,2012,2015,18,8.0,6.0,0.11764705882352941
S4__P_to_HLO__four_year_preceding_5y__M2__ridge__none,ISL,2000,2003,7,4.0,3.0,0.16666666666666666
S4__P_to_HLO__four_year_preceding_5y__M2__ridge__none,LTU,2000,2003,7,3.0,4.0,0.16666666666666666
S4__P_to_HLO__four_year_preceding_5y__M2__ridge__none,NLD,2000,2003,7,1.0,1.0,0.0
S4__P_to_HLO__four_year_preceding_5y__M2__ridge__none,NOR,2000,2003,7,5.0,2.0,0.5
S4__P_to_HLO__four_year_preceding_5y__M2__ridge__none,PHL,2000,2003,7,6.0,7.0,0.16666666666666666
S4__P_to_HLO__four_year_preceding_5y__M2__ridge__none,USA,2000,2003,7,2.0,5.0,0.5
S4__P_to_HLO__four_year_preceding_5y__M2__ridge__none,ZAF,2000,2003,7,7.0,6.0,0.16666666666666666
S4__P_to_HLO__four_year_preceding_5y__M2__ridge__none,BRA,2004,2007,5,4.0,4.0,0.0
S4__P_to_HLO__four_year_preceding_5y__M2__ridge__none,CHL,2004,2007,5,3.0,3.0,0.0
S4__P_to_HLO__four_year_preceding_5y__M2__ridge__none,JPN,2004,2007,5,1.0,1.0,0.0
S4__P_to_HLO__four_year_preceding_5y__M2__ridge__none,MAR,2004,2007,5,5.0,5.0,0.0
S4__P_to_HLO__four_year_preceding_5y__M2__ridge__none,NLD,2004,2007,5,2.0,2.0,0.0
S4__P_to_HLO__four_year_preceding_5y__M2__ridge__none,AUT,2008,2011,19,5.0,4.0,0.05555555555555555
S4__P_to_HLO__four_year_preceding_5y__M2__ridge__none,CAN,2008,2011,19,3.0,10.0,0.3888888888888889
S4__P_to_HLO__four_year_preceding_5y__M2__ridge__none,COL,2008,2011,19,14.0,16.0,0.1111111111111111
S4__P_to_HLO__four_year_preceding_5y__M2__ridge__none,DEU,2008,2011,19,4.0,2.0,0.1111111111111111
S4__P_to_HLO__four_year_preceding_5y__M2__ridge__none,ESP,2008,2011,19,10.0,1.0,0.5
S4__P_to_HLO__four_year_preceding_5y__M2__ridge__none,FIN,2008,2011,19,2.0,8.0,0.3333333333333333
S4__P_to_HLO__four_year_preceding_5y__M2__ridge__none,HRV,2008,2011,19,8.0,9.0,0.05555555555555555
S4__P_to_HLO__four_year_preceding_5y__M2__ridge__none,IDN,2008,2011,19,16.0,19.0,0.16666666666666666
S4__P_to_HLO__four_year_preceding_5y__M2__ridge__none,IRN,2008,2011,19,13.0,13.0,0.0
S4__P_to_HLO__four_year_preceding_5y__M2__ridge__none,ITA,2008,2011,19,6.0,7.0,0.05555555555555555
S4__P_to_HLO__four_year_preceding_5y__M2__ridge__none,KOR,2008,2011,19,1.0,3.0,0.1111111111111111
S4__P_to_HLO__four_year_preceding_5y__M2__ridge__none,MAR,2008,2011,19,19.0,18.0,0.05555555555555555
S4__P_to_HLO__four_year_preceding_5y__M2__ridge__none,NOR,2008,2011,19,9.0,5.0,0.2222222222222222
S4__P_to_HLO__four_year_preceding_5y__M2__ridge__none,OMN,2008,2011,19,18.0,15.0,0.16666666666666666
S4__P_to_HLO__four_year_preceding_5y__M2__ridge__none,POL,2008,2011,19,7.0,6.0,0.05555555555555555
S4__P_to_HLO__four_year_preceding_5y__M2__ridge__none,QAT,2008,2011,19,17.0,12.0,0.2777777777777778
S4__P_to_HLO__four_year_preceding_5y__M2__ridge__none,SAU,2008,2011,19,15.0,17.0,0.1111111111111111
S4__P_to_HLO__four_year_preceding_5y__M2__ridge__none,SRB,2008,2011,19,11.0,11.0,0.0
S4__P_to_HLO__four_year_preceding_5y__M2__ridge__none,TUR,2008,2011,19,12.0,14.0,0.1111111111111111
S4__P_to_HLO__four_year_preceding_5y__M2__ridge__none,BHR,2012,2015,18,10.0,8.0,0.11764705882352941
S4__P_to_HLO__four_year_preceding_5y__M2__ridge__none,BRA,2012,2015,18,13.0,10.0,0.17647058823529413
S4__P_to_HLO__four_year_preceding_5y__M2__ridge__none,CHL,2012,2015,18,9.0,9.0,0.0
S4__P_to_HLO__four_year_preceding_5y__M2__ridge__none,DEU,2012,2015,18,4.0,2.0,0.11764705882352941
S4__P_to_HLO__four_year_preceding_5y__M2__ridge__none,EGY,2012,2015,18,18.0,16.0,0.11764705882352941
S4__P_to_HLO__four_year_preceding_5y__M2__ridge__none,ESP,2012,2015,18,5.0,1.0,0.23529411764705882
S4__P_to_HLO__four_year_preceding_5y__M2__ridge__none,FIN,2012,2015,18,2.0,6.0,0.23529411764705882
S4__P_to_HLO__four_year_preceding_5y__M2__ridge__none,HRV,2012,2015,18,6.0,4.0,0.11764705882352941
S4__P_to_HLO__four_year_preceding_5y__M2__ridge__none,IDN,2012,2015,18,14.0,17.0,0.17647058823529413
S4__P_to_HLO__four_year_preceding_5y__M2__ridge__none,JOR,2012,2015,18,15.0,18.0,0.17647058823529413
S4__P_to_HLO__four_year_preceding_5y__M2__ridge__none,JPN,2012,2015,18,1.0,5.0,0.23529411764705882
S4__P_to_HLO__four_year_preceding_5y__M2__ridge__none,KAZ,2012,2015,18,7.0,14.0,0.4117647058823529
S4__P_to_HLO__four_year_preceding_5y__M2__ridge__none,MAR,2012,2015,18,17.0,15.0,0.11764705882352941
S4__P_to_HLO__four_year_preceding_5y__M2__ridge__none,MEX,2012,2015,18,11.0,13.0,0.11764705882352941
S4__P_to_HLO__four_year_preceding_5y__M2__ridge__none,OMN,2012,2015,18,12.0,12.0,0.0
S4__P_to_HLO__four_year_preceding_5y__M2__ridge__none,POL,2012,2015,18,3.0,3.0,0.0
S4__P_to_HLO__four_year_preceding_5y__M2__ridge__none,SAU,2012,2015,18,16.0,11.0,0.29411764705882354
S4__P_to_HLO__four_year_preceding_5y__M2__ridge__none,SRB,2012,2015,18,8.0,7.0,0.058823529411764705
S4__P_to_HLO__four_year_preceding_5y__M3__ridge__none,ISL,2000,2003,7,4.0,3.0,0.16666666666666666
S4__P_to_HLO__four_year_preceding_5y__M3__ridge__none,LTU,2000,2003,7,3.0,4.0,0.16666666666666666
S4__P_to_HLO__four_year_preceding_5y__M3__ridge__none,NLD,2000,2003,7,1.0,2.0,0.16666666666666666
S4__P_to_HLO__four_year_preceding_5y__M3__ridge__none,NOR,2000,2003,7,5.0,1.0,0.6666666666666666
S4__P_to_HLO__four_year_preceding_5y__M3__ridge__none,PHL,2000,2003,7,6.0,6.0,0.0
S4__P_to_HLO__four_year_preceding_5y__M3__ridge__none,USA,2000,2003,7,2.0,5.0,0.5
S4__P_to_HLO__four_year_preceding_5y__M3__ridge__none,ZAF,2000,2003,7,7.0,7.0,0.0
S4__P_to_HLO__four_year_preceding_5y__M3__ridge__none,BRA,2004,2007,5,4.0,4.0,0.0
S4__P_to_HLO__four_year_preceding_5y__M3__ridge__none,CHL,2004,2007,5,3.0,3.0,0.0
S4__P_to_HLO__four_year_preceding_5y__M3__ridge__none,JPN,2004,2007,5,1.0,1.0,0.0
S4__P_to_HLO__four_year_preceding_5y__M3__ridge__none,MAR,2004,2007,5,5.0,5.0,0.0
S4__P_to_HLO__four_year_preceding_5y__M3__ridge__none,NLD,2004,2007,5,2.0,2.0,0.0
S4__P_to_HLO__four_year_preceding_5y__M3__ridge__none,AUT,2008,2011,19,5.0,1.0,0.2222222222222222
S4__P_to_HLO__four_year_preceding_5y__M3__ridge__none,CAN,2008,2011,19,3.0,6.0,0.16666666666666666
S4__P_to_HLO__four_year_preceding_5y__M3__ridge__none,COL,2008,2011,19,14.0,14.0,0.0
S4__P_to_HLO__four_year_preceding_5y__M3__ridge__none,DEU,2008,2011,19,4.0,3.0,0.05555555555555555
S4__P_to_HLO__four_year_preceding_5y__M3__ridge__none,ESP,2008,2011,19,10.0,4.0,0.3333333333333333
S4__P_to_HLO__four_year_preceding_5y__M3__ridge__none,FIN,2008,2011,19,2.0,10.0,0.4444444444444444
S4__P_to_HLO__four_year_preceding_5y__M3__ridge__none,HRV,2008,2011,19,8.0,9.0,0.05555555555555555
S4__P_to_HLO__four_year_preceding_5y__M3__ridge__none,IDN,2008,2011,19,16.0,18.0,0.1111111111111111
S4__P_to_HLO__four_year_preceding_5y__M3__ridge__none,IRN,2008,2011,19,13.0,16.0,0.16666666666666666
S4__P_to_HLO__four_year_preceding_5y__M3__ridge__none,ITA,2008,2011,19,6.0,8.0,0.1111111111111111
S4__P_to_HLO__four_year_preceding_5y__M3__ridge__none,KOR,2008,2011,19,1.0,2.0,0.05555555555555555
S4__P_to_HLO__four_year_preceding_5y__M3__ridge__none,MAR,2008,2011,19,19.0,19.0,0.0
S4__P_to_HLO__four_year_preceding_5y__M3__ridge__none,NOR,2008,2011,19,9.0,5.0,0.2222222222222222
S4__P_to_HLO__four_year_preceding_5y__M3__ridge__none,OMN,2008,2011,19,18.0,15.0,0.16666666666666666
S4__P_to_HLO__four_year_preceding_5y__M3__ridge__none,POL,2008,2011,19,7.0,7.0,0.0
S4__P_to_HLO__four_year_preceding_5y__M3__ridge__none,QAT,2008,2011,19,17.0,12.0,0.2777777777777778
S4__P_to_HLO__four_year_preceding_5y__M3__ridge__none,SAU,2008,2011,19,15.0,17.0,0.1111111111111111
S4__P_to_HLO__four_year_preceding_5y__M3__ridge__none,SRB,2008,2011,19,11.0,11.0,0.0
S4__P_to_HLO__four_year_preceding_5y__M3__ridge__none,TUR,2008,2011,19,12.0,13.0,0.05555555555555555
S4__P_to_HLO__four_year_preceding_5y__M3__ridge__none,BHR,2012,2015,18,10.0,8.0,0.11764705882352941
S4__P_to_HLO__four_year_preceding_5y__M3__ridge__none,BRA,2012,2015,18,13.0,9.0,0.23529411764705882
S4__P_to_HLO__four_year_preceding_5y__M3__ridge__none,CHL,2012,2015,18,9.0,10.0,0.058823529411764705
S4__P_to_HLO__four_year_preceding_5y__M3__ridge__none,DEU,2012,2015,18,4.0,2.0,0.11764705882352941
S4__P_to_HLO__four_year_preceding_5y__M3__ridge__none,EGY,2012,2015,18,18.0,16.0,0.11764705882352941
S4__P_to_HLO__four_year_preceding_5y__M3__ridge__none,ESP,2012,2015,18,5.0,3.0,0.11764705882352941
S4__P_to_HLO__four_year_preceding_5y__M3__ridge__none,FIN,2012,2015,18,2.0,5.0,0.17647058823529413
S4__P_to_HLO__four_year_preceding_5y__M3__ridge__none,HRV,2012,2015,18,6.0,6.0,0.0
S4__P_to_HLO__four_year_preceding_5y__M3__ridge__none,IDN,2012,2015,18,14.0,15.0,0.058823529411764705
S4__P_to_HLO__four_year_preceding_5y__M3__ridge__none,JOR,2012,2015,18,15.0,18.0,0.17647058823529413
S4__P_to_HLO__four_year_preceding_5y__M3__ridge__none,JPN,2012,2015,18,1.0,1.0,0.0
S4__P_to_HLO__four_year_preceding_5y__M3__ridge__none,KAZ,2012,2015,18,7.0,14.0,0.4117647058823529
S4__P_to_HLO__four_year_preceding_5y__M3__ridge__none,MAR,2012,2015,18,17.0,17.0,0.0
S4__P_to_HLO__four_year_preceding_5y__M3__ridge__none,MEX,2012,2015,18,11.0,11.0,0.0
S4__P_to_HLO__four_year_preceding_5y__M3__ridge__none,OMN,2012,2015,18,12.0,12.0,0.0
S4__P_to_HLO__four_year_preceding_5y__M3__ridge__none,POL,2012,2015,18,3.0,4.0,0.058823529411764705
S4__P_to_HLO__four_year_preceding_5y__M3__ridge__none,SAU,2012,2015,18,16.0,13.0,0.17647058823529413
S4__P_to_HLO__four_year_preceding_5y__M3__ridge__none,SRB,2012,2015,18,8.0,7.0,0.058823529411764705
SA5__HLO_to_P__assessment_specific_5y_fixed__M1__ridge__none,ISL,2000,2004,5,2.0,2.0,0.0
SA5__HLO_to_P__assessment_specific_5y_fixed__M1__ridge__none,NLD,2000,2004,5,3.0,1.0,0.5
SA5__HLO_to_P__assessment_specific_5y_fixed__M1__ridge__none,NOR,2000,2004,5,1.0,3.0,0.5
SA5__HLO_to_P__assessment_specific_5y_fixed__M1__ridge__none,PHL,2000,2004,5,4.0,4.0,0.0
SA5__HLO_to_P__assessment_specific_5y_fixed__M1__ridge__none,ZAF,2000,2004,5,5.0,5.0,0.0
SA5__HLO_to_P__assessment_specific_5y_fixed__M1__ridge__none,AUT,2005,2009,17,2.0,5.0,0.1875
SA5__HLO_to_P__assessment_specific_5y_fixed__M1__ridge__none,BRA,2005,2009,17,12.0,13.0,0.0625
SA5__HLO_to_P__assessment_specific_5y_fixed__M1__ridge__none,CHL,2005,2009,17,13.0,11.0,0.125
SA5__HLO_to_P__assessment_specific_5y_fixed__M1__ridge__none,CRI,2005,2009,17,10.0,10.0,0.0
SA5__HLO_to_P__assessment_specific_5y_fixed__M1__ridge__none,DEU,2005,2009,17,4.0,3.0,0.0625
SA5__HLO_to_P__assessment_specific_5y_fixed__M1__ridge__none,IDN,2005,2009,17,16.0,14.0,0.125
SA5__HLO_to_P__assessment_specific_5y_fixed__M1__ridge__none,IRN,2005,2009,17,15.0,12.0,0.1875
SA5__HLO_to_P__assessment_specific_5y_fixed__M1__ridge__none,ITA,2005,2009,17,9.0,7.0,0.125
SA5__HLO_to_P__assessment_specific_5y_fixed__M1__ridge__none,JPN,2005,2009,17,1.0,1.0,0.0
SA5__HLO_to_P__assessment_specific_5y_fixed__M1__ridge__none,MAR,2005,2009,17,17.0,16.0,0.0625
SA5__HLO_to_P__assessment_specific_5y_fixed__M1__ridge__none,NLD,2005,2009,17,3.0,2.0,0.0625
SA5__HLO_to_P__assessment_specific_5y_fixed__M1__ridge__none,NOR,2005,2009,17,6.0,8.0,0.125
SA5__HLO_to_P__assessment_specific_5y_fixed__M1__ridge__none,PER,2005,2009,17,8.0,15.0,0.4375
SA5__HLO_to_P__assessment_specific_5y_fixed__M1__ridge__none,POL,2005,2009,17,7.0,4.0,0.1875
SA5__HLO_to_P__assessment_specific_5y_fixed__M1__ridge__none,QAT,2005,2009,17,14.0,17.0,0.1875
SA5__HLO_to_P__assessment_specific_5y_fixed__M1__ridge__none,SVN,2005,2009,17,5.0,6.0,0.0625
SA5__HLO_to_P__assessment_specific_5y_fixed__M1__ridge__none,UKR,2005,2009,17,11.0,9.0,0.125
SA5__HLO_to_P__assessment_specific_5y_fixed__M1__ridge__none,BRA,2010,2014,20,9.0,12.0,0.15789473684210525
SA5__HLO_to_P__assessment_specific_5y_fixed__M1__ridge__none,CHL,2010,2014,20,17.0,10.0,0.3684210526315789
SA5__HLO_to_P__assessment_specific_5y_fixed__M1__ridge__none,COL,2010,2014,20,12.0,13.0,0.05263157894736842
SA5__HLO_to_P__assessment_specific_5y_fixed__M1__ridge__none,DEU,2010,2014,20,3.0,3.0,0.0
SA5__HLO_to_P__assessment_specific_5y_fixed__M1__ridge__none,ESP,2010,2014,20,6.0,7.0,0.05263157894736842
SA5__HLO_to_P__assessment_specific_5y_fixed__M1__ridge__none,FIN,2010,2014,20,1.0,2.0,0.05263157894736842
SA5__HLO_to_P__assessment_specific_5y_fixed__M1__ridge__none,GHA,2010,2014,20,20.0,20.0,0.0
SA5__HLO_to_P__assessment_specific_5y_fixed__M1__ridge__none,HRV,2010,2014,20,8.0,6.0,0.10526315789473684
SA5__HLO_to_P__assessment_specific_5y_fixed__M1__ridge__none,IDN,2010,2014,20,15.0,15.0,0.0
SA5__HLO_to_P__assessment_specific_5y_fixed__M1__ridge__none,ITA,2010,2014,20,10.0,5.0,0.2631578947368421
SA5__HLO_to_P__assessment_specific_5y_fixed__M1__ridge__none,JOR,2010,2014,20,18.0,16.0,0.10526315789473684
SA5__HLO_to_P__assessment_specific_5y_fixed__M1__ridge__none,KAZ,2010,2014,20,13.0,9.0,0.21052631578947367
SA5__HLO_to_P__assessment_specific_5y_fixed__M1__ridge__none,KOR,2010,2014,20,2.0,1.0,0.05263157894736842
SA5__HLO_to_P__assessment_specific_5y_fixed__M1__ridge__none,MAR,2010,2014,20,19.0,19.0,0.0
SA5__HLO_to_P__assessment_specific_5y_fixed__M1__ridge__none,MEX,2010,2014,20,7.0,11.0,0.21052631578947367
SA5__HLO_to_P__assessment_specific_5y_fixed__M1__ridge__none,OMN,2010,2014,20,11.0,18.0,0.3684210526315789
SA5__HLO_to_P__assessment_specific_5y_fixed__M1__ridge__none,POL,2010,2014,20,4.0,4.0,0.0
SA5__HLO_to_P__assessment_specific_5y_fixed__M1__ridge__none,SAU,2010,2014,20,16.0,14.0,0.10526315789473684
SA5__HLO_to_P__assessment_specific_5y_fixed__M1__ridge__none,SRB,2010,2014,20,5.0,8.0,0.15789473684210525
SA5__HLO_to_P__assessment_specific_5y_fixed__M1__ridge__none,ZAF,2010,2014,20,14.0,17.0,0.15789473684210525
SA5__HLO_to_P__assessment_specific_5y_fixed__M1__ridge__none,AUS,2015,2017,9,4.0,5.0,0.125
SA5__HLO_to_P__assessment_specific_5y_fixed__M1__ridge__none,BHR,2015,2017,9,9.0,6.0,0.375
SA5__HLO_to_P__assessment_specific_5y_fixed__M1__ridge__none,DEU,2015,2017,9,3.0,4.0,0.125
SA5__HLO_to_P__assessment_specific_5y_fixed__M1__ridge__none,EGY,2015,2017,9,8.0,9.0,0.125
SA5__HLO_to_P__assessment_specific_5y_fixed__M1__ridge__none,IDN,2015,2017,9,7.0,7.0,0.0
SA5__HLO_to_P__assessment_specific_5y_fixed__M1__ridge__none,JPN,2015,2017,9,2.0,1.0,0.125
SA5__HLO_to_P__assessment_specific_5y_fixed__M1__ridge__none,POL,2015,2017,9,1.0,3.0,0.25
SA5__HLO_to_P__assessment_specific_5y_fixed__M1__ridge__none,RUS,2015,2017,9,5.0,2.0,0.375
SA5__HLO_to_P__assessment_specific_5y_fixed__M1__ridge__none,SAU,2015,2017,9,6.0,8.0,0.25
SA5__HLO_to_P__assessment_specific_5y_fixed__M2__ridge__none,ISL,2000,2004,5,2.0,3.0,0.25
SA5__HLO_to_P__assessment_specific_5y_fixed__M2__ridge__none,NLD,2000,2004,5,3.0,1.0,0.5
SA5__HLO_to_P__assessment_specific_5y_fixed__M2__ridge__none,NOR,2000,2004,5,1.0,2.0,0.25
SA5__HLO_to_P__assessment_specific_5y_fixed__M2__ridge__none,PHL,2000,2004,5,4.0,5.0,0.25
SA5__HLO_to_P__assessment_specific_5y_fixed__M2__ridge__none,ZAF,2000,2004,5,5.0,4.0,0.25
SA5__HLO_to_P__assessment_specific_5y_fixed__M2__ridge__none,AUT,2005,2009,17,2.0,4.0,0.125
SA5__HLO_to_P__assessment_specific_5y_fixed__M2__ridge__none,BRA,2005,2009,17,12.0,13.0,0.0625
SA5__HLO_to_P__assessment_specific_5y_fixed__M2__ridge__none,CHL,2005,2009,17,13.0,11.0,0.125
SA5__HLO_to_P__assessment_specific_5y_fixed__M2__ridge__none,CRI,2005,2009,17,10.0,10.0,0.0
SA5__HLO_to_P__assessment_specific_5y_fixed__M2__ridge__none,DEU,2005,2009,17,4.0,6.0,0.125
SA5__HLO_to_P__assessment_specific_5y_fixed__M2__ridge__none,IDN,2005,2009,17,16.0,16.0,0.0
SA5__HLO_to_P__assessment_specific_5y_fixed__M2__ridge__none,IRN,2005,2009,17,15.0,14.0,0.0625
SA5__HLO_to_P__assessment_specific_5y_fixed__M2__ridge__none,ITA,2005,2009,17,9.0,5.0,0.25
SA5__HLO_to_P__assessment_specific_5y_fixed__M2__ridge__none,JPN,2005,2009,17,1.0,8.0,0.4375
SA5__HLO_to_P__assessment_specific_5y_fixed__M2__ridge__none,MAR,2005,2009,17,17.0,17.0,0.0
SA5__HLO_to_P__assessment_specific_5y_fixed__M2__ridge__none,NLD,2005,2009,17,3.0,3.0,0.0
SA5__HLO_to_P__assessment_specific_5y_fixed__M2__ridge__none,NOR,2005,2009,17,6.0,1.0,0.3125
SA5__HLO_to_P__assessment_specific_5y_fixed__M2__ridge__none,PER,2005,2009,17,8.0,15.0,0.4375
SA5__HLO_to_P__assessment_specific_5y_fixed__M2__ridge__none,POL,2005,2009,17,7.0,7.0,0.0
SA5__HLO_to_P__assessment_specific_5y_fixed__M2__ridge__none,QAT,2005,2009,17,14.0,12.0,0.125
SA5__HLO_to_P__assessment_specific_5y_fixed__M2__ridge__none,SVN,2005,2009,17,5.0,2.0,0.1875
SA5__HLO_to_P__assessment_specific_5y_fixed__M2__ridge__none,UKR,2005,2009,17,11.0,9.0,0.125
SA5__HLO_to_P__assessment_specific_5y_fixed__M2__ridge__none,BRA,2010,2014,20,9.0,13.0,0.21052631578947367
SA5__HLO_to_P__assessment_specific_5y_fixed__M2__ridge__none,CHL,2010,2014,20,17.0,10.0,0.3684210526315789
SA5__HLO_to_P__assessment_specific_5y_fixed__M2__ridge__none,COL,2010,2014,20,12.0,12.0,0.0
SA5__HLO_to_P__assessment_specific_5y_fixed__M2__ridge__none,DEU,2010,2014,20,3.0,4.0,0.05263157894736842
SA5__HLO_to_P__assessment_specific_5y_fixed__M2__ridge__none,ESP,2010,2014,20,6.0,2.0,0.21052631578947367
SA5__HLO_to_P__assessment_specific_5y_fixed__M2__ridge__none,FIN,2010,2014,20,1.0,1.0,0.0
SA5__HLO_to_P__assessment_specific_5y_fixed__M2__ridge__none,GHA,2010,2014,20,20.0,20.0,0.0
SA5__HLO_to_P__assessment_specific_5y_fixed__M2__ridge__none,HRV,2010,2014,20,8.0,3.0,0.2631578947368421
SA5__HLO_to_P__assessment_specific_5y_fixed__M2__ridge__none,IDN,2010,2014,20,15.0,18.0,0.15789473684210525
SA5__HLO_to_P__assessment_specific_5y_fixed__M2__ridge__none,ITA,2010,2014,20,10.0,7.0,0.15789473684210525
SA5__HLO_to_P__assessment_specific_5y_fixed__M2__ridge__none,JOR,2010,2014,20,18.0,16.0,0.10526315789473684
SA5__HLO_to_P__assessment_specific_5y_fixed__M2__ridge__none,KAZ,2010,2014,20,13.0,14.0,0.05263157894736842
SA5__HLO_to_P__assessment_specific_5y_fixed__M2__ridge__none,KOR,2010,2014,20,2.0,6.0,0.21052631578947367
SA5__HLO_to_P__assessment_specific_5y_fixed__M2__ridge__none,MAR,2010,2014,20,19.0,17.0,0.10526315789473684
SA5__HLO_to_P__assessment_specific_5y_fixed__M2__ridge__none,MEX,2010,2014,20,7.0,15.0,0.42105263157894735
SA5__HLO_to_P__assessment_specific_5y_fixed__M2__ridge__none,OMN,2010,2014,20,11.0,9.0,0.10526315789473684
SA5__HLO_to_P__assessment_specific_5y_fixed__M2__ridge__none,POL,2010,2014,20,4.0,5.0,0.05263157894736842
SA5__HLO_to_P__assessment_specific_5y_fixed__M2__ridge__none,SAU,2010,2014,20,16.0,11.0,0.2631578947368421
SA5__HLO_to_P__assessment_specific_5y_fixed__M2__ridge__none,SRB,2010,2014,20,5.0,8.0,0.15789473684210525
SA5__HLO_to_P__assessment_specific_5y_fixed__M2__ridge__none,ZAF,2010,2014,20,14.0,19.0,0.2631578947368421
SA5__HLO_to_P__assessment_specific_5y_fixed__M2__ridge__none,AUS,2015,2017,9,4.0,3.0,0.125
SA5__HLO_to_P__assessment_specific_5y_fixed__M2__ridge__none,BHR,2015,2017,9,9.0,5.0,0.5
SA5__HLO_to_P__assessment_specific_5y_fixed__M2__ridge__none,DEU,2015,2017,9,3.0,1.0,0.25
SA5__HLO_to_P__assessment_specific_5y_fixed__M2__ridge__none,EGY,2015,2017,9,8.0,9.0,0.125
SA5__HLO_to_P__assessment_specific_5y_fixed__M2__ridge__none,IDN,2015,2017,9,7.0,8.0,0.125
SA5__HLO_to_P__assessment_specific_5y_fixed__M2__ridge__none,JPN,2015,2017,9,2.0,4.0,0.25
SA5__HLO_to_P__assessment_specific_5y_fixed__M2__ridge__none,POL,2015,2017,9,1.0,2.0,0.125
SA5__HLO_to_P__assessment_specific_5y_fixed__M2__ridge__none,RUS,2015,2017,9,5.0,6.0,0.125
SA5__HLO_to_P__assessment_specific_5y_fixed__M2__ridge__none,SAU,2015,2017,9,6.0,7.0,0.125
SA5__HLO_to_P__assessment_specific_5y_fixed__M3__ridge__none,ISL,2000,2004,5,2.0,2.0,0.0
SA5__HLO_to_P__assessment_specific_5y_fixed__M3__ridge__none,NLD,2000,2004,5,3.0,1.0,0.5
SA5__HLO_to_P__assessment_specific_5y_fixed__M3__ridge__none,NOR,2000,2004,5,1.0,3.0,0.5
SA5__HLO_to_P__assessment_specific_5y_fixed__M3__ridge__none,PHL,2000,2004,5,4.0,5.0,0.25
SA5__HLO_to_P__assessment_specific_5y_fixed__M3__ridge__none,ZAF,2000,2004,5,5.0,4.0,0.25
SA5__HLO_to_P__assessment_specific_5y_fixed__M3__ridge__none,AUT,2005,2009,17,2.0,4.0,0.125
SA5__HLO_to_P__assessment_specific_5y_fixed__M3__ridge__none,BRA,2005,2009,17,12.0,13.0,0.0625
SA5__HLO_to_P__assessment_specific_5y_fixed__M3__ridge__none,CHL,2005,2009,17,13.0,11.0,0.125
SA5__HLO_to_P__assessment_specific_5y_fixed__M3__ridge__none,CRI,2005,2009,17,10.0,10.0,0.0
SA5__HLO_to_P__assessment_specific_5y_fixed__M3__ridge__none,DEU,2005,2009,17,4.0,5.0,0.0625
SA5__HLO_to_P__assessment_specific_5y_fixed__M3__ridge__none,IDN,2005,2009,17,16.0,17.0,0.0625
SA5__HLO_to_P__assessment_specific_5y_fixed__M3__ridge__none,IRN,2005,2009,17,15.0,12.0,0.1875
SA5__HLO_to_P__assessment_specific_5y_fixed__M3__ridge__none,ITA,2005,2009,17,9.0,6.0,0.1875
SA5__HLO_to_P__assessment_specific_5y_fixed__M3__ridge__none,JPN,2005,2009,17,1.0,8.0,0.4375
SA5__HLO_to_P__assessment_specific_5y_fixed__M3__ridge__none,MAR,2005,2009,17,17.0,16.0,0.0625
SA5__HLO_to_P__assessment_specific_5y_fixed__M3__ridge__none,NLD,2005,2009,17,3.0,1.0,0.125
SA5__HLO_to_P__assessment_specific_5y_fixed__M3__ridge__none,NOR,2005,2009,17,6.0,3.0,0.1875
SA5__HLO_to_P__assessment_specific_5y_fixed__M3__ridge__none,PER,2005,2009,17,8.0,14.0,0.375
SA5__HLO_to_P__assessment_specific_5y_fixed__M3__ridge__none,POL,2005,2009,17,7.0,7.0,0.0
SA5__HLO_to_P__assessment_specific_5y_fixed__M3__ridge__none,QAT,2005,2009,17,14.0,15.0,0.0625
SA5__HLO_to_P__assessment_specific_5y_fixed__M3__ridge__none,SVN,2005,2009,17,5.0,2.0,0.1875
SA5__HLO_to_P__assessment_specific_5y_fixed__M3__ridge__none,UKR,2005,2009,17,11.0,9.0,0.125
SA5__HLO_to_P__assessment_specific_5y_fixed__M3__ridge__none,BRA,2010,2014,20,9.0,15.0,0.3157894736842105
SA5__HLO_to_P__assessment_specific_5y_fixed__M3__ridge__none,CHL,2010,2014,20,17.0,10.0,0.3684210526315789
SA5__HLO_to_P__assessment_specific_5y_fixed__M3__ridge__none,COL,2010,2014,20,12.0,12.0,0.0
SA5__HLO_to_P__assessment_specific_5y_fixed__M3__ridge__none,DEU,2010,2014,20,3.0,3.0,0.0
SA5__HLO_to_P__assessment_specific_5y_fixed__M3__ridge__none,ESP,2010,2014,20,6.0,7.0,0.05263157894736842
SA5__HLO_to_P__assessment_specific_5y_fixed__M3__ridge__none,FIN,2010,2014,20,1.0,1.0,0.0
SA5__HLO_to_P__assessment_specific_5y_fixed__M3__ridge__none,GHA,2010,2014,20,20.0,20.0,0.0
SA5__HLO_to_P__assessment_specific_5y_fixed__M3__ridge__none,HRV,2010,2014,20,8.0,4.0,0.21052631578947367
SA5__HLO_to_P__assessment_specific_5y_fixed__M3__ridge__none,IDN,2010,2014,20,15.0,18.0,0.15789473684210525
SA5__HLO_to_P__assessment_specific_5y_fixed__M3__ridge__none,ITA,2010,2014,20,10.0,6.0,0.21052631578947367
SA5__HLO_to_P__assessment_specific_5y_fixed__M3__ridge__none,JOR,2010,2014,20,18.0,16.0,0.10526315789473684
SA5__HLO_to_P__assessment_specific_5y_fixed__M3__ridge__none,KAZ,2010,2014,20,13.0,11.0,0.10526315789473684
SA5__HLO_to_P__assessment_specific_5y_fixed__M3__ridge__none,KOR,2010,2014,20,2.0,2.0,0.0
SA5__HLO_to_P__assessment_specific_5y_fixed__M3__ridge__none,MAR,2010,2014,20,19.0,17.0,0.10526315789473684
SA5__HLO_to_P__assessment_specific_5y_fixed__M3__ridge__none,MEX,2010,2014,20,7.0,14.0,0.3684210526315789
SA5__HLO_to_P__assessment_specific_5y_fixed__M3__ridge__none,OMN,2010,2014,20,11.0,13.0,0.10526315789473684
SA5__HLO_to_P__assessment_specific_5y_fixed__M3__ridge__none,POL,2010,2014,20,4.0,5.0,0.05263157894736842
SA5__HLO_to_P__assessment_specific_5y_fixed__M3__ridge__none,SAU,2010,2014,20,16.0,9.0,0.3684210526315789
SA5__HLO_to_P__assessment_specific_5y_fixed__M3__ridge__none,SRB,2010,2014,20,5.0,8.0,0.15789473684210525
SA5__HLO_to_P__assessment_specific_5y_fixed__M3__ridge__none,ZAF,2010,2014,20,14.0,19.0,0.2631578947368421
SA5__HLO_to_P__assessment_specific_5y_fixed__M3__ridge__none,AUS,2015,2017,9,4.0,4.0,0.0
SA5__HLO_to_P__assessment_specific_5y_fixed__M3__ridge__none,BHR,2015,2017,9,9.0,6.0,0.375
SA5__HLO_to_P__assessment_specific_5y_fixed__M3__ridge__none,DEU,2015,2017,9,3.0,2.0,0.125
SA5__HLO_to_P__assessment_specific_5y_fixed__M3__ridge__none,EGY,2015,2017,9,8.0,9.0,0.125
SA5__HLO_to_P__assessment_specific_5y_fixed__M3__ridge__none,IDN,2015,2017,9,7.0,8.0,0.125
SA5__HLO_to_P__assessment_specific_5y_fixed__M3__ridge__none,JPN,2015,2017,9,2.0,3.0,0.125
SA5__HLO_to_P__assessment_specific_5y_fixed__M3__ridge__none,POL,2015,2017,9,1.0,1.0,0.0
SA5__HLO_to_P__assessment_specific_5y_fixed__M3__ridge__none,RUS,2015,2017,9,5.0,5.0,0.0
SA5__HLO_to_P__assessment_specific_5y_fixed__M3__ridge__none,SAU,2015,2017,9,6.0,7.0,0.125
SA5__HLO_to_P__primary_5y_matched__M1__ridge__none,ISL,2000,2004,5,2.0,2.0,0.0
SA5__HLO_to_P__primary_5y_matched__M1__ridge__none,NLD,2000,2004,5,3.0,1.0,0.5
SA5__HLO_to_P__primary_5y_matched__M1__ridge__none,NOR,2000,2004,5,1.0,3.0,0.5
SA5__HLO_to_P__primary_5y_matched__M1__ridge__none,PHL,2000,2004,5,4.0,4.0,0.0
SA5__HLO_to_P__primary_5y_matched__M1__ridge__none,ZAF,2000,2004,5,5.0,5.0,0.0
SA5__HLO_to_P__primary_5y_matched__M1__ridge__none,AUT,2005,2009,17,2.0,5.0,0.1875
SA5__HLO_to_P__primary_5y_matched__M1__ridge__none,BRA,2005,2009,17,12.0,13.0,0.0625
SA5__HLO_to_P__primary_5y_matched__M1__ridge__none,CHL,2005,2009,17,13.0,11.0,0.125
SA5__HLO_to_P__primary_5y_matched__M1__ridge__none,CRI,2005,2009,17,10.0,10.0,0.0
SA5__HLO_to_P__primary_5y_matched__M1__ridge__none,DEU,2005,2009,17,4.0,3.0,0.0625
SA5__HLO_to_P__primary_5y_matched__M1__ridge__none,IDN,2005,2009,17,16.0,14.0,0.125
SA5__HLO_to_P__primary_5y_matched__M1__ridge__none,IRN,2005,2009,17,15.0,12.0,0.1875
SA5__HLO_to_P__primary_5y_matched__M1__ridge__none,ITA,2005,2009,17,9.0,7.0,0.125
SA5__HLO_to_P__primary_5y_matched__M1__ridge__none,JPN,2005,2009,17,1.0,1.0,0.0
SA5__HLO_to_P__primary_5y_matched__M1__ridge__none,MAR,2005,2009,17,17.0,16.0,0.0625
SA5__HLO_to_P__primary_5y_matched__M1__ridge__none,NLD,2005,2009,17,3.0,2.0,0.0625
SA5__HLO_to_P__primary_5y_matched__M1__ridge__none,NOR,2005,2009,17,6.0,8.0,0.125
SA5__HLO_to_P__primary_5y_matched__M1__ridge__none,PER,2005,2009,17,8.0,15.0,0.4375
SA5__HLO_to_P__primary_5y_matched__M1__ridge__none,POL,2005,2009,17,7.0,4.0,0.1875
SA5__HLO_to_P__primary_5y_matched__M1__ridge__none,QAT,2005,2009,17,14.0,17.0,0.1875
SA5__HLO_to_P__primary_5y_matched__M1__ridge__none,SVN,2005,2009,17,5.0,6.0,0.0625
SA5__HLO_to_P__primary_5y_matched__M1__ridge__none,UKR,2005,2009,17,11.0,9.0,0.125
SA5__HLO_to_P__primary_5y_matched__M1__ridge__none,BRA,2010,2014,20,9.0,12.0,0.15789473684210525
SA5__HLO_to_P__primary_5y_matched__M1__ridge__none,CHL,2010,2014,20,17.0,10.0,0.3684210526315789
SA5__HLO_to_P__primary_5y_matched__M1__ridge__none,COL,2010,2014,20,12.0,13.0,0.05263157894736842
SA5__HLO_to_P__primary_5y_matched__M1__ridge__none,DEU,2010,2014,20,3.0,3.0,0.0
SA5__HLO_to_P__primary_5y_matched__M1__ridge__none,ESP,2010,2014,20,6.0,7.0,0.05263157894736842
SA5__HLO_to_P__primary_5y_matched__M1__ridge__none,FIN,2010,2014,20,1.0,2.0,0.05263157894736842
SA5__HLO_to_P__primary_5y_matched__M1__ridge__none,GHA,2010,2014,20,20.0,20.0,0.0
SA5__HLO_to_P__primary_5y_matched__M1__ridge__none,HRV,2010,2014,20,8.0,6.0,0.10526315789473684
SA5__HLO_to_P__primary_5y_matched__M1__ridge__none,IDN,2010,2014,20,15.0,15.0,0.0
SA5__HLO_to_P__primary_5y_matched__M1__ridge__none,ITA,2010,2014,20,10.0,5.0,0.2631578947368421
SA5__HLO_to_P__primary_5y_matched__M1__ridge__none,JOR,2010,2014,20,18.0,16.0,0.10526315789473684
SA5__HLO_to_P__primary_5y_matched__M1__ridge__none,KAZ,2010,2014,20,13.0,9.0,0.21052631578947367
SA5__HLO_to_P__primary_5y_matched__M1__ridge__none,KOR,2010,2014,20,2.0,1.0,0.05263157894736842
SA5__HLO_to_P__primary_5y_matched__M1__ridge__none,MAR,2010,2014,20,19.0,19.0,0.0
SA5__HLO_to_P__primary_5y_matched__M1__ridge__none,MEX,2010,2014,20,7.0,11.0,0.21052631578947367
SA5__HLO_to_P__primary_5y_matched__M1__ridge__none,OMN,2010,2014,20,11.0,18.0,0.3684210526315789
SA5__HLO_to_P__primary_5y_matched__M1__ridge__none,POL,2010,2014,20,4.0,4.0,0.0
SA5__HLO_to_P__primary_5y_matched__M1__ridge__none,SAU,2010,2014,20,16.0,14.0,0.10526315789473684
SA5__HLO_to_P__primary_5y_matched__M1__ridge__none,SRB,2010,2014,20,5.0,8.0,0.15789473684210525
SA5__HLO_to_P__primary_5y_matched__M1__ridge__none,ZAF,2010,2014,20,14.0,17.0,0.15789473684210525
SA5__HLO_to_P__primary_5y_matched__M1__ridge__none,AUS,2015,2017,9,4.0,5.0,0.125
SA5__HLO_to_P__primary_5y_matched__M1__ridge__none,BHR,2015,2017,9,9.0,6.0,0.375
SA5__HLO_to_P__primary_5y_matched__M1__ridge__none,DEU,2015,2017,9,3.0,4.0,0.125
SA5__HLO_to_P__primary_5y_matched__M1__ridge__none,EGY,2015,2017,9,8.0,9.0,0.125
SA5__HLO_to_P__primary_5y_matched__M1__ridge__none,IDN,2015,2017,9,7.0,7.0,0.0
SA5__HLO_to_P__primary_5y_matched__M1__ridge__none,JPN,2015,2017,9,2.0,1.0,0.125
SA5__HLO_to_P__primary_5y_matched__M1__ridge__none,POL,2015,2017,9,1.0,3.0,0.25
SA5__HLO_to_P__primary_5y_matched__M1__ridge__none,RUS,2015,2017,9,5.0,2.0,0.375
SA5__HLO_to_P__primary_5y_matched__M1__ridge__none,SAU,2015,2017,9,6.0,8.0,0.25
SA5__HLO_to_P__primary_5y_matched__M2__ridge__none,ISL,2000,2004,5,2.0,3.0,0.25
SA5__HLO_to_P__primary_5y_matched__M2__ridge__none,NLD,2000,2004,5,3.0,1.0,0.5
SA5__HLO_to_P__primary_5y_matched__M2__ridge__none,NOR,2000,2004,5,1.0,2.0,0.25
SA5__HLO_to_P__primary_5y_matched__M2__ridge__none,PHL,2000,2004,5,4.0,5.0,0.25
SA5__HLO_to_P__primary_5y_matched__M2__ridge__none,ZAF,2000,2004,5,5.0,4.0,0.25
SA5__HLO_to_P__primary_5y_matched__M2__ridge__none,AUT,2005,2009,17,2.0,4.0,0.125
SA5__HLO_to_P__primary_5y_matched__M2__ridge__none,BRA,2005,2009,17,12.0,13.0,0.0625
SA5__HLO_to_P__primary_5y_matched__M2__ridge__none,CHL,2005,2009,17,13.0,11.0,0.125
SA5__HLO_to_P__primary_5y_matched__M2__ridge__none,CRI,2005,2009,17,10.0,10.0,0.0
SA5__HLO_to_P__primary_5y_matched__M2__ridge__none,DEU,2005,2009,17,4.0,5.0,0.0625
SA5__HLO_to_P__primary_5y_matched__M2__ridge__none,IDN,2005,2009,17,16.0,17.0,0.0625
SA5__HLO_to_P__primary_5y_matched__M2__ridge__none,IRN,2005,2009,17,15.0,14.0,0.0625
SA5__HLO_to_P__primary_5y_matched__M2__ridge__none,ITA,2005,2009,17,9.0,6.0,0.1875
SA5__HLO_to_P__primary_5y_matched__M2__ridge__none,JPN,2005,2009,17,1.0,8.0,0.4375
SA5__HLO_to_P__primary_5y_matched__M2__ridge__none,MAR,2005,2009,17,17.0,15.0,0.125
SA5__HLO_to_P__primary_5y_matched__M2__ridge__none,NLD,2005,2009,17,3.0,3.0,0.0
SA5__HLO_to_P__primary_5y_matched__M2__ridge__none,NOR,2005,2009,17,6.0,1.0,0.3125
SA5__HLO_to_P__primary_5y_matched__M2__ridge__none,PER,2005,2009,17,8.0,16.0,0.5
SA5__HLO_to_P__primary_5y_matched__M2__ridge__none,POL,2005,2009,17,7.0,7.0,0.0
SA5__HLO_to_P__primary_5y_matched__M2__ridge__none,QAT,2005,2009,17,14.0,12.0,0.125
SA5__HLO_to_P__primary_5y_matched__M2__ridge__none,SVN,2005,2009,17,5.0,2.0,0.1875
SA5__HLO_to_P__primary_5y_matched__M2__ridge__none,UKR,2005,2009,17,11.0,9.0,0.125
SA5__HLO_to_P__primary_5y_matched__M2__ridge__none,BRA,2010,2014,20,9.0,12.0,0.15789473684210525
SA5__HLO_to_P__primary_5y_matched__M2__ridge__none,CHL,2010,2014,20,17.0,10.0,0.3684210526315789
SA5__HLO_to_P__primary_5y_matched__M2__ridge__none,COL,2010,2014,20,12.0,11.0,0.05263157894736842
SA5__HLO_to_P__primary_5y_matched__M2__ridge__none,DEU,2010,2014,20,3.0,3.0,0.0
SA5__HLO_to_P__primary_5y_matched__M2__ridge__none,ESP,2010,2014,20,6.0,2.0,0.21052631578947367
SA5__HLO_to_P__primary_5y_matched__M2__ridge__none,FIN,2010,2014,20,1.0,1.0,0.0
SA5__HLO_to_P__primary_5y_matched__M2__ridge__none,GHA,2010,2014,20,20.0,20.0,0.0
SA5__HLO_to_P__primary_5y_matched__M2__ridge__none,HRV,2010,2014,20,8.0,5.0,0.15789473684210525
SA5__HLO_to_P__primary_5y_matched__M2__ridge__none,IDN,2010,2014,20,15.0,19.0,0.21052631578947367
SA5__HLO_to_P__primary_5y_matched__M2__ridge__none,ITA,2010,2014,20,10.0,6.0,0.21052631578947367
SA5__HLO_to_P__primary_5y_matched__M2__ridge__none,JOR,2010,2014,20,18.0,14.0,0.21052631578947367
SA5__HLO_to_P__primary_5y_matched__M2__ridge__none,KAZ,2010,2014,20,13.0,16.0,0.15789473684210525
SA5__HLO_to_P__primary_5y_matched__M2__ridge__none,KOR,2010,2014,20,2.0,4.0,0.10526315789473684
SA5__HLO_to_P__primary_5y_matched__M2__ridge__none,MAR,2010,2014,20,19.0,17.0,0.10526315789473684
SA5__HLO_to_P__primary_5y_matched__M2__ridge__none,MEX,2010,2014,20,7.0,15.0,0.42105263157894735
SA5__HLO_to_P__primary_5y_matched__M2__ridge__none,OMN,2010,2014,20,11.0,13.0,0.10526315789473684
SA5__HLO_to_P__primary_5y_matched__M2__ridge__none,POL,2010,2014,20,4.0,7.0,0.15789473684210525
SA5__HLO_to_P__primary_5y_matched__M2__ridge__none,SAU,2010,2014,20,16.0,9.0,0.3684210526315789
SA5__HLO_to_P__primary_5y_matched__M2__ridge__none,SRB,2010,2014,20,5.0,8.0,0.15789473684210525
SA5__HLO_to_P__primary_5y_matched__M2__ridge__none,ZAF,2010,2014,20,14.0,18.0,0.21052631578947367
SA5__HLO_to_P__primary_5y_matched__M2__ridge__none,AUS,2015,2017,9,4.0,3.0,0.125
SA5__HLO_to_P__primary_5y_matched__M2__ridge__none,BHR,2015,2017,9,9.0,4.0,0.625
SA5__HLO_to_P__primary_5y_matched__M2__ridge__none,DEU,2015,2017,9,3.0,1.0,0.25
SA5__HLO_to_P__primary_5y_matched__M2__ridge__none,EGY,2015,2017,9,8.0,9.0,0.125
SA5__HLO_to_P__primary_5y_matched__M2__ridge__none,IDN,2015,2017,9,7.0,8.0,0.125
SA5__HLO_to_P__primary_5y_matched__M2__ridge__none,JPN,2015,2017,9,2.0,5.0,0.375
SA5__HLO_to_P__primary_5y_matched__M2__ridge__none,POL,2015,2017,9,1.0,2.0,0.125
SA5__HLO_to_P__primary_5y_matched__M2__ridge__none,RUS,2015,2017,9,5.0,7.0,0.25
SA5__HLO_to_P__primary_5y_matched__M2__ridge__none,SAU,2015,2017,9,6.0,6.0,0.0
SA5__HLO_to_P__primary_5y_matched__M3__ridge__none,ISL,2000,2004,5,2.0,2.0,0.0
SA5__HLO_to_P__primary_5y_matched__M3__ridge__none,NLD,2000,2004,5,3.0,1.0,0.5
SA5__HLO_to_P__primary_5y_matched__M3__ridge__none,NOR,2000,2004,5,1.0,3.0,0.5
SA5__HLO_to_P__primary_5y_matched__M3__ridge__none,PHL,2000,2004,5,4.0,5.0,0.25
SA5__HLO_to_P__primary_5y_matched__M3__ridge__none,ZAF,2000,2004,5,5.0,4.0,0.25
SA5__HLO_to_P__primary_5y_matched__M3__ridge__none,AUT,2005,2009,17,2.0,5.0,0.1875
SA5__HLO_to_P__primary_5y_matched__M3__ridge__none,BRA,2005,2009,17,12.0,12.0,0.0
SA5__HLO_to_P__primary_5y_matched__M3__ridge__none,CHL,2005,2009,17,13.0,11.0,0.125
SA5__HLO_to_P__primary_5y_matched__M3__ridge__none,CRI,2005,2009,17,10.0,10.0,0.0
SA5__HLO_to_P__primary_5y_matched__M3__ridge__none,DEU,2005,2009,17,4.0,4.0,0.0
SA5__HLO_to_P__primary_5y_matched__M3__ridge__none,IDN,2005,2009,17,16.0,17.0,0.0625
SA5__HLO_to_P__primary_5y_matched__M3__ridge__none,IRN,2005,2009,17,15.0,13.0,0.125
SA5__HLO_to_P__primary_5y_matched__M3__ridge__none,ITA,2005,2009,17,9.0,6.0,0.1875
SA5__HLO_to_P__primary_5y_matched__M3__ridge__none,JPN,2005,2009,17,1.0,8.0,0.4375
SA5__HLO_to_P__primary_5y_matched__M3__ridge__none,MAR,2005,2009,17,17.0,14.0,0.1875
SA5__HLO_to_P__primary_5y_matched__M3__ridge__none,NLD,2005,2009,17,3.0,1.0,0.125
SA5__HLO_to_P__primary_5y_matched__M3__ridge__none,NOR,2005,2009,17,6.0,3.0,0.1875
SA5__HLO_to_P__primary_5y_matched__M3__ridge__none,PER,2005,2009,17,8.0,15.0,0.4375
SA5__HLO_to_P__primary_5y_matched__M3__ridge__none,POL,2005,2009,17,7.0,7.0,0.0
SA5__HLO_to_P__primary_5y_matched__M3__ridge__none,QAT,2005,2009,17,14.0,16.0,0.125
SA5__HLO_to_P__primary_5y_matched__M3__ridge__none,SVN,2005,2009,17,5.0,2.0,0.1875
SA5__HLO_to_P__primary_5y_matched__M3__ridge__none,UKR,2005,2009,17,11.0,9.0,0.125
SA5__HLO_to_P__primary_5y_matched__M3__ridge__none,BRA,2010,2014,20,9.0,15.0,0.3157894736842105
SA5__HLO_to_P__primary_5y_matched__M3__ridge__none,CHL,2010,2014,20,17.0,10.0,0.3684210526315789
SA5__HLO_to_P__primary_5y_matched__M3__ridge__none,COL,2010,2014,20,12.0,12.0,0.0
SA5__HLO_to_P__primary_5y_matched__M3__ridge__none,DEU,2010,2014,20,3.0,2.0,0.05263157894736842
SA5__HLO_to_P__primary_5y_matched__M3__ridge__none,ESP,2010,2014,20,6.0,7.0,0.05263157894736842
SA5__HLO_to_P__primary_5y_matched__M3__ridge__none,FIN,2010,2014,20,1.0,1.0,0.0
SA5__HLO_to_P__primary_5y_matched__M3__ridge__none,GHA,2010,2014,20,20.0,20.0,0.0
SA5__HLO_to_P__primary_5y_matched__M3__ridge__none,HRV,2010,2014,20,8.0,4.0,0.21052631578947367
SA5__HLO_to_P__primary_5y_matched__M3__ridge__none,IDN,2010,2014,20,15.0,19.0,0.21052631578947367
SA5__HLO_to_P__primary_5y_matched__M3__ridge__none,ITA,2010,2014,20,10.0,5.0,0.2631578947368421
SA5__HLO_to_P__primary_5y_matched__M3__ridge__none,JOR,2010,2014,20,18.0,13.0,0.2631578947368421
SA5__HLO_to_P__primary_5y_matched__M3__ridge__none,KAZ,2010,2014,20,13.0,11.0,0.10526315789473684
SA5__HLO_to_P__primary_5y_matched__M3__ridge__none,KOR,2010,2014,20,2.0,3.0,0.05263157894736842
SA5__HLO_to_P__primary_5y_matched__M3__ridge__none,MAR,2010,2014,20,19.0,17.0,0.10526315789473684
SA5__HLO_to_P__primary_5y_matched__M3__ridge__none,MEX,2010,2014,20,7.0,14.0,0.3684210526315789
SA5__HLO_to_P__primary_5y_matched__M3__ridge__none,OMN,2010,2014,20,11.0,16.0,0.2631578947368421
SA5__HLO_to_P__primary_5y_matched__M3__ridge__none,POL,2010,2014,20,4.0,6.0,0.10526315789473684
SA5__HLO_to_P__primary_5y_matched__M3__ridge__none,SAU,2010,2014,20,16.0,9.0,0.3684210526315789
SA5__HLO_to_P__primary_5y_matched__M3__ridge__none,SRB,2010,2014,20,5.0,8.0,0.15789473684210525
SA5__HLO_to_P__primary_5y_matched__M3__ridge__none,ZAF,2010,2014,20,14.0,18.0,0.21052631578947367
SA5__HLO_to_P__primary_5y_matched__M3__ridge__none,AUS,2015,2017,9,4.0,3.0,0.125
SA5__HLO_to_P__primary_5y_matched__M3__ridge__none,BHR,2015,2017,9,9.0,6.0,0.375
SA5__HLO_to_P__primary_5y_matched__M3__ridge__none,DEU,2015,2017,9,3.0,1.0,0.25
SA5__HLO_to_P__primary_5y_matched__M3__ridge__none,EGY,2015,2017,9,8.0,9.0,0.125
SA5__HLO_to_P__primary_5y_matched__M3__ridge__none,IDN,2015,2017,9,7.0,8.0,0.125
SA5__HLO_to_P__primary_5y_matched__M3__ridge__none,JPN,2015,2017,9,2.0,4.0,0.25
SA5__HLO_to_P__primary_5y_matched__M3__ridge__none,POL,2015,2017,9,1.0,2.0,0.125
SA5__HLO_to_P__primary_5y_matched__M3__ridge__none,RUS,2015,2017,9,5.0,5.0,0.0
SA5__HLO_to_P__primary_5y_matched__M3__ridge__none,SAU,2015,2017,9,6.0,7.0,0.125
SA5__P_to_HLO__assessment_specific_5y_fixed__M1__ridge__none,ISL,2000,2004,5,2.0,2.0,0.0
SA5__P_to_HLO__assessment_specific_5y_fixed__M1__ridge__none,NLD,2000,2004,5,1.0,3.0,0.5
SA5__P_to_HLO__assessment_specific_5y_fixed__M1__ridge__none,NOR,2000,2004,5,3.0,1.0,0.5
SA5__P_to_HLO__assessment_specific_5y_fixed__M1__ridge__none,PHL,2000,2004,5,4.0,4.0,0.0
SA5__P_to_HLO__assessment_specific_5y_fixed__M1__ridge__none,ZAF,2000,2004,5,5.0,5.0,0.0
SA5__P_to_HLO__assessment_specific_5y_fixed__M1__ridge__none,AUT,2005,2009,17,5.0,2.0,0.1875
SA5__P_to_HLO__assessment_specific_5y_fixed__M1__ridge__none,BRA,2005,2009,17,13.0,12.0,0.0625
SA5__P_to_HLO__assessment_specific_5y_fixed__M1__ridge__none,CHL,2005,2009,17,11.0,13.0,0.125
SA5__P_to_HLO__assessment_specific_5y_fixed__M1__ridge__none,CRI,2005,2009,17,10.0,10.0,0.0
SA5__P_to_HLO__assessment_specific_5y_fixed__M1__ridge__none,DEU,2005,2009,17,3.0,4.0,0.0625
SA5__P_to_HLO__assessment_specific_5y_fixed__M1__ridge__none,IDN,2005,2009,17,14.0,15.0,0.0625
SA5__P_to_HLO__assessment_specific_5y_fixed__M1__ridge__none,IRN,2005,2009,17,12.0,16.0,0.25
SA5__P_to_HLO__assessment_specific_5y_fixed__M1__ridge__none,ITA,2005,2009,17,7.0,9.0,0.125
SA5__P_to_HLO__assessment_specific_5y_fixed__M1__ridge__none,JPN,2005,2009,17,1.0,1.0,0.0
SA5__P_to_HLO__assessment_specific_5y_fixed__M1__ridge__none,MAR,2005,2009,17,16.0,17.0,0.0625
SA5__P_to_HLO__assessment_specific_5y_fixed__M1__ridge__none,NLD,2005,2009,17,2.0,3.0,0.0625
SA5__P_to_HLO__assessment_specific_5y_fixed__M1__ridge__none,NOR,2005,2009,17,8.0,6.0,0.125
SA5__P_to_HLO__assessment_specific_5y_fixed__M1__ridge__none,PER,2005,2009,17,15.0,7.0,0.5
SA5__P_to_HLO__assessment_specific_5y_fixed__M1__ridge__none,POL,2005,2009,17,4.0,8.0,0.25
SA5__P_to_HLO__assessment_specific_5y_fixed__M1__ridge__none,QAT,2005,2009,17,17.0,14.0,0.1875
SA5__P_to_HLO__assessment_specific_5y_fixed__M1__ridge__none,SVN,2005,2009,17,6.0,5.0,0.0625
SA5__P_to_HLO__assessment_specific_5y_fixed__M1__ridge__none,UKR,2005,2009,17,9.0,11.0,0.125
SA5__P_to_HLO__assessment_specific_5y_fixed__M1__ridge__none,BRA,2010,2014,20,12.0,9.0,0.15789473684210525
SA5__P_to_HLO__assessment_specific_5y_fixed__M1__ridge__none,CHL,2010,2014,20,10.0,17.0,0.3684210526315789
SA5__P_to_HLO__assessment_specific_5y_fixed__M1__ridge__none,COL,2010,2014,20,13.0,12.0,0.05263157894736842
SA5__P_to_HLO__assessment_specific_5y_fixed__M1__ridge__none,DEU,2010,2014,20,3.0,3.0,0.0
SA5__P_to_HLO__assessment_specific_5y_fixed__M1__ridge__none,ESP,2010,2014,20,7.0,6.0,0.05263157894736842
SA5__P_to_HLO__assessment_specific_5y_fixed__M1__ridge__none,FIN,2010,2014,20,2.0,1.0,0.05263157894736842
SA5__P_to_HLO__assessment_specific_5y_fixed__M1__ridge__none,GHA,2010,2014,20,20.0,20.0,0.0
SA5__P_to_HLO__assessment_specific_5y_fixed__M1__ridge__none,HRV,2010,2014,20,6.0,8.0,0.10526315789473684
SA5__P_to_HLO__assessment_specific_5y_fixed__M1__ridge__none,IDN,2010,2014,20,15.0,15.0,0.0
SA5__P_to_HLO__assessment_specific_5y_fixed__M1__ridge__none,ITA,2010,2014,20,5.0,10.0,0.2631578947368421
SA5__P_to_HLO__assessment_specific_5y_fixed__M1__ridge__none,JOR,2010,2014,20,17.0,18.0,0.05263157894736842
SA5__P_to_HLO__assessment_specific_5y_fixed__M1__ridge__none,KAZ,2010,2014,20,9.0,13.0,0.21052631578947367
SA5__P_to_HLO__assessment_specific_5y_fixed__M1__ridge__none,KOR,2010,2014,20,1.0,2.0,0.05263157894736842
SA5__P_to_HLO__assessment_specific_5y_fixed__M1__ridge__none,MAR,2010,2014,20,19.0,19.0,0.0
SA5__P_to_HLO__assessment_specific_5y_fixed__M1__ridge__none,MEX,2010,2014,20,11.0,7.0,0.21052631578947367
SA5__P_to_HLO__assessment_specific_5y_fixed__M1__ridge__none,OMN,2010,2014,20,16.0,11.0,0.2631578947368421
SA5__P_to_HLO__assessment_specific_5y_fixed__M1__ridge__none,POL,2010,2014,20,4.0,4.0,0.0
SA5__P_to_HLO__assessment_specific_5y_fixed__M1__ridge__none,SAU,2010,2014,20,14.0,16.0,0.10526315789473684
SA5__P_to_HLO__assessment_specific_5y_fixed__M1__ridge__none,SRB,2010,2014,20,8.0,5.0,0.15789473684210525
SA5__P_to_HLO__assessment_specific_5y_fixed__M1__ridge__none,ZAF,2010,2014,20,18.0,14.0,0.21052631578947367
SA5__P_to_HLO__assessment_specific_5y_fixed__M1__ridge__none,AUS,2015,2017,9,5.0,4.0,0.125
SA5__P_to_HLO__assessment_specific_5y_fixed__M1__ridge__none,BHR,2015,2017,9,6.0,9.0,0.375
SA5__P_to_HLO__assessment_specific_5y_fixed__M1__ridge__none,DEU,2015,2017,9,4.0,3.0,0.125
SA5__P_to_HLO__assessment_specific_5y_fixed__M1__ridge__none,EGY,2015,2017,9,9.0,8.0,0.125
SA5__P_to_HLO__assessment_specific_5y_fixed__M1__ridge__none,IDN,2015,2017,9,7.0,7.0,0.0
SA5__P_to_HLO__assessment_specific_5y_fixed__M1__ridge__none,JPN,2015,2017,9,1.0,2.0,0.125
SA5__P_to_HLO__assessment_specific_5y_fixed__M1__ridge__none,POL,2015,2017,9,3.0,1.0,0.25
SA5__P_to_HLO__assessment_specific_5y_fixed__M1__ridge__none,RUS,2015,2017,9,2.0,5.0,0.375
SA5__P_to_HLO__assessment_specific_5y_fixed__M1__ridge__none,SAU,2015,2017,9,8.0,6.0,0.25
SA5__P_to_HLO__assessment_specific_5y_fixed__M2__ridge__none,ISL,2000,2004,5,2.0,3.0,0.25
SA5__P_to_HLO__assessment_specific_5y_fixed__M2__ridge__none,NLD,2000,2004,5,1.0,2.0,0.25
SA5__P_to_HLO__assessment_specific_5y_fixed__M2__ridge__none,NOR,2000,2004,5,3.0,1.0,0.5
SA5__P_to_HLO__assessment_specific_5y_fixed__M2__ridge__none,PHL,2000,2004,5,4.0,5.0,0.25
SA5__P_to_HLO__assessment_specific_5y_fixed__M2__ridge__none,ZAF,2000,2004,5,5.0,4.0,0.25
SA5__P_to_HLO__assessment_specific_5y_fixed__M2__ridge__none,AUT,2005,2009,17,5.0,5.0,0.0
SA5__P_to_HLO__assessment_specific_5y_fixed__M2__ridge__none,BRA,2005,2009,17,13.0,13.0,0.0
SA5__P_to_HLO__assessment_specific_5y_fixed__M2__ridge__none,CHL,2005,2009,17,11.0,11.0,0.0
SA5__P_to_HLO__assessment_specific_5y_fixed__M2__ridge__none,CRI,2005,2009,17,10.0,10.0,0.0
SA5__P_to_HLO__assessment_specific_5y_fixed__M2__ridge__none,DEU,2005,2009,17,3.0,4.0,0.0625
SA5__P_to_HLO__assessment_specific_5y_fixed__M2__ridge__none,IDN,2005,2009,17,14.0,16.0,0.125
SA5__P_to_HLO__assessment_specific_5y_fixed__M2__ridge__none,IRN,2005,2009,17,12.0,14.0,0.125
SA5__P_to_HLO__assessment_specific_5y_fixed__M2__ridge__none,ITA,2005,2009,17,7.0,8.0,0.0625
SA5__P_to_HLO__assessment_specific_5y_fixed__M2__ridge__none,JPN,2005,2009,17,1.0,6.0,0.3125
SA5__P_to_HLO__assessment_specific_5y_fixed__M2__ridge__none,MAR,2005,2009,17,16.0,17.0,0.0625
SA5__P_to_HLO__assessment_specific_5y_fixed__M2__ridge__none,NLD,2005,2009,17,2.0,3.0,0.0625
SA5__P_to_HLO__assessment_specific_5y_fixed__M2__ridge__none,NOR,2005,2009,17,8.0,1.0,0.4375
SA5__P_to_HLO__assessment_specific_5y_fixed__M2__ridge__none,PER,2005,2009,17,15.0,15.0,0.0
SA5__P_to_HLO__assessment_specific_5y_fixed__M2__ridge__none,POL,2005,2009,17,4.0,7.0,0.1875
SA5__P_to_HLO__assessment_specific_5y_fixed__M2__ridge__none,QAT,2005,2009,17,17.0,12.0,0.3125
SA5__P_to_HLO__assessment_specific_5y_fixed__M2__ridge__none,SVN,2005,2009,17,6.0,2.0,0.25
SA5__P_to_HLO__assessment_specific_5y_fixed__M2__ridge__none,UKR,2005,2009,17,9.0,9.0,0.0
SA5__P_to_HLO__assessment_specific_5y_fixed__M2__ridge__none,BRA,2010,2014,20,12.0,10.0,0.10526315789473684
SA5__P_to_HLO__assessment_specific_5y_fixed__M2__ridge__none,CHL,2010,2014,20,10.0,9.0,0.05263157894736842
SA5__P_to_HLO__assessment_specific_5y_fixed__M2__ridge__none,COL,2010,2014,20,13.0,11.0,0.10526315789473684
SA5__P_to_HLO__assessment_specific_5y_fixed__M2__ridge__none,DEU,2010,2014,20,3.0,2.0,0.05263157894736842
SA5__P_to_HLO__assessment_specific_5y_fixed__M2__ridge__none,ESP,2010,2014,20,7.0,1.0,0.3157894736842105
SA5__P_to_HLO__assessment_specific_5y_fixed__M2__ridge__none,FIN,2010,2014,20,2.0,4.0,0.10526315789473684
SA5__P_to_HLO__assessment_specific_5y_fixed__M2__ridge__none,GHA,2010,2014,20,20.0,20.0,0.0
SA5__P_to_HLO__assessment_specific_5y_fixed__M2__ridge__none,HRV,2010,2014,20,6.0,6.0,0.0
SA5__P_to_HLO__assessment_specific_5y_fixed__M2__ridge__none,IDN,2010,2014,20,15.0,17.0,0.10526315789473684
SA5__P_to_HLO__assessment_specific_5y_fixed__M2__ridge__none,ITA,2010,2014,20,5.0,7.0,0.10526315789473684
SA5__P_to_HLO__assessment_specific_5y_fixed__M2__ridge__none,JOR,2010,2014,20,17.0,19.0,0.10526315789473684
SA5__P_to_HLO__assessment_specific_5y_fixed__M2__ridge__none,KAZ,2010,2014,20,9.0,15.0,0.3157894736842105
SA5__P_to_HLO__assessment_specific_5y_fixed__M2__ridge__none,KOR,2010,2014,20,1.0,3.0,0.10526315789473684
SA5__P_to_HLO__assessment_specific_5y_fixed__M2__ridge__none,MAR,2010,2014,20,19.0,16.0,0.15789473684210525
SA5__P_to_HLO__assessment_specific_5y_fixed__M2__ridge__none,MEX,2010,2014,20,11.0,12.0,0.05263157894736842
SA5__P_to_HLO__assessment_specific_5y_fixed__M2__ridge__none,OMN,2010,2014,20,16.0,13.0,0.15789473684210525
SA5__P_to_HLO__assessment_specific_5y_fixed__M2__ridge__none,POL,2010,2014,20,4.0,5.0,0.05263157894736842
SA5__P_to_HLO__assessment_specific_5y_fixed__M2__ridge__none,SAU,2010,2014,20,14.0,14.0,0.0
SA5__P_to_HLO__assessment_specific_5y_fixed__M2__ridge__none,SRB,2010,2014,20,8.0,8.0,0.0
SA5__P_to_HLO__assessment_specific_5y_fixed__M2__ridge__none,ZAF,2010,2014,20,18.0,18.0,0.0
SA5__P_to_HLO__assessment_specific_5y_fixed__M2__ridge__none,AUS,2015,2017,9,5.0,5.0,0.0
SA5__P_to_HLO__assessment_specific_5y_fixed__M2__ridge__none,BHR,2015,2017,9,6.0,4.0,0.25
SA5__P_to_HLO__assessment_specific_5y_fixed__M2__ridge__none,DEU,2015,2017,9,4.0,1.0,0.375
SA5__P_to_HLO__assessment_specific_5y_fixed__M2__ridge__none,EGY,2015,2017,9,9.0,9.0,0.0
SA5__P_to_HLO__assessment_specific_5y_fixed__M2__ridge__none,IDN,2015,2017,9,7.0,8.0,0.125
SA5__P_to_HLO__assessment_specific_5y_fixed__M2__ridge__none,JPN,2015,2017,9,1.0,3.0,0.25
SA5__P_to_HLO__assessment_specific_5y_fixed__M2__ridge__none,POL,2015,2017,9,3.0,2.0,0.125
SA5__P_to_HLO__assessment_specific_5y_fixed__M2__ridge__none,RUS,2015,2017,9,2.0,6.0,0.5
SA5__P_to_HLO__assessment_specific_5y_fixed__M2__ridge__none,SAU,2015,2017,9,8.0,7.0,0.125
SA5__P_to_HLO__assessment_specific_5y_fixed__M3__ridge__none,ISL,2000,2004,5,2.0,3.0,0.25
SA5__P_to_HLO__assessment_specific_5y_fixed__M3__ridge__none,NLD,2000,2004,5,1.0,2.0,0.25
SA5__P_to_HLO__assessment_specific_5y_fixed__M3__ridge__none,NOR,2000,2004,5,3.0,1.0,0.5
SA5__P_to_HLO__assessment_specific_5y_fixed__M3__ridge__none,PHL,2000,2004,5,4.0,4.0,0.0
SA5__P_to_HLO__assessment_specific_5y_fixed__M3__ridge__none,ZAF,2000,2004,5,5.0,5.0,0.0
SA5__P_to_HLO__assessment_specific_5y_fixed__M3__ridge__none,AUT,2005,2009,17,5.0,5.0,0.0
SA5__P_to_HLO__assessment_specific_5y_fixed__M3__ridge__none,BRA,2005,2009,17,13.0,12.0,0.0625
SA5__P_to_HLO__assessment_specific_5y_fixed__M3__ridge__none,CHL,2005,2009,17,11.0,11.0,0.0
SA5__P_to_HLO__assessment_specific_5y_fixed__M3__ridge__none,CRI,2005,2009,17,10.0,10.0,0.0
SA5__P_to_HLO__assessment_specific_5y_fixed__M3__ridge__none,DEU,2005,2009,17,3.0,4.0,0.0625
SA5__P_to_HLO__assessment_specific_5y_fixed__M3__ridge__none,IDN,2005,2009,17,14.0,16.0,0.125
SA5__P_to_HLO__assessment_specific_5y_fixed__M3__ridge__none,IRN,2005,2009,17,12.0,15.0,0.1875
SA5__P_to_HLO__assessment_specific_5y_fixed__M3__ridge__none,ITA,2005,2009,17,7.0,8.0,0.0625
SA5__P_to_HLO__assessment_specific_5y_fixed__M3__ridge__none,JPN,2005,2009,17,1.0,1.0,0.0
SA5__P_to_HLO__assessment_specific_5y_fixed__M3__ridge__none,MAR,2005,2009,17,16.0,17.0,0.0625
SA5__P_to_HLO__assessment_specific_5y_fixed__M3__ridge__none,NLD,2005,2009,17,2.0,2.0,0.0
SA5__P_to_HLO__assessment_specific_5y_fixed__M3__ridge__none,NOR,2005,2009,17,8.0,6.0,0.125
SA5__P_to_HLO__assessment_specific_5y_fixed__M3__ridge__none,PER,2005,2009,17,15.0,14.0,0.0625
SA5__P_to_HLO__assessment_specific_5y_fixed__M3__ridge__none,POL,2005,2009,17,4.0,7.0,0.1875
SA5__P_to_HLO__assessment_specific_5y_fixed__M3__ridge__none,QAT,2005,2009,17,17.0,13.0,0.25
SA5__P_to_HLO__assessment_specific_5y_fixed__M3__ridge__none,SVN,2005,2009,17,6.0,3.0,0.1875
SA5__P_to_HLO__assessment_specific_5y_fixed__M3__ridge__none,UKR,2005,2009,17,9.0,9.0,0.0
SA5__P_to_HLO__assessment_specific_5y_fixed__M3__ridge__none,BRA,2010,2014,20,12.0,9.0,0.15789473684210525
SA5__P_to_HLO__assessment_specific_5y_fixed__M3__ridge__none,CHL,2010,2014,20,10.0,11.0,0.05263157894736842
SA5__P_to_HLO__assessment_specific_5y_fixed__M3__ridge__none,COL,2010,2014,20,13.0,10.0,0.15789473684210525
SA5__P_to_HLO__assessment_specific_5y_fixed__M3__ridge__none,DEU,2010,2014,20,3.0,2.0,0.05263157894736842
SA5__P_to_HLO__assessment_specific_5y_fixed__M3__ridge__none,ESP,2010,2014,20,7.0,3.0,0.21052631578947367
SA5__P_to_HLO__assessment_specific_5y_fixed__M3__ridge__none,FIN,2010,2014,20,2.0,4.0,0.10526315789473684
SA5__P_to_HLO__assessment_specific_5y_fixed__M3__ridge__none,GHA,2010,2014,20,20.0,20.0,0.0
SA5__P_to_HLO__assessment_specific_5y_fixed__M3__ridge__none,HRV,2010,2014,20,6.0,6.0,0.0
SA5__P_to_HLO__assessment_specific_5y_fixed__M3__ridge__none,IDN,2010,2014,20,15.0,16.0,0.05263157894736842
SA5__P_to_HLO__assessment_specific_5y_fixed__M3__ridge__none,ITA,2010,2014,20,5.0,7.0,0.10526315789473684
SA5__P_to_HLO__assessment_specific_5y_fixed__M3__ridge__none,JOR,2010,2014,20,17.0,19.0,0.10526315789473684
SA5__P_to_HLO__assessment_specific_5y_fixed__M3__ridge__none,KAZ,2010,2014,20,9.0,14.0,0.2631578947368421
SA5__P_to_HLO__assessment_specific_5y_fixed__M3__ridge__none,KOR,2010,2014,20,1.0,1.0,0.0
SA5__P_to_HLO__assessment_specific_5y_fixed__M3__ridge__none,MAR,2010,2014,20,19.0,18.0,0.05263157894736842
SA5__P_to_HLO__assessment_specific_5y_fixed__M3__ridge__none,MEX,2010,2014,20,11.0,12.0,0.05263157894736842
SA5__P_to_HLO__assessment_specific_5y_fixed__M3__ridge__none,OMN,2010,2014,20,16.0,13.0,0.15789473684210525
SA5__P_to_HLO__assessment_specific_5y_fixed__M3__ridge__none,POL,2010,2014,20,4.0,5.0,0.05263157894736842
SA5__P_to_HLO__assessment_specific_5y_fixed__M3__ridge__none,SAU,2010,2014,20,14.0,15.0,0.05263157894736842
SA5__P_to_HLO__assessment_specific_5y_fixed__M3__ridge__none,SRB,2010,2014,20,8.0,8.0,0.0
SA5__P_to_HLO__assessment_specific_5y_fixed__M3__ridge__none,ZAF,2010,2014,20,18.0,17.0,0.05263157894736842
SA5__P_to_HLO__assessment_specific_5y_fixed__M3__ridge__none,AUS,2015,2017,9,5.0,4.0,0.125
SA5__P_to_HLO__assessment_specific_5y_fixed__M3__ridge__none,BHR,2015,2017,9,6.0,6.0,0.0
SA5__P_to_HLO__assessment_specific_5y_fixed__M3__ridge__none,DEU,2015,2017,9,4.0,2.0,0.25
SA5__P_to_HLO__assessment_specific_5y_fixed__M3__ridge__none,EGY,2015,2017,9,9.0,9.0,0.0
SA5__P_to_HLO__assessment_specific_5y_fixed__M3__ridge__none,IDN,2015,2017,9,7.0,8.0,0.125
SA5__P_to_HLO__assessment_specific_5y_fixed__M3__ridge__none,JPN,2015,2017,9,1.0,3.0,0.25
SA5__P_to_HLO__assessment_specific_5y_fixed__M3__ridge__none,POL,2015,2017,9,3.0,1.0,0.25
SA5__P_to_HLO__assessment_specific_5y_fixed__M3__ridge__none,RUS,2015,2017,9,2.0,5.0,0.375
SA5__P_to_HLO__assessment_specific_5y_fixed__M3__ridge__none,SAU,2015,2017,9,8.0,7.0,0.125
SA5__P_to_HLO__primary_5y_matched__M1__ridge__none,ISL,2000,2004,5,2.0,2.0,0.0
SA5__P_to_HLO__primary_5y_matched__M1__ridge__none,NLD,2000,2004,5,1.0,3.0,0.5
SA5__P_to_HLO__primary_5y_matched__M1__ridge__none,NOR,2000,2004,5,3.0,1.0,0.5
SA5__P_to_HLO__primary_5y_matched__M1__ridge__none,PHL,2000,2004,5,4.0,4.0,0.0
SA5__P_to_HLO__primary_5y_matched__M1__ridge__none,ZAF,2000,2004,5,5.0,5.0,0.0
SA5__P_to_HLO__primary_5y_matched__M1__ridge__none,AUT,2005,2009,17,5.0,2.0,0.1875
SA5__P_to_HLO__primary_5y_matched__M1__ridge__none,BRA,2005,2009,17,13.0,12.0,0.0625
SA5__P_to_HLO__primary_5y_matched__M1__ridge__none,CHL,2005,2009,17,11.0,13.0,0.125
SA5__P_to_HLO__primary_5y_matched__M1__ridge__none,CRI,2005,2009,17,10.0,10.0,0.0
SA5__P_to_HLO__primary_5y_matched__M1__ridge__none,DEU,2005,2009,17,3.0,4.0,0.0625
SA5__P_to_HLO__primary_5y_matched__M1__ridge__none,IDN,2005,2009,17,14.0,15.0,0.0625
SA5__P_to_HLO__primary_5y_matched__M1__ridge__none,IRN,2005,2009,17,12.0,16.0,0.25
SA5__P_to_HLO__primary_5y_matched__M1__ridge__none,ITA,2005,2009,17,7.0,9.0,0.125
SA5__P_to_HLO__primary_5y_matched__M1__ridge__none,JPN,2005,2009,17,1.0,1.0,0.0
SA5__P_to_HLO__primary_5y_matched__M1__ridge__none,MAR,2005,2009,17,16.0,17.0,0.0625
SA5__P_to_HLO__primary_5y_matched__M1__ridge__none,NLD,2005,2009,17,2.0,3.0,0.0625
SA5__P_to_HLO__primary_5y_matched__M1__ridge__none,NOR,2005,2009,17,8.0,6.0,0.125
SA5__P_to_HLO__primary_5y_matched__M1__ridge__none,PER,2005,2009,17,15.0,7.0,0.5
SA5__P_to_HLO__primary_5y_matched__M1__ridge__none,POL,2005,2009,17,4.0,8.0,0.25
SA5__P_to_HLO__primary_5y_matched__M1__ridge__none,QAT,2005,2009,17,17.0,14.0,0.1875
SA5__P_to_HLO__primary_5y_matched__M1__ridge__none,SVN,2005,2009,17,6.0,5.0,0.0625
SA5__P_to_HLO__primary_5y_matched__M1__ridge__none,UKR,2005,2009,17,9.0,11.0,0.125
SA5__P_to_HLO__primary_5y_matched__M1__ridge__none,BRA,2010,2014,20,12.0,9.0,0.15789473684210525
SA5__P_to_HLO__primary_5y_matched__M1__ridge__none,CHL,2010,2014,20,10.0,17.0,0.3684210526315789
SA5__P_to_HLO__primary_5y_matched__M1__ridge__none,COL,2010,2014,20,13.0,12.0,0.05263157894736842
SA5__P_to_HLO__primary_5y_matched__M1__ridge__none,DEU,2010,2014,20,3.0,3.0,0.0
SA5__P_to_HLO__primary_5y_matched__M1__ridge__none,ESP,2010,2014,20,7.0,6.0,0.05263157894736842
SA5__P_to_HLO__primary_5y_matched__M1__ridge__none,FIN,2010,2014,20,2.0,1.0,0.05263157894736842
SA5__P_to_HLO__primary_5y_matched__M1__ridge__none,GHA,2010,2014,20,20.0,20.0,0.0
SA5__P_to_HLO__primary_5y_matched__M1__ridge__none,HRV,2010,2014,20,6.0,8.0,0.10526315789473684
SA5__P_to_HLO__primary_5y_matched__M1__ridge__none,IDN,2010,2014,20,15.0,15.0,0.0
SA5__P_to_HLO__primary_5y_matched__M1__ridge__none,ITA,2010,2014,20,5.0,10.0,0.2631578947368421
SA5__P_to_HLO__primary_5y_matched__M1__ridge__none,JOR,2010,2014,20,17.0,18.0,0.05263157894736842
SA5__P_to_HLO__primary_5y_matched__M1__ridge__none,KAZ,2010,2014,20,9.0,13.0,0.21052631578947367
SA5__P_to_HLO__primary_5y_matched__M1__ridge__none,KOR,2010,2014,20,1.0,2.0,0.05263157894736842
SA5__P_to_HLO__primary_5y_matched__M1__ridge__none,MAR,2010,2014,20,19.0,19.0,0.0
SA5__P_to_HLO__primary_5y_matched__M1__ridge__none,MEX,2010,2014,20,11.0,7.0,0.21052631578947367
SA5__P_to_HLO__primary_5y_matched__M1__ridge__none,OMN,2010,2014,20,16.0,11.0,0.2631578947368421
SA5__P_to_HLO__primary_5y_matched__M1__ridge__none,POL,2010,2014,20,4.0,4.0,0.0
SA5__P_to_HLO__primary_5y_matched__M1__ridge__none,SAU,2010,2014,20,14.0,16.0,0.10526315789473684
SA5__P_to_HLO__primary_5y_matched__M1__ridge__none,SRB,2010,2014,20,8.0,5.0,0.15789473684210525
SA5__P_to_HLO__primary_5y_matched__M1__ridge__none,ZAF,2010,2014,20,18.0,14.0,0.21052631578947367
SA5__P_to_HLO__primary_5y_matched__M1__ridge__none,AUS,2015,2017,9,5.0,4.0,0.125
SA5__P_to_HLO__primary_5y_matched__M1__ridge__none,BHR,2015,2017,9,6.0,9.0,0.375
SA5__P_to_HLO__primary_5y_matched__M1__ridge__none,DEU,2015,2017,9,4.0,3.0,0.125
SA5__P_to_HLO__primary_5y_matched__M1__ridge__none,EGY,2015,2017,9,9.0,8.0,0.125
SA5__P_to_HLO__primary_5y_matched__M1__ridge__none,IDN,2015,2017,9,7.0,7.0,0.0
SA5__P_to_HLO__primary_5y_matched__M1__ridge__none,JPN,2015,2017,9,1.0,2.0,0.125
SA5__P_to_HLO__primary_5y_matched__M1__ridge__none,POL,2015,2017,9,3.0,1.0,0.25
SA5__P_to_HLO__primary_5y_matched__M1__ridge__none,RUS,2015,2017,9,2.0,5.0,0.375
SA5__P_to_HLO__primary_5y_matched__M1__ridge__none,SAU,2015,2017,9,8.0,6.0,0.25
SA5__P_to_HLO__primary_5y_matched__M2__ridge__none,ISL,2000,2004,5,2.0,3.0,0.25
SA5__P_to_HLO__primary_5y_matched__M2__ridge__none,NLD,2000,2004,5,1.0,2.0,0.25
SA5__P_to_HLO__primary_5y_matched__M2__ridge__none,NOR,2000,2004,5,3.0,1.0,0.5
SA5__P_to_HLO__primary_5y_matched__M2__ridge__none,PHL,2000,2004,5,4.0,5.0,0.25
SA5__P_to_HLO__primary_5y_matched__M2__ridge__none,ZAF,2000,2004,5,5.0,4.0,0.25
SA5__P_to_HLO__primary_5y_matched__M2__ridge__none,AUT,2005,2009,17,5.0,4.0,0.0625
SA5__P_to_HLO__primary_5y_matched__M2__ridge__none,BRA,2005,2009,17,13.0,12.0,0.0625
SA5__P_to_HLO__primary_5y_matched__M2__ridge__none,CHL,2005,2009,17,11.0,10.0,0.0625
SA5__P_to_HLO__primary_5y_matched__M2__ridge__none,CRI,2005,2009,17,10.0,11.0,0.0625
SA5__P_to_HLO__primary_5y_matched__M2__ridge__none,DEU,2005,2009,17,3.0,5.0,0.125
SA5__P_to_HLO__primary_5y_matched__M2__ridge__none,IDN,2005,2009,17,14.0,17.0,0.1875
SA5__P_to_HLO__primary_5y_matched__M2__ridge__none,IRN,2005,2009,17,12.0,14.0,0.125
SA5__P_to_HLO__primary_5y_matched__M2__ridge__none,ITA,2005,2009,17,7.0,6.0,0.0625
SA5__P_to_HLO__primary_5y_matched__M2__ridge__none,JPN,2005,2009,17,1.0,7.0,0.375
SA5__P_to_HLO__primary_5y_matched__M2__ridge__none,MAR,2005,2009,17,16.0,16.0,0.0
SA5__P_to_HLO__primary_5y_matched__M2__ridge__none,NLD,2005,2009,17,2.0,3.0,0.0625
SA5__P_to_HLO__primary_5y_matched__M2__ridge__none,NOR,2005,2009,17,8.0,2.0,0.375
SA5__P_to_HLO__primary_5y_matched__M2__ridge__none,PER,2005,2009,17,15.0,15.0,0.0
SA5__P_to_HLO__primary_5y_matched__M2__ridge__none,POL,2005,2009,17,4.0,8.0,0.25
SA5__P_to_HLO__primary_5y_matched__M2__ridge__none,QAT,2005,2009,17,17.0,13.0,0.25
SA5__P_to_HLO__primary_5y_matched__M2__ridge__none,SVN,2005,2009,17,6.0,1.0,0.3125
SA5__P_to_HLO__primary_5y_matched__M2__ridge__none,UKR,2005,2009,17,9.0,9.0,0.0
SA5__P_to_HLO__primary_5y_matched__M2__ridge__none,BRA,2010,2014,20,12.0,10.0,0.10526315789473684
SA5__P_to_HLO__primary_5y_matched__M2__ridge__none,CHL,2010,2014,20,10.0,9.0,0.05263157894736842
SA5__P_to_HLO__primary_5y_matched__M2__ridge__none,COL,2010,2014,20,13.0,11.0,0.10526315789473684
SA5__P_to_HLO__primary_5y_matched__M2__ridge__none,DEU,2010,2014,20,3.0,2.0,0.05263157894736842
SA5__P_to_HLO__primary_5y_matched__M2__ridge__none,ESP,2010,2014,20,7.0,1.0,0.3157894736842105
SA5__P_to_HLO__primary_5y_matched__M2__ridge__none,FIN,2010,2014,20,2.0,4.0,0.10526315789473684
SA5__P_to_HLO__primary_5y_matched__M2__ridge__none,GHA,2010,2014,20,20.0,20.0,0.0
SA5__P_to_HLO__primary_5y_matched__M2__ridge__none,HRV,2010,2014,20,6.0,6.0,0.0
SA5__P_to_HLO__primary_5y_matched__M2__ridge__none,IDN,2010,2014,20,15.0,17.0,0.10526315789473684
SA5__P_to_HLO__primary_5y_matched__M2__ridge__none,ITA,2010,2014,20,5.0,7.0,0.10526315789473684
SA5__P_to_HLO__primary_5y_matched__M2__ridge__none,JOR,2010,2014,20,17.0,19.0,0.10526315789473684
SA5__P_to_HLO__primary_5y_matched__M2__ridge__none,KAZ,2010,2014,20,9.0,15.0,0.3157894736842105
SA5__P_to_HLO__primary_5y_matched__M2__ridge__none,KOR,2010,2014,20,1.0,3.0,0.10526315789473684
SA5__P_to_HLO__primary_5y_matched__M2__ridge__none,MAR,2010,2014,20,19.0,16.0,0.15789473684210525
SA5__P_to_HLO__primary_5y_matched__M2__ridge__none,MEX,2010,2014,20,11.0,13.0,0.10526315789473684
SA5__P_to_HLO__primary_5y_matched__M2__ridge__none,OMN,2010,2014,20,16.0,12.0,0.21052631578947367
SA5__P_to_HLO__primary_5y_matched__M2__ridge__none,POL,2010,2014,20,4.0,5.0,0.05263157894736842
SA5__P_to_HLO__primary_5y_matched__M2__ridge__none,SAU,2010,2014,20,14.0,14.0,0.0
SA5__P_to_HLO__primary_5y_matched__M2__ridge__none,SRB,2010,2014,20,8.0,8.0,0.0
SA5__P_to_HLO__primary_5y_matched__M2__ridge__none,ZAF,2010,2014,20,18.0,18.0,0.0
SA5__P_to_HLO__primary_5y_matched__M2__ridge__none,AUS,2015,2017,9,5.0,4.0,0.125
SA5__P_to_HLO__primary_5y_matched__M2__ridge__none,BHR,2015,2017,9,6.0,5.0,0.125
SA5__P_to_HLO__primary_5y_matched__M2__ridge__none,DEU,2015,2017,9,4.0,1.0,0.375
SA5__P_to_HLO__primary_5y_matched__M2__ridge__none,EGY,2015,2017,9,9.0,9.0,0.0
SA5__P_to_HLO__primary_5y_matched__M2__ridge__none,IDN,2015,2017,9,7.0,8.0,0.125
SA5__P_to_HLO__primary_5y_matched__M2__ridge__none,JPN,2015,2017,9,1.0,3.0,0.25
SA5__P_to_HLO__primary_5y_matched__M2__ridge__none,POL,2015,2017,9,3.0,2.0,0.125
SA5__P_to_HLO__primary_5y_matched__M2__ridge__none,RUS,2015,2017,9,2.0,6.0,0.5
SA5__P_to_HLO__primary_5y_matched__M2__ridge__none,SAU,2015,2017,9,8.0,7.0,0.125
SA5__P_to_HLO__primary_5y_matched__M3__ridge__none,ISL,2000,2004,5,2.0,3.0,0.25
SA5__P_to_HLO__primary_5y_matched__M3__ridge__none,NLD,2000,2004,5,1.0,2.0,0.25
SA5__P_to_HLO__primary_5y_matched__M3__ridge__none,NOR,2000,2004,5,3.0,1.0,0.5
SA5__P_to_HLO__primary_5y_matched__M3__ridge__none,PHL,2000,2004,5,4.0,5.0,0.25
SA5__P_to_HLO__primary_5y_matched__M3__ridge__none,ZAF,2000,2004,5,5.0,4.0,0.25
SA5__P_to_HLO__primary_5y_matched__M3__ridge__none,AUT,2005,2009,17,5.0,5.0,0.0
SA5__P_to_HLO__primary_5y_matched__M3__ridge__none,BRA,2005,2009,17,13.0,12.0,0.0625
SA5__P_to_HLO__primary_5y_matched__M3__ridge__none,CHL,2005,2009,17,11.0,10.0,0.0625
SA5__P_to_HLO__primary_5y_matched__M3__ridge__none,CRI,2005,2009,17,10.0,11.0,0.0625
SA5__P_to_HLO__primary_5y_matched__M3__ridge__none,DEU,2005,2009,17,3.0,6.0,0.1875
SA5__P_to_HLO__primary_5y_matched__M3__ridge__none,IDN,2005,2009,17,14.0,16.0,0.125
SA5__P_to_HLO__primary_5y_matched__M3__ridge__none,IRN,2005,2009,17,12.0,14.0,0.125
SA5__P_to_HLO__primary_5y_matched__M3__ridge__none,ITA,2005,2009,17,7.0,8.0,0.0625
SA5__P_to_HLO__primary_5y_matched__M3__ridge__none,JPN,2005,2009,17,1.0,3.0,0.125
SA5__P_to_HLO__primary_5y_matched__M3__ridge__none,MAR,2005,2009,17,16.0,17.0,0.0625
SA5__P_to_HLO__primary_5y_matched__M3__ridge__none,NLD,2005,2009,17,2.0,4.0,0.125
SA5__P_to_HLO__primary_5y_matched__M3__ridge__none,NOR,2005,2009,17,8.0,1.0,0.4375
SA5__P_to_HLO__primary_5y_matched__M3__ridge__none,PER,2005,2009,17,15.0,15.0,0.0
SA5__P_to_HLO__primary_5y_matched__M3__ridge__none,POL,2005,2009,17,4.0,7.0,0.1875
SA5__P_to_HLO__primary_5y_matched__M3__ridge__none,QAT,2005,2009,17,17.0,13.0,0.25
SA5__P_to_HLO__primary_5y_matched__M3__ridge__none,SVN,2005,2009,17,6.0,2.0,0.25
SA5__P_to_HLO__primary_5y_matched__M3__ridge__none,UKR,2005,2009,17,9.0,9.0,0.0
SA5__P_to_HLO__primary_5y_matched__M3__ridge__none,BRA,2010,2014,20,12.0,9.0,0.15789473684210525
SA5__P_to_HLO__primary_5y_matched__M3__ridge__none,CHL,2010,2014,20,10.0,10.0,0.0
SA5__P_to_HLO__primary_5y_matched__M3__ridge__none,COL,2010,2014,20,13.0,11.0,0.10526315789473684
SA5__P_to_HLO__primary_5y_matched__M3__ridge__none,DEU,2010,2014,20,3.0,2.0,0.05263157894736842
SA5__P_to_HLO__primary_5y_matched__M3__ridge__none,ESP,2010,2014,20,7.0,4.0,0.15789473684210525
SA5__P_to_HLO__primary_5y_matched__M3__ridge__none,FIN,2010,2014,20,2.0,3.0,0.05263157894736842
SA5__P_to_HLO__primary_5y_matched__M3__ridge__none,GHA,2010,2014,20,20.0,20.0,0.0
SA5__P_to_HLO__primary_5y_matched__M3__ridge__none,HRV,2010,2014,20,6.0,6.0,0.0
SA5__P_to_HLO__primary_5y_matched__M3__ridge__none,IDN,2010,2014,20,15.0,16.0,0.05263157894736842
SA5__P_to_HLO__primary_5y_matched__M3__ridge__none,ITA,2010,2014,20,5.0,7.0,0.10526315789473684
SA5__P_to_HLO__primary_5y_matched__M3__ridge__none,JOR,2010,2014,20,17.0,19.0,0.10526315789473684
SA5__P_to_HLO__primary_5y_matched__M3__ridge__none,KAZ,2010,2014,20,9.0,14.0,0.2631578947368421
SA5__P_to_HLO__primary_5y_matched__M3__ridge__none,KOR,2010,2014,20,1.0,1.0,0.0
SA5__P_to_HLO__primary_5y_matched__M3__ridge__none,MAR,2010,2014,20,19.0,18.0,0.05263157894736842
SA5__P_to_HLO__primary_5y_matched__M3__ridge__none,MEX,2010,2014,20,11.0,12.0,0.05263157894736842
SA5__P_to_HLO__primary_5y_matched__M3__ridge__none,OMN,2010,2014,20,16.0,13.0,0.15789473684210525
SA5__P_to_HLO__primary_5y_matched__M3__ridge__none,POL,2010,2014,20,4.0,5.0,0.05263157894736842
SA5__P_to_HLO__primary_5y_matched__M3__ridge__none,SAU,2010,2014,20,14.0,15.0,0.05263157894736842
SA5__P_to_HLO__primary_5y_matched__M3__ridge__none,SRB,2010,2014,20,8.0,8.0,0.0
SA5__P_to_HLO__primary_5y_matched__M3__ridge__none,ZAF,2010,2014,20,18.0,17.0,0.05263157894736842
SA5__P_to_HLO__primary_5y_matched__M3__ridge__none,AUS,2015,2017,9,5.0,4.0,0.125
SA5__P_to_HLO__primary_5y_matched__M3__ridge__none,BHR,2015,2017,9,6.0,6.0,0.0
SA5__P_to_HLO__primary_5y_matched__M3__ridge__none,DEU,2015,2017,9,4.0,2.0,0.25
SA5__P_to_HLO__primary_5y_matched__M3__ridge__none,EGY,2015,2017,9,9.0,9.0,0.0
SA5__P_to_HLO__primary_5y_matched__M3__ridge__none,IDN,2015,2017,9,7.0,8.0,0.125
SA5__P_to_HLO__primary_5y_matched__M3__ridge__none,JPN,2015,2017,9,1.0,3.0,0.25
SA5__P_to_HLO__primary_5y_matched__M3__ridge__none,POL,2015,2017,9,3.0,1.0,0.25
SA5__P_to_HLO__primary_5y_matched__M3__ridge__none,RUS,2015,2017,9,2.0,5.0,0.375
SA5__P_to_HLO__primary_5y_matched__M3__ridge__none,SAU,2015,2017,9,8.0,7.0,0.125
SCC__HLO_to_P__restricted_primary_5y__M1__ridge__none,ISL,2000,2004,2,1.0,1.0,0.0
SCC__HLO_to_P__restricted_primary_5y__M1__ridge__none,PHL,2000,2004,2,2.0,2.0,0.0
SCC__HLO_to_P__restricted_primary_5y__M1__ridge__none,AUT,2005,2009,12,1.0,4.0,0.2727272727272727
SCC__HLO_to_P__restricted_primary_5y__M1__ridge__none,CHL,2005,2009,12,9.0,8.0,0.09090909090909091
SCC__HLO_to_P__restricted_primary_5y__M1__ridge__none,IDN,2005,2009,12,12.0,10.0,0.18181818181818182
SCC__HLO_to_P__restricted_primary_5y__M1__ridge__none,IRN,2005,2009,12,11.0,9.0,0.18181818181818182
SCC__HLO_to_P__restricted_primary_5y__M1__ridge__none,ITA,2005,2009,12,7.0,2.0,0.45454545454545453
SCC__HLO_to_P__restricted_primary_5y__M1__ridge__none,NLD,2005,2009,12,2.0,1.0,0.09090909090909091
SCC__HLO_to_P__restricted_primary_5y__M1__ridge__none,NOR,2005,2009,12,4.0,6.0,0.18181818181818182
SCC__HLO_to_P__restricted_primary_5y__M1__ridge__none,PER,2005,2009,12,6.0,11.0,0.45454545454545453
SCC__HLO_to_P__restricted_primary_5y__M1__ridge__none,POL,2005,2009,12,5.0,3.0,0.18181818181818182
SCC__HLO_to_P__restricted_primary_5y__M1__ridge__none,QAT,2005,2009,12,10.0,12.0,0.18181818181818182
SCC__HLO_to_P__restricted_primary_5y__M1__ridge__none,SVN,2005,2009,12,3.0,5.0,0.18181818181818182
SCC__HLO_to_P__restricted_primary_5y__M1__ridge__none,UKR,2005,2009,12,8.0,7.0,0.09090909090909091
SCC__HLO_to_P__restricted_primary_5y__M1__ridge__none,CHL,2010,2014,10,9.0,5.0,0.4444444444444444
SCC__HLO_to_P__restricted_primary_5y__M1__ridge__none,COL,2010,2014,10,6.0,7.0,0.1111111111111111
SCC__HLO_to_P__restricted_primary_5y__M1__ridge__none,ESP,2010,2014,10,3.0,4.0,0.1111111111111111
SCC__HLO_to_P__restricted_primary_5y__M1__ridge__none,FIN,2010,2014,10,1.0,1.0,0.0
SCC__HLO_to_P__restricted_primary_5y__M1__ridge__none,GHA,2010,2014,10,10.0,10.0,0.0
SCC__HLO_to_P__restricted_primary_5y__M1__ridge__none,IDN,2010,2014,10,8.0,8.0,0.0
SCC__HLO_to_P__restricted_primary_5y__M1__ridge__none,ITA,2010,2014,10,5.0,2.0,0.3333333333333333
SCC__HLO_to_P__restricted_primary_5y__M1__ridge__none,MEX,2010,2014,10,4.0,6.0,0.2222222222222222
SCC__HLO_to_P__restricted_primary_5y__M1__ridge__none,POL,2010,2014,10,2.0,3.0,0.1111111111111111
SCC__HLO_to_P__restricted_primary_5y__M1__ridge__none,ZAF,2010,2014,10,7.0,9.0,0.2222222222222222
SCC__HLO_to_P__restricted_primary_5y__M1__ridge__none,BHR,2015,2017,5,5.0,4.0,0.25
SCC__HLO_to_P__restricted_primary_5y__M1__ridge__none,DEU,2015,2017,5,2.0,3.0,0.25
SCC__HLO_to_P__restricted_primary_5y__M1__ridge__none,IDN,2015,2017,5,4.0,5.0,0.25
SCC__HLO_to_P__restricted_primary_5y__M1__ridge__none,POL,2015,2017,5,1.0,2.0,0.25
SCC__HLO_to_P__restricted_primary_5y__M1__ridge__none,RUS,2015,2017,5,3.0,1.0,0.5
SCC__HLO_to_P__restricted_primary_5y__M2__ridge__none,ISL,2000,2004,2,1.0,1.0,0.0
SCC__HLO_to_P__restricted_primary_5y__M2__ridge__none,PHL,2000,2004,2,2.0,2.0,0.0
SCC__HLO_to_P__restricted_primary_5y__M2__ridge__none,AUT,2005,2009,12,1.0,5.0,0.36363636363636365
SCC__HLO_to_P__restricted_primary_5y__M2__ridge__none,CHL,2005,2009,12,9.0,8.0,0.09090909090909091
SCC__HLO_to_P__restricted_primary_5y__M2__ridge__none,IDN,2005,2009,12,12.0,12.0,0.0
SCC__HLO_to_P__restricted_primary_5y__M2__ridge__none,IRN,2005,2009,12,11.0,10.0,0.09090909090909091
SCC__HLO_to_P__restricted_primary_5y__M2__ridge__none,ITA,2005,2009,12,7.0,4.0,0.2727272727272727
SCC__HLO_to_P__restricted_primary_5y__M2__ridge__none,NLD,2005,2009,12,2.0,2.0,0.0
SCC__HLO_to_P__restricted_primary_5y__M2__ridge__none,NOR,2005,2009,12,4.0,1.0,0.2727272727272727
SCC__HLO_to_P__restricted_primary_5y__M2__ridge__none,PER,2005,2009,12,6.0,11.0,0.45454545454545453
SCC__HLO_to_P__restricted_primary_5y__M2__ridge__none,POL,2005,2009,12,5.0,6.0,0.09090909090909091
SCC__HLO_to_P__restricted_primary_5y__M2__ridge__none,QAT,2005,2009,12,10.0,9.0,0.09090909090909091
SCC__HLO_to_P__restricted_primary_5y__M2__ridge__none,SVN,2005,2009,12,3.0,3.0,0.0
SCC__HLO_to_P__restricted_primary_5y__M2__ridge__none,UKR,2005,2009,12,8.0,7.0,0.09090909090909091
SCC__HLO_to_P__restricted_primary_5y__M2__ridge__none,CHL,2010,2014,10,9.0,6.0,0.3333333333333333
SCC__HLO_to_P__restricted_primary_5y__M2__ridge__none,COL,2010,2014,10,6.0,3.0,0.3333333333333333
SCC__HLO_to_P__restricted_primary_5y__M2__ridge__none,ESP,2010,2014,10,3.0,2.0,0.1111111111111111
SCC__HLO_to_P__restricted_primary_5y__M2__ridge__none,FIN,2010,2014,10,1.0,1.0,0.0
SCC__HLO_to_P__restricted_primary_5y__M2__ridge__none,GHA,2010,2014,10,10.0,9.0,0.1111111111111111
SCC__HLO_to_P__restricted_primary_5y__M2__ridge__none,IDN,2010,2014,10,8.0,10.0,0.2222222222222222
SCC__HLO_to_P__restricted_primary_5y__M2__ridge__none,ITA,2010,2014,10,5.0,4.0,0.1111111111111111
SCC__HLO_to_P__restricted_primary_5y__M2__ridge__none,MEX,2010,2014,10,4.0,7.0,0.3333333333333333
SCC__HLO_to_P__restricted_primary_5y__M2__ridge__none,POL,2010,2014,10,2.0,5.0,0.3333333333333333
SCC__HLO_to_P__restricted_primary_5y__M2__ridge__none,ZAF,2010,2014,10,7.0,8.0,0.1111111111111111
SCC__HLO_to_P__restricted_primary_5y__M2__ridge__none,BHR,2015,2017,5,5.0,3.0,0.5
SCC__HLO_to_P__restricted_primary_5y__M2__ridge__none,DEU,2015,2017,5,2.0,2.0,0.0
SCC__HLO_to_P__restricted_primary_5y__M2__ridge__none,IDN,2015,2017,5,4.0,5.0,0.25
SCC__HLO_to_P__restricted_primary_5y__M2__ridge__none,POL,2015,2017,5,1.0,1.0,0.0
SCC__HLO_to_P__restricted_primary_5y__M2__ridge__none,RUS,2015,2017,5,3.0,4.0,0.25
SCC__HLO_to_P__restricted_primary_5y__M3__ridge__none,ISL,2000,2004,2,1.0,1.0,0.0
SCC__HLO_to_P__restricted_primary_5y__M3__ridge__none,PHL,2000,2004,2,2.0,2.0,0.0
SCC__HLO_to_P__restricted_primary_5y__M3__ridge__none,AUT,2005,2009,12,1.0,6.0,0.45454545454545453
SCC__HLO_to_P__restricted_primary_5y__M3__ridge__none,CHL,2005,2009,12,9.0,8.0,0.09090909090909091
SCC__HLO_to_P__restricted_primary_5y__M3__ridge__none,IDN,2005,2009,12,12.0,11.0,0.09090909090909091
SCC__HLO_to_P__restricted_primary_5y__M3__ridge__none,IRN,2005,2009,12,11.0,12.0,0.09090909090909091
SCC__HLO_to_P__restricted_primary_5y__M3__ridge__none,ITA,2005,2009,12,7.0,5.0,0.18181818181818182
SCC__HLO_to_P__restricted_primary_5y__M3__ridge__none,NLD,2005,2009,12,2.0,1.0,0.09090909090909091
SCC__HLO_to_P__restricted_primary_5y__M3__ridge__none,NOR,2005,2009,12,4.0,3.0,0.09090909090909091
SCC__HLO_to_P__restricted_primary_5y__M3__ridge__none,PER,2005,2009,12,6.0,9.0,0.2727272727272727
SCC__HLO_to_P__restricted_primary_5y__M3__ridge__none,POL,2005,2009,12,5.0,4.0,0.09090909090909091
SCC__HLO_to_P__restricted_primary_5y__M3__ridge__none,QAT,2005,2009,12,10.0,10.0,0.0
SCC__HLO_to_P__restricted_primary_5y__M3__ridge__none,SVN,2005,2009,12,3.0,2.0,0.09090909090909091
SCC__HLO_to_P__restricted_primary_5y__M3__ridge__none,UKR,2005,2009,12,8.0,7.0,0.09090909090909091
SCC__HLO_to_P__restricted_primary_5y__M3__ridge__none,CHL,2010,2014,10,9.0,6.0,0.3333333333333333
SCC__HLO_to_P__restricted_primary_5y__M3__ridge__none,COL,2010,2014,10,6.0,4.0,0.2222222222222222
SCC__HLO_to_P__restricted_primary_5y__M3__ridge__none,ESP,2010,2014,10,3.0,2.0,0.1111111111111111
SCC__HLO_to_P__restricted_primary_5y__M3__ridge__none,FIN,2010,2014,10,1.0,1.0,0.0
SCC__HLO_to_P__restricted_primary_5y__M3__ridge__none,GHA,2010,2014,10,10.0,10.0,0.0
SCC__HLO_to_P__restricted_primary_5y__M3__ridge__none,IDN,2010,2014,10,8.0,9.0,0.1111111111111111
SCC__HLO_to_P__restricted_primary_5y__M3__ridge__none,ITA,2010,2014,10,5.0,3.0,0.2222222222222222
SCC__HLO_to_P__restricted_primary_5y__M3__ridge__none,MEX,2010,2014,10,4.0,7.0,0.3333333333333333
SCC__HLO_to_P__restricted_primary_5y__M3__ridge__none,POL,2010,2014,10,2.0,5.0,0.3333333333333333
SCC__HLO_to_P__restricted_primary_5y__M3__ridge__none,ZAF,2010,2014,10,7.0,8.0,0.1111111111111111
SCC__HLO_to_P__restricted_primary_5y__M3__ridge__none,BHR,2015,2017,5,5.0,4.0,0.25
SCC__HLO_to_P__restricted_primary_5y__M3__ridge__none,DEU,2015,2017,5,2.0,3.0,0.25
SCC__HLO_to_P__restricted_primary_5y__M3__ridge__none,IDN,2015,2017,5,4.0,5.0,0.25
SCC__HLO_to_P__restricted_primary_5y__M3__ridge__none,POL,2015,2017,5,1.0,2.0,0.25
SCC__HLO_to_P__restricted_primary_5y__M3__ridge__none,RUS,2015,2017,5,3.0,1.0,0.5
SCC__P_to_HLO__restricted_primary_5y__M1__ridge__none,ISL,2000,2004,2,1.0,1.0,0.0
SCC__P_to_HLO__restricted_primary_5y__M1__ridge__none,PHL,2000,2004,2,2.0,2.0,0.0
SCC__P_to_HLO__restricted_primary_5y__M1__ridge__none,AUT,2005,2009,12,3.0,1.0,0.18181818181818182
SCC__P_to_HLO__restricted_primary_5y__M1__ridge__none,CHL,2005,2009,12,8.0,9.0,0.09090909090909091
SCC__P_to_HLO__restricted_primary_5y__M1__ridge__none,IDN,2005,2009,12,10.0,11.0,0.09090909090909091
SCC__P_to_HLO__restricted_primary_5y__M1__ridge__none,IRN,2005,2009,12,9.0,12.0,0.2727272727272727
SCC__P_to_HLO__restricted_primary_5y__M1__ridge__none,ITA,2005,2009,12,5.0,7.0,0.18181818181818182
SCC__P_to_HLO__restricted_primary_5y__M1__ridge__none,NLD,2005,2009,12,1.0,2.0,0.09090909090909091
SCC__P_to_HLO__restricted_primary_5y__M1__ridge__none,NOR,2005,2009,12,6.0,4.0,0.18181818181818182
SCC__P_to_HLO__restricted_primary_5y__M1__ridge__none,PER,2005,2009,12,11.0,5.0,0.5454545454545454
SCC__P_to_HLO__restricted_primary_5y__M1__ridge__none,POL,2005,2009,12,2.0,6.0,0.36363636363636365
SCC__P_to_HLO__restricted_primary_5y__M1__ridge__none,QAT,2005,2009,12,12.0,10.0,0.18181818181818182
SCC__P_to_HLO__restricted_primary_5y__M1__ridge__none,SVN,2005,2009,12,4.0,3.0,0.09090909090909091
SCC__P_to_HLO__restricted_primary_5y__M1__ridge__none,UKR,2005,2009,12,7.0,8.0,0.09090909090909091
SCC__P_to_HLO__restricted_primary_5y__M1__ridge__none,CHL,2010,2014,10,5.0,9.0,0.4444444444444444
SCC__P_to_HLO__restricted_primary_5y__M1__ridge__none,COL,2010,2014,10,7.0,6.0,0.1111111111111111
SCC__P_to_HLO__restricted_primary_5y__M1__ridge__none,ESP,2010,2014,10,4.0,3.0,0.1111111111111111
SCC__P_to_HLO__restricted_primary_5y__M1__ridge__none,FIN,2010,2014,10,1.0,1.0,0.0
SCC__P_to_HLO__restricted_primary_5y__M1__ridge__none,GHA,2010,2014,10,10.0,10.0,0.0
SCC__P_to_HLO__restricted_primary_5y__M1__ridge__none,IDN,2010,2014,10,8.0,8.0,0.0
SCC__P_to_HLO__restricted_primary_5y__M1__ridge__none,ITA,2010,2014,10,3.0,5.0,0.2222222222222222
SCC__P_to_HLO__restricted_primary_5y__M1__ridge__none,MEX,2010,2014,10,6.0,4.0,0.2222222222222222
SCC__P_to_HLO__restricted_primary_5y__M1__ridge__none,POL,2010,2014,10,2.0,2.0,0.0
SCC__P_to_HLO__restricted_primary_5y__M1__ridge__none,ZAF,2010,2014,10,9.0,7.0,0.2222222222222222
SCC__P_to_HLO__restricted_primary_5y__M1__ridge__none,BHR,2015,2017,5,4.0,5.0,0.25
SCC__P_to_HLO__restricted_primary_5y__M1__ridge__none,DEU,2015,2017,5,3.0,2.0,0.25
SCC__P_to_HLO__restricted_primary_5y__M1__ridge__none,IDN,2015,2017,5,5.0,4.0,0.25
SCC__P_to_HLO__restricted_primary_5y__M1__ridge__none,POL,2015,2017,5,2.0,1.0,0.25
SCC__P_to_HLO__restricted_primary_5y__M1__ridge__none,RUS,2015,2017,5,1.0,3.0,0.5
SCC__P_to_HLO__restricted_primary_5y__M2__ridge__none,ISL,2000,2004,2,1.0,1.0,0.0
SCC__P_to_HLO__restricted_primary_5y__M2__ridge__none,PHL,2000,2004,2,2.0,2.0,0.0
SCC__P_to_HLO__restricted_primary_5y__M2__ridge__none,AUT,2005,2009,12,3.0,4.0,0.09090909090909091
SCC__P_to_HLO__restricted_primary_5y__M2__ridge__none,CHL,2005,2009,12,8.0,8.0,0.0
SCC__P_to_HLO__restricted_primary_5y__M2__ridge__none,IDN,2005,2009,12,10.0,12.0,0.18181818181818182
SCC__P_to_HLO__restricted_primary_5y__M2__ridge__none,IRN,2005,2009,12,9.0,10.0,0.09090909090909091
SCC__P_to_HLO__restricted_primary_5y__M2__ridge__none,ITA,2005,2009,12,5.0,6.0,0.09090909090909091
SCC__P_to_HLO__restricted_primary_5y__M2__ridge__none,NLD,2005,2009,12,1.0,3.0,0.18181818181818182
SCC__P_to_HLO__restricted_primary_5y__M2__ridge__none,NOR,2005,2009,12,6.0,1.0,0.45454545454545453
SCC__P_to_HLO__restricted_primary_5y__M2__ridge__none,PER,2005,2009,12,11.0,11.0,0.0
SCC__P_to_HLO__restricted_primary_5y__M2__ridge__none,POL,2005,2009,12,2.0,5.0,0.2727272727272727
SCC__P_to_HLO__restricted_primary_5y__M2__ridge__none,QAT,2005,2009,12,12.0,9.0,0.2727272727272727
SCC__P_to_HLO__restricted_primary_5y__M2__ridge__none,SVN,2005,2009,12,4.0,2.0,0.18181818181818182
SCC__P_to_HLO__restricted_primary_5y__M2__ridge__none,UKR,2005,2009,12,7.0,7.0,0.0
SCC__P_to_HLO__restricted_primary_5y__M2__ridge__none,CHL,2010,2014,10,5.0,5.0,0.0
SCC__P_to_HLO__restricted_primary_5y__M2__ridge__none,COL,2010,2014,10,7.0,6.0,0.1111111111111111
SCC__P_to_HLO__restricted_primary_5y__M2__ridge__none,ESP,2010,2014,10,4.0,1.0,0.3333333333333333
SCC__P_to_HLO__restricted_primary_5y__M2__ridge__none,FIN,2010,2014,10,1.0,2.0,0.1111111111111111
SCC__P_to_HLO__restricted_primary_5y__M2__ridge__none,GHA,2010,2014,10,10.0,10.0,0.0
SCC__P_to_HLO__restricted_primary_5y__M2__ridge__none,IDN,2010,2014,10,8.0,8.0,0.0
SCC__P_to_HLO__restricted_primary_5y__M2__ridge__none,ITA,2010,2014,10,3.0,4.0,0.1111111111111111
SCC__P_to_HLO__restricted_primary_5y__M2__ridge__none,MEX,2010,2014,10,6.0,7.0,0.1111111111111111
SCC__P_to_HLO__restricted_primary_5y__M2__ridge__none,POL,2010,2014,10,2.0,3.0,0.1111111111111111
SCC__P_to_HLO__restricted_primary_5y__M2__ridge__none,ZAF,2010,2014,10,9.0,9.0,0.0
SCC__P_to_HLO__restricted_primary_5y__M2__ridge__none,BHR,2015,2017,5,4.0,3.0,0.25
SCC__P_to_HLO__restricted_primary_5y__M2__ridge__none,DEU,2015,2017,5,3.0,1.0,0.5
SCC__P_to_HLO__restricted_primary_5y__M2__ridge__none,IDN,2015,2017,5,5.0,5.0,0.0
SCC__P_to_HLO__restricted_primary_5y__M2__ridge__none,POL,2015,2017,5,2.0,2.0,0.0
SCC__P_to_HLO__restricted_primary_5y__M2__ridge__none,RUS,2015,2017,5,1.0,4.0,0.75
SCC__P_to_HLO__restricted_primary_5y__M3__ridge__none,ISL,2000,2004,2,1.0,1.0,0.0
SCC__P_to_HLO__restricted_primary_5y__M3__ridge__none,PHL,2000,2004,2,2.0,2.0,0.0
SCC__P_to_HLO__restricted_primary_5y__M3__ridge__none,AUT,2005,2009,12,3.0,3.0,0.0
SCC__P_to_HLO__restricted_primary_5y__M3__ridge__none,CHL,2005,2009,12,8.0,8.0,0.0
SCC__P_to_HLO__restricted_primary_5y__M3__ridge__none,IDN,2005,2009,12,10.0,12.0,0.18181818181818182
SCC__P_to_HLO__restricted_primary_5y__M3__ridge__none,IRN,2005,2009,12,9.0,11.0,0.18181818181818182
SCC__P_to_HLO__restricted_primary_5y__M3__ridge__none,ITA,2005,2009,12,5.0,6.0,0.09090909090909091
SCC__P_to_HLO__restricted_primary_5y__M3__ridge__none,NLD,2005,2009,12,1.0,4.0,0.2727272727272727
SCC__P_to_HLO__restricted_primary_5y__M3__ridge__none,NOR,2005,2009,12,6.0,1.0,0.45454545454545453
SCC__P_to_HLO__restricted_primary_5y__M3__ridge__none,PER,2005,2009,12,11.0,10.0,0.09090909090909091
SCC__P_to_HLO__restricted_primary_5y__M3__ridge__none,POL,2005,2009,12,2.0,5.0,0.2727272727272727
SCC__P_to_HLO__restricted_primary_5y__M3__ridge__none,QAT,2005,2009,12,12.0,9.0,0.2727272727272727
SCC__P_to_HLO__restricted_primary_5y__M3__ridge__none,SVN,2005,2009,12,4.0,2.0,0.18181818181818182
SCC__P_to_HLO__restricted_primary_5y__M3__ridge__none,UKR,2005,2009,12,7.0,7.0,0.0
SCC__P_to_HLO__restricted_primary_5y__M3__ridge__none,CHL,2010,2014,10,5.0,6.0,0.1111111111111111
SCC__P_to_HLO__restricted_primary_5y__M3__ridge__none,COL,2010,2014,10,7.0,5.0,0.2222222222222222
SCC__P_to_HLO__restricted_primary_5y__M3__ridge__none,ESP,2010,2014,10,4.0,2.0,0.2222222222222222
SCC__P_to_HLO__restricted_primary_5y__M3__ridge__none,FIN,2010,2014,10,1.0,1.0,0.0
SCC__P_to_HLO__restricted_primary_5y__M3__ridge__none,GHA,2010,2014,10,10.0,10.0,0.0
SCC__P_to_HLO__restricted_primary_5y__M3__ridge__none,IDN,2010,2014,10,8.0,8.0,0.0
SCC__P_to_HLO__restricted_primary_5y__M3__ridge__none,ITA,2010,2014,10,3.0,4.0,0.1111111111111111
SCC__P_to_HLO__restricted_primary_5y__M3__ridge__none,MEX,2010,2014,10,6.0,7.0,0.1111111111111111
SCC__P_to_HLO__restricted_primary_5y__M3__ridge__none,POL,2010,2014,10,2.0,3.0,0.1111111111111111
SCC__P_to_HLO__restricted_primary_5y__M3__ridge__none,ZAF,2010,2014,10,9.0,9.0,0.0
SCC__P_to_HLO__restricted_primary_5y__M3__ridge__none,BHR,2015,2017,5,4.0,4.0,0.0
SCC__P_to_HLO__restricted_primary_5y__M3__ridge__none,DEU,2015,2017,5,3.0,2.0,0.25
SCC__P_to_HLO__restricted_primary_5y__M3__ridge__none,IDN,2015,2017,5,5.0,5.0,0.0
SCC__P_to_HLO__restricted_primary_5y__M3__ridge__none,POL,2015,2017,5,2.0,1.0,0.25
SCC__P_to_HLO__restricted_primary_5y__M3__ridge__none,RUS,2015,2017,5,1.0,3.0,0.5
SCOMP__HLO_to_P__restricted_primary_5y__M1__ridge__none,ISL,2000,2004,5,2.0,3.0,0.25
SCOMP__HLO_to_P__restricted_primary_5y__M1__ridge__none,LTU,2000,2004,5,4.0,2.0,0.5
SCOMP__HLO_to_P__restricted_primary_5y__M1__ridge__none,NLD,2000,2004,5,3.0,1.0,0.5
SCOMP__HLO_to_P__restricted_primary_5y__M1__ridge__none,NOR,2000,2004,5,1.0,4.0,0.75
SCOMP__HLO_to_P__restricted_primary_5y__M1__ridge__none,PHL,2000,2004,5,5.0,5.0,0.0
SCOMP__HLO_to_P__restricted_primary_5y__M1__ridge__none,AUT,2005,2009,16,2.0,7.0,0.3333333333333333
SCOMP__HLO_to_P__restricted_primary_5y__M1__ridge__none,CHL,2005,2009,16,12.0,11.0,0.06666666666666667
SCOMP__HLO_to_P__restricted_primary_5y__M1__ridge__none,CRI,2005,2009,16,10.0,10.0,0.0
SCOMP__HLO_to_P__restricted_primary_5y__M1__ridge__none,DEU,2005,2009,16,4.0,3.0,0.06666666666666667
SCOMP__HLO_to_P__restricted_primary_5y__M1__ridge__none,IDN,2005,2009,16,15.0,13.0,0.13333333333333333
SCOMP__HLO_to_P__restricted_primary_5y__M1__ridge__none,IRN,2005,2009,16,14.0,12.0,0.13333333333333333
SCOMP__HLO_to_P__restricted_primary_5y__M1__ridge__none,ITA,2005,2009,16,9.0,5.0,0.26666666666666666
SCOMP__HLO_to_P__restricted_primary_5y__M1__ridge__none,JPN,2005,2009,16,1.0,1.0,0.0
SCOMP__HLO_to_P__restricted_primary_5y__M1__ridge__none,MAR,2005,2009,16,16.0,15.0,0.06666666666666667
SCOMP__HLO_to_P__restricted_primary_5y__M1__ridge__none,NLD,2005,2009,16,3.0,2.0,0.06666666666666667
SCOMP__HLO_to_P__restricted_primary_5y__M1__ridge__none,NOR,2005,2009,16,6.0,8.0,0.13333333333333333
SCOMP__HLO_to_P__restricted_primary_5y__M1__ridge__none,PER,2005,2009,16,8.0,14.0,0.4
SCOMP__HLO_to_P__restricted_primary_5y__M1__ridge__none,POL,2005,2009,16,7.0,4.0,0.2
SCOMP__HLO_to_P__restricted_primary_5y__M1__ridge__none,QAT,2005,2009,16,13.0,16.0,0.2
SCOMP__HLO_to_P__restricted_primary_5y__M1__ridge__none,SVN,2005,2009,16,5.0,6.0,0.06666666666666667
SCOMP__HLO_to_P__restricted_primary_5y__M1__ridge__none,UKR,2005,2009,16,11.0,9.0,0.13333333333333333
SCOMP__HLO_to_P__restricted_primary_5y__M1__ridge__none,CHL,2010,2014,15,12.0,8.0,0.2857142857142857
SCOMP__HLO_to_P__restricted_primary_5y__M1__ridge__none,COL,2010,2014,15,9.0,9.0,0.0
SCOMP__HLO_to_P__restricted_primary_5y__M1__ridge__none,DEU,2010,2014,15,3.0,3.0,0.0
SCOMP__HLO_to_P__restricted_primary_5y__M1__ridge__none,ESP,2010,2014,15,5.0,7.0,0.14285714285714285
SCOMP__HLO_to_P__restricted_primary_5y__M1__ridge__none,FIN,2010,2014,15,1.0,2.0,0.07142857142857142
SCOMP__HLO_to_P__restricted_primary_5y__M1__ridge__none,GHA,2010,2014,15,15.0,15.0,0.0
SCOMP__HLO_to_P__restricted_primary_5y__M1__ridge__none,HRV,2010,2014,15,6.0,6.0,0.0
SCOMP__HLO_to_P__restricted_primary_5y__M1__ridge__none,IDN,2010,2014,15,10.0,11.0,0.07142857142857142
SCOMP__HLO_to_P__restricted_primary_5y__M1__ridge__none,ITA,2010,2014,15,7.0,5.0,0.14285714285714285
SCOMP__HLO_to_P__restricted_primary_5y__M1__ridge__none,JOR,2010,2014,15,13.0,12.0,0.07142857142857142
SCOMP__HLO_to_P__restricted_primary_5y__M1__ridge__none,KOR,2010,2014,15,2.0,1.0,0.07142857142857142
SCOMP__HLO_to_P__restricted_primary_5y__M1__ridge__none,MAR,2010,2014,15,14.0,14.0,0.0
SCOMP__HLO_to_P__restricted_primary_5y__M1__ridge__none,OMN,2010,2014,15,8.0,13.0,0.35714285714285715
SCOMP__HLO_to_P__restricted_primary_5y__M1__ridge__none,POL,2010,2014,15,4.0,4.0,0.0
SCOMP__HLO_to_P__restricted_primary_5y__M1__ridge__none,SAU,2010,2014,15,11.0,10.0,0.07142857142857142
SCOMP__HLO_to_P__restricted_primary_5y__M1__ridge__none,AUS,2015,2017,9,4.0,5.0,0.125
SCOMP__HLO_to_P__restricted_primary_5y__M1__ridge__none,BHR,2015,2017,9,9.0,6.0,0.375
SCOMP__HLO_to_P__restricted_primary_5y__M1__ridge__none,DEU,2015,2017,9,3.0,4.0,0.125
SCOMP__HLO_to_P__restricted_primary_5y__M1__ridge__none,EGY,2015,2017,9,8.0,9.0,0.125
SCOMP__HLO_to_P__restricted_primary_5y__M1__ridge__none,IDN,2015,2017,9,7.0,7.0,0.0
SCOMP__HLO_to_P__restricted_primary_5y__M1__ridge__none,JPN,2015,2017,9,2.0,1.0,0.125
SCOMP__HLO_to_P__restricted_primary_5y__M1__ridge__none,POL,2015,2017,9,1.0,3.0,0.25
SCOMP__HLO_to_P__restricted_primary_5y__M1__ridge__none,RUS,2015,2017,9,5.0,2.0,0.375
SCOMP__HLO_to_P__restricted_primary_5y__M1__ridge__none,SAU,2015,2017,9,6.0,8.0,0.25
SCOMP__HLO_to_P__restricted_primary_5y__M2__ridge__none,ISL,2000,2004,5,2.0,3.0,0.25
SCOMP__HLO_to_P__restricted_primary_5y__M2__ridge__none,LTU,2000,2004,5,4.0,4.0,0.0
SCOMP__HLO_to_P__restricted_primary_5y__M2__ridge__none,NLD,2000,2004,5,3.0,1.0,0.5
SCOMP__HLO_to_P__restricted_primary_5y__M2__ridge__none,NOR,2000,2004,5,1.0,2.0,0.25
SCOMP__HLO_to_P__restricted_primary_5y__M2__ridge__none,PHL,2000,2004,5,5.0,5.0,0.0
SCOMP__HLO_to_P__restricted_primary_5y__M2__ridge__none,AUT,2005,2009,16,2.0,4.0,0.13333333333333333
SCOMP__HLO_to_P__restricted_primary_5y__M2__ridge__none,CHL,2005,2009,16,12.0,11.0,0.06666666666666667
SCOMP__HLO_to_P__restricted_primary_5y__M2__ridge__none,CRI,2005,2009,16,10.0,10.0,0.0
SCOMP__HLO_to_P__restricted_primary_5y__M2__ridge__none,DEU,2005,2009,16,4.0,6.0,0.13333333333333333
SCOMP__HLO_to_P__restricted_primary_5y__M2__ridge__none,IDN,2005,2009,16,15.0,16.0,0.06666666666666667
SCOMP__HLO_to_P__restricted_primary_5y__M2__ridge__none,IRN,2005,2009,16,14.0,13.0,0.06666666666666667
SCOMP__HLO_to_P__restricted_primary_5y__M2__ridge__none,ITA,2005,2009,16,9.0,5.0,0.26666666666666666
SCOMP__HLO_to_P__restricted_primary_5y__M2__ridge__none,JPN,2005,2009,16,1.0,8.0,0.4666666666666667
SCOMP__HLO_to_P__restricted_primary_5y__M2__ridge__none,MAR,2005,2009,16,16.0,14.0,0.13333333333333333
SCOMP__HLO_to_P__restricted_primary_5y__M2__ridge__none,NLD,2005,2009,16,3.0,2.0,0.06666666666666667
SCOMP__HLO_to_P__restricted_primary_5y__M2__ridge__none,NOR,2005,2009,16,6.0,3.0,0.2
SCOMP__HLO_to_P__restricted_primary_5y__M2__ridge__none,PER,2005,2009,16,8.0,15.0,0.4666666666666667
SCOMP__HLO_to_P__restricted_primary_5y__M2__ridge__none,POL,2005,2009,16,7.0,7.0,0.0
SCOMP__HLO_to_P__restricted_primary_5y__M2__ridge__none,QAT,2005,2009,16,13.0,12.0,0.06666666666666667
SCOMP__HLO_to_P__restricted_primary_5y__M2__ridge__none,SVN,2005,2009,16,5.0,1.0,0.26666666666666666
SCOMP__HLO_to_P__restricted_primary_5y__M2__ridge__none,UKR,2005,2009,16,11.0,9.0,0.13333333333333333
SCOMP__HLO_to_P__restricted_primary_5y__M2__ridge__none,CHL,2010,2014,15,12.0,8.0,0.2857142857142857
SCOMP__HLO_to_P__restricted_primary_5y__M2__ridge__none,COL,2010,2014,15,9.0,10.0,0.07142857142857142
SCOMP__HLO_to_P__restricted_primary_5y__M2__ridge__none,DEU,2010,2014,15,3.0,3.0,0.0
SCOMP__HLO_to_P__restricted_primary_5y__M2__ridge__none,ESP,2010,2014,15,5.0,1.0,0.2857142857142857
SCOMP__HLO_to_P__restricted_primary_5y__M2__ridge__none,FIN,2010,2014,15,1.0,2.0,0.07142857142857142
SCOMP__HLO_to_P__restricted_primary_5y__M2__ridge__none,GHA,2010,2014,15,15.0,15.0,0.0
SCOMP__HLO_to_P__restricted_primary_5y__M2__ridge__none,HRV,2010,2014,15,6.0,4.0,0.14285714285714285
SCOMP__HLO_to_P__restricted_primary_5y__M2__ridge__none,IDN,2010,2014,15,10.0,14.0,0.2857142857142857
SCOMP__HLO_to_P__restricted_primary_5y__M2__ridge__none,ITA,2010,2014,15,7.0,7.0,0.0
SCOMP__HLO_to_P__restricted_primary_5y__M2__ridge__none,JOR,2010,2014,15,13.0,12.0,0.07142857142857142
SCOMP__HLO_to_P__restricted_primary_5y__M2__ridge__none,KOR,2010,2014,15,2.0,6.0,0.2857142857142857
SCOMP__HLO_to_P__restricted_primary_5y__M2__ridge__none,MAR,2010,2014,15,14.0,13.0,0.07142857142857142
SCOMP__HLO_to_P__restricted_primary_5y__M2__ridge__none,OMN,2010,2014,15,8.0,11.0,0.21428571428571427
SCOMP__HLO_to_P__restricted_primary_5y__M2__ridge__none,POL,2010,2014,15,4.0,5.0,0.07142857142857142
SCOMP__HLO_to_P__restricted_primary_5y__M2__ridge__none,SAU,2010,2014,15,11.0,9.0,0.14285714285714285
SCOMP__HLO_to_P__restricted_primary_5y__M2__ridge__none,AUS,2015,2017,9,4.0,4.0,0.0
SCOMP__HLO_to_P__restricted_primary_5y__M2__ridge__none,BHR,2015,2017,9,9.0,3.0,0.75
SCOMP__HLO_to_P__restricted_primary_5y__M2__ridge__none,DEU,2015,2017,9,3.0,2.0,0.125
SCOMP__HLO_to_P__restricted_primary_5y__M2__ridge__none,EGY,2015,2017,9,8.0,9.0,0.125
SCOMP__HLO_to_P__restricted_primary_5y__M2__ridge__none,IDN,2015,2017,9,7.0,8.0,0.125
SCOMP__HLO_to_P__restricted_primary_5y__M2__ridge__none,JPN,2015,2017,9,2.0,6.0,0.5
SCOMP__HLO_to_P__restricted_primary_5y__M2__ridge__none,POL,2015,2017,9,1.0,1.0,0.0
SCOMP__HLO_to_P__restricted_primary_5y__M2__ridge__none,RUS,2015,2017,9,5.0,5.0,0.0
SCOMP__HLO_to_P__restricted_primary_5y__M2__ridge__none,SAU,2015,2017,9,6.0,7.0,0.125
SCOMP__HLO_to_P__restricted_primary_5y__M3__ridge__none,ISL,2000,2004,5,2.0,3.0,0.25
SCOMP__HLO_to_P__restricted_primary_5y__M3__ridge__none,LTU,2000,2004,5,4.0,2.0,0.5
SCOMP__HLO_to_P__restricted_primary_5y__M3__ridge__none,NLD,2000,2004,5,3.0,1.0,0.5
SCOMP__HLO_to_P__restricted_primary_5y__M3__ridge__none,NOR,2000,2004,5,1.0,4.0,0.75
SCOMP__HLO_to_P__restricted_primary_5y__M3__ridge__none,PHL,2000,2004,5,5.0,5.0,0.0
SCOMP__HLO_to_P__restricted_primary_5y__M3__ridge__none,AUT,2005,2009,16,2.0,6.0,0.26666666666666666
SCOMP__HLO_to_P__restricted_primary_5y__M3__ridge__none,CHL,2005,2009,16,12.0,11.0,0.06666666666666667
SCOMP__HLO_to_P__restricted_primary_5y__M3__ridge__none,CRI,2005,2009,16,10.0,9.0,0.06666666666666667
SCOMP__HLO_to_P__restricted_primary_5y__M3__ridge__none,DEU,2005,2009,16,4.0,4.0,0.0
SCOMP__HLO_to_P__restricted_primary_5y__M3__ridge__none,IDN,2005,2009,16,15.0,16.0,0.06666666666666667
SCOMP__HLO_to_P__restricted_primary_5y__M3__ridge__none,IRN,2005,2009,16,14.0,12.0,0.13333333333333333
SCOMP__HLO_to_P__restricted_primary_5y__M3__ridge__none,ITA,2005,2009,16,9.0,5.0,0.26666666666666666
SCOMP__HLO_to_P__restricted_primary_5y__M3__ridge__none,JPN,2005,2009,16,1.0,8.0,0.4666666666666667
SCOMP__HLO_to_P__restricted_primary_5y__M3__ridge__none,MAR,2005,2009,16,16.0,13.0,0.2
SCOMP__HLO_to_P__restricted_primary_5y__M3__ridge__none,NLD,2005,2009,16,3.0,1.0,0.13333333333333333
SCOMP__HLO_to_P__restricted_primary_5y__M3__ridge__none,NOR,2005,2009,16,6.0,3.0,0.2
SCOMP__HLO_to_P__restricted_primary_5y__M3__ridge__none,PER,2005,2009,16,8.0,14.0,0.4
SCOMP__HLO_to_P__restricted_primary_5y__M3__ridge__none,POL,2005,2009,16,7.0,7.0,0.0
SCOMP__HLO_to_P__restricted_primary_5y__M3__ridge__none,QAT,2005,2009,16,13.0,15.0,0.13333333333333333
SCOMP__HLO_to_P__restricted_primary_5y__M3__ridge__none,SVN,2005,2009,16,5.0,2.0,0.2
SCOMP__HLO_to_P__restricted_primary_5y__M3__ridge__none,UKR,2005,2009,16,11.0,10.0,0.06666666666666667
SCOMP__HLO_to_P__restricted_primary_5y__M3__ridge__none,CHL,2010,2014,15,12.0,9.0,0.21428571428571427
SCOMP__HLO_to_P__restricted_primary_5y__M3__ridge__none,COL,2010,2014,15,9.0,11.0,0.14285714285714285
SCOMP__HLO_to_P__restricted_primary_5y__M3__ridge__none,DEU,2010,2014,15,3.0,4.0,0.07142857142857142
SCOMP__HLO_to_P__restricted_primary_5y__M3__ridge__none,ESP,2010,2014,15,5.0,2.0,0.21428571428571427
SCOMP__HLO_to_P__restricted_primary_5y__M3__ridge__none,FIN,2010,2014,15,1.0,1.0,0.0
SCOMP__HLO_to_P__restricted_primary_5y__M3__ridge__none,GHA,2010,2014,15,15.0,15.0,0.0
SCOMP__HLO_to_P__restricted_primary_5y__M3__ridge__none,HRV,2010,2014,15,6.0,5.0,0.07142857142857142
SCOMP__HLO_to_P__restricted_primary_5y__M3__ridge__none,IDN,2010,2014,15,10.0,14.0,0.2857142857142857
SCOMP__HLO_to_P__restricted_primary_5y__M3__ridge__none,ITA,2010,2014,15,7.0,6.0,0.07142857142857142
SCOMP__HLO_to_P__restricted_primary_5y__M3__ridge__none,JOR,2010,2014,15,13.0,10.0,0.21428571428571427
SCOMP__HLO_to_P__restricted_primary_5y__M3__ridge__none,KOR,2010,2014,15,2.0,3.0,0.07142857142857142
SCOMP__HLO_to_P__restricted_primary_5y__M3__ridge__none,MAR,2010,2014,15,14.0,13.0,0.07142857142857142
SCOMP__HLO_to_P__restricted_primary_5y__M3__ridge__none,OMN,2010,2014,15,8.0,12.0,0.2857142857142857
SCOMP__HLO_to_P__restricted_primary_5y__M3__ridge__none,POL,2010,2014,15,4.0,7.0,0.21428571428571427
SCOMP__HLO_to_P__restricted_primary_5y__M3__ridge__none,SAU,2010,2014,15,11.0,8.0,0.21428571428571427
SCOMP__HLO_to_P__restricted_primary_5y__M3__ridge__none,AUS,2015,2017,9,4.0,4.0,0.0
SCOMP__HLO_to_P__restricted_primary_5y__M3__ridge__none,BHR,2015,2017,9,9.0,6.0,0.375
SCOMP__HLO_to_P__restricted_primary_5y__M3__ridge__none,DEU,2015,2017,9,3.0,2.0,0.125
SCOMP__HLO_to_P__restricted_primary_5y__M3__ridge__none,EGY,2015,2017,9,8.0,9.0,0.125
SCOMP__HLO_to_P__restricted_primary_5y__M3__ridge__none,IDN,2015,2017,9,7.0,8.0,0.125
SCOMP__HLO_to_P__restricted_primary_5y__M3__ridge__none,JPN,2015,2017,9,2.0,5.0,0.375
SCOMP__HLO_to_P__restricted_primary_5y__M3__ridge__none,POL,2015,2017,9,1.0,1.0,0.0
SCOMP__HLO_to_P__restricted_primary_5y__M3__ridge__none,RUS,2015,2017,9,5.0,3.0,0.25
SCOMP__HLO_to_P__restricted_primary_5y__M3__ridge__none,SAU,2015,2017,9,6.0,7.0,0.125
SCOMP__P_to_HLO__restricted_primary_5y__M1__ridge__none,ISL,2000,2004,5,3.0,2.0,0.25
SCOMP__P_to_HLO__restricted_primary_5y__M1__ridge__none,LTU,2000,2004,5,2.0,4.0,0.5
SCOMP__P_to_HLO__restricted_primary_5y__M1__ridge__none,NLD,2000,2004,5,1.0,3.0,0.5
SCOMP__P_to_HLO__restricted_primary_5y__M1__ridge__none,NOR,2000,2004,5,4.0,1.0,0.75
SCOMP__P_to_HLO__restricted_primary_5y__M1__ridge__none,PHL,2000,2004,5,5.0,5.0,0.0
SCOMP__P_to_HLO__restricted_primary_5y__M1__ridge__none,AUT,2005,2009,16,5.0,2.0,0.2
SCOMP__P_to_HLO__restricted_primary_5y__M1__ridge__none,CHL,2005,2009,16,11.0,12.0,0.06666666666666667
SCOMP__P_to_HLO__restricted_primary_5y__M1__ridge__none,CRI,2005,2009,16,10.0,10.0,0.0
SCOMP__P_to_HLO__restricted_primary_5y__M1__ridge__none,DEU,2005,2009,16,3.0,4.0,0.06666666666666667
SCOMP__P_to_HLO__restricted_primary_5y__M1__ridge__none,IDN,2005,2009,16,13.0,14.0,0.06666666666666667
SCOMP__P_to_HLO__restricted_primary_5y__M1__ridge__none,IRN,2005,2009,16,12.0,15.0,0.2
SCOMP__P_to_HLO__restricted_primary_5y__M1__ridge__none,ITA,2005,2009,16,7.0,9.0,0.13333333333333333
SCOMP__P_to_HLO__restricted_primary_5y__M1__ridge__none,JPN,2005,2009,16,1.0,1.0,0.0
SCOMP__P_to_HLO__restricted_primary_5y__M1__ridge__none,MAR,2005,2009,16,15.0,16.0,0.06666666666666667
SCOMP__P_to_HLO__restricted_primary_5y__M1__ridge__none,NLD,2005,2009,16,2.0,3.0,0.06666666666666667
SCOMP__P_to_HLO__restricted_primary_5y__M1__ridge__none,NOR,2005,2009,16,8.0,6.0,0.13333333333333333
SCOMP__P_to_HLO__restricted_primary_5y__M1__ridge__none,PER,2005,2009,16,14.0,7.0,0.4666666666666667
SCOMP__P_to_HLO__restricted_primary_5y__M1__ridge__none,POL,2005,2009,16,4.0,8.0,0.26666666666666666
SCOMP__P_to_HLO__restricted_primary_5y__M1__ridge__none,QAT,2005,2009,16,16.0,13.0,0.2
SCOMP__P_to_HLO__restricted_primary_5y__M1__ridge__none,SVN,2005,2009,16,6.0,5.0,0.06666666666666667
SCOMP__P_to_HLO__restricted_primary_5y__M1__ridge__none,UKR,2005,2009,16,9.0,11.0,0.13333333333333333
SCOMP__P_to_HLO__restricted_primary_5y__M1__ridge__none,CHL,2010,2014,15,8.0,12.0,0.2857142857142857
SCOMP__P_to_HLO__restricted_primary_5y__M1__ridge__none,COL,2010,2014,15,9.0,9.0,0.0
SCOMP__P_to_HLO__restricted_primary_5y__M1__ridge__none,DEU,2010,2014,15,3.0,3.0,0.0
SCOMP__P_to_HLO__restricted_primary_5y__M1__ridge__none,ESP,2010,2014,15,7.0,5.0,0.14285714285714285
SCOMP__P_to_HLO__restricted_primary_5y__M1__ridge__none,FIN,2010,2014,15,2.0,1.0,0.07142857142857142
SCOMP__P_to_HLO__restricted_primary_5y__M1__ridge__none,GHA,2010,2014,15,15.0,15.0,0.0
SCOMP__P_to_HLO__restricted_primary_5y__M1__ridge__none,HRV,2010,2014,15,6.0,6.0,0.0
SCOMP__P_to_HLO__restricted_primary_5y__M1__ridge__none,IDN,2010,2014,15,11.0,10.0,0.07142857142857142
SCOMP__P_to_HLO__restricted_primary_5y__M1__ridge__none,ITA,2010,2014,15,5.0,8.0,0.21428571428571427
SCOMP__P_to_HLO__restricted_primary_5y__M1__ridge__none,JOR,2010,2014,15,13.0,13.0,0.0
SCOMP__P_to_HLO__restricted_primary_5y__M1__ridge__none,KOR,2010,2014,15,1.0,2.0,0.07142857142857142
SCOMP__P_to_HLO__restricted_primary_5y__M1__ridge__none,MAR,2010,2014,15,14.0,14.0,0.0
SCOMP__P_to_HLO__restricted_primary_5y__M1__ridge__none,OMN,2010,2014,15,12.0,7.0,0.35714285714285715
SCOMP__P_to_HLO__restricted_primary_5y__M1__ridge__none,POL,2010,2014,15,4.0,4.0,0.0
SCOMP__P_to_HLO__restricted_primary_5y__M1__ridge__none,SAU,2010,2014,15,10.0,11.0,0.07142857142857142
SCOMP__P_to_HLO__restricted_primary_5y__M1__ridge__none,AUS,2015,2017,9,5.0,4.0,0.125
SCOMP__P_to_HLO__restricted_primary_5y__M1__ridge__none,BHR,2015,2017,9,6.0,9.0,0.375
SCOMP__P_to_HLO__restricted_primary_5y__M1__ridge__none,DEU,2015,2017,9,4.0,3.0,0.125
SCOMP__P_to_HLO__restricted_primary_5y__M1__ridge__none,EGY,2015,2017,9,9.0,8.0,0.125
SCOMP__P_to_HLO__restricted_primary_5y__M1__ridge__none,IDN,2015,2017,9,7.0,7.0,0.0
SCOMP__P_to_HLO__restricted_primary_5y__M1__ridge__none,JPN,2015,2017,9,1.0,2.0,0.125
SCOMP__P_to_HLO__restricted_primary_5y__M1__ridge__none,POL,2015,2017,9,3.0,1.0,0.25
SCOMP__P_to_HLO__restricted_primary_5y__M1__ridge__none,RUS,2015,2017,9,2.0,5.0,0.375
SCOMP__P_to_HLO__restricted_primary_5y__M1__ridge__none,SAU,2015,2017,9,8.0,6.0,0.25
SCOMP__P_to_HLO__restricted_primary_5y__M2__ridge__none,ISL,2000,2004,5,3.0,4.0,0.25
SCOMP__P_to_HLO__restricted_primary_5y__M2__ridge__none,LTU,2000,2004,5,2.0,3.0,0.25
SCOMP__P_to_HLO__restricted_primary_5y__M2__ridge__none,NLD,2000,2004,5,1.0,2.0,0.25
SCOMP__P_to_HLO__restricted_primary_5y__M2__ridge__none,NOR,2000,2004,5,4.0,1.0,0.75
SCOMP__P_to_HLO__restricted_primary_5y__M2__ridge__none,PHL,2000,2004,5,5.0,5.0,0.0
SCOMP__P_to_HLO__restricted_primary_5y__M2__ridge__none,AUT,2005,2009,16,5.0,3.0,0.13333333333333333
SCOMP__P_to_HLO__restricted_primary_5y__M2__ridge__none,CHL,2005,2009,16,11.0,10.0,0.06666666666666667
SCOMP__P_to_HLO__restricted_primary_5y__M2__ridge__none,CRI,2005,2009,16,10.0,11.0,0.06666666666666667
SCOMP__P_to_HLO__restricted_primary_5y__M2__ridge__none,DEU,2005,2009,16,3.0,5.0,0.13333333333333333
SCOMP__P_to_HLO__restricted_primary_5y__M2__ridge__none,IDN,2005,2009,16,13.0,15.0,0.13333333333333333
SCOMP__P_to_HLO__restricted_primary_5y__M2__ridge__none,IRN,2005,2009,16,12.0,12.0,0.0
SCOMP__P_to_HLO__restricted_primary_5y__M2__ridge__none,ITA,2005,2009,16,7.0,6.0,0.06666666666666667
SCOMP__P_to_HLO__restricted_primary_5y__M2__ridge__none,JPN,2005,2009,16,1.0,7.0,0.4
SCOMP__P_to_HLO__restricted_primary_5y__M2__ridge__none,MAR,2005,2009,16,15.0,16.0,0.06666666666666667
SCOMP__P_to_HLO__restricted_primary_5y__M2__ridge__none,NLD,2005,2009,16,2.0,4.0,0.13333333333333333
SCOMP__P_to_HLO__restricted_primary_5y__M2__ridge__none,NOR,2005,2009,16,8.0,1.0,0.4666666666666667
SCOMP__P_to_HLO__restricted_primary_5y__M2__ridge__none,PER,2005,2009,16,14.0,14.0,0.0
SCOMP__P_to_HLO__restricted_primary_5y__M2__ridge__none,POL,2005,2009,16,4.0,8.0,0.26666666666666666
SCOMP__P_to_HLO__restricted_primary_5y__M2__ridge__none,QAT,2005,2009,16,16.0,13.0,0.2
SCOMP__P_to_HLO__restricted_primary_5y__M2__ridge__none,SVN,2005,2009,16,6.0,2.0,0.26666666666666666
SCOMP__P_to_HLO__restricted_primary_5y__M2__ridge__none,UKR,2005,2009,16,9.0,9.0,0.0
SCOMP__P_to_HLO__restricted_primary_5y__M2__ridge__none,CHL,2010,2014,15,8.0,8.0,0.0
SCOMP__P_to_HLO__restricted_primary_5y__M2__ridge__none,COL,2010,2014,15,9.0,9.0,0.0
SCOMP__P_to_HLO__restricted_primary_5y__M2__ridge__none,DEU,2010,2014,15,3.0,2.0,0.07142857142857142
SCOMP__P_to_HLO__restricted_primary_5y__M2__ridge__none,ESP,2010,2014,15,7.0,1.0,0.42857142857142855
SCOMP__P_to_HLO__restricted_primary_5y__M2__ridge__none,FIN,2010,2014,15,2.0,4.0,0.14285714285714285
SCOMP__P_to_HLO__restricted_primary_5y__M2__ridge__none,GHA,2010,2014,15,15.0,15.0,0.0
SCOMP__P_to_HLO__restricted_primary_5y__M2__ridge__none,HRV,2010,2014,15,6.0,7.0,0.07142857142857142
SCOMP__P_to_HLO__restricted_primary_5y__M2__ridge__none,IDN,2010,2014,15,11.0,13.0,0.14285714285714285
SCOMP__P_to_HLO__restricted_primary_5y__M2__ridge__none,ITA,2010,2014,15,5.0,6.0,0.07142857142857142
SCOMP__P_to_HLO__restricted_primary_5y__M2__ridge__none,JOR,2010,2014,15,13.0,14.0,0.07142857142857142
SCOMP__P_to_HLO__restricted_primary_5y__M2__ridge__none,KOR,2010,2014,15,1.0,3.0,0.14285714285714285
SCOMP__P_to_HLO__restricted_primary_5y__M2__ridge__none,MAR,2010,2014,15,14.0,12.0,0.14285714285714285
SCOMP__P_to_HLO__restricted_primary_5y__M2__ridge__none,OMN,2010,2014,15,12.0,10.0,0.14285714285714285
SCOMP__P_to_HLO__restricted_primary_5y__M2__ridge__none,POL,2010,2014,15,4.0,5.0,0.07142857142857142
SCOMP__P_to_HLO__restricted_primary_5y__M2__ridge__none,SAU,2010,2014,15,10.0,11.0,0.07142857142857142
SCOMP__P_to_HLO__restricted_primary_5y__M2__ridge__none,AUS,2015,2017,9,5.0,4.0,0.125
SCOMP__P_to_HLO__restricted_primary_5y__M2__ridge__none,BHR,2015,2017,9,6.0,6.0,0.0
SCOMP__P_to_HLO__restricted_primary_5y__M2__ridge__none,DEU,2015,2017,9,4.0,1.0,0.375
SCOMP__P_to_HLO__restricted_primary_5y__M2__ridge__none,EGY,2015,2017,9,9.0,9.0,0.0
SCOMP__P_to_HLO__restricted_primary_5y__M2__ridge__none,IDN,2015,2017,9,7.0,8.0,0.125
SCOMP__P_to_HLO__restricted_primary_5y__M2__ridge__none,JPN,2015,2017,9,1.0,3.0,0.25
SCOMP__P_to_HLO__restricted_primary_5y__M2__ridge__none,POL,2015,2017,9,3.0,2.0,0.125
SCOMP__P_to_HLO__restricted_primary_5y__M2__ridge__none,RUS,2015,2017,9,2.0,5.0,0.375
SCOMP__P_to_HLO__restricted_primary_5y__M2__ridge__none,SAU,2015,2017,9,8.0,7.0,0.125
SCOMP__P_to_HLO__restricted_primary_5y__M3__ridge__none,ISL,2000,2004,5,3.0,3.0,0.0
SCOMP__P_to_HLO__restricted_primary_5y__M3__ridge__none,LTU,2000,2004,5,2.0,4.0,0.5
SCOMP__P_to_HLO__restricted_primary_5y__M3__ridge__none,NLD,2000,2004,5,1.0,2.0,0.25
SCOMP__P_to_HLO__restricted_primary_5y__M3__ridge__none,NOR,2000,2004,5,4.0,1.0,0.75
SCOMP__P_to_HLO__restricted_primary_5y__M3__ridge__none,PHL,2000,2004,5,5.0,5.0,0.0
SCOMP__P_to_HLO__restricted_primary_5y__M3__ridge__none,AUT,2005,2009,16,5.0,3.0,0.13333333333333333
SCOMP__P_to_HLO__restricted_primary_5y__M3__ridge__none,CHL,2005,2009,16,11.0,11.0,0.0
SCOMP__P_to_HLO__restricted_primary_5y__M3__ridge__none,CRI,2005,2009,16,10.0,10.0,0.0
SCOMP__P_to_HLO__restricted_primary_5y__M3__ridge__none,DEU,2005,2009,16,3.0,6.0,0.2
SCOMP__P_to_HLO__restricted_primary_5y__M3__ridge__none,IDN,2005,2009,16,13.0,15.0,0.13333333333333333
SCOMP__P_to_HLO__restricted_primary_5y__M3__ridge__none,IRN,2005,2009,16,12.0,13.0,0.06666666666666667
SCOMP__P_to_HLO__restricted_primary_5y__M3__ridge__none,ITA,2005,2009,16,7.0,8.0,0.06666666666666667
SCOMP__P_to_HLO__restricted_primary_5y__M3__ridge__none,JPN,2005,2009,16,1.0,5.0,0.26666666666666666
SCOMP__P_to_HLO__restricted_primary_5y__M3__ridge__none,MAR,2005,2009,16,15.0,16.0,0.06666666666666667
SCOMP__P_to_HLO__restricted_primary_5y__M3__ridge__none,NLD,2005,2009,16,2.0,4.0,0.13333333333333333
SCOMP__P_to_HLO__restricted_primary_5y__M3__ridge__none,NOR,2005,2009,16,8.0,1.0,0.4666666666666667
SCOMP__P_to_HLO__restricted_primary_5y__M3__ridge__none,PER,2005,2009,16,14.0,14.0,0.0
SCOMP__P_to_HLO__restricted_primary_5y__M3__ridge__none,POL,2005,2009,16,4.0,7.0,0.2
SCOMP__P_to_HLO__restricted_primary_5y__M3__ridge__none,QAT,2005,2009,16,16.0,12.0,0.26666666666666666
SCOMP__P_to_HLO__restricted_primary_5y__M3__ridge__none,SVN,2005,2009,16,6.0,2.0,0.26666666666666666
SCOMP__P_to_HLO__restricted_primary_5y__M3__ridge__none,UKR,2005,2009,16,9.0,9.0,0.0
SCOMP__P_to_HLO__restricted_primary_5y__M3__ridge__none,CHL,2010,2014,15,8.0,8.0,0.0
SCOMP__P_to_HLO__restricted_primary_5y__M3__ridge__none,COL,2010,2014,15,9.0,9.0,0.0
SCOMP__P_to_HLO__restricted_primary_5y__M3__ridge__none,DEU,2010,2014,15,3.0,2.0,0.07142857142857142
SCOMP__P_to_HLO__restricted_primary_5y__M3__ridge__none,ESP,2010,2014,15,7.0,4.0,0.21428571428571427
SCOMP__P_to_HLO__restricted_primary_5y__M3__ridge__none,FIN,2010,2014,15,2.0,3.0,0.07142857142857142
SCOMP__P_to_HLO__restricted_primary_5y__M3__ridge__none,GHA,2010,2014,15,15.0,15.0,0.0
SCOMP__P_to_HLO__restricted_primary_5y__M3__ridge__none,HRV,2010,2014,15,6.0,6.0,0.0
SCOMP__P_to_HLO__restricted_primary_5y__M3__ridge__none,IDN,2010,2014,15,11.0,13.0,0.14285714285714285
SCOMP__P_to_HLO__restricted_primary_5y__M3__ridge__none,ITA,2010,2014,15,5.0,7.0,0.14285714285714285
SCOMP__P_to_HLO__restricted_primary_5y__M3__ridge__none,JOR,2010,2014,15,13.0,14.0,0.07142857142857142
SCOMP__P_to_HLO__restricted_primary_5y__M3__ridge__none,KOR,2010,2014,15,1.0,1.0,0.0
SCOMP__P_to_HLO__restricted_primary_5y__M3__ridge__none,MAR,2010,2014,15,14.0,12.0,0.14285714285714285
SCOMP__P_to_HLO__restricted_primary_5y__M3__ridge__none,OMN,2010,2014,15,12.0,10.0,0.14285714285714285
SCOMP__P_to_HLO__restricted_primary_5y__M3__ridge__none,POL,2010,2014,15,4.0,5.0,0.07142857142857142
SCOMP__P_to_HLO__restricted_primary_5y__M3__ridge__none,SAU,2010,2014,15,10.0,11.0,0.07142857142857142
SCOMP__P_to_HLO__restricted_primary_5y__M3__ridge__none,AUS,2015,2017,9,5.0,4.0,0.125
SCOMP__P_to_HLO__restricted_primary_5y__M3__ridge__none,BHR,2015,2017,9,6.0,6.0,0.0
SCOMP__P_to_HLO__restricted_primary_5y__M3__ridge__none,DEU,2015,2017,9,4.0,2.0,0.25
SCOMP__P_to_HLO__restricted_primary_5y__M3__ridge__none,EGY,2015,2017,9,9.0,9.0,0.0
SCOMP__P_to_HLO__restricted_primary_5y__M3__ridge__none,IDN,2015,2017,9,7.0,8.0,0.125
SCOMP__P_to_HLO__restricted_primary_5y__M3__ridge__none,JPN,2015,2017,9,1.0,3.0,0.25
SCOMP__P_to_HLO__restricted_primary_5y__M3__ridge__none,POL,2015,2017,9,3.0,1.0,0.25
SCOMP__P_to_HLO__restricted_primary_5y__M3__ridge__none,RUS,2015,2017,9,2.0,5.0,0.375
SCOMP__P_to_HLO__restricted_primary_5y__M3__ridge__none,SAU,2015,2017,9,8.0,7.0,0.125
STERM__HLO_to_P__restricted_primary_5y__M1__ridge__none,ISL,2000,2004,7,2.0,4.0,0.3333333333333333
STERM__HLO_to_P__restricted_primary_5y__M1__ridge__none,LTU,2000,2004,7,4.0,3.0,0.16666666666666666
STERM__HLO_to_P__restricted_primary_5y__M1__ridge__none,NLD,2000,2004,7,3.0,1.0,0.3333333333333333
STERM__HLO_to_P__restricted_primary_5y__M1__ridge__none,NOR,2000,2004,7,1.0,5.0,0.6666666666666666
STERM__HLO_to_P__restricted_primary_5y__M1__ridge__none,PHL,2000,2004,7,6.0,6.0,0.0
STERM__HLO_to_P__restricted_primary_5y__M1__ridge__none,USA,2000,2004,7,5.0,2.0,0.5
STERM__HLO_to_P__restricted_primary_5y__M1__ridge__none,ZAF,2000,2004,7,7.0,7.0,0.0
STERM__HLO_to_P__restricted_primary_5y__M1__ridge__none,AUT,2005,2009,17,2.0,5.0,0.1875
STERM__HLO_to_P__restricted_primary_5y__M1__ridge__none,BRA,2005,2009,17,12.0,13.0,0.0625
STERM__HLO_to_P__restricted_primary_5y__M1__ridge__none,CHL,2005,2009,17,13.0,11.0,0.125
STERM__HLO_to_P__restricted_primary_5y__M1__ridge__none,CRI,2005,2009,17,10.0,10.0,0.0
STERM__HLO_to_P__restricted_primary_5y__M1__ridge__none,DEU,2005,2009,17,4.0,3.0,0.0625
STERM__HLO_to_P__restricted_primary_5y__M1__ridge__none,IDN,2005,2009,17,16.0,14.0,0.125
STERM__HLO_to_P__restricted_primary_5y__M1__ridge__none,IRN,2005,2009,17,15.0,12.0,0.1875
STERM__HLO_to_P__restricted_primary_5y__M1__ridge__none,ITA,2005,2009,17,9.0,7.0,0.125
STERM__HLO_to_P__restricted_primary_5y__M1__ridge__none,JPN,2005,2009,17,1.0,1.0,0.0
STERM__HLO_to_P__restricted_primary_5y__M1__ridge__none,MAR,2005,2009,17,17.0,16.0,0.0625
STERM__HLO_to_P__restricted_primary_5y__M1__ridge__none,NLD,2005,2009,17,3.0,2.0,0.0625
STERM__HLO_to_P__restricted_primary_5y__M1__ridge__none,NOR,2005,2009,17,6.0,8.0,0.125
STERM__HLO_to_P__restricted_primary_5y__M1__ridge__none,PER,2005,2009,17,8.0,15.0,0.4375
STERM__HLO_to_P__restricted_primary_5y__M1__ridge__none,POL,2005,2009,17,7.0,4.0,0.1875
STERM__HLO_to_P__restricted_primary_5y__M1__ridge__none,QAT,2005,2009,17,14.0,17.0,0.1875
STERM__HLO_to_P__restricted_primary_5y__M1__ridge__none,SVN,2005,2009,17,5.0,6.0,0.0625
STERM__HLO_to_P__restricted_primary_5y__M1__ridge__none,UKR,2005,2009,17,11.0,9.0,0.125
STERM__HLO_to_P__restricted_primary_5y__M1__ridge__none,BRA,2010,2014,20,9.0,12.0,0.15789473684210525
STERM__HLO_to_P__restricted_primary_5y__M1__ridge__none,CHL,2010,2014,20,17.0,10.0,0.3684210526315789
STERM__HLO_to_P__restricted_primary_5y__M1__ridge__none,COL,2010,2014,20,12.0,14.0,0.10526315789473684
STERM__HLO_to_P__restricted_primary_5y__M1__ridge__none,DEU,2010,2014,20,3.0,3.0,0.0
STERM__HLO_to_P__restricted_primary_5y__M1__ridge__none,ESP,2010,2014,20,6.0,7.0,0.05263157894736842
STERM__HLO_to_P__restricted_primary_5y__M1__ridge__none,FIN,2010,2014,20,1.0,2.0,0.05263157894736842
STERM__HLO_to_P__restricted_primary_5y__M1__ridge__none,GHA,2010,2014,20,20.0,20.0,0.0
STERM__HLO_to_P__restricted_primary_5y__M1__ridge__none,HRV,2010,2014,20,8.0,6.0,0.10526315789473684
STERM__HLO_to_P__restricted_primary_5y__M1__ridge__none,IDN,2010,2014,20,15.0,15.0,0.0
STERM__HLO_to_P__restricted_primary_5y__M1__ridge__none,ITA,2010,2014,20,10.0,5.0,0.2631578947368421
STERM__HLO_to_P__restricted_primary_5y__M1__ridge__none,JOR,2010,2014,20,18.0,16.0,0.10526315789473684
STERM__HLO_to_P__restricted_primary_5y__M1__ridge__none,KAZ,2010,2014,20,13.0,9.0,0.21052631578947367
STERM__HLO_to_P__restricted_primary_5y__M1__ridge__none,KOR,2010,2014,20,2.0,1.0,0.05263157894736842
STERM__HLO_to_P__restricted_primary_5y__M1__ridge__none,MAR,2010,2014,20,19.0,19.0,0.0
STERM__HLO_to_P__restricted_primary_5y__M1__ridge__none,MEX,2010,2014,20,7.0,11.0,0.21052631578947367
STERM__HLO_to_P__restricted_primary_5y__M1__ridge__none,OMN,2010,2014,20,11.0,18.0,0.3684210526315789
STERM__HLO_to_P__restricted_primary_5y__M1__ridge__none,POL,2010,2014,20,4.0,4.0,0.0
STERM__HLO_to_P__restricted_primary_5y__M1__ridge__none,SAU,2010,2014,20,16.0,13.0,0.15789473684210525
STERM__HLO_to_P__restricted_primary_5y__M1__ridge__none,SRB,2010,2014,20,5.0,8.0,0.15789473684210525
STERM__HLO_to_P__restricted_primary_5y__M1__ridge__none,ZAF,2010,2014,20,14.0,17.0,0.15789473684210525
STERM__HLO_to_P__restricted_primary_5y__M2__ridge__none,ISL,2000,2004,7,2.0,2.0,0.0
STERM__HLO_to_P__restricted_primary_5y__M2__ridge__none,LTU,2000,2004,7,4.0,5.0,0.16666666666666666
STERM__HLO_to_P__restricted_primary_5y__M2__ridge__none,NLD,2000,2004,7,3.0,1.0,0.3333333333333333
STERM__HLO_to_P__restricted_primary_5y__M2__ridge__none,NOR,2000,2004,7,1.0,4.0,0.5
STERM__HLO_to_P__restricted_primary_5y__M2__ridge__none,PHL,2000,2004,7,6.0,7.0,0.16666666666666666
STERM__HLO_to_P__restricted_primary_5y__M2__ridge__none,USA,2000,2004,7,5.0,3.0,0.3333333333333333
STERM__HLO_to_P__restricted_primary_5y__M2__ridge__none,ZAF,2000,2004,7,7.0,6.0,0.16666666666666666
STERM__HLO_to_P__restricted_primary_5y__M2__ridge__none,AUT,2005,2009,17,2.0,6.0,0.25
STERM__HLO_to_P__restricted_primary_5y__M2__ridge__none,BRA,2005,2009,17,12.0,13.0,0.0625
STERM__HLO_to_P__restricted_primary_5y__M2__ridge__none,CHL,2005,2009,17,13.0,10.0,0.1875
STERM__HLO_to_P__restricted_primary_5y__M2__ridge__none,CRI,2005,2009,17,10.0,11.0,0.0625
STERM__HLO_to_P__restricted_primary_5y__M2__ridge__none,DEU,2005,2009,17,4.0,4.0,0.0
STERM__HLO_to_P__restricted_primary_5y__M2__ridge__none,IDN,2005,2009,17,16.0,17.0,0.0625
STERM__HLO_to_P__restricted_primary_5y__M2__ridge__none,IRN,2005,2009,17,15.0,14.0,0.0625
STERM__HLO_to_P__restricted_primary_5y__M2__ridge__none,ITA,2005,2009,17,9.0,5.0,0.25
STERM__HLO_to_P__restricted_primary_5y__M2__ridge__none,JPN,2005,2009,17,1.0,9.0,0.5
STERM__HLO_to_P__restricted_primary_5y__M2__ridge__none,MAR,2005,2009,17,17.0,15.0,0.125
STERM__HLO_to_P__restricted_primary_5y__M2__ridge__none,NLD,2005,2009,17,3.0,1.0,0.125
STERM__HLO_to_P__restricted_primary_5y__M2__ridge__none,NOR,2005,2009,17,6.0,3.0,0.1875
STERM__HLO_to_P__restricted_primary_5y__M2__ridge__none,PER,2005,2009,17,8.0,16.0,0.5
STERM__HLO_to_P__restricted_primary_5y__M2__ridge__none,POL,2005,2009,17,7.0,7.0,0.0
STERM__HLO_to_P__restricted_primary_5y__M2__ridge__none,QAT,2005,2009,17,14.0,12.0,0.125
STERM__HLO_to_P__restricted_primary_5y__M2__ridge__none,SVN,2005,2009,17,5.0,2.0,0.1875
STERM__HLO_to_P__restricted_primary_5y__M2__ridge__none,UKR,2005,2009,17,11.0,8.0,0.1875
STERM__HLO_to_P__restricted_primary_5y__M2__ridge__none,BRA,2010,2014,20,9.0,11.0,0.10526315789473684
STERM__HLO_to_P__restricted_primary_5y__M2__ridge__none,CHL,2010,2014,20,17.0,9.0,0.42105263157894735
STERM__HLO_to_P__restricted_primary_5y__M2__ridge__none,COL,2010,2014,20,12.0,12.0,0.0
STERM__HLO_to_P__restricted_primary_5y__M2__ridge__none,DEU,2010,2014,20,3.0,3.0,0.0
STERM__HLO_to_P__restricted_primary_5y__M2__ridge__none,ESP,2010,2014,20,6.0,1.0,0.2631578947368421
STERM__HLO_to_P__restricted_primary_5y__M2__ridge__none,FIN,2010,2014,20,1.0,2.0,0.05263157894736842
STERM__HLO_to_P__restricted_primary_5y__M2__ridge__none,GHA,2010,2014,20,20.0,20.0,0.0
STERM__HLO_to_P__restricted_primary_5y__M2__ridge__none,HRV,2010,2014,20,8.0,7.0,0.05263157894736842
STERM__HLO_to_P__restricted_primary_5y__M2__ridge__none,IDN,2010,2014,20,15.0,18.0,0.15789473684210525
STERM__HLO_to_P__restricted_primary_5y__M2__ridge__none,ITA,2010,2014,20,10.0,5.0,0.2631578947368421
STERM__HLO_to_P__restricted_primary_5y__M2__ridge__none,JOR,2010,2014,20,18.0,15.0,0.15789473684210525
STERM__HLO_to_P__restricted_primary_5y__M2__ridge__none,KAZ,2010,2014,20,13.0,14.0,0.05263157894736842
STERM__HLO_to_P__restricted_primary_5y__M2__ridge__none,KOR,2010,2014,20,2.0,4.0,0.10526315789473684
STERM__HLO_to_P__restricted_primary_5y__M2__ridge__none,MAR,2010,2014,20,19.0,17.0,0.10526315789473684
STERM__HLO_to_P__restricted_primary_5y__M2__ridge__none,MEX,2010,2014,20,7.0,16.0,0.47368421052631576
STERM__HLO_to_P__restricted_primary_5y__M2__ridge__none,OMN,2010,2014,20,11.0,13.0,0.10526315789473684
STERM__HLO_to_P__restricted_primary_5y__M2__ridge__none,POL,2010,2014,20,4.0,6.0,0.10526315789473684
STERM__HLO_to_P__restricted_primary_5y__M2__ridge__none,SAU,2010,2014,20,16.0,10.0,0.3157894736842105
STERM__HLO_to_P__restricted_primary_5y__M2__ridge__none,SRB,2010,2014,20,5.0,8.0,0.15789473684210525
STERM__HLO_to_P__restricted_primary_5y__M2__ridge__none,ZAF,2010,2014,20,14.0,19.0,0.2631578947368421
STERM__HLO_to_P__restricted_primary_5y__M3__ridge__none,ISL,2000,2004,7,2.0,2.0,0.0
STERM__HLO_to_P__restricted_primary_5y__M3__ridge__none,LTU,2000,2004,7,4.0,4.0,0.0
STERM__HLO_to_P__restricted_primary_5y__M3__ridge__none,NLD,2000,2004,7,3.0,1.0,0.3333333333333333
STERM__HLO_to_P__restricted_primary_5y__M3__ridge__none,NOR,2000,2004,7,1.0,5.0,0.6666666666666666
STERM__HLO_to_P__restricted_primary_5y__M3__ridge__none,PHL,2000,2004,7,6.0,7.0,0.16666666666666666
STERM__HLO_to_P__restricted_primary_5y__M3__ridge__none,USA,2000,2004,7,5.0,3.0,0.3333333333333333
STERM__HLO_to_P__restricted_primary_5y__M3__ridge__none,ZAF,2000,2004,7,7.0,6.0,0.16666666666666666
STERM__HLO_to_P__restricted_primary_5y__M3__ridge__none,AUT,2005,2009,17,2.0,6.0,0.25
STERM__HLO_to_P__restricted_primary_5y__M3__ridge__none,BRA,2005,2009,17,12.0,12.0,0.0
STERM__HLO_to_P__restricted_primary_5y__M3__ridge__none,CHL,2005,2009,17,13.0,10.0,0.1875
STERM__HLO_to_P__restricted_primary_5y__M3__ridge__none,CRI,2005,2009,17,10.0,11.0,0.0625
STERM__HLO_to_P__restricted_primary_5y__M3__ridge__none,DEU,2005,2009,17,4.0,2.0,0.125
STERM__HLO_to_P__restricted_primary_5y__M3__ridge__none,IDN,2005,2009,17,16.0,17.0,0.0625
STERM__HLO_to_P__restricted_primary_5y__M3__ridge__none,IRN,2005,2009,17,15.0,13.0,0.125
STERM__HLO_to_P__restricted_primary_5y__M3__ridge__none,ITA,2005,2009,17,9.0,4.0,0.3125
STERM__HLO_to_P__restricted_primary_5y__M3__ridge__none,JPN,2005,2009,17,1.0,8.0,0.4375
STERM__HLO_to_P__restricted_primary_5y__M3__ridge__none,MAR,2005,2009,17,17.0,14.0,0.1875
STERM__HLO_to_P__restricted_primary_5y__M3__ridge__none,NLD,2005,2009,17,3.0,1.0,0.125
STERM__HLO_to_P__restricted_primary_5y__M3__ridge__none,NOR,2005,2009,17,6.0,7.0,0.0625
STERM__HLO_to_P__restricted_primary_5y__M3__ridge__none,PER,2005,2009,17,8.0,16.0,0.5
STERM__HLO_to_P__restricted_primary_5y__M3__ridge__none,POL,2005,2009,17,7.0,5.0,0.125
STERM__HLO_to_P__restricted_primary_5y__M3__ridge__none,QAT,2005,2009,17,14.0,15.0,0.0625
STERM__HLO_to_P__restricted_primary_5y__M3__ridge__none,SVN,2005,2009,17,5.0,3.0,0.125
STERM__HLO_to_P__restricted_primary_5y__M3__ridge__none,UKR,2005,2009,17,11.0,9.0,0.125
STERM__HLO_to_P__restricted_primary_5y__M3__ridge__none,BRA,2010,2014,20,9.0,13.0,0.21052631578947367
STERM__HLO_to_P__restricted_primary_5y__M3__ridge__none,CHL,2010,2014,20,17.0,10.0,0.3684210526315789
STERM__HLO_to_P__restricted_primary_5y__M3__ridge__none,COL,2010,2014,20,12.0,12.0,0.0
STERM__HLO_to_P__restricted_primary_5y__M3__ridge__none,DEU,2010,2014,20,3.0,4.0,0.05263157894736842
STERM__HLO_to_P__restricted_primary_5y__M3__ridge__none,ESP,2010,2014,20,6.0,3.0,0.15789473684210525
STERM__HLO_to_P__restricted_primary_5y__M3__ridge__none,FIN,2010,2014,20,1.0,2.0,0.05263157894736842
STERM__HLO_to_P__restricted_primary_5y__M3__ridge__none,GHA,2010,2014,20,20.0,20.0,0.0
STERM__HLO_to_P__restricted_primary_5y__M3__ridge__none,HRV,2010,2014,20,8.0,7.0,0.05263157894736842
STERM__HLO_to_P__restricted_primary_5y__M3__ridge__none,IDN,2010,2014,20,15.0,18.0,0.15789473684210525
STERM__HLO_to_P__restricted_primary_5y__M3__ridge__none,ITA,2010,2014,20,10.0,5.0,0.2631578947368421
STERM__HLO_to_P__restricted_primary_5y__M3__ridge__none,JOR,2010,2014,20,18.0,15.0,0.15789473684210525
STERM__HLO_to_P__restricted_primary_5y__M3__ridge__none,KAZ,2010,2014,20,13.0,11.0,0.10526315789473684
STERM__HLO_to_P__restricted_primary_5y__M3__ridge__none,KOR,2010,2014,20,2.0,1.0,0.05263157894736842
STERM__HLO_to_P__restricted_primary_5y__M3__ridge__none,MAR,2010,2014,20,19.0,17.0,0.10526315789473684
STERM__HLO_to_P__restricted_primary_5y__M3__ridge__none,MEX,2010,2014,20,7.0,14.0,0.3684210526315789
STERM__HLO_to_P__restricted_primary_5y__M3__ridge__none,OMN,2010,2014,20,11.0,16.0,0.2631578947368421
STERM__HLO_to_P__restricted_primary_5y__M3__ridge__none,POL,2010,2014,20,4.0,6.0,0.10526315789473684
STERM__HLO_to_P__restricted_primary_5y__M3__ridge__none,SAU,2010,2014,20,16.0,9.0,0.3684210526315789
STERM__HLO_to_P__restricted_primary_5y__M3__ridge__none,SRB,2010,2014,20,5.0,8.0,0.15789473684210525
STERM__HLO_to_P__restricted_primary_5y__M3__ridge__none,ZAF,2010,2014,20,14.0,19.0,0.2631578947368421
STERM__P_to_HLO__restricted_primary_5y__M1__ridge__none,ISL,2000,2004,7,4.0,2.0,0.3333333333333333
STERM__P_to_HLO__restricted_primary_5y__M1__ridge__none,LTU,2000,2004,7,3.0,4.0,0.16666666666666666
STERM__P_to_HLO__restricted_primary_5y__M1__ridge__none,NLD,2000,2004,7,1.0,3.0,0.3333333333333333
STERM__P_to_HLO__restricted_primary_5y__M1__ridge__none,NOR,2000,2004,7,5.0,1.0,0.6666666666666666
STERM__P_to_HLO__restricted_primary_5y__M1__ridge__none,PHL,2000,2004,7,6.0,5.0,0.16666666666666666
STERM__P_to_HLO__restricted_primary_5y__M1__ridge__none,USA,2000,2004,7,2.0,6.0,0.6666666666666666
STERM__P_to_HLO__restricted_primary_5y__M1__ridge__none,ZAF,2000,2004,7,7.0,7.0,0.0
STERM__P_to_HLO__restricted_primary_5y__M1__ridge__none,AUT,2005,2009,17,5.0,2.0,0.1875
STERM__P_to_HLO__restricted_primary_5y__M1__ridge__none,BRA,2005,2009,17,13.0,12.0,0.0625
STERM__P_to_HLO__restricted_primary_5y__M1__ridge__none,CHL,2005,2009,17,11.0,13.0,0.125
STERM__P_to_HLO__restricted_primary_5y__M1__ridge__none,CRI,2005,2009,17,10.0,10.0,0.0
STERM__P_to_HLO__restricted_primary_5y__M1__ridge__none,DEU,2005,2009,17,3.0,4.0,0.0625
STERM__P_to_HLO__restricted_primary_5y__M1__ridge__none,IDN,2005,2009,17,14.0,16.0,0.125
STERM__P_to_HLO__restricted_primary_5y__M1__ridge__none,IRN,2005,2009,17,12.0,15.0,0.1875
STERM__P_to_HLO__restricted_primary_5y__M1__ridge__none,ITA,2005,2009,17,7.0,9.0,0.125
STERM__P_to_HLO__restricted_primary_5y__M1__ridge__none,JPN,2005,2009,17,1.0,1.0,0.0
STERM__P_to_HLO__restricted_primary_5y__M1__ridge__none,MAR,2005,2009,17,16.0,17.0,0.0625
STERM__P_to_HLO__restricted_primary_5y__M1__ridge__none,NLD,2005,2009,17,2.0,3.0,0.0625
STERM__P_to_HLO__restricted_primary_5y__M1__ridge__none,NOR,2005,2009,17,8.0,6.0,0.125
STERM__P_to_HLO__restricted_primary_5y__M1__ridge__none,PER,2005,2009,17,15.0,7.0,0.5
STERM__P_to_HLO__restricted_primary_5y__M1__ridge__none,POL,2005,2009,17,4.0,8.0,0.25
STERM__P_to_HLO__restricted_primary_5y__M1__ridge__none,QAT,2005,2009,17,17.0,14.0,0.1875
STERM__P_to_HLO__restricted_primary_5y__M1__ridge__none,SVN,2005,2009,17,6.0,5.0,0.0625
STERM__P_to_HLO__restricted_primary_5y__M1__ridge__none,UKR,2005,2009,17,9.0,11.0,0.125
STERM__P_to_HLO__restricted_primary_5y__M1__ridge__none,BRA,2010,2014,20,12.0,9.0,0.15789473684210525
STERM__P_to_HLO__restricted_primary_5y__M1__ridge__none,CHL,2010,2014,20,10.0,17.0,0.3684210526315789
STERM__P_to_HLO__restricted_primary_5y__M1__ridge__none,COL,2010,2014,20,13.0,12.0,0.05263157894736842
STERM__P_to_HLO__restricted_primary_5y__M1__ridge__none,DEU,2010,2014,20,3.0,3.0,0.0
STERM__P_to_HLO__restricted_primary_5y__M1__ridge__none,ESP,2010,2014,20,7.0,6.0,0.05263157894736842
STERM__P_to_HLO__restricted_primary_5y__M1__ridge__none,FIN,2010,2014,20,2.0,1.0,0.05263157894736842
STERM__P_to_HLO__restricted_primary_5y__M1__ridge__none,GHA,2010,2014,20,20.0,20.0,0.0
STERM__P_to_HLO__restricted_primary_5y__M1__ridge__none,HRV,2010,2014,20,6.0,8.0,0.10526315789473684
STERM__P_to_HLO__restricted_primary_5y__M1__ridge__none,IDN,2010,2014,20,15.0,15.0,0.0
STERM__P_to_HLO__restricted_primary_5y__M1__ridge__none,ITA,2010,2014,20,5.0,10.0,0.2631578947368421
STERM__P_to_HLO__restricted_primary_5y__M1__ridge__none,JOR,2010,2014,20,17.0,18.0,0.05263157894736842
STERM__P_to_HLO__restricted_primary_5y__M1__ridge__none,KAZ,2010,2014,20,9.0,13.0,0.21052631578947367
STERM__P_to_HLO__restricted_primary_5y__M1__ridge__none,KOR,2010,2014,20,1.0,2.0,0.05263157894736842
STERM__P_to_HLO__restricted_primary_5y__M1__ridge__none,MAR,2010,2014,20,19.0,19.0,0.0
STERM__P_to_HLO__restricted_primary_5y__M1__ridge__none,MEX,2010,2014,20,11.0,7.0,0.21052631578947367
STERM__P_to_HLO__restricted_primary_5y__M1__ridge__none,OMN,2010,2014,20,16.0,11.0,0.2631578947368421
STERM__P_to_HLO__restricted_primary_5y__M1__ridge__none,POL,2010,2014,20,4.0,4.0,0.0
STERM__P_to_HLO__restricted_primary_5y__M1__ridge__none,SAU,2010,2014,20,14.0,16.0,0.10526315789473684
STERM__P_to_HLO__restricted_primary_5y__M1__ridge__none,SRB,2010,2014,20,8.0,5.0,0.15789473684210525
STERM__P_to_HLO__restricted_primary_5y__M1__ridge__none,ZAF,2010,2014,20,18.0,14.0,0.21052631578947367
STERM__P_to_HLO__restricted_primary_5y__M2__ridge__none,ISL,2000,2004,7,4.0,3.0,0.16666666666666666
STERM__P_to_HLO__restricted_primary_5y__M2__ridge__none,LTU,2000,2004,7,3.0,4.0,0.16666666666666666
STERM__P_to_HLO__restricted_primary_5y__M2__ridge__none,NLD,2000,2004,7,1.0,2.0,0.16666666666666666
STERM__P_to_HLO__restricted_primary_5y__M2__ridge__none,NOR,2000,2004,7,5.0,1.0,0.6666666666666666
STERM__P_to_HLO__restricted_primary_5y__M2__ridge__none,PHL,2000,2004,7,6.0,7.0,0.16666666666666666
STERM__P_to_HLO__restricted_primary_5y__M2__ridge__none,USA,2000,2004,7,2.0,5.0,0.5
STERM__P_to_HLO__restricted_primary_5y__M2__ridge__none,ZAF,2000,2004,7,7.0,6.0,0.16666666666666666
STERM__P_to_HLO__restricted_primary_5y__M2__ridge__none,AUT,2005,2009,17,5.0,4.0,0.0625
STERM__P_to_HLO__restricted_primary_5y__M2__ridge__none,BRA,2005,2009,17,13.0,13.0,0.0
STERM__P_to_HLO__restricted_primary_5y__M2__ridge__none,CHL,2005,2009,17,11.0,10.0,0.0625
STERM__P_to_HLO__restricted_primary_5y__M2__ridge__none,CRI,2005,2009,17,10.0,11.0,0.0625
STERM__P_to_HLO__restricted_primary_5y__M2__ridge__none,DEU,2005,2009,17,3.0,5.0,0.125
STERM__P_to_HLO__restricted_primary_5y__M2__ridge__none,IDN,2005,2009,17,14.0,17.0,0.1875
STERM__P_to_HLO__restricted_primary_5y__M2__ridge__none,IRN,2005,2009,17,12.0,14.0,0.125
STERM__P_to_HLO__restricted_primary_5y__M2__ridge__none,ITA,2005,2009,17,7.0,6.0,0.0625
STERM__P_to_HLO__restricted_primary_5y__M2__ridge__none,JPN,2005,2009,17,1.0,8.0,0.4375
STERM__P_to_HLO__restricted_primary_5y__M2__ridge__none,MAR,2005,2009,17,16.0,16.0,0.0
STERM__P_to_HLO__restricted_primary_5y__M2__ridge__none,NLD,2005,2009,17,2.0,3.0,0.0625
STERM__P_to_HLO__restricted_primary_5y__M2__ridge__none,NOR,2005,2009,17,8.0,2.0,0.375
STERM__P_to_HLO__restricted_primary_5y__M2__ridge__none,PER,2005,2009,17,15.0,15.0,0.0
STERM__P_to_HLO__restricted_primary_5y__M2__ridge__none,POL,2005,2009,17,4.0,7.0,0.1875
STERM__P_to_HLO__restricted_primary_5y__M2__ridge__none,QAT,2005,2009,17,17.0,12.0,0.3125
STERM__P_to_HLO__restricted_primary_5y__M2__ridge__none,SVN,2005,2009,17,6.0,1.0,0.3125
STERM__P_to_HLO__restricted_primary_5y__M2__ridge__none,UKR,2005,2009,17,9.0,9.0,0.0
STERM__P_to_HLO__restricted_primary_5y__M2__ridge__none,BRA,2010,2014,20,12.0,10.0,0.10526315789473684
STERM__P_to_HLO__restricted_primary_5y__M2__ridge__none,CHL,2010,2014,20,10.0,9.0,0.05263157894736842
STERM__P_to_HLO__restricted_primary_5y__M2__ridge__none,COL,2010,2014,20,13.0,11.0,0.10526315789473684
STERM__P_to_HLO__restricted_primary_5y__M2__ridge__none,DEU,2010,2014,20,3.0,2.0,0.05263157894736842
STERM__P_to_HLO__restricted_primary_5y__M2__ridge__none,ESP,2010,2014,20,7.0,1.0,0.3157894736842105
STERM__P_to_HLO__restricted_primary_5y__M2__ridge__none,FIN,2010,2014,20,2.0,3.0,0.05263157894736842
STERM__P_to_HLO__restricted_primary_5y__M2__ridge__none,GHA,2010,2014,20,20.0,20.0,0.0
STERM__P_to_HLO__restricted_primary_5y__M2__ridge__none,HRV,2010,2014,20,6.0,6.0,0.0
STERM__P_to_HLO__restricted_primary_5y__M2__ridge__none,IDN,2010,2014,20,15.0,17.0,0.10526315789473684
STERM__P_to_HLO__restricted_primary_5y__M2__ridge__none,ITA,2010,2014,20,5.0,7.0,0.10526315789473684
STERM__P_to_HLO__restricted_primary_5y__M2__ridge__none,JOR,2010,2014,20,17.0,18.0,0.05263157894736842
STERM__P_to_HLO__restricted_primary_5y__M2__ridge__none,KAZ,2010,2014,20,9.0,15.0,0.3157894736842105
STERM__P_to_HLO__restricted_primary_5y__M2__ridge__none,KOR,2010,2014,20,1.0,4.0,0.15789473684210525
STERM__P_to_HLO__restricted_primary_5y__M2__ridge__none,MAR,2010,2014,20,19.0,16.0,0.15789473684210525
STERM__P_to_HLO__restricted_primary_5y__M2__ridge__none,MEX,2010,2014,20,11.0,13.0,0.10526315789473684
STERM__P_to_HLO__restricted_primary_5y__M2__ridge__none,OMN,2010,2014,20,16.0,12.0,0.21052631578947367
STERM__P_to_HLO__restricted_primary_5y__M2__ridge__none,POL,2010,2014,20,4.0,5.0,0.05263157894736842
STERM__P_to_HLO__restricted_primary_5y__M2__ridge__none,SAU,2010,2014,20,14.0,14.0,0.0
STERM__P_to_HLO__restricted_primary_5y__M2__ridge__none,SRB,2010,2014,20,8.0,8.0,0.0
STERM__P_to_HLO__restricted_primary_5y__M2__ridge__none,ZAF,2010,2014,20,18.0,19.0,0.05263157894736842
STERM__P_to_HLO__restricted_primary_5y__M3__ridge__none,ISL,2000,2004,7,4.0,3.0,0.16666666666666666
STERM__P_to_HLO__restricted_primary_5y__M3__ridge__none,LTU,2000,2004,7,3.0,4.0,0.16666666666666666
STERM__P_to_HLO__restricted_primary_5y__M3__ridge__none,NLD,2000,2004,7,1.0,2.0,0.16666666666666666
STERM__P_to_HLO__restricted_primary_5y__M3__ridge__none,NOR,2000,2004,7,5.0,1.0,0.6666666666666666
STERM__P_to_HLO__restricted_primary_5y__M3__ridge__none,PHL,2000,2004,7,6.0,6.0,0.0
STERM__P_to_HLO__restricted_primary_5y__M3__ridge__none,USA,2000,2004,7,2.0,5.0,0.5
STERM__P_to_HLO__restricted_primary_5y__M3__ridge__none,ZAF,2000,2004,7,7.0,7.0,0.0
STERM__P_to_HLO__restricted_primary_5y__M3__ridge__none,AUT,2005,2009,17,5.0,3.0,0.125
STERM__P_to_HLO__restricted_primary_5y__M3__ridge__none,BRA,2005,2009,17,13.0,13.0,0.0
STERM__P_to_HLO__restricted_primary_5y__M3__ridge__none,CHL,2005,2009,17,11.0,11.0,0.0
STERM__P_to_HLO__restricted_primary_5y__M3__ridge__none,CRI,2005,2009,17,10.0,10.0,0.0
STERM__P_to_HLO__restricted_primary_5y__M3__ridge__none,DEU,2005,2009,17,3.0,6.0,0.1875
STERM__P_to_HLO__restricted_primary_5y__M3__ridge__none,IDN,2005,2009,17,14.0,16.0,0.125
STERM__P_to_HLO__restricted_primary_5y__M3__ridge__none,IRN,2005,2009,17,12.0,15.0,0.1875
STERM__P_to_HLO__restricted_primary_5y__M3__ridge__none,ITA,2005,2009,17,7.0,8.0,0.0625
STERM__P_to_HLO__restricted_primary_5y__M3__ridge__none,JPN,2005,2009,17,1.0,5.0,0.25
STERM__P_to_HLO__restricted_primary_5y__M3__ridge__none,MAR,2005,2009,17,16.0,17.0,0.0625
STERM__P_to_HLO__restricted_primary_5y__M3__ridge__none,NLD,2005,2009,17,2.0,4.0,0.125
STERM__P_to_HLO__restricted_primary_5y__M3__ridge__none,NOR,2005,2009,17,8.0,2.0,0.375
STERM__P_to_HLO__restricted_primary_5y__M3__ridge__none,PER,2005,2009,17,15.0,14.0,0.0625
STERM__P_to_HLO__restricted_primary_5y__M3__ridge__none,POL,2005,2009,17,4.0,7.0,0.1875
STERM__P_to_HLO__restricted_primary_5y__M3__ridge__none,QAT,2005,2009,17,17.0,12.0,0.3125
STERM__P_to_HLO__restricted_primary_5y__M3__ridge__none,SVN,2005,2009,17,6.0,1.0,0.3125
STERM__P_to_HLO__restricted_primary_5y__M3__ridge__none,UKR,2005,2009,17,9.0,9.0,0.0
STERM__P_to_HLO__restricted_primary_5y__M3__ridge__none,BRA,2010,2014,20,12.0,9.0,0.15789473684210525
STERM__P_to_HLO__restricted_primary_5y__M3__ridge__none,CHL,2010,2014,20,10.0,11.0,0.05263157894736842
STERM__P_to_HLO__restricted_primary_5y__M3__ridge__none,COL,2010,2014,20,13.0,10.0,0.15789473684210525
STERM__P_to_HLO__restricted_primary_5y__M3__ridge__none,DEU,2010,2014,20,3.0,1.0,0.10526315789473684
STERM__P_to_HLO__restricted_primary_5y__M3__ridge__none,ESP,2010,2014,20,7.0,4.0,0.15789473684210525
STERM__P_to_HLO__restricted_primary_5y__M3__ridge__none,FIN,2010,2014,20,2.0,2.0,0.0
STERM__P_to_HLO__restricted_primary_5y__M3__ridge__none,GHA,2010,2014,20,20.0,20.0,0.0
STERM__P_to_HLO__restricted_primary_5y__M3__ridge__none,HRV,2010,2014,20,6.0,6.0,0.0
STERM__P_to_HLO__restricted_primary_5y__M3__ridge__none,IDN,2010,2014,20,15.0,16.0,0.05263157894736842
STERM__P_to_HLO__restricted_primary_5y__M3__ridge__none,ITA,2010,2014,20,5.0,7.0,0.10526315789473684
STERM__P_to_HLO__restricted_primary_5y__M3__ridge__none,JOR,2010,2014,20,17.0,19.0,0.10526315789473684
STERM__P_to_HLO__restricted_primary_5y__M3__ridge__none,KAZ,2010,2014,20,9.0,14.0,0.2631578947368421
STERM__P_to_HLO__restricted_primary_5y__M3__ridge__none,KOR,2010,2014,20,1.0,3.0,0.10526315789473684
STERM__P_to_HLO__restricted_primary_5y__M3__ridge__none,MAR,2010,2014,20,19.0,17.0,0.10526315789473684
STERM__P_to_HLO__restricted_primary_5y__M3__ridge__none,MEX,2010,2014,20,11.0,12.0,0.05263157894736842
STERM__P_to_HLO__restricted_primary_5y__M3__ridge__none,OMN,2010,2014,20,16.0,13.0,0.15789473684210525
STERM__P_to_HLO__restricted_primary_5y__M3__ridge__none,POL,2010,2014,20,4.0,5.0,0.05263157894736842
STERM__P_to_HLO__restricted_primary_5y__M3__ridge__none,SAU,2010,2014,20,14.0,15.0,0.05263157894736842
STERM__P_to_HLO__restricted_primary_5y__M3__ridge__none,SRB,2010,2014,20,8.0,8.0,0.0
STERM__P_to_HLO__restricted_primary_5y__M3__ridge__none,ZAF,2010,2014,20,18.0,18.0,0.0
RAW_SOURCE|PRIMARY|HLO_to_P|primary_5y,LTU,2000,2004,7,4.0,3.0,0.16666666666666666
RAW_SOURCE|PRIMARY|HLO_to_P|primary_5y,NLD,2000,2004,7,3.0,1.0,0.3333333333333333
RAW_SOURCE|PRIMARY|HLO_to_P|primary_5y,NOR,2000,2004,7,1.0,5.0,0.6666666666666666
RAW_SOURCE|PRIMARY|HLO_to_P|primary_5y,USA,2000,2004,7,5.0,2.0,0.5
RAW_SOURCE|PRIMARY|HLO_to_P|primary_5y,ZAF,2000,2004,7,7.0,7.0,0.0
RAW_SOURCE|PRIMARY|HLO_to_P|primary_5y,PHL,2000,2004,7,6.0,6.0,0.0
RAW_SOURCE|PRIMARY|HLO_to_P|primary_5y,ISL,2000,2004,7,2.0,4.0,0.3333333333333333
RAW_SOURCE|PRIMARY|HLO_to_P|primary_5y,MAR,2005,2009,17,17.0,16.0,0.0625
RAW_SOURCE|PRIMARY|HLO_to_P|primary_5y,NLD,2005,2009,17,3.0,2.0,0.0625
RAW_SOURCE|PRIMARY|HLO_to_P|primary_5y,NOR,2005,2009,17,6.0,8.0,0.125
RAW_SOURCE|PRIMARY|HLO_to_P|primary_5y,PER,2005,2009,17,8.0,15.0,0.4375
RAW_SOURCE|PRIMARY|HLO_to_P|primary_5y,POL,2005,2009,17,7.0,4.0,0.1875
RAW_SOURCE|PRIMARY|HLO_to_P|primary_5y,QAT,2005,2009,17,14.0,17.0,0.1875
RAW_SOURCE|PRIMARY|HLO_to_P|primary_5y,SVN,2005,2009,17,5.0,6.0,0.0625
RAW_SOURCE|PRIMARY|HLO_to_P|primary_5y,UKR,2005,2009,17,11.0,9.0,0.125
RAW_SOURCE|PRIMARY|HLO_to_P|primary_5y,JPN,2005,2009,17,1.0,1.0,0.0
RAW_SOURCE|PRIMARY|HLO_to_P|primary_5y,BRA,2005,2009,17,12.0,13.0,0.0625
RAW_SOURCE|PRIMARY|HLO_to_P|primary_5y,CHL,2005,2009,17,13.0,11.0,0.125
RAW_SOURCE|PRIMARY|HLO_to_P|primary_5y,CRI,2005,2009,17,10.0,10.0,0.0
RAW_SOURCE|PRIMARY|HLO_to_P|primary_5y,DEU,2005,2009,17,4.0,3.0,0.0625
RAW_SOURCE|PRIMARY|HLO_to_P|primary_5y,AUT,2005,2009,17,2.0,5.0,0.1875
RAW_SOURCE|PRIMARY|HLO_to_P|primary_5y,IDN,2005,2009,17,16.0,14.0,0.125
RAW_SOURCE|PRIMARY|HLO_to_P|primary_5y,IRN,2005,2009,17,15.0,12.0,0.1875
RAW_SOURCE|PRIMARY|HLO_to_P|primary_5y,ITA,2005,2009,17,9.0,7.0,0.125
RAW_SOURCE|PRIMARY|HLO_to_P|primary_5y,MAR,2010,2014,20,19.0,19.0,0.0
RAW_SOURCE|PRIMARY|HLO_to_P|primary_5y,MEX,2010,2014,20,7.0,11.0,0.21052631578947367
RAW_SOURCE|PRIMARY|HLO_to_P|primary_5y,OMN,2010,2014,20,11.0,16.0,0.2631578947368421
RAW_SOURCE|PRIMARY|HLO_to_P|primary_5y,POL,2010,2014,20,4.0,4.0,0.0
RAW_SOURCE|PRIMARY|HLO_to_P|primary_5y,SAU,2010,2014,20,16.0,14.0,0.10526315789473684
RAW_SOURCE|PRIMARY|HLO_to_P|primary_5y,SRB,2010,2014,20,5.0,8.0,0.15789473684210525
RAW_SOURCE|PRIMARY|HLO_to_P|primary_5y,ZAF,2010,2014,20,14.0,18.0,0.21052631578947367
RAW_SOURCE|PRIMARY|HLO_to_P|primary_5y,KOR,2010,2014,20,2.0,1.0,0.05263157894736842
RAW_SOURCE|PRIMARY|HLO_to_P|primary_5y,KAZ,2010,2014,20,13.0,9.0,0.21052631578947367
RAW_SOURCE|PRIMARY|HLO_to_P|primary_5y,BRA,2010,2014,20,9.0,12.0,0.15789473684210525
RAW_SOURCE|PRIMARY|HLO_to_P|primary_5y,CHL,2010,2014,20,17.0,10.0,0.3684210526315789
RAW_SOURCE|PRIMARY|HLO_to_P|primary_5y,COL,2010,2014,20,12.0,13.0,0.05263157894736842
RAW_SOURCE|PRIMARY|HLO_to_P|primary_5y,DEU,2010,2014,20,3.0,3.0,0.0
RAW_SOURCE|PRIMARY|HLO_to_P|primary_5y,JOR,2010,2014,20,18.0,17.0,0.05263157894736842
RAW_SOURCE|PRIMARY|HLO_to_P|primary_5y,FIN,2010,2014,20,1.0,2.0,0.05263157894736842
RAW_SOURCE|PRIMARY|HLO_to_P|primary_5y,GHA,2010,2014,20,20.0,20.0,0.0
RAW_SOURCE|PRIMARY|HLO_to_P|primary_5y,HRV,2010,2014,20,8.0,6.0,0.10526315789473684
RAW_SOURCE|PRIMARY|HLO_to_P|primary_5y,IDN,2010,2014,20,15.0,15.0,0.0
RAW_SOURCE|PRIMARY|HLO_to_P|primary_5y,ITA,2010,2014,20,10.0,5.0,0.2631578947368421
RAW_SOURCE|PRIMARY|HLO_to_P|primary_5y,ESP,2010,2014,20,6.0,7.0,0.05263157894736842
RAW_SOURCE|PRIMARY|HLO_to_P|primary_5y,AUS,2015,2017,9,4.0,5.0,0.125
RAW_SOURCE|PRIMARY|HLO_to_P|primary_5y,POL,2015,2017,9,1.0,3.0,0.25
RAW_SOURCE|PRIMARY|HLO_to_P|primary_5y,RUS,2015,2017,9,5.0,2.0,0.375
RAW_SOURCE|PRIMARY|HLO_to_P|primary_5y,SAU,2015,2017,9,6.0,8.0,0.25
RAW_SOURCE|PRIMARY|HLO_to_P|primary_5y,JPN,2015,2017,9,2.0,1.0,0.125
RAW_SOURCE|PRIMARY|HLO_to_P|primary_5y,BHR,2015,2017,9,9.0,6.0,0.375
RAW_SOURCE|PRIMARY|HLO_to_P|primary_5y,DEU,2015,2017,9,3.0,4.0,0.125
RAW_SOURCE|PRIMARY|HLO_to_P|primary_5y,EGY,2015,2017,9,8.0,9.0,0.125
RAW_SOURCE|PRIMARY|HLO_to_P|primary_5y,IDN,2015,2017,9,7.0,7.0,0.0
RAW_SOURCE|PRIMARY|P_to_HLO|primary_5y,LTU,2000,2004,7,3.0,4.0,0.16666666666666666
RAW_SOURCE|PRIMARY|P_to_HLO|primary_5y,NLD,2000,2004,7,1.0,3.0,0.3333333333333333
RAW_SOURCE|PRIMARY|P_to_HLO|primary_5y,NOR,2000,2004,7,5.0,1.0,0.6666666666666666
RAW_SOURCE|PRIMARY|P_to_HLO|primary_5y,USA,2000,2004,7,2.0,5.0,0.5
RAW_SOURCE|PRIMARY|P_to_HLO|primary_5y,ZAF,2000,2004,7,7.0,7.0,0.0
RAW_SOURCE|PRIMARY|P_to_HLO|primary_5y,PHL,2000,2004,7,6.0,6.0,0.0
RAW_SOURCE|PRIMARY|P_to_HLO|primary_5y,ISL,2000,2004,7,4.0,2.0,0.3333333333333333
RAW_SOURCE|PRIMARY|P_to_HLO|primary_5y,MAR,2005,2009,17,16.0,17.0,0.0625
RAW_SOURCE|PRIMARY|P_to_HLO|primary_5y,NLD,2005,2009,17,2.0,3.0,0.0625
RAW_SOURCE|PRIMARY|P_to_HLO|primary_5y,NOR,2005,2009,17,8.0,6.0,0.125
RAW_SOURCE|PRIMARY|P_to_HLO|primary_5y,PER,2005,2009,17,15.0,8.0,0.4375
RAW_SOURCE|PRIMARY|P_to_HLO|primary_5y,POL,2005,2009,17,4.0,7.0,0.1875
RAW_SOURCE|PRIMARY|P_to_HLO|primary_5y,QAT,2005,2009,17,17.0,14.0,0.1875
RAW_SOURCE|PRIMARY|P_to_HLO|primary_5y,SVN,2005,2009,17,6.0,5.0,0.0625
RAW_SOURCE|PRIMARY|P_to_HLO|primary_5y,UKR,2005,2009,17,9.0,11.0,0.125
RAW_SOURCE|PRIMARY|P_to_HLO|primary_5y,JPN,2005,2009,17,1.0,1.0,0.0
RAW_SOURCE|PRIMARY|P_to_HLO|primary_5y,BRA,2005,2009,17,13.0,12.0,0.0625
RAW_SOURCE|PRIMARY|P_to_HLO|primary_5y,CHL,2005,2009,17,11.0,13.0,0.125
RAW_SOURCE|PRIMARY|P_to_HLO|primary_5y,CRI,2005,2009,17,10.0,10.0,0.0
RAW_SOURCE|PRIMARY|P_to_HLO|primary_5y,DEU,2005,2009,17,3.0,4.0,0.0625
RAW_SOURCE|PRIMARY|P_to_HLO|primary_5y,AUT,2005,2009,17,5.0,2.0,0.1875
RAW_SOURCE|PRIMARY|P_to_HLO|primary_5y,IDN,2005,2009,17,14.0,16.0,0.125
RAW_SOURCE|PRIMARY|P_to_HLO|primary_5y,IRN,2005,2009,17,12.0,15.0,0.1875
RAW_SOURCE|PRIMARY|P_to_HLO|primary_5y,ITA,2005,2009,17,7.0,9.0,0.125
RAW_SOURCE|PRIMARY|P_to_HLO|primary_5y,MAR,2010,2014,20,19.0,19.0,0.0
RAW_SOURCE|PRIMARY|P_to_HLO|primary_5y,MEX,2010,2014,20,11.0,7.0,0.21052631578947367
RAW_SOURCE|PRIMARY|P_to_HLO|primary_5y,OMN,2010,2014,20,16.0,11.0,0.2631578947368421
RAW_SOURCE|PRIMARY|P_to_HLO|primary_5y,POL,2010,2014,20,4.0,4.0,0.0
RAW_SOURCE|PRIMARY|P_to_HLO|primary_5y,SAU,2010,2014,20,14.0,16.0,0.10526315789473684
RAW_SOURCE|PRIMARY|P_to_HLO|primary_5y,SRB,2010,2014,20,8.0,5.0,0.15789473684210525
RAW_SOURCE|PRIMARY|P_to_HLO|primary_5y,ZAF,2010,2014,20,18.0,14.0,0.21052631578947367
RAW_SOURCE|PRIMARY|P_to_HLO|primary_5y,KOR,2010,2014,20,1.0,2.0,0.05263157894736842
RAW_SOURCE|PRIMARY|P_to_HLO|primary_5y,KAZ,2010,2014,20,9.0,13.0,0.21052631578947367
RAW_SOURCE|PRIMARY|P_to_HLO|primary_5y,BRA,2010,2014,20,12.0,9.0,0.15789473684210525
RAW_SOURCE|PRIMARY|P_to_HLO|primary_5y,CHL,2010,2014,20,10.0,17.0,0.3684210526315789
RAW_SOURCE|PRIMARY|P_to_HLO|primary_5y,COL,2010,2014,20,13.0,12.0,0.05263157894736842
RAW_SOURCE|PRIMARY|P_to_HLO|primary_5y,DEU,2010,2014,20,3.0,3.0,0.0
RAW_SOURCE|PRIMARY|P_to_HLO|primary_5y,JOR,2010,2014,20,17.0,18.0,0.05263157894736842
RAW_SOURCE|PRIMARY|P_to_HLO|primary_5y,FIN,2010,2014,20,2.0,1.0,0.05263157894736842
RAW_SOURCE|PRIMARY|P_to_HLO|primary_5y,GHA,2010,2014,20,20.0,20.0,0.0
RAW_SOURCE|PRIMARY|P_to_HLO|primary_5y,HRV,2010,2014,20,6.0,8.0,0.10526315789473684
RAW_SOURCE|PRIMARY|P_to_HLO|primary_5y,IDN,2010,2014,20,15.0,15.0,0.0
RAW_SOURCE|PRIMARY|P_to_HLO|primary_5y,ITA,2010,2014,20,5.0,10.0,0.2631578947368421
RAW_SOURCE|PRIMARY|P_to_HLO|primary_5y,ESP,2010,2014,20,7.0,6.0,0.05263157894736842
RAW_SOURCE|PRIMARY|P_to_HLO|primary_5y,AUS,2015,2017,9,5.0,4.0,0.125
RAW_SOURCE|PRIMARY|P_to_HLO|primary_5y,POL,2015,2017,9,3.0,1.0,0.25
RAW_SOURCE|PRIMARY|P_to_HLO|primary_5y,RUS,2015,2017,9,2.0,5.0,0.375
RAW_SOURCE|PRIMARY|P_to_HLO|primary_5y,SAU,2015,2017,9,8.0,6.0,0.25
RAW_SOURCE|PRIMARY|P_to_HLO|primary_5y,JPN,2015,2017,9,1.0,2.0,0.125
RAW_SOURCE|PRIMARY|P_to_HLO|primary_5y,BHR,2015,2017,9,6.0,9.0,0.375
RAW_SOURCE|PRIMARY|P_to_HLO|primary_5y,DEU,2015,2017,9,4.0,3.0,0.125
RAW_SOURCE|PRIMARY|P_to_HLO|primary_5y,EGY,2015,2017,9,9.0,8.0,0.125
RAW_SOURCE|PRIMARY|P_to_HLO|primary_5y,IDN,2015,2017,9,7.0,7.0,0.0
RAW_SOURCE|S10|HLO_to_P|alternative_10y,NLD,2000,2004,5,3.0,1.0,0.5
RAW_SOURCE|S10|HLO_to_P|alternative_10y,NOR,2000,2004,5,1.0,4.0,0.75
RAW_SOURCE|S10|HLO_to_P|alternative_10y,PHL,2000,2004,5,5.0,5.0,0.0
RAW_SOURCE|S10|HLO_to_P|alternative_10y,USA,2000,2004,5,4.0,2.0,0.5
RAW_SOURCE|S10|HLO_to_P|alternative_10y,ISL,2000,2004,5,2.0,3.0,0.25
RAW_SOURCE|S10|HLO_to_P|alternative_10y,MAR,2005,2009,14,14.0,13.0,0.07692307692307693
RAW_SOURCE|S10|HLO_to_P|alternative_10y,NLD,2005,2009,14,3.0,2.0,0.07692307692307693
RAW_SOURCE|S10|HLO_to_P|alternative_10y,NOR,2005,2009,14,4.0,6.0,0.15384615384615385
RAW_SOURCE|S10|HLO_to_P|alternative_10y,POL,2005,2009,14,5.0,3.0,0.15384615384615385
RAW_SOURCE|S10|HLO_to_P|alternative_10y,QAT,2005,2009,14,11.0,14.0,0.23076923076923078
RAW_SOURCE|S10|HLO_to_P|alternative_10y,UKR,2005,2009,14,9.0,7.0,0.15384615384615385
RAW_SOURCE|S10|HLO_to_P|alternative_10y,PER,2005,2009,14,6.0,12.0,0.46153846153846156
RAW_SOURCE|S10|HLO_to_P|alternative_10y,JPN,2005,2009,14,1.0,1.0,0.0
RAW_SOURCE|S10|HLO_to_P|alternative_10y,CHL,2005,2009,14,10.0,9.0,0.07692307692307693
RAW_SOURCE|S10|HLO_to_P|alternative_10y,CRI,2005,2009,14,8.0,8.0,0.0
RAW_SOURCE|S10|HLO_to_P|alternative_10y,AUT,2005,2009,14,2.0,4.0,0.15384615384615385
RAW_SOURCE|S10|HLO_to_P|alternative_10y,IDN,2005,2009,14,13.0,11.0,0.15384615384615385
RAW_SOURCE|S10|HLO_to_P|alternative_10y,IRN,2005,2009,14,12.0,10.0,0.15384615384615385
RAW_SOURCE|S10|HLO_to_P|alternative_10y,ITA,2005,2009,14,7.0,5.0,0.15384615384615385
RAW_SOURCE|S10|HLO_to_P|alternative_10y,KOR,2010,2014,20,2.0,1.0,0.05263157894736842
RAW_SOURCE|S10|HLO_to_P|alternative_10y,MAR,2010,2014,20,19.0,19.0,0.0
RAW_SOURCE|S10|HLO_to_P|alternative_10y,MEX,2010,2014,20,7.0,11.0,0.21052631578947367
RAW_SOURCE|S10|HLO_to_P|alternative_10y,OMN,2010,2014,20,11.0,16.0,0.2631578947368421
RAW_SOURCE|S10|HLO_to_P|alternative_10y,POL,2010,2014,20,4.0,4.0,0.0
RAW_SOURCE|S10|HLO_to_P|alternative_10y,SAU,2010,2014,20,16.0,14.0,0.10526315789473684
RAW_SOURCE|S10|HLO_to_P|alternative_10y,SRB,2010,2014,20,5.0,8.0,0.15789473684210525
RAW_SOURCE|S10|HLO_to_P|alternative_10y,ZAF,2010,2014,20,14.0,18.0,0.21052631578947367
RAW_SOURCE|S10|HLO_to_P|alternative_10y,KAZ,2010,2014,20,13.0,9.0,0.21052631578947367
RAW_SOURCE|S10|HLO_to_P|alternative_10y,JOR,2010,2014,20,18.0,17.0,0.05263157894736842
RAW_SOURCE|S10|HLO_to_P|alternative_10y,BRA,2010,2014,20,9.0,12.0,0.15789473684210525
RAW_SOURCE|S10|HLO_to_P|alternative_10y,CHL,2010,2014,20,17.0,10.0,0.3684210526315789
RAW_SOURCE|S10|HLO_to_P|alternative_10y,COL,2010,2014,20,12.0,13.0,0.05263157894736842
RAW_SOURCE|S10|HLO_to_P|alternative_10y,DEU,2010,2014,20,3.0,3.0,0.0
RAW_SOURCE|S10|HLO_to_P|alternative_10y,ESP,2010,2014,20,6.0,7.0,0.05263157894736842
RAW_SOURCE|S10|HLO_to_P|alternative_10y,GHA,2010,2014,20,20.0,20.0,0.0
RAW_SOURCE|S10|HLO_to_P|alternative_10y,HRV,2010,2014,20,8.0,6.0,0.10526315789473684
RAW_SOURCE|S10|HLO_to_P|alternative_10y,IDN,2010,2014,20,15.0,15.0,0.0
RAW_SOURCE|S10|HLO_to_P|alternative_10y,ITA,2010,2014,20,10.0,5.0,0.2631578947368421
RAW_SOURCE|S10|HLO_to_P|alternative_10y,FIN,2010,2014,20,1.0,2.0,0.05263157894736842
RAW_SOURCE|S10|HLO_to_P|alternative_10y,AUS,2015,2017,9,4.0,5.0,0.125
RAW_SOURCE|S10|HLO_to_P|alternative_10y,POL,2015,2017,9,1.0,3.0,0.25
RAW_SOURCE|S10|HLO_to_P|alternative_10y,RUS,2015,2017,9,5.0,2.0,0.375
RAW_SOURCE|S10|HLO_to_P|alternative_10y,SAU,2015,2017,9,6.0,8.0,0.25
RAW_SOURCE|S10|HLO_to_P|alternative_10y,JPN,2015,2017,9,2.0,1.0,0.125
RAW_SOURCE|S10|HLO_to_P|alternative_10y,BHR,2015,2017,9,9.0,6.0,0.375
RAW_SOURCE|S10|HLO_to_P|alternative_10y,DEU,2015,2017,9,3.0,4.0,0.125
RAW_SOURCE|S10|HLO_to_P|alternative_10y,EGY,2015,2017,9,8.0,9.0,0.125
RAW_SOURCE|S10|HLO_to_P|alternative_10y,IDN,2015,2017,9,7.0,7.0,0.0
RAW_SOURCE|S10|HLO_to_P|primary_5y_matched,NLD,2000,2004,5,3.0,1.0,0.5
RAW_SOURCE|S10|HLO_to_P|primary_5y_matched,NOR,2000,2004,5,1.0,4.0,0.75
RAW_SOURCE|S10|HLO_to_P|primary_5y_matched,PHL,2000,2004,5,5.0,5.0,0.0
RAW_SOURCE|S10|HLO_to_P|primary_5y_matched,USA,2000,2004,5,4.0,2.0,0.5
RAW_SOURCE|S10|HLO_to_P|primary_5y_matched,ISL,2000,2004,5,2.0,3.0,0.25
RAW_SOURCE|S10|HLO_to_P|primary_5y_matched,MAR,2005,2009,14,14.0,13.0,0.07692307692307693
RAW_SOURCE|S10|HLO_to_P|primary_5y_matched,NLD,2005,2009,14,3.0,2.0,0.07692307692307693
RAW_SOURCE|S10|HLO_to_P|primary_5y_matched,NOR,2005,2009,14,4.0,6.0,0.15384615384615385
RAW_SOURCE|S10|HLO_to_P|primary_5y_matched,POL,2005,2009,14,5.0,3.0,0.15384615384615385
RAW_SOURCE|S10|HLO_to_P|primary_5y_matched,QAT,2005,2009,14,11.0,14.0,0.23076923076923078
RAW_SOURCE|S10|HLO_to_P|primary_5y_matched,UKR,2005,2009,14,9.0,7.0,0.15384615384615385
RAW_SOURCE|S10|HLO_to_P|primary_5y_matched,PER,2005,2009,14,6.0,12.0,0.46153846153846156
RAW_SOURCE|S10|HLO_to_P|primary_5y_matched,JPN,2005,2009,14,1.0,1.0,0.0
RAW_SOURCE|S10|HLO_to_P|primary_5y_matched,CHL,2005,2009,14,10.0,9.0,0.07692307692307693
RAW_SOURCE|S10|HLO_to_P|primary_5y_matched,CRI,2005,2009,14,8.0,8.0,0.0
RAW_SOURCE|S10|HLO_to_P|primary_5y_matched,AUT,2005,2009,14,2.0,4.0,0.15384615384615385
RAW_SOURCE|S10|HLO_to_P|primary_5y_matched,IDN,2005,2009,14,13.0,11.0,0.15384615384615385
RAW_SOURCE|S10|HLO_to_P|primary_5y_matched,IRN,2005,2009,14,12.0,10.0,0.15384615384615385
RAW_SOURCE|S10|HLO_to_P|primary_5y_matched,ITA,2005,2009,14,7.0,5.0,0.15384615384615385
RAW_SOURCE|S10|HLO_to_P|primary_5y_matched,KOR,2010,2014,20,2.0,1.0,0.05263157894736842
RAW_SOURCE|S10|HLO_to_P|primary_5y_matched,MAR,2010,2014,20,19.0,19.0,0.0
RAW_SOURCE|S10|HLO_to_P|primary_5y_matched,MEX,2010,2014,20,7.0,11.0,0.21052631578947367
RAW_SOURCE|S10|HLO_to_P|primary_5y_matched,OMN,2010,2014,20,11.0,16.0,0.2631578947368421
RAW_SOURCE|S10|HLO_to_P|primary_5y_matched,POL,2010,2014,20,4.0,4.0,0.0
RAW_SOURCE|S10|HLO_to_P|primary_5y_matched,SAU,2010,2014,20,16.0,14.0,0.10526315789473684
RAW_SOURCE|S10|HLO_to_P|primary_5y_matched,SRB,2010,2014,20,5.0,8.0,0.15789473684210525
RAW_SOURCE|S10|HLO_to_P|primary_5y_matched,ZAF,2010,2014,20,14.0,18.0,0.21052631578947367
RAW_SOURCE|S10|HLO_to_P|primary_5y_matched,KAZ,2010,2014,20,13.0,9.0,0.21052631578947367
RAW_SOURCE|S10|HLO_to_P|primary_5y_matched,JOR,2010,2014,20,18.0,17.0,0.05263157894736842
RAW_SOURCE|S10|HLO_to_P|primary_5y_matched,BRA,2010,2014,20,9.0,12.0,0.15789473684210525
RAW_SOURCE|S10|HLO_to_P|primary_5y_matched,CHL,2010,2014,20,17.0,10.0,0.3684210526315789
RAW_SOURCE|S10|HLO_to_P|primary_5y_matched,COL,2010,2014,20,12.0,13.0,0.05263157894736842
RAW_SOURCE|S10|HLO_to_P|primary_5y_matched,DEU,2010,2014,20,3.0,3.0,0.0
RAW_SOURCE|S10|HLO_to_P|primary_5y_matched,ESP,2010,2014,20,6.0,7.0,0.05263157894736842
RAW_SOURCE|S10|HLO_to_P|primary_5y_matched,GHA,2010,2014,20,20.0,20.0,0.0
RAW_SOURCE|S10|HLO_to_P|primary_5y_matched,HRV,2010,2014,20,8.0,6.0,0.10526315789473684
RAW_SOURCE|S10|HLO_to_P|primary_5y_matched,IDN,2010,2014,20,15.0,15.0,0.0
RAW_SOURCE|S10|HLO_to_P|primary_5y_matched,ITA,2010,2014,20,10.0,5.0,0.2631578947368421
RAW_SOURCE|S10|HLO_to_P|primary_5y_matched,FIN,2010,2014,20,1.0,2.0,0.05263157894736842
RAW_SOURCE|S10|HLO_to_P|primary_5y_matched,AUS,2015,2017,9,4.0,5.0,0.125
RAW_SOURCE|S10|HLO_to_P|primary_5y_matched,POL,2015,2017,9,1.0,3.0,0.25
RAW_SOURCE|S10|HLO_to_P|primary_5y_matched,RUS,2015,2017,9,5.0,2.0,0.375
RAW_SOURCE|S10|HLO_to_P|primary_5y_matched,SAU,2015,2017,9,6.0,8.0,0.25
RAW_SOURCE|S10|HLO_to_P|primary_5y_matched,JPN,2015,2017,9,2.0,1.0,0.125
RAW_SOURCE|S10|HLO_to_P|primary_5y_matched,BHR,2015,2017,9,9.0,6.0,0.375
RAW_SOURCE|S10|HLO_to_P|primary_5y_matched,DEU,2015,2017,9,3.0,4.0,0.125
RAW_SOURCE|S10|HLO_to_P|primary_5y_matched,EGY,2015,2017,9,8.0,9.0,0.125
RAW_SOURCE|S10|HLO_to_P|primary_5y_matched,IDN,2015,2017,9,7.0,7.0,0.0
RAW_SOURCE|S10|P_to_HLO|alternative_10y,NLD,2000,2004,5,1.0,3.0,0.5
RAW_SOURCE|S10|P_to_HLO|alternative_10y,NOR,2000,2004,5,4.0,1.0,0.75
RAW_SOURCE|S10|P_to_HLO|alternative_10y,PHL,2000,2004,5,5.0,5.0,0.0
RAW_SOURCE|S10|P_to_HLO|alternative_10y,USA,2000,2004,5,2.0,4.0,0.5
RAW_SOURCE|S10|P_to_HLO|alternative_10y,ISL,2000,2004,5,3.0,2.0,0.25
RAW_SOURCE|S10|P_to_HLO|alternative_10y,MAR,2005,2009,14,13.0,14.0,0.07692307692307693
RAW_SOURCE|S10|P_to_HLO|alternative_10y,NLD,2005,2009,14,2.0,3.0,0.07692307692307693
RAW_SOURCE|S10|P_to_HLO|alternative_10y,NOR,2005,2009,14,6.0,4.0,0.15384615384615385
RAW_SOURCE|S10|P_to_HLO|alternative_10y,POL,2005,2009,14,3.0,5.0,0.15384615384615385
RAW_SOURCE|S10|P_to_HLO|alternative_10y,QAT,2005,2009,14,14.0,11.0,0.23076923076923078
RAW_SOURCE|S10|P_to_HLO|alternative_10y,UKR,2005,2009,14,7.0,9.0,0.15384615384615385
RAW_SOURCE|S10|P_to_HLO|alternative_10y,PER,2005,2009,14,12.0,6.0,0.46153846153846156
RAW_SOURCE|S10|P_to_HLO|alternative_10y,JPN,2005,2009,14,1.0,1.0,0.0
RAW_SOURCE|S10|P_to_HLO|alternative_10y,CHL,2005,2009,14,9.0,10.0,0.07692307692307693
RAW_SOURCE|S10|P_to_HLO|alternative_10y,CRI,2005,2009,14,8.0,8.0,0.0
RAW_SOURCE|S10|P_to_HLO|alternative_10y,AUT,2005,2009,14,4.0,2.0,0.15384615384615385
RAW_SOURCE|S10|P_to_HLO|alternative_10y,IDN,2005,2009,14,11.0,13.0,0.15384615384615385
RAW_SOURCE|S10|P_to_HLO|alternative_10y,IRN,2005,2009,14,10.0,12.0,0.15384615384615385
RAW_SOURCE|S10|P_to_HLO|alternative_10y,ITA,2005,2009,14,5.0,7.0,0.15384615384615385
RAW_SOURCE|S10|P_to_HLO|alternative_10y,KOR,2010,2014,20,1.0,2.0,0.05263157894736842
RAW_SOURCE|S10|P_to_HLO|alternative_10y,MAR,2010,2014,20,19.0,19.0,0.0
RAW_SOURCE|S10|P_to_HLO|alternative_10y,MEX,2010,2014,20,11.0,7.0,0.21052631578947367
RAW_SOURCE|S10|P_to_HLO|alternative_10y,OMN,2010,2014,20,16.0,11.0,0.2631578947368421
RAW_SOURCE|S10|P_to_HLO|alternative_10y,POL,2010,2014,20,4.0,4.0,0.0
RAW_SOURCE|S10|P_to_HLO|alternative_10y,SAU,2010,2014,20,14.0,16.0,0.10526315789473684
RAW_SOURCE|S10|P_to_HLO|alternative_10y,SRB,2010,2014,20,8.0,5.0,0.15789473684210525
RAW_SOURCE|S10|P_to_HLO|alternative_10y,ZAF,2010,2014,20,18.0,14.0,0.21052631578947367
RAW_SOURCE|S10|P_to_HLO|alternative_10y,KAZ,2010,2014,20,9.0,13.0,0.21052631578947367
RAW_SOURCE|S10|P_to_HLO|alternative_10y,JOR,2010,2014,20,17.0,18.0,0.05263157894736842
RAW_SOURCE|S10|P_to_HLO|alternative_10y,BRA,2010,2014,20,12.0,9.0,0.15789473684210525
RAW_SOURCE|S10|P_to_HLO|alternative_10y,CHL,2010,2014,20,10.0,17.0,0.3684210526315789
RAW_SOURCE|S10|P_to_HLO|alternative_10y,COL,2010,2014,20,13.0,12.0,0.05263157894736842
RAW_SOURCE|S10|P_to_HLO|alternative_10y,DEU,2010,2014,20,3.0,3.0,0.0
RAW_SOURCE|S10|P_to_HLO|alternative_10y,ESP,2010,2014,20,7.0,6.0,0.05263157894736842
RAW_SOURCE|S10|P_to_HLO|alternative_10y,GHA,2010,2014,20,20.0,20.0,0.0
RAW_SOURCE|S10|P_to_HLO|alternative_10y,HRV,2010,2014,20,6.0,8.0,0.10526315789473684
RAW_SOURCE|S10|P_to_HLO|alternative_10y,IDN,2010,2014,20,15.0,15.0,0.0
RAW_SOURCE|S10|P_to_HLO|alternative_10y,ITA,2010,2014,20,5.0,10.0,0.2631578947368421
RAW_SOURCE|S10|P_to_HLO|alternative_10y,FIN,2010,2014,20,2.0,1.0,0.05263157894736842
RAW_SOURCE|S10|P_to_HLO|alternative_10y,AUS,2015,2017,9,5.0,4.0,0.125
RAW_SOURCE|S10|P_to_HLO|alternative_10y,POL,2015,2017,9,3.0,1.0,0.25
RAW_SOURCE|S10|P_to_HLO|alternative_10y,RUS,2015,2017,9,2.0,5.0,0.375
RAW_SOURCE|S10|P_to_HLO|alternative_10y,SAU,2015,2017,9,8.0,6.0,0.25
RAW_SOURCE|S10|P_to_HLO|alternative_10y,JPN,2015,2017,9,1.0,2.0,0.125
RAW_SOURCE|S10|P_to_HLO|alternative_10y,BHR,2015,2017,9,6.0,9.0,0.375
RAW_SOURCE|S10|P_to_HLO|alternative_10y,DEU,2015,2017,9,4.0,3.0,0.125
RAW_SOURCE|S10|P_to_HLO|alternative_10y,EGY,2015,2017,9,9.0,8.0,0.125
RAW_SOURCE|S10|P_to_HLO|alternative_10y,IDN,2015,2017,9,7.0,7.0,0.0
RAW_SOURCE|S10|P_to_HLO|primary_5y_matched,NLD,2000,2004,5,1.0,3.0,0.5
RAW_SOURCE|S10|P_to_HLO|primary_5y_matched,NOR,2000,2004,5,4.0,1.0,0.75
RAW_SOURCE|S10|P_to_HLO|primary_5y_matched,PHL,2000,2004,5,5.0,5.0,0.0
RAW_SOURCE|S10|P_to_HLO|primary_5y_matched,USA,2000,2004,5,2.0,4.0,0.5
RAW_SOURCE|S10|P_to_HLO|primary_5y_matched,ISL,2000,2004,5,3.0,2.0,0.25
RAW_SOURCE|S10|P_to_HLO|primary_5y_matched,MAR,2005,2009,14,13.0,14.0,0.07692307692307693
RAW_SOURCE|S10|P_to_HLO|primary_5y_matched,NLD,2005,2009,14,2.0,3.0,0.07692307692307693
RAW_SOURCE|S10|P_to_HLO|primary_5y_matched,NOR,2005,2009,14,6.0,4.0,0.15384615384615385
RAW_SOURCE|S10|P_to_HLO|primary_5y_matched,POL,2005,2009,14,3.0,5.0,0.15384615384615385
RAW_SOURCE|S10|P_to_HLO|primary_5y_matched,QAT,2005,2009,14,14.0,11.0,0.23076923076923078
RAW_SOURCE|S10|P_to_HLO|primary_5y_matched,UKR,2005,2009,14,7.0,9.0,0.15384615384615385
RAW_SOURCE|S10|P_to_HLO|primary_5y_matched,PER,2005,2009,14,12.0,6.0,0.46153846153846156
RAW_SOURCE|S10|P_to_HLO|primary_5y_matched,JPN,2005,2009,14,1.0,1.0,0.0
RAW_SOURCE|S10|P_to_HLO|primary_5y_matched,CHL,2005,2009,14,9.0,10.0,0.07692307692307693
RAW_SOURCE|S10|P_to_HLO|primary_5y_matched,CRI,2005,2009,14,8.0,8.0,0.0
RAW_SOURCE|S10|P_to_HLO|primary_5y_matched,AUT,2005,2009,14,4.0,2.0,0.15384615384615385
RAW_SOURCE|S10|P_to_HLO|primary_5y_matched,IDN,2005,2009,14,11.0,13.0,0.15384615384615385
RAW_SOURCE|S10|P_to_HLO|primary_5y_matched,IRN,2005,2009,14,10.0,12.0,0.15384615384615385
RAW_SOURCE|S10|P_to_HLO|primary_5y_matched,ITA,2005,2009,14,5.0,7.0,0.15384615384615385
RAW_SOURCE|S10|P_to_HLO|primary_5y_matched,KOR,2010,2014,20,1.0,2.0,0.05263157894736842
RAW_SOURCE|S10|P_to_HLO|primary_5y_matched,MAR,2010,2014,20,19.0,19.0,0.0
RAW_SOURCE|S10|P_to_HLO|primary_5y_matched,MEX,2010,2014,20,11.0,7.0,0.21052631578947367
RAW_SOURCE|S10|P_to_HLO|primary_5y_matched,OMN,2010,2014,20,16.0,11.0,0.2631578947368421
RAW_SOURCE|S10|P_to_HLO|primary_5y_matched,POL,2010,2014,20,4.0,4.0,0.0
RAW_SOURCE|S10|P_to_HLO|primary_5y_matched,SAU,2010,2014,20,14.0,16.0,0.10526315789473684
RAW_SOURCE|S10|P_to_HLO|primary_5y_matched,SRB,2010,2014,20,8.0,5.0,0.15789473684210525
RAW_SOURCE|S10|P_to_HLO|primary_5y_matched,ZAF,2010,2014,20,18.0,14.0,0.21052631578947367
RAW_SOURCE|S10|P_to_HLO|primary_5y_matched,KAZ,2010,2014,20,9.0,13.0,0.21052631578947367
RAW_SOURCE|S10|P_to_HLO|primary_5y_matched,JOR,2010,2014,20,17.0,18.0,0.05263157894736842
RAW_SOURCE|S10|P_to_HLO|primary_5y_matched,BRA,2010,2014,20,12.0,9.0,0.15789473684210525
RAW_SOURCE|S10|P_to_HLO|primary_5y_matched,CHL,2010,2014,20,10.0,17.0,0.3684210526315789
RAW_SOURCE|S10|P_to_HLO|primary_5y_matched,COL,2010,2014,20,13.0,12.0,0.05263157894736842
RAW_SOURCE|S10|P_to_HLO|primary_5y_matched,DEU,2010,2014,20,3.0,3.0,0.0
RAW_SOURCE|S10|P_to_HLO|primary_5y_matched,ESP,2010,2014,20,7.0,6.0,0.05263157894736842
RAW_SOURCE|S10|P_to_HLO|primary_5y_matched,GHA,2010,2014,20,20.0,20.0,0.0
RAW_SOURCE|S10|P_to_HLO|primary_5y_matched,HRV,2010,2014,20,6.0,8.0,0.10526315789473684
RAW_SOURCE|S10|P_to_HLO|primary_5y_matched,IDN,2010,2014,20,15.0,15.0,0.0
RAW_SOURCE|S10|P_to_HLO|primary_5y_matched,ITA,2010,2014,20,5.0,10.0,0.2631578947368421
RAW_SOURCE|S10|P_to_HLO|primary_5y_matched,FIN,2010,2014,20,2.0,1.0,0.05263157894736842
RAW_SOURCE|S10|P_to_HLO|primary_5y_matched,AUS,2015,2017,9,5.0,4.0,0.125
RAW_SOURCE|S10|P_to_HLO|primary_5y_matched,POL,2015,2017,9,3.0,1.0,0.25
RAW_SOURCE|S10|P_to_HLO|primary_5y_matched,RUS,2015,2017,9,2.0,5.0,0.375
RAW_SOURCE|S10|P_to_HLO|primary_5y_matched,SAU,2015,2017,9,8.0,6.0,0.25
RAW_SOURCE|S10|P_to_HLO|primary_5y_matched,JPN,2015,2017,9,1.0,2.0,0.125
RAW_SOURCE|S10|P_to_HLO|primary_5y_matched,BHR,2015,2017,9,6.0,9.0,0.375
RAW_SOURCE|S10|P_to_HLO|primary_5y_matched,DEU,2015,2017,9,4.0,3.0,0.125
RAW_SOURCE|S10|P_to_HLO|primary_5y_matched,EGY,2015,2017,9,9.0,8.0,0.125
RAW_SOURCE|S10|P_to_HLO|primary_5y_matched,IDN,2015,2017,9,7.0,7.0,0.0
RAW_SOURCE|S12|HLO_to_P|alternative_12y,NOR,2000,2004,3,1.0,2.0,0.5
RAW_SOURCE|S12|HLO_to_P|alternative_12y,PHL,2000,2004,3,3.0,3.0,0.0
RAW_SOURCE|S12|HLO_to_P|alternative_12y,ISL,2000,2004,3,2.0,1.0,0.5
RAW_SOURCE|S12|HLO_to_P|alternative_12y,MAR,2005,2009,13,13.0,12.0,0.08333333333333333
RAW_SOURCE|S12|HLO_to_P|alternative_12y,NLD,2005,2009,13,3.0,2.0,0.08333333333333333
RAW_SOURCE|S12|HLO_to_P|alternative_12y,NOR,2005,2009,13,4.0,6.0,0.16666666666666666
RAW_SOURCE|S12|HLO_to_P|alternative_12y,PER,2005,2009,13,6.0,11.0,0.4166666666666667
RAW_SOURCE|S12|HLO_to_P|alternative_12y,QAT,2005,2009,13,10.0,13.0,0.25
RAW_SOURCE|S12|HLO_to_P|alternative_12y,UKR,2005,2009,13,8.0,7.0,0.08333333333333333
RAW_SOURCE|S12|HLO_to_P|alternative_12y,POL,2005,2009,13,5.0,3.0,0.16666666666666666
RAW_SOURCE|S12|HLO_to_P|alternative_12y,JPN,2005,2009,13,1.0,1.0,0.0
RAW_SOURCE|S12|HLO_to_P|alternative_12y,CHL,2005,2009,13,9.0,8.0,0.08333333333333333
RAW_SOURCE|S12|HLO_to_P|alternative_12y,AUT,2005,2009,13,2.0,4.0,0.16666666666666666
RAW_SOURCE|S12|HLO_to_P|alternative_12y,ITA,2005,2009,13,7.0,5.0,0.16666666666666666
RAW_SOURCE|S12|HLO_to_P|alternative_12y,IRN,2005,2009,13,11.0,9.0,0.16666666666666666
RAW_SOURCE|S12|HLO_to_P|alternative_12y,IDN,2005,2009,13,12.0,10.0,0.16666666666666666
RAW_SOURCE|S12|HLO_to_P|alternative_12y,KOR,2010,2014,18,2.0,1.0,0.058823529411764705
RAW_SOURCE|S12|HLO_to_P|alternative_12y,MAR,2010,2014,18,17.0,17.0,0.0
RAW_SOURCE|S12|HLO_to_P|alternative_12y,MEX,2010,2014,18,6.0,9.0,0.17647058823529413
RAW_SOURCE|S12|HLO_to_P|alternative_12y,KAZ,2010,2014,18,11.0,7.0,0.23529411764705882
RAW_SOURCE|S12|HLO_to_P|alternative_12y,POL,2010,2014,18,3.0,3.0,0.0
RAW_SOURCE|S12|HLO_to_P|alternative_12y,SAU,2010,2014,18,14.0,12.0,0.11764705882352941
RAW_SOURCE|S12|HLO_to_P|alternative_12y,SRB,2010,2014,18,4.0,6.0,0.11764705882352941
RAW_SOURCE|S12|HLO_to_P|alternative_12y,ZAF,2010,2014,18,12.0,16.0,0.23529411764705882
RAW_SOURCE|S12|HLO_to_P|alternative_12y,OMN,2010,2014,18,9.0,14.0,0.29411764705882354
RAW_SOURCE|S12|HLO_to_P|alternative_12y,JOR,2010,2014,18,16.0,15.0,0.058823529411764705
RAW_SOURCE|S12|HLO_to_P|alternative_12y,BRA,2010,2014,18,7.0,10.0,0.17647058823529413
RAW_SOURCE|S12|HLO_to_P|alternative_12y,CHL,2010,2014,18,15.0,8.0,0.4117647058823529
RAW_SOURCE|S12|HLO_to_P|alternative_12y,COL,2010,2014,18,10.0,11.0,0.058823529411764705
RAW_SOURCE|S12|HLO_to_P|alternative_12y,ESP,2010,2014,18,5.0,5.0,0.0
RAW_SOURCE|S12|HLO_to_P|alternative_12y,GHA,2010,2014,18,18.0,18.0,0.0
RAW_SOURCE|S12|HLO_to_P|alternative_12y,FIN,2010,2014,18,1.0,2.0,0.058823529411764705
RAW_SOURCE|S12|HLO_to_P|alternative_12y,ITA,2010,2014,18,8.0,4.0,0.23529411764705882
RAW_SOURCE|S12|HLO_to_P|alternative_12y,IDN,2010,2014,18,13.0,13.0,0.0
RAW_SOURCE|S12|HLO_to_P|alternative_12y,AUS,2015,2017,8,4.0,5.0,0.14285714285714285
RAW_SOURCE|S12|HLO_to_P|alternative_12y,POL,2015,2017,8,1.0,3.0,0.2857142857142857
RAW_SOURCE|S12|HLO_to_P|alternative_12y,RUS,2015,2017,8,5.0,2.0,0.42857142857142855
RAW_SOURCE|S12|HLO_to_P|alternative_12y,JPN,2015,2017,8,2.0,1.0,0.14285714285714285
RAW_SOURCE|S12|HLO_to_P|alternative_12y,BHR,2015,2017,8,8.0,6.0,0.2857142857142857
RAW_SOURCE|S12|HLO_to_P|alternative_12y,DEU,2015,2017,8,3.0,4.0,0.14285714285714285
RAW_SOURCE|S12|HLO_to_P|alternative_12y,EGY,2015,2017,8,7.0,8.0,0.14285714285714285
RAW_SOURCE|S12|HLO_to_P|alternative_12y,IDN,2015,2017,8,6.0,7.0,0.14285714285714285
RAW_SOURCE|S12|HLO_to_P|primary_5y_matched,NOR,2000,2004,3,1.0,2.0,0.5
RAW_SOURCE|S12|HLO_to_P|primary_5y_matched,PHL,2000,2004,3,3.0,3.0,0.0
RAW_SOURCE|S12|HLO_to_P|primary_5y_matched,ISL,2000,2004,3,2.0,1.0,0.5
RAW_SOURCE|S12|HLO_to_P|primary_5y_matched,MAR,2005,2009,13,13.0,12.0,0.08333333333333333
RAW_SOURCE|S12|HLO_to_P|primary_5y_matched,NLD,2005,2009,13,3.0,2.0,0.08333333333333333
RAW_SOURCE|S12|HLO_to_P|primary_5y_matched,NOR,2005,2009,13,4.0,6.0,0.16666666666666666
RAW_SOURCE|S12|HLO_to_P|primary_5y_matched,PER,2005,2009,13,6.0,11.0,0.4166666666666667
RAW_SOURCE|S12|HLO_to_P|primary_5y_matched,QAT,2005,2009,13,10.0,13.0,0.25
RAW_SOURCE|S12|HLO_to_P|primary_5y_matched,UKR,2005,2009,13,8.0,7.0,0.08333333333333333
RAW_SOURCE|S12|HLO_to_P|primary_5y_matched,POL,2005,2009,13,5.0,3.0,0.16666666666666666
RAW_SOURCE|S12|HLO_to_P|primary_5y_matched,JPN,2005,2009,13,1.0,1.0,0.0
RAW_SOURCE|S12|HLO_to_P|primary_5y_matched,CHL,2005,2009,13,9.0,8.0,0.08333333333333333
RAW_SOURCE|S12|HLO_to_P|primary_5y_matched,AUT,2005,2009,13,2.0,4.0,0.16666666666666666
RAW_SOURCE|S12|HLO_to_P|primary_5y_matched,ITA,2005,2009,13,7.0,5.0,0.16666666666666666
RAW_SOURCE|S12|HLO_to_P|primary_5y_matched,IRN,2005,2009,13,11.0,9.0,0.16666666666666666
RAW_SOURCE|S12|HLO_to_P|primary_5y_matched,IDN,2005,2009,13,12.0,10.0,0.16666666666666666
RAW_SOURCE|S12|HLO_to_P|primary_5y_matched,KOR,2010,2014,18,2.0,1.0,0.058823529411764705
RAW_SOURCE|S12|HLO_to_P|primary_5y_matched,MAR,2010,2014,18,17.0,17.0,0.0
RAW_SOURCE|S12|HLO_to_P|primary_5y_matched,MEX,2010,2014,18,6.0,9.0,0.17647058823529413
RAW_SOURCE|S12|HLO_to_P|primary_5y_matched,KAZ,2010,2014,18,11.0,7.0,0.23529411764705882
RAW_SOURCE|S12|HLO_to_P|primary_5y_matched,POL,2010,2014,18,3.0,3.0,0.0
RAW_SOURCE|S12|HLO_to_P|primary_5y_matched,SAU,2010,2014,18,14.0,12.0,0.11764705882352941
RAW_SOURCE|S12|HLO_to_P|primary_5y_matched,SRB,2010,2014,18,4.0,6.0,0.11764705882352941
RAW_SOURCE|S12|HLO_to_P|primary_5y_matched,ZAF,2010,2014,18,12.0,16.0,0.23529411764705882
RAW_SOURCE|S12|HLO_to_P|primary_5y_matched,OMN,2010,2014,18,9.0,14.0,0.29411764705882354
RAW_SOURCE|S12|HLO_to_P|primary_5y_matched,JOR,2010,2014,18,16.0,15.0,0.058823529411764705
RAW_SOURCE|S12|HLO_to_P|primary_5y_matched,BRA,2010,2014,18,7.0,10.0,0.17647058823529413
RAW_SOURCE|S12|HLO_to_P|primary_5y_matched,CHL,2010,2014,18,15.0,8.0,0.4117647058823529
RAW_SOURCE|S12|HLO_to_P|primary_5y_matched,COL,2010,2014,18,10.0,11.0,0.058823529411764705
RAW_SOURCE|S12|HLO_to_P|primary_5y_matched,ESP,2010,2014,18,5.0,5.0,0.0
RAW_SOURCE|S12|HLO_to_P|primary_5y_matched,GHA,2010,2014,18,18.0,18.0,0.0
RAW_SOURCE|S12|HLO_to_P|primary_5y_matched,FIN,2010,2014,18,1.0,2.0,0.058823529411764705
RAW_SOURCE|S12|HLO_to_P|primary_5y_matched,ITA,2010,2014,18,8.0,4.0,0.23529411764705882
RAW_SOURCE|S12|HLO_to_P|primary_5y_matched,IDN,2010,2014,18,13.0,13.0,0.0
RAW_SOURCE|S12|HLO_to_P|primary_5y_matched,AUS,2015,2017,8,4.0,5.0,0.14285714285714285
RAW_SOURCE|S12|HLO_to_P|primary_5y_matched,POL,2015,2017,8,1.0,3.0,0.2857142857142857
RAW_SOURCE|S12|HLO_to_P|primary_5y_matched,RUS,2015,2017,8,5.0,2.0,0.42857142857142855
RAW_SOURCE|S12|HLO_to_P|primary_5y_matched,JPN,2015,2017,8,2.0,1.0,0.14285714285714285
RAW_SOURCE|S12|HLO_to_P|primary_5y_matched,BHR,2015,2017,8,8.0,6.0,0.2857142857142857
RAW_SOURCE|S12|HLO_to_P|primary_5y_matched,DEU,2015,2017,8,3.0,4.0,0.14285714285714285
RAW_SOURCE|S12|HLO_to_P|primary_5y_matched,EGY,2015,2017,8,7.0,8.0,0.14285714285714285
RAW_SOURCE|S12|HLO_to_P|primary_5y_matched,IDN,2015,2017,8,6.0,7.0,0.14285714285714285
RAW_SOURCE|S12|P_to_HLO|alternative_12y,NOR,2000,2004,3,2.0,1.0,0.5
RAW_SOURCE|S12|P_to_HLO|alternative_12y,PHL,2000,2004,3,3.0,3.0,0.0
RAW_SOURCE|S12|P_to_HLO|alternative_12y,ISL,2000,2004,3,1.0,2.0,0.5
RAW_SOURCE|S12|P_to_HLO|alternative_12y,MAR,2005,2009,13,12.0,13.0,0.08333333333333333
RAW_SOURCE|S12|P_to_HLO|alternative_12y,NLD,2005,2009,13,2.0,3.0,0.08333333333333333
RAW_SOURCE|S12|P_to_HLO|alternative_12y,NOR,2005,2009,13,6.0,4.0,0.16666666666666666
RAW_SOURCE|S12|P_to_HLO|alternative_12y,PER,2005,2009,13,11.0,6.0,0.4166666666666667
RAW_SOURCE|S12|P_to_HLO|alternative_12y,QAT,2005,2009,13,13.0,10.0,0.25
RAW_SOURCE|S12|P_to_HLO|alternative_12y,UKR,2005,2009,13,7.0,8.0,0.08333333333333333
RAW_SOURCE|S12|P_to_HLO|alternative_12y,POL,2005,2009,13,3.0,5.0,0.16666666666666666
RAW_SOURCE|S12|P_to_HLO|alternative_12y,JPN,2005,2009,13,1.0,1.0,0.0
RAW_SOURCE|S12|P_to_HLO|alternative_12y,CHL,2005,2009,13,8.0,9.0,0.08333333333333333
RAW_SOURCE|S12|P_to_HLO|alternative_12y,AUT,2005,2009,13,4.0,2.0,0.16666666666666666
RAW_SOURCE|S12|P_to_HLO|alternative_12y,ITA,2005,2009,13,5.0,7.0,0.16666666666666666
RAW_SOURCE|S12|P_to_HLO|alternative_12y,IRN,2005,2009,13,9.0,11.0,0.16666666666666666
RAW_SOURCE|S12|P_to_HLO|alternative_12y,IDN,2005,2009,13,10.0,12.0,0.16666666666666666
RAW_SOURCE|S12|P_to_HLO|alternative_12y,KOR,2010,2014,18,1.0,2.0,0.058823529411764705
RAW_SOURCE|S12|P_to_HLO|alternative_12y,MAR,2010,2014,18,17.0,17.0,0.0
RAW_SOURCE|S12|P_to_HLO|alternative_12y,MEX,2010,2014,18,9.0,6.0,0.17647058823529413
RAW_SOURCE|S12|P_to_HLO|alternative_12y,KAZ,2010,2014,18,7.0,11.0,0.23529411764705882
RAW_SOURCE|S12|P_to_HLO|alternative_12y,POL,2010,2014,18,3.0,3.0,0.0
RAW_SOURCE|S12|P_to_HLO|alternative_12y,SAU,2010,2014,18,12.0,14.0,0.11764705882352941
RAW_SOURCE|S12|P_to_HLO|alternative_12y,SRB,2010,2014,18,6.0,4.0,0.11764705882352941
RAW_SOURCE|S12|P_to_HLO|alternative_12y,ZAF,2010,2014,18,16.0,12.0,0.23529411764705882
RAW_SOURCE|S12|P_to_HLO|alternative_12y,OMN,2010,2014,18,14.0,9.0,0.29411764705882354
RAW_SOURCE|S12|P_to_HLO|alternative_12y,JOR,2010,2014,18,15.0,16.0,0.058823529411764705
RAW_SOURCE|S12|P_to_HLO|alternative_12y,BRA,2010,2014,18,10.0,7.0,0.17647058823529413
RAW_SOURCE|S12|P_to_HLO|alternative_12y,CHL,2010,2014,18,8.0,15.0,0.4117647058823529
RAW_SOURCE|S12|P_to_HLO|alternative_12y,COL,2010,2014,18,11.0,10.0,0.058823529411764705
RAW_SOURCE|S12|P_to_HLO|alternative_12y,ESP,2010,2014,18,5.0,5.0,0.0
RAW_SOURCE|S12|P_to_HLO|alternative_12y,GHA,2010,2014,18,18.0,18.0,0.0
RAW_SOURCE|S12|P_to_HLO|alternative_12y,FIN,2010,2014,18,2.0,1.0,0.058823529411764705
RAW_SOURCE|S12|P_to_HLO|alternative_12y,ITA,2010,2014,18,4.0,8.0,0.23529411764705882
RAW_SOURCE|S12|P_to_HLO|alternative_12y,IDN,2010,2014,18,13.0,13.0,0.0
RAW_SOURCE|S12|P_to_HLO|alternative_12y,AUS,2015,2017,8,5.0,4.0,0.14285714285714285
RAW_SOURCE|S12|P_to_HLO|alternative_12y,POL,2015,2017,8,3.0,1.0,0.2857142857142857
RAW_SOURCE|S12|P_to_HLO|alternative_12y,RUS,2015,2017,8,2.0,5.0,0.42857142857142855
RAW_SOURCE|S12|P_to_HLO|alternative_12y,JPN,2015,2017,8,1.0,2.0,0.14285714285714285
RAW_SOURCE|S12|P_to_HLO|alternative_12y,BHR,2015,2017,8,6.0,8.0,0.2857142857142857
RAW_SOURCE|S12|P_to_HLO|alternative_12y,DEU,2015,2017,8,4.0,3.0,0.14285714285714285
RAW_SOURCE|S12|P_to_HLO|alternative_12y,EGY,2015,2017,8,8.0,7.0,0.14285714285714285
RAW_SOURCE|S12|P_to_HLO|alternative_12y,IDN,2015,2017,8,7.0,6.0,0.14285714285714285
RAW_SOURCE|S12|P_to_HLO|primary_5y_matched,NOR,2000,2004,3,2.0,1.0,0.5
RAW_SOURCE|S12|P_to_HLO|primary_5y_matched,PHL,2000,2004,3,3.0,3.0,0.0
RAW_SOURCE|S12|P_to_HLO|primary_5y_matched,ISL,2000,2004,3,1.0,2.0,0.5
RAW_SOURCE|S12|P_to_HLO|primary_5y_matched,MAR,2005,2009,13,12.0,13.0,0.08333333333333333
RAW_SOURCE|S12|P_to_HLO|primary_5y_matched,NLD,2005,2009,13,2.0,3.0,0.08333333333333333
RAW_SOURCE|S12|P_to_HLO|primary_5y_matched,NOR,2005,2009,13,6.0,4.0,0.16666666666666666
RAW_SOURCE|S12|P_to_HLO|primary_5y_matched,PER,2005,2009,13,11.0,6.0,0.4166666666666667
RAW_SOURCE|S12|P_to_HLO|primary_5y_matched,QAT,2005,2009,13,13.0,10.0,0.25
RAW_SOURCE|S12|P_to_HLO|primary_5y_matched,UKR,2005,2009,13,7.0,8.0,0.08333333333333333
RAW_SOURCE|S12|P_to_HLO|primary_5y_matched,POL,2005,2009,13,3.0,5.0,0.16666666666666666
RAW_SOURCE|S12|P_to_HLO|primary_5y_matched,JPN,2005,2009,13,1.0,1.0,0.0
RAW_SOURCE|S12|P_to_HLO|primary_5y_matched,CHL,2005,2009,13,8.0,9.0,0.08333333333333333
RAW_SOURCE|S12|P_to_HLO|primary_5y_matched,AUT,2005,2009,13,4.0,2.0,0.16666666666666666
RAW_SOURCE|S12|P_to_HLO|primary_5y_matched,ITA,2005,2009,13,5.0,7.0,0.16666666666666666
RAW_SOURCE|S12|P_to_HLO|primary_5y_matched,IRN,2005,2009,13,9.0,11.0,0.16666666666666666
RAW_SOURCE|S12|P_to_HLO|primary_5y_matched,IDN,2005,2009,13,10.0,12.0,0.16666666666666666
RAW_SOURCE|S12|P_to_HLO|primary_5y_matched,KOR,2010,2014,18,1.0,2.0,0.058823529411764705
RAW_SOURCE|S12|P_to_HLO|primary_5y_matched,MAR,2010,2014,18,17.0,17.0,0.0
RAW_SOURCE|S12|P_to_HLO|primary_5y_matched,MEX,2010,2014,18,9.0,6.0,0.17647058823529413
RAW_SOURCE|S12|P_to_HLO|primary_5y_matched,KAZ,2010,2014,18,7.0,11.0,0.23529411764705882
RAW_SOURCE|S12|P_to_HLO|primary_5y_matched,POL,2010,2014,18,3.0,3.0,0.0
RAW_SOURCE|S12|P_to_HLO|primary_5y_matched,SAU,2010,2014,18,12.0,14.0,0.11764705882352941
RAW_SOURCE|S12|P_to_HLO|primary_5y_matched,SRB,2010,2014,18,6.0,4.0,0.11764705882352941
RAW_SOURCE|S12|P_to_HLO|primary_5y_matched,ZAF,2010,2014,18,16.0,12.0,0.23529411764705882
RAW_SOURCE|S12|P_to_HLO|primary_5y_matched,OMN,2010,2014,18,14.0,9.0,0.29411764705882354
RAW_SOURCE|S12|P_to_HLO|primary_5y_matched,JOR,2010,2014,18,15.0,16.0,0.058823529411764705
RAW_SOURCE|S12|P_to_HLO|primary_5y_matched,BRA,2010,2014,18,10.0,7.0,0.17647058823529413
RAW_SOURCE|S12|P_to_HLO|primary_5y_matched,CHL,2010,2014,18,8.0,15.0,0.4117647058823529
RAW_SOURCE|S12|P_to_HLO|primary_5y_matched,COL,2010,2014,18,11.0,10.0,0.058823529411764705
RAW_SOURCE|S12|P_to_HLO|primary_5y_matched,ESP,2010,2014,18,5.0,5.0,0.0
RAW_SOURCE|S12|P_to_HLO|primary_5y_matched,GHA,2010,2014,18,18.0,18.0,0.0
RAW_SOURCE|S12|P_to_HLO|primary_5y_matched,FIN,2010,2014,18,2.0,1.0,0.058823529411764705
RAW_SOURCE|S12|P_to_HLO|primary_5y_matched,ITA,2010,2014,18,4.0,8.0,0.23529411764705882
RAW_SOURCE|S12|P_to_HLO|primary_5y_matched,IDN,2010,2014,18,13.0,13.0,0.0
RAW_SOURCE|S12|P_to_HLO|primary_5y_matched,AUS,2015,2017,8,5.0,4.0,0.14285714285714285
RAW_SOURCE|S12|P_to_HLO|primary_5y_matched,POL,2015,2017,8,3.0,1.0,0.2857142857142857
RAW_SOURCE|S12|P_to_HLO|primary_5y_matched,RUS,2015,2017,8,2.0,5.0,0.42857142857142855
RAW_SOURCE|S12|P_to_HLO|primary_5y_matched,JPN,2015,2017,8,1.0,2.0,0.14285714285714285
RAW_SOURCE|S12|P_to_HLO|primary_5y_matched,BHR,2015,2017,8,6.0,8.0,0.2857142857142857
RAW_SOURCE|S12|P_to_HLO|primary_5y_matched,DEU,2015,2017,8,4.0,3.0,0.14285714285714285
RAW_SOURCE|S12|P_to_HLO|primary_5y_matched,EGY,2015,2017,8,8.0,7.0,0.14285714285714285
RAW_SOURCE|S12|P_to_HLO|primary_5y_matched,IDN,2015,2017,8,7.0,6.0,0.14285714285714285
RAW_SOURCE|S4|HLO_to_P|four_year_preceding_5y,LTU,2000,2003,7,5.0,3.0,0.3333333333333333
RAW_SOURCE|S4|HLO_to_P|four_year_preceding_5y,NLD,2000,2003,7,3.0,1.0,0.3333333333333333
RAW_SOURCE|S4|HLO_to_P|four_year_preceding_5y,NOR,2000,2003,7,1.0,5.0,0.6666666666666666
RAW_SOURCE|S4|HLO_to_P|four_year_preceding_5y,PHL,2000,2003,7,4.0,6.0,0.3333333333333333
RAW_SOURCE|S4|HLO_to_P|four_year_preceding_5y,USA,2000,2003,7,6.0,2.0,0.6666666666666666
RAW_SOURCE|S4|HLO_to_P|four_year_preceding_5y,ZAF,2000,2003,7,7.0,7.0,0.0
RAW_SOURCE|S4|HLO_to_P|four_year_preceding_5y,ISL,2000,2003,7,2.0,4.0,0.3333333333333333
RAW_SOURCE|S4|HLO_to_P|four_year_preceding_5y,MAR,2004,2007,5,5.0,5.0,0.0
RAW_SOURCE|S4|HLO_to_P|four_year_preceding_5y,NLD,2004,2007,5,2.0,2.0,0.0
RAW_SOURCE|S4|HLO_to_P|four_year_preceding_5y,JPN,2004,2007,5,1.0,1.0,0.0
RAW_SOURCE|S4|HLO_to_P|four_year_preceding_5y,BRA,2004,2007,5,4.0,4.0,0.0
RAW_SOURCE|S4|HLO_to_P|four_year_preceding_5y,CHL,2004,2007,5,3.0,3.0,0.0
RAW_SOURCE|S4|HLO_to_P|four_year_preceding_5y,AUT,2008,2011,19,1.0,5.0,0.2222222222222222
RAW_SOURCE|S4|HLO_to_P|four_year_preceding_5y,MAR,2008,2011,19,19.0,19.0,0.0
RAW_SOURCE|S4|HLO_to_P|four_year_preceding_5y,NOR,2008,2011,19,5.0,9.0,0.2222222222222222
RAW_SOURCE|S4|HLO_to_P|four_year_preceding_5y,POL,2008,2011,19,7.0,7.0,0.0
RAW_SOURCE|S4|HLO_to_P|four_year_preceding_5y,QAT,2008,2011,19,15.0,17.0,0.1111111111111111
RAW_SOURCE|S4|HLO_to_P|four_year_preceding_5y,SAU,2008,2011,19,18.0,15.0,0.16666666666666666
RAW_SOURCE|S4|HLO_to_P|four_year_preceding_5y,SRB,2008,2011,19,9.0,11.0,0.1111111111111111
RAW_SOURCE|S4|HLO_to_P|four_year_preceding_5y,TUR,2008,2011,19,14.0,12.0,0.1111111111111111
RAW_SOURCE|S4|HLO_to_P|four_year_preceding_5y,KOR,2008,2011,19,3.0,1.0,0.1111111111111111
RAW_SOURCE|S4|HLO_to_P|four_year_preceding_5y,OMN,2008,2011,19,12.0,18.0,0.3333333333333333
RAW_SOURCE|S4|HLO_to_P|four_year_preceding_5y,CAN,2008,2011,19,2.0,3.0,0.05555555555555555
RAW_SOURCE|S4|HLO_to_P|four_year_preceding_5y,COL,2008,2011,19,13.0,14.0,0.05555555555555555
RAW_SOURCE|S4|HLO_to_P|four_year_preceding_5y,DEU,2008,2011,19,4.0,4.0,0.0
RAW_SOURCE|S4|HLO_to_P|four_year_preceding_5y,ESP,2008,2011,19,10.0,10.0,0.0
RAW_SOURCE|S4|HLO_to_P|four_year_preceding_5y,FIN,2008,2011,19,6.0,2.0,0.2222222222222222
RAW_SOURCE|S4|HLO_to_P|four_year_preceding_5y,HRV,2008,2011,19,8.0,8.0,0.0
RAW_SOURCE|S4|HLO_to_P|four_year_preceding_5y,IDN,2008,2011,19,17.0,16.0,0.05555555555555555
RAW_SOURCE|S4|HLO_to_P|four_year_preceding_5y,IRN,2008,2011,19,16.0,13.0,0.16666666666666666
RAW_SOURCE|S4|HLO_to_P|four_year_preceding_5y,ITA,2008,2011,19,11.0,6.0,0.2777777777777778
RAW_SOURCE|S4|HLO_to_P|four_year_preceding_5y,MAR,2012,2015,18,16.0,17.0,0.058823529411764705
RAW_SOURCE|S4|HLO_to_P|four_year_preceding_5y,MEX,2012,2015,18,7.0,11.0,0.23529411764705882
RAW_SOURCE|S4|HLO_to_P|four_year_preceding_5y,OMN,2012,2015,18,10.0,12.0,0.11764705882352941
RAW_SOURCE|S4|HLO_to_P|four_year_preceding_5y,POL,2012,2015,18,4.0,3.0,0.058823529411764705
RAW_SOURCE|S4|HLO_to_P|four_year_preceding_5y,SAU,2012,2015,18,17.0,16.0,0.058823529411764705
RAW_SOURCE|S4|HLO_to_P|four_year_preceding_5y,SRB,2012,2015,18,6.0,8.0,0.11764705882352941
RAW_SOURCE|S4|HLO_to_P|four_year_preceding_5y,KAZ,2012,2015,18,14.0,7.0,0.4117647058823529
RAW_SOURCE|S4|HLO_to_P|four_year_preceding_5y,JPN,2012,2015,18,1.0,1.0,0.0
RAW_SOURCE|S4|HLO_to_P|four_year_preceding_5y,BRA,2012,2015,18,12.0,13.0,0.058823529411764705
RAW_SOURCE|S4|HLO_to_P|four_year_preceding_5y,CHL,2012,2015,18,15.0,9.0,0.35294117647058826
RAW_SOURCE|S4|HLO_to_P|four_year_preceding_5y,DEU,2012,2015,18,2.0,4.0,0.11764705882352941
RAW_SOURCE|S4|HLO_to_P|four_year_preceding_5y,EGY,2012,2015,18,13.0,18.0,0.29411764705882354
RAW_SOURCE|S4|HLO_to_P|four_year_preceding_5y,BHR,2012,2015,18,11.0,10.0,0.058823529411764705
RAW_SOURCE|S4|HLO_to_P|four_year_preceding_5y,JOR,2012,2015,18,18.0,15.0,0.17647058823529413
RAW_SOURCE|S4|HLO_to_P|four_year_preceding_5y,FIN,2012,2015,18,3.0,2.0,0.058823529411764705
RAW_SOURCE|S4|HLO_to_P|four_year_preceding_5y,HRV,2012,2015,18,8.0,6.0,0.11764705882352941
RAW_SOURCE|S4|HLO_to_P|four_year_preceding_5y,IDN,2012,2015,18,9.0,14.0,0.29411764705882354
RAW_SOURCE|S4|HLO_to_P|four_year_preceding_5y,ESP,2012,2015,18,5.0,5.0,0.0
RAW_SOURCE|S4|P_to_HLO|four_year_preceding_5y,LTU,2000,2003,7,3.0,5.0,0.3333333333333333
RAW_SOURCE|S4|P_to_HLO|four_year_preceding_5y,NLD,2000,2003,7,1.0,3.0,0.3333333333333333
RAW_SOURCE|S4|P_to_HLO|four_year_preceding_5y,NOR,2000,2003,7,5.0,1.0,0.6666666666666666
RAW_SOURCE|S4|P_to_HLO|four_year_preceding_5y,PHL,2000,2003,7,6.0,4.0,0.3333333333333333
RAW_SOURCE|S4|P_to_HLO|four_year_preceding_5y,USA,2000,2003,7,2.0,6.0,0.6666666666666666
RAW_SOURCE|S4|P_to_HLO|four_year_preceding_5y,ZAF,2000,2003,7,7.0,7.0,0.0
RAW_SOURCE|S4|P_to_HLO|four_year_preceding_5y,ISL,2000,2003,7,4.0,2.0,0.3333333333333333
RAW_SOURCE|S4|P_to_HLO|four_year_preceding_5y,MAR,2004,2007,5,5.0,5.0,0.0
RAW_SOURCE|S4|P_to_HLO|four_year_preceding_5y,NLD,2004,2007,5,2.0,2.0,0.0
RAW_SOURCE|S4|P_to_HLO|four_year_preceding_5y,JPN,2004,2007,5,1.0,1.0,0.0
RAW_SOURCE|S4|P_to_HLO|four_year_preceding_5y,BRA,2004,2007,5,4.0,4.0,0.0
RAW_SOURCE|S4|P_to_HLO|four_year_preceding_5y,CHL,2004,2007,5,3.0,3.0,0.0
RAW_SOURCE|S4|P_to_HLO|four_year_preceding_5y,AUT,2008,2011,19,5.0,1.0,0.2222222222222222
RAW_SOURCE|S4|P_to_HLO|four_year_preceding_5y,MAR,2008,2011,19,19.0,19.0,0.0
RAW_SOURCE|S4|P_to_HLO|four_year_preceding_5y,NOR,2008,2011,19,9.0,5.0,0.2222222222222222
RAW_SOURCE|S4|P_to_HLO|four_year_preceding_5y,POL,2008,2011,19,7.0,7.0,0.0
RAW_SOURCE|S4|P_to_HLO|four_year_preceding_5y,QAT,2008,2011,19,17.0,15.0,0.1111111111111111
RAW_SOURCE|S4|P_to_HLO|four_year_preceding_5y,SAU,2008,2011,19,15.0,18.0,0.16666666666666666
RAW_SOURCE|S4|P_to_HLO|four_year_preceding_5y,SRB,2008,2011,19,11.0,9.0,0.1111111111111111
RAW_SOURCE|S4|P_to_HLO|four_year_preceding_5y,TUR,2008,2011,19,12.0,14.0,0.1111111111111111
RAW_SOURCE|S4|P_to_HLO|four_year_preceding_5y,KOR,2008,2011,19,1.0,3.0,0.1111111111111111
RAW_SOURCE|S4|P_to_HLO|four_year_preceding_5y,OMN,2008,2011,19,18.0,12.0,0.3333333333333333
RAW_SOURCE|S4|P_to_HLO|four_year_preceding_5y,CAN,2008,2011,19,3.0,2.0,0.05555555555555555
RAW_SOURCE|S4|P_to_HLO|four_year_preceding_5y,COL,2008,2011,19,14.0,13.0,0.05555555555555555
RAW_SOURCE|S4|P_to_HLO|four_year_preceding_5y,DEU,2008,2011,19,4.0,4.0,0.0
RAW_SOURCE|S4|P_to_HLO|four_year_preceding_5y,ESP,2008,2011,19,10.0,10.0,0.0
RAW_SOURCE|S4|P_to_HLO|four_year_preceding_5y,FIN,2008,2011,19,2.0,6.0,0.2222222222222222
RAW_SOURCE|S4|P_to_HLO|four_year_preceding_5y,HRV,2008,2011,19,8.0,8.0,0.0
RAW_SOURCE|S4|P_to_HLO|four_year_preceding_5y,IDN,2008,2011,19,16.0,17.0,0.05555555555555555
RAW_SOURCE|S4|P_to_HLO|four_year_preceding_5y,IRN,2008,2011,19,13.0,16.0,0.16666666666666666
RAW_SOURCE|S4|P_to_HLO|four_year_preceding_5y,ITA,2008,2011,19,6.0,11.0,0.2777777777777778
RAW_SOURCE|S4|P_to_HLO|four_year_preceding_5y,MAR,2012,2015,18,17.0,16.0,0.058823529411764705
RAW_SOURCE|S4|P_to_HLO|four_year_preceding_5y,MEX,2012,2015,18,11.0,7.0,0.23529411764705882
RAW_SOURCE|S4|P_to_HLO|four_year_preceding_5y,OMN,2012,2015,18,12.0,10.0,0.11764705882352941
RAW_SOURCE|S4|P_to_HLO|four_year_preceding_5y,POL,2012,2015,18,3.0,4.0,0.058823529411764705
RAW_SOURCE|S4|P_to_HLO|four_year_preceding_5y,SAU,2012,2015,18,16.0,17.0,0.058823529411764705
RAW_SOURCE|S4|P_to_HLO|four_year_preceding_5y,SRB,2012,2015,18,8.0,6.0,0.11764705882352941
RAW_SOURCE|S4|P_to_HLO|four_year_preceding_5y,KAZ,2012,2015,18,7.0,14.0,0.4117647058823529
RAW_SOURCE|S4|P_to_HLO|four_year_preceding_5y,JPN,2012,2015,18,1.0,1.0,0.0
RAW_SOURCE|S4|P_to_HLO|four_year_preceding_5y,BRA,2012,2015,18,13.0,12.0,0.058823529411764705
RAW_SOURCE|S4|P_to_HLO|four_year_preceding_5y,CHL,2012,2015,18,9.0,15.0,0.35294117647058826
RAW_SOURCE|S4|P_to_HLO|four_year_preceding_5y,DEU,2012,2015,18,4.0,2.0,0.11764705882352941
RAW_SOURCE|S4|P_to_HLO|four_year_preceding_5y,EGY,2012,2015,18,18.0,13.0,0.29411764705882354
RAW_SOURCE|S4|P_to_HLO|four_year_preceding_5y,BHR,2012,2015,18,10.0,11.0,0.058823529411764705
RAW_SOURCE|S4|P_to_HLO|four_year_preceding_5y,JOR,2012,2015,18,15.0,18.0,0.17647058823529413
RAW_SOURCE|S4|P_to_HLO|four_year_preceding_5y,FIN,2012,2015,18,2.0,3.0,0.058823529411764705
RAW_SOURCE|S4|P_to_HLO|four_year_preceding_5y,HRV,2012,2015,18,6.0,8.0,0.11764705882352941
RAW_SOURCE|S4|P_to_HLO|four_year_preceding_5y,IDN,2012,2015,18,14.0,9.0,0.29411764705882354
RAW_SOURCE|S4|P_to_HLO|four_year_preceding_5y,ESP,2012,2015,18,5.0,5.0,0.0
RAW_SOURCE|SA5|HLO_to_P|assessment_specific_5y_fixed,NLD,2000,2004,5,3.0,1.0,0.5
RAW_SOURCE|SA5|HLO_to_P|assessment_specific_5y_fixed,NOR,2000,2004,5,1.0,3.0,0.5
RAW_SOURCE|SA5|HLO_to_P|assessment_specific_5y_fixed,PHL,2000,2004,5,4.0,4.0,0.0
RAW_SOURCE|SA5|HLO_to_P|assessment_specific_5y_fixed,ZAF,2000,2004,5,5.0,5.0,0.0
RAW_SOURCE|SA5|HLO_to_P|assessment_specific_5y_fixed,ISL,2000,2004,5,2.0,2.0,0.0
RAW_SOURCE|SA5|HLO_to_P|assessment_specific_5y_fixed,MAR,2005,2009,17,17.0,16.0,0.0625
RAW_SOURCE|SA5|HLO_to_P|assessment_specific_5y_fixed,NLD,2005,2009,17,3.0,2.0,0.0625
RAW_SOURCE|SA5|HLO_to_P|assessment_specific_5y_fixed,NOR,2005,2009,17,6.0,8.0,0.125
RAW_SOURCE|SA5|HLO_to_P|assessment_specific_5y_fixed,POL,2005,2009,17,7.0,4.0,0.1875
RAW_SOURCE|SA5|HLO_to_P|assessment_specific_5y_fixed,QAT,2005,2009,17,14.0,17.0,0.1875
RAW_SOURCE|SA5|HLO_to_P|assessment_specific_5y_fixed,SVN,2005,2009,17,5.0,6.0,0.0625
RAW_SOURCE|SA5|HLO_to_P|assessment_specific_5y_fixed,UKR,2005,2009,17,11.0,9.0,0.125
RAW_SOURCE|SA5|HLO_to_P|assessment_specific_5y_fixed,PER,2005,2009,17,8.0,15.0,0.4375
RAW_SOURCE|SA5|HLO_to_P|assessment_specific_5y_fixed,JPN,2005,2009,17,1.0,1.0,0.0
RAW_SOURCE|SA5|HLO_to_P|assessment_specific_5y_fixed,BRA,2005,2009,17,12.0,13.0,0.0625
RAW_SOURCE|SA5|HLO_to_P|assessment_specific_5y_fixed,CHL,2005,2009,17,13.0,11.0,0.125
RAW_SOURCE|SA5|HLO_to_P|assessment_specific_5y_fixed,CRI,2005,2009,17,10.0,10.0,0.0
RAW_SOURCE|SA5|HLO_to_P|assessment_specific_5y_fixed,DEU,2005,2009,17,4.0,3.0,0.0625
RAW_SOURCE|SA5|HLO_to_P|assessment_specific_5y_fixed,AUT,2005,2009,17,2.0,5.0,0.1875
RAW_SOURCE|SA5|HLO_to_P|assessment_specific_5y_fixed,IDN,2005,2009,17,16.0,14.0,0.125
RAW_SOURCE|SA5|HLO_to_P|assessment_specific_5y_fixed,IRN,2005,2009,17,15.0,12.0,0.1875
RAW_SOURCE|SA5|HLO_to_P|assessment_specific_5y_fixed,ITA,2005,2009,17,9.0,7.0,0.125
RAW_SOURCE|SA5|HLO_to_P|assessment_specific_5y_fixed,KOR,2010,2014,20,2.0,1.0,0.05263157894736842
RAW_SOURCE|SA5|HLO_to_P|assessment_specific_5y_fixed,MAR,2010,2014,20,19.0,19.0,0.0
RAW_SOURCE|SA5|HLO_to_P|assessment_specific_5y_fixed,MEX,2010,2014,20,7.0,11.0,0.21052631578947367
RAW_SOURCE|SA5|HLO_to_P|assessment_specific_5y_fixed,OMN,2010,2014,20,11.0,16.0,0.2631578947368421
RAW_SOURCE|SA5|HLO_to_P|assessment_specific_5y_fixed,KAZ,2010,2014,20,13.0,9.0,0.21052631578947367
RAW_SOURCE|SA5|HLO_to_P|assessment_specific_5y_fixed,SAU,2010,2014,20,16.0,14.0,0.10526315789473684
RAW_SOURCE|SA5|HLO_to_P|assessment_specific_5y_fixed,SRB,2010,2014,20,5.0,8.0,0.15789473684210525
RAW_SOURCE|SA5|HLO_to_P|assessment_specific_5y_fixed,ZAF,2010,2014,20,14.0,18.0,0.21052631578947367
RAW_SOURCE|SA5|HLO_to_P|assessment_specific_5y_fixed,POL,2010,2014,20,4.0,4.0,0.0
RAW_SOURCE|SA5|HLO_to_P|assessment_specific_5y_fixed,JOR,2010,2014,20,18.0,17.0,0.05263157894736842
RAW_SOURCE|SA5|HLO_to_P|assessment_specific_5y_fixed,BRA,2010,2014,20,9.0,12.0,0.15789473684210525
RAW_SOURCE|SA5|HLO_to_P|assessment_specific_5y_fixed,CHL,2010,2014,20,17.0,10.0,0.3684210526315789
RAW_SOURCE|SA5|HLO_to_P|assessment_specific_5y_fixed,COL,2010,2014,20,12.0,13.0,0.05263157894736842
RAW_SOURCE|SA5|HLO_to_P|assessment_specific_5y_fixed,DEU,2010,2014,20,3.0,3.0,0.0
RAW_SOURCE|SA5|HLO_to_P|assessment_specific_5y_fixed,FIN,2010,2014,20,1.0,2.0,0.05263157894736842
RAW_SOURCE|SA5|HLO_to_P|assessment_specific_5y_fixed,GHA,2010,2014,20,20.0,20.0,0.0
RAW_SOURCE|SA5|HLO_to_P|assessment_specific_5y_fixed,HRV,2010,2014,20,8.0,6.0,0.10526315789473684
RAW_SOURCE|SA5|HLO_to_P|assessment_specific_5y_fixed,IDN,2010,2014,20,15.0,15.0,0.0
RAW_SOURCE|SA5|HLO_to_P|assessment_specific_5y_fixed,ITA,2010,2014,20,10.0,5.0,0.2631578947368421
RAW_SOURCE|SA5|HLO_to_P|assessment_specific_5y_fixed,ESP,2010,2014,20,6.0,7.0,0.05263157894736842
RAW_SOURCE|SA5|HLO_to_P|assessment_specific_5y_fixed,AUS,2015,2017,9,4.0,5.0,0.125
RAW_SOURCE|SA5|HLO_to_P|assessment_specific_5y_fixed,POL,2015,2017,9,1.0,3.0,0.25
RAW_SOURCE|SA5|HLO_to_P|assessment_specific_5y_fixed,RUS,2015,2017,9,5.0,2.0,0.375
RAW_SOURCE|SA5|HLO_to_P|assessment_specific_5y_fixed,SAU,2015,2017,9,6.0,8.0,0.25
RAW_SOURCE|SA5|HLO_to_P|assessment_specific_5y_fixed,JPN,2015,2017,9,2.0,1.0,0.125
RAW_SOURCE|SA5|HLO_to_P|assessment_specific_5y_fixed,BHR,2015,2017,9,9.0,6.0,0.375
RAW_SOURCE|SA5|HLO_to_P|assessment_specific_5y_fixed,DEU,2015,2017,9,3.0,4.0,0.125
RAW_SOURCE|SA5|HLO_to_P|assessment_specific_5y_fixed,EGY,2015,2017,9,8.0,9.0,0.125
RAW_SOURCE|SA5|HLO_to_P|assessment_specific_5y_fixed,IDN,2015,2017,9,7.0,7.0,0.0
RAW_SOURCE|SA5|HLO_to_P|primary_5y_matched,NLD,2000,2004,5,3.0,1.0,0.5
RAW_SOURCE|SA5|HLO_to_P|primary_5y_matched,NOR,2000,2004,5,1.0,3.0,0.5
RAW_SOURCE|SA5|HLO_to_P|primary_5y_matched,PHL,2000,2004,5,4.0,4.0,0.0
RAW_SOURCE|SA5|HLO_to_P|primary_5y_matched,ZAF,2000,2004,5,5.0,5.0,0.0
RAW_SOURCE|SA5|HLO_to_P|primary_5y_matched,ISL,2000,2004,5,2.0,2.0,0.0
RAW_SOURCE|SA5|HLO_to_P|primary_5y_matched,MAR,2005,2009,17,17.0,16.0,0.0625
RAW_SOURCE|SA5|HLO_to_P|primary_5y_matched,NLD,2005,2009,17,3.0,2.0,0.0625
RAW_SOURCE|SA5|HLO_to_P|primary_5y_matched,NOR,2005,2009,17,6.0,8.0,0.125
RAW_SOURCE|SA5|HLO_to_P|primary_5y_matched,POL,2005,2009,17,7.0,4.0,0.1875
RAW_SOURCE|SA5|HLO_to_P|primary_5y_matched,QAT,2005,2009,17,14.0,17.0,0.1875
RAW_SOURCE|SA5|HLO_to_P|primary_5y_matched,SVN,2005,2009,17,5.0,6.0,0.0625
RAW_SOURCE|SA5|HLO_to_P|primary_5y_matched,UKR,2005,2009,17,11.0,9.0,0.125
RAW_SOURCE|SA5|HLO_to_P|primary_5y_matched,PER,2005,2009,17,8.0,15.0,0.4375
RAW_SOURCE|SA5|HLO_to_P|primary_5y_matched,JPN,2005,2009,17,1.0,1.0,0.0
RAW_SOURCE|SA5|HLO_to_P|primary_5y_matched,BRA,2005,2009,17,12.0,13.0,0.0625
RAW_SOURCE|SA5|HLO_to_P|primary_5y_matched,CHL,2005,2009,17,13.0,11.0,0.125
RAW_SOURCE|SA5|HLO_to_P|primary_5y_matched,CRI,2005,2009,17,10.0,10.0,0.0
RAW_SOURCE|SA5|HLO_to_P|primary_5y_matched,DEU,2005,2009,17,4.0,3.0,0.0625
RAW_SOURCE|SA5|HLO_to_P|primary_5y_matched,AUT,2005,2009,17,2.0,5.0,0.1875
RAW_SOURCE|SA5|HLO_to_P|primary_5y_matched,IDN,2005,2009,17,16.0,14.0,0.125
RAW_SOURCE|SA5|HLO_to_P|primary_5y_matched,IRN,2005,2009,17,15.0,12.0,0.1875
RAW_SOURCE|SA5|HLO_to_P|primary_5y_matched,ITA,2005,2009,17,9.0,7.0,0.125
RAW_SOURCE|SA5|HLO_to_P|primary_5y_matched,KOR,2010,2014,20,2.0,1.0,0.05263157894736842
RAW_SOURCE|SA5|HLO_to_P|primary_5y_matched,MAR,2010,2014,20,19.0,19.0,0.0
RAW_SOURCE|SA5|HLO_to_P|primary_5y_matched,MEX,2010,2014,20,7.0,11.0,0.21052631578947367
RAW_SOURCE|SA5|HLO_to_P|primary_5y_matched,OMN,2010,2014,20,11.0,16.0,0.2631578947368421
RAW_SOURCE|SA5|HLO_to_P|primary_5y_matched,KAZ,2010,2014,20,13.0,9.0,0.21052631578947367
RAW_SOURCE|SA5|HLO_to_P|primary_5y_matched,SAU,2010,2014,20,16.0,14.0,0.10526315789473684
RAW_SOURCE|SA5|HLO_to_P|primary_5y_matched,SRB,2010,2014,20,5.0,8.0,0.15789473684210525
RAW_SOURCE|SA5|HLO_to_P|primary_5y_matched,ZAF,2010,2014,20,14.0,18.0,0.21052631578947367
RAW_SOURCE|SA5|HLO_to_P|primary_5y_matched,POL,2010,2014,20,4.0,4.0,0.0
RAW_SOURCE|SA5|HLO_to_P|primary_5y_matched,JOR,2010,2014,20,18.0,17.0,0.05263157894736842
RAW_SOURCE|SA5|HLO_to_P|primary_5y_matched,BRA,2010,2014,20,9.0,12.0,0.15789473684210525
RAW_SOURCE|SA5|HLO_to_P|primary_5y_matched,CHL,2010,2014,20,17.0,10.0,0.3684210526315789
RAW_SOURCE|SA5|HLO_to_P|primary_5y_matched,COL,2010,2014,20,12.0,13.0,0.05263157894736842
RAW_SOURCE|SA5|HLO_to_P|primary_5y_matched,DEU,2010,2014,20,3.0,3.0,0.0
RAW_SOURCE|SA5|HLO_to_P|primary_5y_matched,FIN,2010,2014,20,1.0,2.0,0.05263157894736842
RAW_SOURCE|SA5|HLO_to_P|primary_5y_matched,GHA,2010,2014,20,20.0,20.0,0.0
RAW_SOURCE|SA5|HLO_to_P|primary_5y_matched,HRV,2010,2014,20,8.0,6.0,0.10526315789473684
RAW_SOURCE|SA5|HLO_to_P|primary_5y_matched,IDN,2010,2014,20,15.0,15.0,0.0
RAW_SOURCE|SA5|HLO_to_P|primary_5y_matched,ITA,2010,2014,20,10.0,5.0,0.2631578947368421
RAW_SOURCE|SA5|HLO_to_P|primary_5y_matched,ESP,2010,2014,20,6.0,7.0,0.05263157894736842
RAW_SOURCE|SA5|HLO_to_P|primary_5y_matched,AUS,2015,2017,9,4.0,5.0,0.125
RAW_SOURCE|SA5|HLO_to_P|primary_5y_matched,POL,2015,2017,9,1.0,3.0,0.25
RAW_SOURCE|SA5|HLO_to_P|primary_5y_matched,RUS,2015,2017,9,5.0,2.0,0.375
RAW_SOURCE|SA5|HLO_to_P|primary_5y_matched,SAU,2015,2017,9,6.0,8.0,0.25
RAW_SOURCE|SA5|HLO_to_P|primary_5y_matched,JPN,2015,2017,9,2.0,1.0,0.125
RAW_SOURCE|SA5|HLO_to_P|primary_5y_matched,BHR,2015,2017,9,9.0,6.0,0.375
RAW_SOURCE|SA5|HLO_to_P|primary_5y_matched,DEU,2015,2017,9,3.0,4.0,0.125
RAW_SOURCE|SA5|HLO_to_P|primary_5y_matched,EGY,2015,2017,9,8.0,9.0,0.125
RAW_SOURCE|SA5|HLO_to_P|primary_5y_matched,IDN,2015,2017,9,7.0,7.0,0.0
RAW_SOURCE|SA5|P_to_HLO|assessment_specific_5y_fixed,NLD,2000,2004,5,1.0,3.0,0.5
RAW_SOURCE|SA5|P_to_HLO|assessment_specific_5y_fixed,NOR,2000,2004,5,3.0,1.0,0.5
RAW_SOURCE|SA5|P_to_HLO|assessment_specific_5y_fixed,PHL,2000,2004,5,4.0,4.0,0.0
RAW_SOURCE|SA5|P_to_HLO|assessment_specific_5y_fixed,ZAF,2000,2004,5,5.0,5.0,0.0
RAW_SOURCE|SA5|P_to_HLO|assessment_specific_5y_fixed,ISL,2000,2004,5,2.0,2.0,0.0
RAW_SOURCE|SA5|P_to_HLO|assessment_specific_5y_fixed,MAR,2005,2009,17,16.0,17.0,0.0625
RAW_SOURCE|SA5|P_to_HLO|assessment_specific_5y_fixed,NLD,2005,2009,17,2.0,3.0,0.0625
RAW_SOURCE|SA5|P_to_HLO|assessment_specific_5y_fixed,NOR,2005,2009,17,8.0,6.0,0.125
RAW_SOURCE|SA5|P_to_HLO|assessment_specific_5y_fixed,POL,2005,2009,17,4.0,7.0,0.1875
RAW_SOURCE|SA5|P_to_HLO|assessment_specific_5y_fixed,QAT,2005,2009,17,17.0,14.0,0.1875
RAW_SOURCE|SA5|P_to_HLO|assessment_specific_5y_fixed,SVN,2005,2009,17,6.0,5.0,0.0625
RAW_SOURCE|SA5|P_to_HLO|assessment_specific_5y_fixed,UKR,2005,2009,17,9.0,11.0,0.125
RAW_SOURCE|SA5|P_to_HLO|assessment_specific_5y_fixed,PER,2005,2009,17,15.0,8.0,0.4375
RAW_SOURCE|SA5|P_to_HLO|assessment_specific_5y_fixed,JPN,2005,2009,17,1.0,1.0,0.0
RAW_SOURCE|SA5|P_to_HLO|assessment_specific_5y_fixed,BRA,2005,2009,17,13.0,12.0,0.0625
RAW_SOURCE|SA5|P_to_HLO|assessment_specific_5y_fixed,CHL,2005,2009,17,11.0,13.0,0.125
RAW_SOURCE|SA5|P_to_HLO|assessment_specific_5y_fixed,CRI,2005,2009,17,10.0,10.0,0.0
RAW_SOURCE|SA5|P_to_HLO|assessment_specific_5y_fixed,DEU,2005,2009,17,3.0,4.0,0.0625
RAW_SOURCE|SA5|P_to_HLO|assessment_specific_5y_fixed,AUT,2005,2009,17,5.0,2.0,0.1875
RAW_SOURCE|SA5|P_to_HLO|assessment_specific_5y_fixed,IDN,2005,2009,17,14.0,16.0,0.125
RAW_SOURCE|SA5|P_to_HLO|assessment_specific_5y_fixed,IRN,2005,2009,17,12.0,15.0,0.1875
RAW_SOURCE|SA5|P_to_HLO|assessment_specific_5y_fixed,ITA,2005,2009,17,7.0,9.0,0.125
RAW_SOURCE|SA5|P_to_HLO|assessment_specific_5y_fixed,KOR,2010,2014,20,1.0,2.0,0.05263157894736842
RAW_SOURCE|SA5|P_to_HLO|assessment_specific_5y_fixed,MAR,2010,2014,20,19.0,19.0,0.0
RAW_SOURCE|SA5|P_to_HLO|assessment_specific_5y_fixed,MEX,2010,2014,20,11.0,7.0,0.21052631578947367
RAW_SOURCE|SA5|P_to_HLO|assessment_specific_5y_fixed,OMN,2010,2014,20,16.0,11.0,0.2631578947368421
RAW_SOURCE|SA5|P_to_HLO|assessment_specific_5y_fixed,KAZ,2010,2014,20,9.0,13.0,0.21052631578947367
RAW_SOURCE|SA5|P_to_HLO|assessment_specific_5y_fixed,SAU,2010,2014,20,14.0,16.0,0.10526315789473684
RAW_SOURCE|SA5|P_to_HLO|assessment_specific_5y_fixed,SRB,2010,2014,20,8.0,5.0,0.15789473684210525
RAW_SOURCE|SA5|P_to_HLO|assessment_specific_5y_fixed,ZAF,2010,2014,20,18.0,14.0,0.21052631578947367
RAW_SOURCE|SA5|P_to_HLO|assessment_specific_5y_fixed,POL,2010,2014,20,4.0,4.0,0.0
RAW_SOURCE|SA5|P_to_HLO|assessment_specific_5y_fixed,JOR,2010,2014,20,17.0,18.0,0.05263157894736842
RAW_SOURCE|SA5|P_to_HLO|assessment_specific_5y_fixed,BRA,2010,2014,20,12.0,9.0,0.15789473684210525
RAW_SOURCE|SA5|P_to_HLO|assessment_specific_5y_fixed,CHL,2010,2014,20,10.0,17.0,0.3684210526315789
RAW_SOURCE|SA5|P_to_HLO|assessment_specific_5y_fixed,COL,2010,2014,20,13.0,12.0,0.05263157894736842
RAW_SOURCE|SA5|P_to_HLO|assessment_specific_5y_fixed,DEU,2010,2014,20,3.0,3.0,0.0
RAW_SOURCE|SA5|P_to_HLO|assessment_specific_5y_fixed,FIN,2010,2014,20,2.0,1.0,0.05263157894736842
RAW_SOURCE|SA5|P_to_HLO|assessment_specific_5y_fixed,GHA,2010,2014,20,20.0,20.0,0.0
RAW_SOURCE|SA5|P_to_HLO|assessment_specific_5y_fixed,HRV,2010,2014,20,6.0,8.0,0.10526315789473684
RAW_SOURCE|SA5|P_to_HLO|assessment_specific_5y_fixed,IDN,2010,2014,20,15.0,15.0,0.0
RAW_SOURCE|SA5|P_to_HLO|assessment_specific_5y_fixed,ITA,2010,2014,20,5.0,10.0,0.2631578947368421
RAW_SOURCE|SA5|P_to_HLO|assessment_specific_5y_fixed,ESP,2010,2014,20,7.0,6.0,0.05263157894736842
RAW_SOURCE|SA5|P_to_HLO|assessment_specific_5y_fixed,AUS,2015,2017,9,5.0,4.0,0.125
RAW_SOURCE|SA5|P_to_HLO|assessment_specific_5y_fixed,POL,2015,2017,9,3.0,1.0,0.25
RAW_SOURCE|SA5|P_to_HLO|assessment_specific_5y_fixed,RUS,2015,2017,9,2.0,5.0,0.375
RAW_SOURCE|SA5|P_to_HLO|assessment_specific_5y_fixed,SAU,2015,2017,9,8.0,6.0,0.25
RAW_SOURCE|SA5|P_to_HLO|assessment_specific_5y_fixed,JPN,2015,2017,9,1.0,2.0,0.125
RAW_SOURCE|SA5|P_to_HLO|assessment_specific_5y_fixed,BHR,2015,2017,9,6.0,9.0,0.375
RAW_SOURCE|SA5|P_to_HLO|assessment_specific_5y_fixed,DEU,2015,2017,9,4.0,3.0,0.125
RAW_SOURCE|SA5|P_to_HLO|assessment_specific_5y_fixed,EGY,2015,2017,9,9.0,8.0,0.125
RAW_SOURCE|SA5|P_to_HLO|assessment_specific_5y_fixed,IDN,2015,2017,9,7.0,7.0,0.0
RAW_SOURCE|SA5|P_to_HLO|primary_5y_matched,NLD,2000,2004,5,1.0,3.0,0.5
RAW_SOURCE|SA5|P_to_HLO|primary_5y_matched,NOR,2000,2004,5,3.0,1.0,0.5
RAW_SOURCE|SA5|P_to_HLO|primary_5y_matched,PHL,2000,2004,5,4.0,4.0,0.0
RAW_SOURCE|SA5|P_to_HLO|primary_5y_matched,ZAF,2000,2004,5,5.0,5.0,0.0
RAW_SOURCE|SA5|P_to_HLO|primary_5y_matched,ISL,2000,2004,5,2.0,2.0,0.0
RAW_SOURCE|SA5|P_to_HLO|primary_5y_matched,MAR,2005,2009,17,16.0,17.0,0.0625
RAW_SOURCE|SA5|P_to_HLO|primary_5y_matched,NLD,2005,2009,17,2.0,3.0,0.0625
RAW_SOURCE|SA5|P_to_HLO|primary_5y_matched,NOR,2005,2009,17,8.0,6.0,0.125
RAW_SOURCE|SA5|P_to_HLO|primary_5y_matched,POL,2005,2009,17,4.0,7.0,0.1875
RAW_SOURCE|SA5|P_to_HLO|primary_5y_matched,QAT,2005,2009,17,17.0,14.0,0.1875
RAW_SOURCE|SA5|P_to_HLO|primary_5y_matched,SVN,2005,2009,17,6.0,5.0,0.0625
RAW_SOURCE|SA5|P_to_HLO|primary_5y_matched,UKR,2005,2009,17,9.0,11.0,0.125
RAW_SOURCE|SA5|P_to_HLO|primary_5y_matched,PER,2005,2009,17,15.0,8.0,0.4375
RAW_SOURCE|SA5|P_to_HLO|primary_5y_matched,JPN,2005,2009,17,1.0,1.0,0.0
RAW_SOURCE|SA5|P_to_HLO|primary_5y_matched,BRA,2005,2009,17,13.0,12.0,0.0625
RAW_SOURCE|SA5|P_to_HLO|primary_5y_matched,CHL,2005,2009,17,11.0,13.0,0.125
RAW_SOURCE|SA5|P_to_HLO|primary_5y_matched,CRI,2005,2009,17,10.0,10.0,0.0
RAW_SOURCE|SA5|P_to_HLO|primary_5y_matched,DEU,2005,2009,17,3.0,4.0,0.0625
RAW_SOURCE|SA5|P_to_HLO|primary_5y_matched,AUT,2005,2009,17,5.0,2.0,0.1875
RAW_SOURCE|SA5|P_to_HLO|primary_5y_matched,IDN,2005,2009,17,14.0,16.0,0.125
RAW_SOURCE|SA5|P_to_HLO|primary_5y_matched,IRN,2005,2009,17,12.0,15.0,0.1875
RAW_SOURCE|SA5|P_to_HLO|primary_5y_matched,ITA,2005,2009,17,7.0,9.0,0.125
RAW_SOURCE|SA5|P_to_HLO|primary_5y_matched,KOR,2010,2014,20,1.0,2.0,0.05263157894736842
RAW_SOURCE|SA5|P_to_HLO|primary_5y_matched,MAR,2010,2014,20,19.0,19.0,0.0
RAW_SOURCE|SA5|P_to_HLO|primary_5y_matched,MEX,2010,2014,20,11.0,7.0,0.21052631578947367
RAW_SOURCE|SA5|P_to_HLO|primary_5y_matched,OMN,2010,2014,20,16.0,11.0,0.2631578947368421
RAW_SOURCE|SA5|P_to_HLO|primary_5y_matched,KAZ,2010,2014,20,9.0,13.0,0.21052631578947367
RAW_SOURCE|SA5|P_to_HLO|primary_5y_matched,SAU,2010,2014,20,14.0,16.0,0.10526315789473684
RAW_SOURCE|SA5|P_to_HLO|primary_5y_matched,SRB,2010,2014,20,8.0,5.0,0.15789473684210525
RAW_SOURCE|SA5|P_to_HLO|primary_5y_matched,ZAF,2010,2014,20,18.0,14.0,0.21052631578947367
RAW_SOURCE|SA5|P_to_HLO|primary_5y_matched,POL,2010,2014,20,4.0,4.0,0.0
RAW_SOURCE|SA5|P_to_HLO|primary_5y_matched,JOR,2010,2014,20,17.0,18.0,0.05263157894736842
RAW_SOURCE|SA5|P_to_HLO|primary_5y_matched,BRA,2010,2014,20,12.0,9.0,0.15789473684210525
RAW_SOURCE|SA5|P_to_HLO|primary_5y_matched,CHL,2010,2014,20,10.0,17.0,0.3684210526315789
RAW_SOURCE|SA5|P_to_HLO|primary_5y_matched,COL,2010,2014,20,13.0,12.0,0.05263157894736842
RAW_SOURCE|SA5|P_to_HLO|primary_5y_matched,DEU,2010,2014,20,3.0,3.0,0.0
RAW_SOURCE|SA5|P_to_HLO|primary_5y_matched,FIN,2010,2014,20,2.0,1.0,0.05263157894736842
RAW_SOURCE|SA5|P_to_HLO|primary_5y_matched,GHA,2010,2014,20,20.0,20.0,0.0
RAW_SOURCE|SA5|P_to_HLO|primary_5y_matched,HRV,2010,2014,20,6.0,8.0,0.10526315789473684
RAW_SOURCE|SA5|P_to_HLO|primary_5y_matched,IDN,2010,2014,20,15.0,15.0,0.0
RAW_SOURCE|SA5|P_to_HLO|primary_5y_matched,ITA,2010,2014,20,5.0,10.0,0.2631578947368421
RAW_SOURCE|SA5|P_to_HLO|primary_5y_matched,ESP,2010,2014,20,7.0,6.0,0.05263157894736842
RAW_SOURCE|SA5|P_to_HLO|primary_5y_matched,AUS,2015,2017,9,5.0,4.0,0.125
RAW_SOURCE|SA5|P_to_HLO|primary_5y_matched,POL,2015,2017,9,3.0,1.0,0.25
RAW_SOURCE|SA5|P_to_HLO|primary_5y_matched,RUS,2015,2017,9,2.0,5.0,0.375
RAW_SOURCE|SA5|P_to_HLO|primary_5y_matched,SAU,2015,2017,9,8.0,6.0,0.25
RAW_SOURCE|SA5|P_to_HLO|primary_5y_matched,JPN,2015,2017,9,1.0,2.0,0.125
RAW_SOURCE|SA5|P_to_HLO|primary_5y_matched,BHR,2015,2017,9,6.0,9.0,0.375
RAW_SOURCE|SA5|P_to_HLO|primary_5y_matched,DEU,2015,2017,9,4.0,3.0,0.125
RAW_SOURCE|SA5|P_to_HLO|primary_5y_matched,EGY,2015,2017,9,9.0,8.0,0.125
RAW_SOURCE|SA5|P_to_HLO|primary_5y_matched,IDN,2015,2017,9,7.0,7.0,0.0
RAW_SOURCE|SCC|HLO_to_P|restricted_primary_5y,PHL,2000,2004,2,2.0,2.0,0.0
RAW_SOURCE|SCC|HLO_to_P|restricted_primary_5y,ISL,2000,2004,2,1.0,1.0,0.0
RAW_SOURCE|SCC|HLO_to_P|restricted_primary_5y,AUT,2005,2009,12,1.0,3.0,0.18181818181818182
RAW_SOURCE|SCC|HLO_to_P|restricted_primary_5y,UKR,2005,2009,12,8.0,7.0,0.09090909090909091
RAW_SOURCE|SCC|HLO_to_P|restricted_primary_5y,SVN,2005,2009,12,3.0,4.0,0.09090909090909091
RAW_SOURCE|SCC|HLO_to_P|restricted_primary_5y,QAT,2005,2009,12,10.0,12.0,0.18181818181818182
RAW_SOURCE|SCC|HLO_to_P|restricted_primary_5y,PER,2005,2009,12,6.0,11.0,0.45454545454545453
RAW_SOURCE|SCC|HLO_to_P|restricted_primary_5y,NOR,2005,2009,12,4.0,6.0,0.18181818181818182
RAW_SOURCE|SCC|HLO_to_P|restricted_primary_5y,NLD,2005,2009,12,2.0,1.0,0.09090909090909091
RAW_SOURCE|SCC|HLO_to_P|restricted_primary_5y,POL,2005,2009,12,5.0,2.0,0.2727272727272727
RAW_SOURCE|SCC|HLO_to_P|restricted_primary_5y,ITA,2005,2009,12,7.0,5.0,0.18181818181818182
RAW_SOURCE|SCC|HLO_to_P|restricted_primary_5y,CHL,2005,2009,12,9.0,8.0,0.09090909090909091
RAW_SOURCE|SCC|HLO_to_P|restricted_primary_5y,IDN,2005,2009,12,12.0,10.0,0.18181818181818182
RAW_SOURCE|SCC|HLO_to_P|restricted_primary_5y,IRN,2005,2009,12,11.0,9.0,0.18181818181818182
RAW_SOURCE|SCC|HLO_to_P|restricted_primary_5y,ZAF,2010,2014,10,7.0,9.0,0.2222222222222222
RAW_SOURCE|SCC|HLO_to_P|restricted_primary_5y,POL,2010,2014,10,2.0,2.0,0.0
RAW_SOURCE|SCC|HLO_to_P|restricted_primary_5y,MEX,2010,2014,10,4.0,6.0,0.2222222222222222
RAW_SOURCE|SCC|HLO_to_P|restricted_primary_5y,ITA,2010,2014,10,5.0,3.0,0.2222222222222222
RAW_SOURCE|SCC|HLO_to_P|restricted_primary_5y,CHL,2010,2014,10,9.0,5.0,0.4444444444444444
RAW_SOURCE|SCC|HLO_to_P|restricted_primary_5y,COL,2010,2014,10,6.0,7.0,0.1111111111111111
RAW_SOURCE|SCC|HLO_to_P|restricted_primary_5y,ESP,2010,2014,10,3.0,4.0,0.1111111111111111
RAW_SOURCE|SCC|HLO_to_P|restricted_primary_5y,GHA,2010,2014,10,10.0,10.0,0.0
RAW_SOURCE|SCC|HLO_to_P|restricted_primary_5y,IDN,2010,2014,10,8.0,8.0,0.0
RAW_SOURCE|SCC|HLO_to_P|restricted_primary_5y,FIN,2010,2014,10,1.0,1.0,0.0
RAW_SOURCE|SCC|HLO_to_P|restricted_primary_5y,RUS,2015,2017,5,3.0,1.0,0.5
RAW_SOURCE|SCC|HLO_to_P|restricted_primary_5y,POL,2015,2017,5,1.0,2.0,0.25
RAW_SOURCE|SCC|HLO_to_P|restricted_primary_5y,DEU,2015,2017,5,2.0,3.0,0.25
RAW_SOURCE|SCC|HLO_to_P|restricted_primary_5y,BHR,2015,2017,5,5.0,4.0,0.25
RAW_SOURCE|SCC|HLO_to_P|restricted_primary_5y,IDN,2015,2017,5,4.0,5.0,0.25
RAW_SOURCE|SCC|P_to_HLO|restricted_primary_5y,PHL,2000,2004,2,2.0,2.0,0.0
RAW_SOURCE|SCC|P_to_HLO|restricted_primary_5y,ISL,2000,2004,2,1.0,1.0,0.0
RAW_SOURCE|SCC|P_to_HLO|restricted_primary_5y,AUT,2005,2009,12,3.0,1.0,0.18181818181818182
RAW_SOURCE|SCC|P_to_HLO|restricted_primary_5y,UKR,2005,2009,12,7.0,8.0,0.09090909090909091
RAW_SOURCE|SCC|P_to_HLO|restricted_primary_5y,SVN,2005,2009,12,4.0,3.0,0.09090909090909091
RAW_SOURCE|SCC|P_to_HLO|restricted_primary_5y,QAT,2005,2009,12,12.0,10.0,0.18181818181818182
RAW_SOURCE|SCC|P_to_HLO|restricted_primary_5y,PER,2005,2009,12,11.0,6.0,0.45454545454545453
RAW_SOURCE|SCC|P_to_HLO|restricted_primary_5y,NOR,2005,2009,12,6.0,4.0,0.18181818181818182
RAW_SOURCE|SCC|P_to_HLO|restricted_primary_5y,NLD,2005,2009,12,1.0,2.0,0.09090909090909091
RAW_SOURCE|SCC|P_to_HLO|restricted_primary_5y,POL,2005,2009,12,2.0,5.0,0.2727272727272727
RAW_SOURCE|SCC|P_to_HLO|restricted_primary_5y,ITA,2005,2009,12,5.0,7.0,0.18181818181818182
RAW_SOURCE|SCC|P_to_HLO|restricted_primary_5y,CHL,2005,2009,12,8.0,9.0,0.09090909090909091
RAW_SOURCE|SCC|P_to_HLO|restricted_primary_5y,IDN,2005,2009,12,10.0,12.0,0.18181818181818182
RAW_SOURCE|SCC|P_to_HLO|restricted_primary_5y,IRN,2005,2009,12,9.0,11.0,0.18181818181818182
RAW_SOURCE|SCC|P_to_HLO|restricted_primary_5y,ZAF,2010,2014,10,9.0,7.0,0.2222222222222222
RAW_SOURCE|SCC|P_to_HLO|restricted_primary_5y,POL,2010,2014,10,2.0,2.0,0.0
RAW_SOURCE|SCC|P_to_HLO|restricted_primary_5y,MEX,2010,2014,10,6.0,4.0,0.2222222222222222
RAW_SOURCE|SCC|P_to_HLO|restricted_primary_5y,ITA,2010,2014,10,3.0,5.0,0.2222222222222222
RAW_SOURCE|SCC|P_to_HLO|restricted_primary_5y,CHL,2010,2014,10,5.0,9.0,0.4444444444444444
RAW_SOURCE|SCC|P_to_HLO|restricted_primary_5y,COL,2010,2014,10,7.0,6.0,0.1111111111111111
RAW_SOURCE|SCC|P_to_HLO|restricted_primary_5y,ESP,2010,2014,10,4.0,3.0,0.1111111111111111
RAW_SOURCE|SCC|P_to_HLO|restricted_primary_5y,GHA,2010,2014,10,10.0,10.0,0.0
RAW_SOURCE|SCC|P_to_HLO|restricted_primary_5y,IDN,2010,2014,10,8.0,8.0,0.0
RAW_SOURCE|SCC|P_to_HLO|restricted_primary_5y,FIN,2010,2014,10,1.0,1.0,0.0
RAW_SOURCE|SCC|P_to_HLO|restricted_primary_5y,RUS,2015,2017,5,1.0,3.0,0.5
RAW_SOURCE|SCC|P_to_HLO|restricted_primary_5y,POL,2015,2017,5,2.0,1.0,0.25
RAW_SOURCE|SCC|P_to_HLO|restricted_primary_5y,DEU,2015,2017,5,3.0,2.0,0.25
RAW_SOURCE|SCC|P_to_HLO|restricted_primary_5y,BHR,2015,2017,5,4.0,5.0,0.25
RAW_SOURCE|SCC|P_to_HLO|restricted_primary_5y,IDN,2015,2017,5,5.0,4.0,0.25
RAW_SOURCE|SCOMP|HLO_to_P|restricted_primary_5y,LTU,2000,2004,5,4.0,2.0,0.5
RAW_SOURCE|SCOMP|HLO_to_P|restricted_primary_5y,NLD,2000,2004,5,3.0,1.0,0.5
RAW_SOURCE|SCOMP|HLO_to_P|restricted_primary_5y,NOR,2000,2004,5,1.0,4.0,0.75
RAW_SOURCE|SCOMP|HLO_to_P|restricted_primary_5y,PHL,2000,2004,5,5.0,5.0,0.0
RAW_SOURCE|SCOMP|HLO_to_P|restricted_primary_5y,ISL,2000,2004,5,2.0,3.0,0.25
RAW_SOURCE|SCOMP|HLO_to_P|restricted_primary_5y,MAR,2005,2009,16,16.0,15.0,0.06666666666666667
RAW_SOURCE|SCOMP|HLO_to_P|restricted_primary_5y,NLD,2005,2009,16,3.0,2.0,0.06666666666666667
RAW_SOURCE|SCOMP|HLO_to_P|restricted_primary_5y,NOR,2005,2009,16,6.0,8.0,0.13333333333333333
RAW_SOURCE|SCOMP|HLO_to_P|restricted_primary_5y,PER,2005,2009,16,8.0,14.0,0.4
RAW_SOURCE|SCOMP|HLO_to_P|restricted_primary_5y,POL,2005,2009,16,7.0,4.0,0.2
RAW_SOURCE|SCOMP|HLO_to_P|restricted_primary_5y,QAT,2005,2009,16,13.0,16.0,0.2
RAW_SOURCE|SCOMP|HLO_to_P|restricted_primary_5y,SVN,2005,2009,16,5.0,6.0,0.06666666666666667
RAW_SOURCE|SCOMP|HLO_to_P|restricted_primary_5y,UKR,2005,2009,16,11.0,9.0,0.13333333333333333
RAW_SOURCE|SCOMP|HLO_to_P|restricted_primary_5y,JPN,2005,2009,16,1.0,1.0,0.0
RAW_SOURCE|SCOMP|HLO_to_P|restricted_primary_5y,CHL,2005,2009,16,12.0,11.0,0.06666666666666667
RAW_SOURCE|SCOMP|HLO_to_P|restricted_primary_5y,CRI,2005,2009,16,10.0,10.0,0.0
RAW_SOURCE|SCOMP|HLO_to_P|restricted_primary_5y,DEU,2005,2009,16,4.0,3.0,0.06666666666666667
RAW_SOURCE|SCOMP|HLO_to_P|restricted_primary_5y,AUT,2005,2009,16,2.0,5.0,0.2
RAW_SOURCE|SCOMP|HLO_to_P|restricted_primary_5y,ITA,2005,2009,16,9.0,7.0,0.13333333333333333
RAW_SOURCE|SCOMP|HLO_to_P|restricted_primary_5y,IDN,2005,2009,16,15.0,13.0,0.13333333333333333
RAW_SOURCE|SCOMP|HLO_to_P|restricted_primary_5y,IRN,2005,2009,16,14.0,12.0,0.13333333333333333
RAW_SOURCE|SCOMP|HLO_to_P|restricted_primary_5y,KOR,2010,2014,15,2.0,1.0,0.07142857142857142
RAW_SOURCE|SCOMP|HLO_to_P|restricted_primary_5y,MAR,2010,2014,15,14.0,14.0,0.0
RAW_SOURCE|SCOMP|HLO_to_P|restricted_primary_5y,POL,2010,2014,15,4.0,4.0,0.0
RAW_SOURCE|SCOMP|HLO_to_P|restricted_primary_5y,SAU,2010,2014,15,11.0,10.0,0.07142857142857142
RAW_SOURCE|SCOMP|HLO_to_P|restricted_primary_5y,OMN,2010,2014,15,8.0,12.0,0.2857142857142857
RAW_SOURCE|SCOMP|HLO_to_P|restricted_primary_5y,ITA,2010,2014,15,7.0,5.0,0.14285714285714285
RAW_SOURCE|SCOMP|HLO_to_P|restricted_primary_5y,JOR,2010,2014,15,13.0,13.0,0.0
RAW_SOURCE|SCOMP|HLO_to_P|restricted_primary_5y,CHL,2010,2014,15,12.0,8.0,0.2857142857142857
RAW_SOURCE|SCOMP|HLO_to_P|restricted_primary_5y,COL,2010,2014,15,9.0,9.0,0.0
RAW_SOURCE|SCOMP|HLO_to_P|restricted_primary_5y,DEU,2010,2014,15,3.0,3.0,0.0
RAW_SOURCE|SCOMP|HLO_to_P|restricted_primary_5y,FIN,2010,2014,15,1.0,2.0,0.07142857142857142
RAW_SOURCE|SCOMP|HLO_to_P|restricted_primary_5y,GHA,2010,2014,15,15.0,15.0,0.0
RAW_SOURCE|SCOMP|HLO_to_P|restricted_primary_5y,HRV,2010,2014,15,6.0,6.0,0.0
RAW_SOURCE|SCOMP|HLO_to_P|restricted_primary_5y,IDN,2010,2014,15,10.0,11.0,0.07142857142857142
RAW_SOURCE|SCOMP|HLO_to_P|restricted_primary_5y,ESP,2010,2014,15,5.0,7.0,0.14285714285714285
RAW_SOURCE|SCOMP|HLO_to_P|restricted_primary_5y,AUS,2015,2017,9,4.0,5.0,0.125
RAW_SOURCE|SCOMP|HLO_to_P|restricted_primary_5y,POL,2015,2017,9,1.0,3.0,0.25
RAW_SOURCE|SCOMP|HLO_to_P|restricted_primary_5y,RUS,2015,2017,9,5.0,2.0,0.375
RAW_SOURCE|SCOMP|HLO_to_P|restricted_primary_5y,SAU,2015,2017,9,6.0,8.0,0.25
RAW_SOURCE|SCOMP|HLO_to_P|restricted_primary_5y,JPN,2015,2017,9,2.0,1.0,0.125
RAW_SOURCE|SCOMP|HLO_to_P|restricted_primary_5y,BHR,2015,2017,9,9.0,6.0,0.375
RAW_SOURCE|SCOMP|HLO_to_P|restricted_primary_5y,DEU,2015,2017,9,3.0,4.0,0.125
RAW_SOURCE|SCOMP|HLO_to_P|restricted_primary_5y,EGY,2015,2017,9,8.0,9.0,0.125
RAW_SOURCE|SCOMP|HLO_to_P|restricted_primary_5y,IDN,2015,2017,9,7.0,7.0,0.0
RAW_SOURCE|SCOMP|P_to_HLO|restricted_primary_5y,LTU,2000,2004,5,2.0,4.0,0.5
RAW_SOURCE|SCOMP|P_to_HLO|restricted_primary_5y,NLD,2000,2004,5,1.0,3.0,0.5
RAW_SOURCE|SCOMP|P_to_HLO|restricted_primary_5y,NOR,2000,2004,5,4.0,1.0,0.75
RAW_SOURCE|SCOMP|P_to_HLO|restricted_primary_5y,PHL,2000,2004,5,5.0,5.0,0.0
RAW_SOURCE|SCOMP|P_to_HLO|restricted_primary_5y,ISL,2000,2004,5,3.0,2.0,0.25
RAW_SOURCE|SCOMP|P_to_HLO|restricted_primary_5y,MAR,2005,2009,16,15.0,16.0,0.06666666666666667
RAW_SOURCE|SCOMP|P_to_HLO|restricted_primary_5y,NLD,2005,2009,16,2.0,3.0,0.06666666666666667
RAW_SOURCE|SCOMP|P_to_HLO|restricted_primary_5y,NOR,2005,2009,16,8.0,6.0,0.13333333333333333
RAW_SOURCE|SCOMP|P_to_HLO|restricted_primary_5y,PER,2005,2009,16,14.0,8.0,0.4
RAW_SOURCE|SCOMP|P_to_HLO|restricted_primary_5y,POL,2005,2009,16,4.0,7.0,0.2
RAW_SOURCE|SCOMP|P_to_HLO|restricted_primary_5y,QAT,2005,2009,16,16.0,13.0,0.2
RAW_SOURCE|SCOMP|P_to_HLO|restricted_primary_5y,SVN,2005,2009,16,6.0,5.0,0.06666666666666667
RAW_SOURCE|SCOMP|P_to_HLO|restricted_primary_5y,UKR,2005,2009,16,9.0,11.0,0.13333333333333333
RAW_SOURCE|SCOMP|P_to_HLO|restricted_primary_5y,JPN,2005,2009,16,1.0,1.0,0.0
RAW_SOURCE|SCOMP|P_to_HLO|restricted_primary_5y,CHL,2005,2009,16,11.0,12.0,0.06666666666666667
RAW_SOURCE|SCOMP|P_to_HLO|restricted_primary_5y,CRI,2005,2009,16,10.0,10.0,0.0
RAW_SOURCE|SCOMP|P_to_HLO|restricted_primary_5y,DEU,2005,2009,16,3.0,4.0,0.06666666666666667
RAW_SOURCE|SCOMP|P_to_HLO|restricted_primary_5y,AUT,2005,2009,16,5.0,2.0,0.2
RAW_SOURCE|SCOMP|P_to_HLO|restricted_primary_5y,ITA,2005,2009,16,7.0,9.0,0.13333333333333333
RAW_SOURCE|SCOMP|P_to_HLO|restricted_primary_5y,IDN,2005,2009,16,13.0,15.0,0.13333333333333333
RAW_SOURCE|SCOMP|P_to_HLO|restricted_primary_5y,IRN,2005,2009,16,12.0,14.0,0.13333333333333333
RAW_SOURCE|SCOMP|P_to_HLO|restricted_primary_5y,KOR,2010,2014,15,1.0,2.0,0.07142857142857142
RAW_SOURCE|SCOMP|P_to_HLO|restricted_primary_5y,MAR,2010,2014,15,14.0,14.0,0.0
RAW_SOURCE|SCOMP|P_to_HLO|restricted_primary_5y,POL,2010,2014,15,4.0,4.0,0.0
RAW_SOURCE|SCOMP|P_to_HLO|restricted_primary_5y,SAU,2010,2014,15,10.0,11.0,0.07142857142857142
RAW_SOURCE|SCOMP|P_to_HLO|restricted_primary_5y,OMN,2010,2014,15,12.0,8.0,0.2857142857142857
RAW_SOURCE|SCOMP|P_to_HLO|restricted_primary_5y,ITA,2010,2014,15,5.0,7.0,0.14285714285714285
RAW_SOURCE|SCOMP|P_to_HLO|restricted_primary_5y,JOR,2010,2014,15,13.0,13.0,0.0
RAW_SOURCE|SCOMP|P_to_HLO|restricted_primary_5y,CHL,2010,2014,15,8.0,12.0,0.2857142857142857
RAW_SOURCE|SCOMP|P_to_HLO|restricted_primary_5y,COL,2010,2014,15,9.0,9.0,0.0
RAW_SOURCE|SCOMP|P_to_HLO|restricted_primary_5y,DEU,2010,2014,15,3.0,3.0,0.0
RAW_SOURCE|SCOMP|P_to_HLO|restricted_primary_5y,FIN,2010,2014,15,2.0,1.0,0.07142857142857142
RAW_SOURCE|SCOMP|P_to_HLO|restricted_primary_5y,GHA,2010,2014,15,15.0,15.0,0.0
RAW_SOURCE|SCOMP|P_to_HLO|restricted_primary_5y,HRV,2010,2014,15,6.0,6.0,0.0
RAW_SOURCE|SCOMP|P_to_HLO|restricted_primary_5y,IDN,2010,2014,15,11.0,10.0,0.07142857142857142
RAW_SOURCE|SCOMP|P_to_HLO|restricted_primary_5y,ESP,2010,2014,15,7.0,5.0,0.14285714285714285
RAW_SOURCE|SCOMP|P_to_HLO|restricted_primary_5y,AUS,2015,2017,9,5.0,4.0,0.125
RAW_SOURCE|SCOMP|P_to_HLO|restricted_primary_5y,POL,2015,2017,9,3.0,1.0,0.25
RAW_SOURCE|SCOMP|P_to_HLO|restricted_primary_5y,RUS,2015,2017,9,2.0,5.0,0.375
RAW_SOURCE|SCOMP|P_to_HLO|restricted_primary_5y,SAU,2015,2017,9,8.0,6.0,0.25
RAW_SOURCE|SCOMP|P_to_HLO|restricted_primary_5y,JPN,2015,2017,9,1.0,2.0,0.125
RAW_SOURCE|SCOMP|P_to_HLO|restricted_primary_5y,BHR,2015,2017,9,6.0,9.0,0.375
RAW_SOURCE|SCOMP|P_to_HLO|restricted_primary_5y,DEU,2015,2017,9,4.0,3.0,0.125
RAW_SOURCE|SCOMP|P_to_HLO|restricted_primary_5y,EGY,2015,2017,9,9.0,8.0,0.125
RAW_SOURCE|SCOMP|P_to_HLO|restricted_primary_5y,IDN,2015,2017,9,7.0,7.0,0.0
RAW_SOURCE|STERM|HLO_to_P|restricted_primary_5y,NLD,2000,2004,7,3.0,1.0,0.3333333333333333
RAW_SOURCE|STERM|HLO_to_P|restricted_primary_5y,NOR,2000,2004,7,1.0,5.0,0.6666666666666666
RAW_SOURCE|STERM|HLO_to_P|restricted_primary_5y,PHL,2000,2004,7,6.0,6.0,0.0
RAW_SOURCE|STERM|HLO_to_P|restricted_primary_5y,USA,2000,2004,7,5.0,2.0,0.5
RAW_SOURCE|STERM|HLO_to_P|restricted_primary_5y,ZAF,2000,2004,7,7.0,7.0,0.0
RAW_SOURCE|STERM|HLO_to_P|restricted_primary_5y,LTU,2000,2004,7,4.0,3.0,0.16666666666666666
RAW_SOURCE|STERM|HLO_to_P|restricted_primary_5y,ISL,2000,2004,7,2.0,4.0,0.3333333333333333
RAW_SOURCE|STERM|HLO_to_P|restricted_primary_5y,AUT,2005,2009,17,2.0,5.0,0.1875
RAW_SOURCE|STERM|HLO_to_P|restricted_primary_5y,MAR,2005,2009,17,17.0,16.0,0.0625
RAW_SOURCE|STERM|HLO_to_P|restricted_primary_5y,NLD,2005,2009,17,3.0,2.0,0.0625
RAW_SOURCE|STERM|HLO_to_P|restricted_primary_5y,NOR,2005,2009,17,6.0,8.0,0.125
RAW_SOURCE|STERM|HLO_to_P|restricted_primary_5y,POL,2005,2009,17,7.0,4.0,0.1875
RAW_SOURCE|STERM|HLO_to_P|restricted_primary_5y,QAT,2005,2009,17,14.0,17.0,0.1875
RAW_SOURCE|STERM|HLO_to_P|restricted_primary_5y,SVN,2005,2009,17,5.0,6.0,0.0625
RAW_SOURCE|STERM|HLO_to_P|restricted_primary_5y,UKR,2005,2009,17,11.0,9.0,0.125
RAW_SOURCE|STERM|HLO_to_P|restricted_primary_5y,PER,2005,2009,17,8.0,15.0,0.4375
RAW_SOURCE|STERM|HLO_to_P|restricted_primary_5y,JPN,2005,2009,17,1.0,1.0,0.0
RAW_SOURCE|STERM|HLO_to_P|restricted_primary_5y,CHL,2005,2009,17,13.0,11.0,0.125
RAW_SOURCE|STERM|HLO_to_P|restricted_primary_5y,CRI,2005,2009,17,10.0,10.0,0.0
RAW_SOURCE|STERM|HLO_to_P|restricted_primary_5y,DEU,2005,2009,17,4.0,3.0,0.0625
RAW_SOURCE|STERM|HLO_to_P|restricted_primary_5y,BRA,2005,2009,17,12.0,13.0,0.0625
RAW_SOURCE|STERM|HLO_to_P|restricted_primary_5y,IDN,2005,2009,17,16.0,14.0,0.125
RAW_SOURCE|STERM|HLO_to_P|restricted_primary_5y,IRN,2005,2009,17,15.0,12.0,0.1875
RAW_SOURCE|STERM|HLO_to_P|restricted_primary_5y,ITA,2005,2009,17,9.0,7.0,0.125
RAW_SOURCE|STERM|HLO_to_P|restricted_primary_5y,MAR,2010,2014,20,19.0,19.0,0.0
RAW_SOURCE|STERM|HLO_to_P|restricted_primary_5y,MEX,2010,2014,20,7.0,11.0,0.21052631578947367
RAW_SOURCE|STERM|HLO_to_P|restricted_primary_5y,OMN,2010,2014,20,11.0,16.0,0.2631578947368421
RAW_SOURCE|STERM|HLO_to_P|restricted_primary_5y,POL,2010,2014,20,4.0,4.0,0.0
RAW_SOURCE|STERM|HLO_to_P|restricted_primary_5y,SAU,2010,2014,20,16.0,14.0,0.10526315789473684
RAW_SOURCE|STERM|HLO_to_P|restricted_primary_5y,SRB,2010,2014,20,5.0,8.0,0.15789473684210525
RAW_SOURCE|STERM|HLO_to_P|restricted_primary_5y,ZAF,2010,2014,20,14.0,18.0,0.21052631578947367
RAW_SOURCE|STERM|HLO_to_P|restricted_primary_5y,KOR,2010,2014,20,2.0,1.0,0.05263157894736842
RAW_SOURCE|STERM|HLO_to_P|restricted_primary_5y,KAZ,2010,2014,20,13.0,9.0,0.21052631578947367
RAW_SOURCE|STERM|HLO_to_P|restricted_primary_5y,BRA,2010,2014,20,9.0,12.0,0.15789473684210525
RAW_SOURCE|STERM|HLO_to_P|restricted_primary_5y,CHL,2010,2014,20,17.0,10.0,0.3684210526315789
RAW_SOURCE|STERM|HLO_to_P|restricted_primary_5y,COL,2010,2014,20,12.0,13.0,0.05263157894736842
RAW_SOURCE|STERM|HLO_to_P|restricted_primary_5y,DEU,2010,2014,20,3.0,3.0,0.0
RAW_SOURCE|STERM|HLO_to_P|restricted_primary_5y,ESP,2010,2014,20,6.0,7.0,0.05263157894736842
RAW_SOURCE|STERM|HLO_to_P|restricted_primary_5y,FIN,2010,2014,20,1.0,2.0,0.05263157894736842
RAW_SOURCE|STERM|HLO_to_P|restricted_primary_5y,HRV,2010,2014,20,8.0,6.0,0.10526315789473684
RAW_SOURCE|STERM|HLO_to_P|restricted_primary_5y,IDN,2010,2014,20,15.0,15.0,0.0
RAW_SOURCE|STERM|HLO_to_P|restricted_primary_5y,ITA,2010,2014,20,10.0,5.0,0.2631578947368421
RAW_SOURCE|STERM|HLO_to_P|restricted_primary_5y,JOR,2010,2014,20,18.0,17.0,0.05263157894736842
RAW_SOURCE|STERM|HLO_to_P|restricted_primary_5y,GHA,2010,2014,20,20.0,20.0,0.0
RAW_SOURCE|STERM|P_to_HLO|restricted_primary_5y,NLD,2000,2004,7,1.0,3.0,0.3333333333333333
RAW_SOURCE|STERM|P_to_HLO|restricted_primary_5y,NOR,2000,2004,7,5.0,1.0,0.6666666666666666
RAW_SOURCE|STERM|P_to_HLO|restricted_primary_5y,PHL,2000,2004,7,6.0,6.0,0.0
RAW_SOURCE|STERM|P_to_HLO|restricted_primary_5y,USA,2000,2004,7,2.0,5.0,0.5
RAW_SOURCE|STERM|P_to_HLO|restricted_primary_5y,ZAF,2000,2004,7,7.0,7.0,0.0
RAW_SOURCE|STERM|P_to_HLO|restricted_primary_5y,LTU,2000,2004,7,3.0,4.0,0.16666666666666666
RAW_SOURCE|STERM|P_to_HLO|restricted_primary_5y,ISL,2000,2004,7,4.0,2.0,0.3333333333333333
RAW_SOURCE|STERM|P_to_HLO|restricted_primary_5y,AUT,2005,2009,17,5.0,2.0,0.1875
RAW_SOURCE|STERM|P_to_HLO|restricted_primary_5y,MAR,2005,2009,17,16.0,17.0,0.0625
RAW_SOURCE|STERM|P_to_HLO|restricted_primary_5y,NLD,2005,2009,17,2.0,3.0,0.0625
RAW_SOURCE|STERM|P_to_HLO|restricted_primary_5y,NOR,2005,2009,17,8.0,6.0,0.125
RAW_SOURCE|STERM|P_to_HLO|restricted_primary_5y,POL,2005,2009,17,4.0,7.0,0.1875
RAW_SOURCE|STERM|P_to_HLO|restricted_primary_5y,QAT,2005,2009,17,17.0,14.0,0.1875
RAW_SOURCE|STERM|P_to_HLO|restricted_primary_5y,SVN,2005,2009,17,6.0,5.0,0.0625
RAW_SOURCE|STERM|P_to_HLO|restricted_primary_5y,UKR,2005,2009,17,9.0,11.0,0.125
RAW_SOURCE|STERM|P_to_HLO|restricted_primary_5y,PER,2005,2009,17,15.0,8.0,0.4375
RAW_SOURCE|STERM|P_to_HLO|restricted_primary_5y,JPN,2005,2009,17,1.0,1.0,0.0
RAW_SOURCE|STERM|P_to_HLO|restricted_primary_5y,CHL,2005,2009,17,11.0,13.0,0.125
RAW_SOURCE|STERM|P_to_HLO|restricted_primary_5y,CRI,2005,2009,17,10.0,10.0,0.0
RAW_SOURCE|STERM|P_to_HLO|restricted_primary_5y,DEU,2005,2009,17,3.0,4.0,0.0625
RAW_SOURCE|STERM|P_to_HLO|restricted_primary_5y,BRA,2005,2009,17,13.0,12.0,0.0625
RAW_SOURCE|STERM|P_to_HLO|restricted_primary_5y,IDN,2005,2009,17,14.0,16.0,0.125
RAW_SOURCE|STERM|P_to_HLO|restricted_primary_5y,IRN,2005,2009,17,12.0,15.0,0.1875
RAW_SOURCE|STERM|P_to_HLO|restricted_primary_5y,ITA,2005,2009,17,7.0,9.0,0.125
RAW_SOURCE|STERM|P_to_HLO|restricted_primary_5y,MAR,2010,2014,20,19.0,19.0,0.0
RAW_SOURCE|STERM|P_to_HLO|restricted_primary_5y,MEX,2010,2014,20,11.0,7.0,0.21052631578947367
RAW_SOURCE|STERM|P_to_HLO|restricted_primary_5y,OMN,2010,2014,20,16.0,11.0,0.2631578947368421
RAW_SOURCE|STERM|P_to_HLO|restricted_primary_5y,POL,2010,2014,20,4.0,4.0,0.0
RAW_SOURCE|STERM|P_to_HLO|restricted_primary_5y,SAU,2010,2014,20,14.0,16.0,0.10526315789473684
RAW_SOURCE|STERM|P_to_HLO|restricted_primary_5y,SRB,2010,2014,20,8.0,5.0,0.15789473684210525
RAW_SOURCE|STERM|P_to_HLO|restricted_primary_5y,ZAF,2010,2014,20,18.0,14.0,0.21052631578947367
RAW_SOURCE|STERM|P_to_HLO|restricted_primary_5y,KOR,2010,2014,20,1.0,2.0,0.05263157894736842
RAW_SOURCE|STERM|P_to_HLO|restricted_primary_5y,KAZ,2010,2014,20,9.0,13.0,0.21052631578947367
RAW_SOURCE|STERM|P_to_HLO|restricted_primary_5y,BRA,2010,2014,20,12.0,9.0,0.15789473684210525
RAW_SOURCE|STERM|P_to_HLO|restricted_primary_5y,CHL,2010,2014,20,10.0,17.0,0.3684210526315789
RAW_SOURCE|STERM|P_to_HLO|restricted_primary_5y,COL,2010,2014,20,13.0,12.0,0.05263157894736842
RAW_SOURCE|STERM|P_to_HLO|restricted_primary_5y,DEU,2010,2014,20,3.0,3.0,0.0
RAW_SOURCE|STERM|P_to_HLO|restricted_primary_5y,ESP,2010,2014,20,7.0,6.0,0.05263157894736842
RAW_SOURCE|STERM|P_to_HLO|restricted_primary_5y,FIN,2010,2014,20,2.0,1.0,0.05263157894736842
RAW_SOURCE|STERM|P_to_HLO|restricted_primary_5y,HRV,2010,2014,20,6.0,8.0,0.10526315789473684
RAW_SOURCE|STERM|P_to_HLO|restricted_primary_5y,IDN,2010,2014,20,15.0,15.0,0.0
RAW_SOURCE|STERM|P_to_HLO|restricted_primary_5y,ITA,2010,2014,20,5.0,10.0,0.2631578947368421
RAW_SOURCE|STERM|P_to_HLO|restricted_primary_5y,JOR,2010,2014,20,17.0,18.0,0.05263157894736842
RAW_SOURCE|STERM|P_to_HLO|restricted_primary_5y,GHA,2010,2014,20,20.0,20.0,0.0
