job_id,scenario_id,direction,construction_role,model_id,estimator,deleted_country,metric,estimate,n_countries,n_cells
PRIMARY_DELETE__HLO_to_P__primary_5y__M0__reference__AUS,PRIMARY_DELETE,HLO_to_P,primary_5y,M0,reference,AUS,mae,7.807778952606467,37,52
PRIMARY_DELETE__HLO_to_P__primary_5y__M0__reference__AUS,PRIMARY_DELETE,HLO_to_P,primary_5y,M0,reference,AUS,mse,111.76173066157745,37,52
PRIMARY_DELETE__HLO_to_P__primary_5y__M0__reference__AUS,PRIMARY_DELETE,HLO_to_P,primary_5y,M0,reference,AUS,rmse,10.571742082626564,37,52
PRIMARY_DELETE__HLO_to_P__primary_5y__M0__reference__AUS,PRIMARY_DELETE,HLO_to_P,primary_5y,M0,reference,AUS,bias,-7.521760991835436e-15,37,52
PRIMARY_DELETE__HLO_to_P__primary_5y__M0__reference__AUS,PRIMARY_DELETE,HLO_to_P,primary_5y,M0,reference,AUS,scaled_mae,0.7714922064197731,37,52
PRIMARY_DELETE__HLO_to_P__primary_5y__M0__reference__AUS,PRIMARY_DELETE,HLO_to_P,primary_5y,M0,reference,AUS,scaled_mse,1.1228642594127196,37,52
PRIMARY_DELETE__HLO_to_P__primary_5y__M0__reference__AUT,PRIMARY_DELETE,HLO_to_P,primary_5y,M0,reference,AUT,mae,7.6853154374728225,37,52
PRIMARY_DELETE__HLO_to_P__primary_5y__M0__reference__AUT,PRIMARY_DELETE,HLO_to_P,primary_5y,M0,reference,AUT,mse,109.04008249883807,37,52
PRIMARY_DELETE__HLO_to_P__primary_5y__M0__reference__AUT,PRIMARY_DELETE,HLO_to_P,primary_5y,M0,reference,AUT,rmse,10.442225936017573,37,52
PRIMARY_DELETE__HLO_to_P__primary_5y__M0__reference__AUT,PRIMARY_DELETE,HLO_to_P,primary_5y,M0,reference,AUT,bias,-9.020562075079397e-15,37,52
PRIMARY_DELETE__HLO_to_P__primary_5y__M0__reference__AUT,PRIMARY_DELETE,HLO_to_P,primary_5y,M0,reference,AUT,scaled_mae,0.7691348400275462,37,52
PRIMARY_DELETE__HLO_to_P__primary_5y__M0__reference__AUT,PRIMARY_DELETE,HLO_to_P,primary_5y,M0,reference,AUT,scaled_mse,1.1252524659762657,37,52
PRIMARY_DELETE__HLO_to_P__primary_5y__M0__reference__BHR,PRIMARY_DELETE,HLO_to_P,primary_5y,M0,reference,BHR,mae,7.882667543412704,37,52
PRIMARY_DELETE__HLO_to_P__primary_5y__M0__reference__BHR,PRIMARY_DELETE,HLO_to_P,primary_5y,M0,reference,BHR,mse,112.92099607544488,37,52
PRIMARY_DELETE__HLO_to_P__primary_5y__M0__reference__BHR,PRIMARY_DELETE,HLO_to_P,primary_5y,M0,reference,BHR,rmse,10.626429130966097,37,52
PRIMARY_DELETE__HLO_to_P__primary_5y__M0__reference__BHR,PRIMARY_DELETE,HLO_to_P,primary_5y,M0,reference,BHR,bias,-6.078471059822732e-15,37,52
PRIMARY_DELETE__HLO_to_P__primary_5y__M0__reference__BHR,PRIMARY_DELETE,HLO_to_P,primary_5y,M0,reference,BHR,scaled_mae,0.7748417690782545,37,52
PRIMARY_DELETE__HLO_to_P__primary_5y__M0__reference__BHR,PRIMARY_DELETE,HLO_to_P,primary_5y,M0,reference,BHR,scaled_mse,1.12382037653721,37,52
PRIMARY_DELETE__HLO_to_P__primary_5y__M0__reference__BRA,PRIMARY_DELETE,HLO_to_P,primary_5y,M0,reference,BRA,mae,7.944887982712982,37,51
PRIMARY_DELETE__HLO_to_P__primary_5y__M0__reference__BRA,PRIMARY_DELETE,HLO_to_P,primary_5y,M0,reference,BRA,mse,113.15918185910397,37,51
PRIMARY_DELETE__HLO_to_P__primary_5y__M0__reference__BRA,PRIMARY_DELETE,HLO_to_P,primary_5y,M0,reference,BRA,rmse,10.63763046261262,37,51
PRIMARY_DELETE__HLO_to_P__primary_5y__M0__reference__BRA,PRIMARY_DELETE,HLO_to_P,primary_5y,M0,reference,BRA,bias,-6.161737786669619e-15,37,51
PRIMARY_DELETE__HLO_to_P__primary_5y__M0__reference__BRA,PRIMARY_DELETE,HLO_to_P,primary_5y,M0,reference,BRA,scaled_mae,0.7798373373503705,37,51
PRIMARY_DELETE__HLO_to_P__primary_5y__M0__reference__BRA,PRIMARY_DELETE,HLO_to_P,primary_5y,M0,reference,BRA,scaled_mse,1.1228201837262222,37,51
PRIMARY_DELETE__HLO_to_P__primary_5y__M0__reference__CHL,PRIMARY_DELETE,HLO_to_P,primary_5y,M0,reference,CHL,mae,7.72011281269138,37,51
PRIMARY_DELETE__HLO_to_P__primary_5y__M0__reference__CHL,PRIMARY_DELETE,HLO_to_P,primary_5y,M0,reference,CHL,mse,110.17318679116897,37,51
PRIMARY_DELETE__HLO_to_P__primary_5y__M0__reference__CHL,PRIMARY_DELETE,HLO_to_P,primary_5y,M0,reference,CHL,rmse,10.496341590819583,37,51
PRIMARY_DELETE__HLO_to_P__primary_5y__M0__reference__CHL,PRIMARY_DELETE,HLO_to_P,primary_5y,M0,reference,CHL,bias,-1.1379786002407855e-15,37,51
PRIMARY_DELETE__HLO_to_P__primary_5y__M0__reference__CHL,PRIMARY_DELETE,HLO_to_P,primary_5y,M0,reference,CHL,scaled_mae,0.7694990240660396,37,51
PRIMARY_DELETE__HLO_to_P__primary_5y__M0__reference__CHL,PRIMARY_DELETE,HLO_to_P,primary_5y,M0,reference,CHL,scaled_mse,1.1306086152211194,37,51
PRIMARY_DELETE__HLO_to_P__primary_5y__M0__reference__COL,PRIMARY_DELETE,HLO_to_P,primary_5y,M0,reference,COL,mae,7.910404199518712,37,52
PRIMARY_DELETE__HLO_to_P__primary_5y__M0__reference__COL,PRIMARY_DELETE,HLO_to_P,primary_5y,M0,reference,COL,mse,113.05946394154537,37,52
PRIMARY_DELETE__HLO_to_P__primary_5y__M0__reference__COL,PRIMARY_DELETE,HLO_to_P,primary_5y,M0,reference,COL,rmse,10.63294239340858,37,52
PRIMARY_DELETE__HLO_to_P__primary_5y__M0__reference__COL,PRIMARY_DELETE,HLO_to_P,primary_5y,M0,reference,COL,bias,-1.4710455076283324e-14,37,52
PRIMARY_DELETE__HLO_to_P__primary_5y__M0__reference__COL,PRIMARY_DELETE,HLO_to_P,primary_5y,M0,reference,COL,scaled_mae,0.7769528705111014,37,52
PRIMARY_DELETE__HLO_to_P__primary_5y__M0__reference__COL,PRIMARY_DELETE,HLO_to_P,primary_5y,M0,reference,COL,scaled_mse,1.1233115424965938,37,52
PRIMARY_DELETE__HLO_to_P__primary_5y__M0__reference__CRI,PRIMARY_DELETE,HLO_to_P,primary_5y,M0,reference,CRI,mae,7.9556426492096755,37,52
PRIMARY_DELETE__HLO_to_P__primary_5y__M0__reference__CRI,PRIMARY_DELETE,HLO_to_P,primary_5y,M0,reference,CRI,mse,113.19096567705589,37,52
PRIMARY_DELETE__HLO_to_P__primary_5y__M0__reference__CRI,PRIMARY_DELETE,HLO_to_P,primary_5y,M0,reference,CRI,rmse,10.639124290892362,37,52
PRIMARY_DELETE__HLO_to_P__primary_5y__M0__reference__CRI,PRIMARY_DELETE,HLO_to_P,primary_5y,M0,reference,CRI,bias,-1.4627188349436437e-14,37,52
PRIMARY_DELETE__HLO_to_P__primary_5y__M0__reference__CRI,PRIMARY_DELETE,HLO_to_P,primary_5y,M0,reference,CRI,scaled_mae,0.7807305211932446,37,52
PRIMARY_DELETE__HLO_to_P__primary_5y__M0__reference__CRI,PRIMARY_DELETE,HLO_to_P,primary_5y,M0,reference,CRI,scaled_mse,1.1226574286981483,37,52
PRIMARY_DELETE__HLO_to_P__primary_5y__M0__reference__DEU,PRIMARY_DELETE,HLO_to_P,primary_5y,M0,reference,DEU,mae,7.738580464475023,37,50
PRIMARY_DELETE__HLO_to_P__primary_5y__M0__reference__DEU,PRIMARY_DELETE,HLO_to_P,primary_5y,M0,reference,DEU,mse,110.24533338731148,37,50
PRIMARY_DELETE__HLO_to_P__primary_5y__M0__reference__DEU,PRIMARY_DELETE,HLO_to_P,primary_5y,M0,reference,DEU,rmse,10.499777777996613,37,50
PRIMARY_DELETE__HLO_to_P__primary_5y__M0__reference__DEU,PRIMARY_DELETE,HLO_to_P,primary_5y,M0,reference,DEU,bias,-2.609024107869118e-15,37,50
PRIMARY_DELETE__HLO_to_P__primary_5y__M0__reference__DEU,PRIMARY_DELETE,HLO_to_P,primary_5y,M0,reference,DEU,scaled_mae,0.7701527293893895,37,50
PRIMARY_DELETE__HLO_to_P__primary_5y__M0__reference__DEU,PRIMARY_DELETE,HLO_to_P,primary_5y,M0,reference,DEU,scaled_mse,1.1244380674308352,37,50
PRIMARY_DELETE__HLO_to_P__primary_5y__M0__reference__EGY,PRIMARY_DELETE,HLO_to_P,primary_5y,M0,reference,EGY,mae,7.967230351842465,37,52
PRIMARY_DELETE__HLO_to_P__primary_5y__M0__reference__EGY,PRIMARY_DELETE,HLO_to_P,primary_5y,M0,reference,EGY,mse,113.20583227063813,37,52
PRIMARY_DELETE__HLO_to_P__primary_5y__M0__reference__EGY,PRIMARY_DELETE,HLO_to_P,primary_5y,M0,reference,EGY,rmse,10.639822943575618,37,52
PRIMARY_DELETE__HLO_to_P__primary_5y__M0__reference__EGY,PRIMARY_DELETE,HLO_to_P,primary_5y,M0,reference,EGY,bias,-1.4460654895742664e-14,37,52
PRIMARY_DELETE__HLO_to_P__primary_5y__M0__reference__EGY,PRIMARY_DELETE,HLO_to_P,primary_5y,M0,reference,EGY,scaled_mae,0.7817658838280499,37,52
PRIMARY_DELETE__HLO_to_P__primary_5y__M0__reference__EGY,PRIMARY_DELETE,HLO_to_P,primary_5y,M0,reference,EGY,scaled_mse,1.1225252499930993,37,52
PRIMARY_DELETE__HLO_to_P__primary_5y__M0__reference__ESP,PRIMARY_DELETE,HLO_to_P,primary_5y,M0,reference,ESP,mae,7.910349610524983,37,52
PRIMARY_DELETE__HLO_to_P__primary_5y__M0__reference__ESP,PRIMARY_DELETE,HLO_to_P,primary_5y,M0,reference,ESP,mse,112.9605867881351,37,52
PRIMARY_DELETE__HLO_to_P__primary_5y__M0__reference__ESP,PRIMARY_DELETE,HLO_to_P,primary_5y,M0,reference,ESP,rmse,10.628291809511776,37,52
PRIMARY_DELETE__HLO_to_P__primary_5y__M0__reference__ESP,PRIMARY_DELETE,HLO_to_P,primary_5y,M0,reference,ESP,bias,-1.1185496973098452e-14,37,52
PRIMARY_DELETE__HLO_to_P__primary_5y__M0__reference__ESP,PRIMARY_DELETE,HLO_to_P,primary_5y,M0,reference,ESP,scaled_mae,0.7771331230663246,37,52
PRIMARY_DELETE__HLO_to_P__primary_5y__M0__reference__ESP,PRIMARY_DELETE,HLO_to_P,primary_5y,M0,reference,ESP,scaled_mse,1.1219805409908612,37,52
PRIMARY_DELETE__HLO_to_P__primary_5y__M0__reference__FIN,PRIMARY_DELETE,HLO_to_P,primary_5y,M0,reference,FIN,mae,7.720595001177083,37,52
PRIMARY_DELETE__HLO_to_P__primary_5y__M0__reference__FIN,PRIMARY_DELETE,HLO_to_P,primary_5y,M0,reference,FIN,mse,109.96814988869428,37,52
PRIMARY_DELETE__HLO_to_P__primary_5y__M0__reference__FIN,PRIMARY_DELETE,HLO_to_P,primary_5y,M0,reference,FIN,rmse,10.486569977294495,37,52
PRIMARY_DELETE__HLO_to_P__primary_5y__M0__reference__FIN,PRIMARY_DELETE,HLO_to_P,primary_5y,M0,reference,FIN,bias,-1.3711254354120683e-14,37,52
PRIMARY_DELETE__HLO_to_P__primary_5y__M0__reference__FIN,PRIMARY_DELETE,HLO_to_P,primary_5y,M0,reference,FIN,scaled_mae,0.7693297239335468,37,52
PRIMARY_DELETE__HLO_to_P__primary_5y__M0__reference__FIN,PRIMARY_DELETE,HLO_to_P,primary_5y,M0,reference,FIN,scaled_mse,1.1245110826552729,37,52
PRIMARY_DELETE__HLO_to_P__primary_5y__M0__reference__GHA,PRIMARY_DELETE,HLO_to_P,primary_5y,M0,reference,GHA,mae,7.209371685960487,37,52
PRIMARY_DELETE__HLO_to_P__primary_5y__M0__reference__GHA,PRIMARY_DELETE,HLO_to_P,primary_5y,M0,reference,GHA,mse,94.68524834689977,37,52
PRIMARY_DELETE__HLO_to_P__primary_5y__M0__reference__GHA,PRIMARY_DELETE,HLO_to_P,primary_5y,M0,reference,GHA,rmse,9.730634529510384,37,52
PRIMARY_DELETE__HLO_to_P__primary_5y__M0__reference__GHA,PRIMARY_DELETE,HLO_to_P,primary_5y,M0,reference,GHA,bias,-1.1907141939104804e-14,37,52
PRIMARY_DELETE__HLO_to_P__primary_5y__M0__reference__GHA,PRIMARY_DELETE,HLO_to_P,primary_5y,M0,reference,GHA,scaled_mae,0.7737031239984266,37,52
PRIMARY_DELETE__HLO_to_P__primary_5y__M0__reference__GHA,PRIMARY_DELETE,HLO_to_P,primary_5y,M0,reference,GHA,scaled_mse,1.1270648235732255,37,52
PRIMARY_DELETE__HLO_to_P__primary_5y__M0__reference__HRV,PRIMARY_DELETE,HLO_to_P,primary_5y,M0,reference,HRV,mae,7.9780045940803355,37,52
PRIMARY_DELETE__HLO_to_P__primary_5y__M0__reference__HRV,PRIMARY_DELETE,HLO_to_P,primary_5y,M0,reference,HRV,mse,113.21213949830009,37,52
PRIMARY_DELETE__HLO_to_P__primary_5y__M0__reference__HRV,PRIMARY_DELETE,HLO_to_P,primary_5y,M0,reference,HRV,rmse,10.640119336656902,37,52
PRIMARY_DELETE__HLO_to_P__primary_5y__M0__reference__HRV,PRIMARY_DELETE,HLO_to_P,primary_5y,M0,reference,HRV,bias,-1.3156142841808105e-14,37,52
PRIMARY_DELETE__HLO_to_P__primary_5y__M0__reference__HRV,PRIMARY_DELETE,HLO_to_P,primary_5y,M0,reference,HRV,scaled_mae,0.7827422764002638,37,52
PRIMARY_DELETE__HLO_to_P__primary_5y__M0__reference__HRV,PRIMARY_DELETE,HLO_to_P,primary_5y,M0,reference,HRV,scaled_mse,1.1222958997385517,37,52
PRIMARY_DELETE__HLO_to_P__primary_5y__M0__reference__IDN,PRIMARY_DELETE,HLO_to_P,primary_5y,M0,reference,IDN,mae,7.707940786495269,37,50
PRIMARY_DELETE__HLO_to_P__primary_5y__M0__reference__IDN,PRIMARY_DELETE,HLO_to_P,primary_5y,M0,reference,IDN,mse,110.0765042474413,37,50
PRIMARY_DELETE__HLO_to_P__primary_5y__M0__reference__IDN,PRIMARY_DELETE,HLO_to_P,primary_5y,M0,reference,IDN,rmse,10.491735044664505,37,50
PRIMARY_DELETE__HLO_to_P__primary_5y__M0__reference__IDN,PRIMARY_DELETE,HLO_to_P,primary_5y,M0,reference,IDN,bias,-2.6922908347160046e-15,37,50
PRIMARY_DELETE__HLO_to_P__primary_5y__M0__reference__IDN,PRIMARY_DELETE,HLO_to_P,primary_5y,M0,reference,IDN,scaled_mae,0.7686852476045329,37,50
PRIMARY_DELETE__HLO_to_P__primary_5y__M0__reference__IDN,PRIMARY_DELETE,HLO_to_P,primary_5y,M0,reference,IDN,scaled_mse,1.1308091882282563,37,50
PRIMARY_DELETE__HLO_to_P__primary_5y__M0__reference__IRN,PRIMARY_DELETE,HLO_to_P,primary_5y,M0,reference,IRN,mae,7.597948694799678,37,52
PRIMARY_DELETE__HLO_to_P__primary_5y__M0__reference__IRN,PRIMARY_DELETE,HLO_to_P,primary_5y,M0,reference,IRN,mse,108.84000611191144,37,52
PRIMARY_DELETE__HLO_to_P__primary_5y__M0__reference__IRN,PRIMARY_DELETE,HLO_to_P,primary_5y,M0,reference,IRN,rmse,10.432641377518516,37,52
PRIMARY_DELETE__HLO_to_P__primary_5y__M0__reference__IRN,PRIMARY_DELETE,HLO_to_P,primary_5y,M0,reference,IRN,bias,-1.1129985821867194e-14,37,52
PRIMARY_DELETE__HLO_to_P__primary_5y__M0__reference__IRN,PRIMARY_DELETE,HLO_to_P,primary_5y,M0,reference,IRN,scaled_mae,0.7622184417161111,37,52
PRIMARY_DELETE__HLO_to_P__primary_5y__M0__reference__IRN,PRIMARY_DELETE,HLO_to_P,primary_5y,M0,reference,IRN,scaled_mse,1.1331033490897227,37,52
PRIMARY_DELETE__HLO_to_P__primary_5y__M0__reference__ISL,PRIMARY_DELETE,HLO_to_P,primary_5y,M0,reference,ISL,mae,7.720628750360153,37,52
PRIMARY_DELETE__HLO_to_P__primary_5y__M0__reference__ISL,PRIMARY_DELETE,HLO_to_P,primary_5y,M0,reference,ISL,mse,109.96898189812781,37,52
PRIMARY_DELETE__HLO_to_P__primary_5y__M0__reference__ISL,PRIMARY_DELETE,HLO_to_P,primary_5y,M0,reference,ISL,rmse,10.486609647456504,37,52
PRIMARY_DELETE__HLO_to_P__primary_5y__M0__reference__ISL,PRIMARY_DELETE,HLO_to_P,primary_5y,M0,reference,ISL,bias,-1.3516965324811281e-14,37,52
PRIMARY_DELETE__HLO_to_P__primary_5y__M0__reference__ISL,PRIMARY_DELETE,HLO_to_P,primary_5y,M0,reference,ISL,scaled_mae,0.769330097883893,37,52
PRIMARY_DELETE__HLO_to_P__primary_5y__M0__reference__ISL,PRIMARY_DELETE,HLO_to_P,primary_5y,M0,reference,ISL,scaled_mse,1.1245103707145765,37,52
PRIMARY_DELETE__HLO_to_P__primary_5y__M0__reference__ITA,PRIMARY_DELETE,HLO_to_P,primary_5y,M0,reference,ITA,mae,7.954362804085797,37,51
PRIMARY_DELETE__HLO_to_P__primary_5y__M0__reference__ITA,PRIMARY_DELETE,HLO_to_P,primary_5y,M0,reference,ITA,mse,113.17713751003855,37,51
PRIMARY_DELETE__HLO_to_P__primary_5y__M0__reference__ITA,PRIMARY_DELETE,HLO_to_P,primary_5y,M0,reference,ITA,rmse,10.638474397677449,37,51
PRIMARY_DELETE__HLO_to_P__primary_5y__M0__reference__ITA,PRIMARY_DELETE,HLO_to_P,primary_5y,M0,reference,ITA,bias,-7.049916206369744e-15,37,51
PRIMARY_DELETE__HLO_to_P__primary_5y__M0__reference__ITA,PRIMARY_DELETE,HLO_to_P,primary_5y,M0,reference,ITA,scaled_mae,0.7806536368019583,37,51
PRIMARY_DELETE__HLO_to_P__primary_5y__M0__reference__ITA,PRIMARY_DELETE,HLO_to_P,primary_5y,M0,reference,ITA,scaled_mse,1.1225987684144003,37,51
PRIMARY_DELETE__HLO_to_P__primary_5y__M0__reference__JOR,PRIMARY_DELETE,HLO_to_P,primary_5y,M0,reference,JOR,mae,7.450987638885323,37,52
PRIMARY_DELETE__HLO_to_P__primary_5y__M0__reference__JOR,PRIMARY_DELETE,HLO_to_P,primary_5y,M0,reference,JOR,mse,104.71304406037251,37,52
PRIMARY_DELETE__HLO_to_P__primary_5y__M0__reference__JOR,PRIMARY_DELETE,HLO_to_P,primary_5y,M0,reference,JOR,rmse,10.232939170168683,37,52
PRIMARY_DELETE__HLO_to_P__primary_5y__M0__reference__JOR,PRIMARY_DELETE,HLO_to_P,primary_5y,M0,reference,JOR,bias,-1.1268763699945339e-14,37,52
PRIMARY_DELETE__HLO_to_P__primary_5y__M0__reference__JOR,PRIMARY_DELETE,HLO_to_P,primary_5y,M0,reference,JOR,scaled_mae,0.7624467083078849,37,52
PRIMARY_DELETE__HLO_to_P__primary_5y__M0__reference__JOR,PRIMARY_DELETE,HLO_to_P,primary_5y,M0,reference,JOR,scaled_mse,1.138418975951832,37,52
PRIMARY_DELETE__HLO_to_P__primary_5y__M0__reference__JPN,PRIMARY_DELETE,HLO_to_P,primary_5y,M0,reference,JPN,mae,7.519333810111018,37,51
PRIMARY_DELETE__HLO_to_P__primary_5y__M0__reference__JPN,PRIMARY_DELETE,HLO_to_P,primary_5y,M0,reference,JPN,mse,103.02294616216714,37,51
PRIMARY_DELETE__HLO_to_P__primary_5y__M0__reference__JPN,PRIMARY_DELETE,HLO_to_P,primary_5y,M0,reference,JPN,rmse,10.150021978408084,37,51
PRIMARY_DELETE__HLO_to_P__primary_5y__M0__reference__JPN,PRIMARY_DELETE,HLO_to_P,primary_5y,M0,reference,JPN,bias,-9.797718192317006e-15,37,51
PRIMARY_DELETE__HLO_to_P__primary_5y__M0__reference__JPN,PRIMARY_DELETE,HLO_to_P,primary_5y,M0,reference,JPN,scaled_mae,0.7738500528550118,37,51
PRIMARY_DELETE__HLO_to_P__primary_5y__M0__reference__JPN,PRIMARY_DELETE,HLO_to_P,primary_5y,M0,reference,JPN,scaled_mse,1.1260540665617176,37,51
PRIMARY_DELETE__HLO_to_P__primary_5y__M0__reference__KAZ,PRIMARY_DELETE,HLO_to_P,primary_5y,M0,reference,KAZ,mae,7.819698078395709,37,52
PRIMARY_DELETE__HLO_to_P__primary_5y__M0__reference__KAZ,PRIMARY_DELETE,HLO_to_P,primary_5y,M0,reference,KAZ,mse,112.44341672991628,37,52
PRIMARY_DELETE__HLO_to_P__primary_5y__M0__reference__KAZ,PRIMARY_DELETE,HLO_to_P,primary_5y,M0,reference,KAZ,rmse,10.603934021386415,37,52
PRIMARY_DELETE__HLO_to_P__primary_5y__M0__reference__KAZ,PRIMARY_DELETE,HLO_to_P,primary_5y,M0,reference,KAZ,bias,-1.1712852909795402e-14,37,52
PRIMARY_DELETE__HLO_to_P__primary_5y__M0__reference__KAZ,PRIMARY_DELETE,HLO_to_P,primary_5y,M0,reference,KAZ,scaled_mae,0.7706155771816753,37,52
PRIMARY_DELETE__HLO_to_P__primary_5y__M0__reference__KAZ,PRIMARY_DELETE,HLO_to_P,primary_5y,M0,reference,KAZ,scaled_mse,1.1252694993128307,37,52
PRIMARY_DELETE__HLO_to_P__primary_5y__M0__reference__KOR,PRIMARY_DELETE,HLO_to_P,primary_5y,M0,reference,KOR,mae,7.767070047652129,37,52
PRIMARY_DELETE__HLO_to_P__primary_5y__M0__reference__KOR,PRIMARY_DELETE,HLO_to_P,primary_5y,M0,reference,KOR,mse,111.01283252101224,37,52
PRIMARY_DELETE__HLO_to_P__primary_5y__M0__reference__KOR,PRIMARY_DELETE,HLO_to_P,primary_5y,M0,reference,KOR,rmse,10.536262739748485,37,52
PRIMARY_DELETE__HLO_to_P__primary_5y__M0__reference__KOR,PRIMARY_DELETE,HLO_to_P,primary_5y,M0,reference,KOR,bias,-1.1018963519404679e-14,37,52
PRIMARY_DELETE__HLO_to_P__primary_5y__M0__reference__KOR,PRIMARY_DELETE,HLO_to_P,primary_5y,M0,reference,KOR,scaled_mae,0.77018424293702,37,52
PRIMARY_DELETE__HLO_to_P__primary_5y__M0__reference__KOR,PRIMARY_DELETE,HLO_to_P,primary_5y,M0,reference,KOR,scaled_mse,1.123568311617308,37,52
PRIMARY_DELETE__HLO_to_P__primary_5y__M0__reference__LTU,PRIMARY_DELETE,HLO_to_P,primary_5y,M0,reference,LTU,mae,7.867240259144354,37,52
PRIMARY_DELETE__HLO_to_P__primary_5y__M0__reference__LTU,PRIMARY_DELETE,HLO_to_P,primary_5y,M0,reference,LTU,mse,112.57673535917796,37,52
PRIMARY_DELETE__HLO_to_P__primary_5y__M0__reference__LTU,PRIMARY_DELETE,HLO_to_P,primary_5y,M0,reference,LTU,rmse,10.610218440690934,37,52
PRIMARY_DELETE__HLO_to_P__primary_5y__M0__reference__LTU,PRIMARY_DELETE,HLO_to_P,primary_5y,M0,reference,LTU,bias,-1.1518563880485999e-14,37,52
PRIMARY_DELETE__HLO_to_P__primary_5y__M0__reference__LTU,PRIMARY_DELETE,HLO_to_P,primary_5y,M0,reference,LTU,scaled_mae,0.7743491274833848,37,52
PRIMARY_DELETE__HLO_to_P__primary_5y__M0__reference__LTU,PRIMARY_DELETE,HLO_to_P,primary_5y,M0,reference,LTU,scaled_mse,1.1221702541706375,37,52
PRIMARY_DELETE__HLO_to_P__primary_5y__M0__reference__MAR,PRIMARY_DELETE,HLO_to_P,primary_5y,M0,reference,MAR,mae,7.267419973942095,37,51
PRIMARY_DELETE__HLO_to_P__primary_5y__M0__reference__MAR,PRIMARY_DELETE,HLO_to_P,primary_5y,M0,reference,MAR,mse,97.39005919793163,37,51
PRIMARY_DELETE__HLO_to_P__primary_5y__M0__reference__MAR,PRIMARY_DELETE,HLO_to_P,primary_5y,M0,reference,MAR,rmse,9.868640189911254,37,51
PRIMARY_DELETE__HLO_to_P__primary_5y__M0__reference__MAR,PRIMARY_DELETE,HLO_to_P,primary_5y,M0,reference,MAR,bias,-1.174060848541103e-14,37,51
PRIMARY_DELETE__HLO_to_P__primary_5y__M0__reference__MAR,PRIMARY_DELETE,HLO_to_P,primary_5y,M0,reference,MAR,scaled_mae,0.7700673718882994,37,51
PRIMARY_DELETE__HLO_to_P__primary_5y__M0__reference__MAR,PRIMARY_DELETE,HLO_to_P,primary_5y,M0,reference,MAR,scaled_mse,1.134917312341373,37,51
PRIMARY_DELETE__HLO_to_P__primary_5y__M0__reference__MEX,PRIMARY_DELETE,HLO_to_P,primary_5y,M0,reference,MEX,mae,7.954629392528435,37,52
PRIMARY_DELETE__HLO_to_P__primary_5y__M0__reference__MEX,PRIMARY_DELETE,HLO_to_P,primary_5y,M0,reference,MEX,mse,113.17368731123436,37,52
PRIMARY_DELETE__HLO_to_P__primary_5y__M0__reference__MEX,PRIMARY_DELETE,HLO_to_P,primary_5y,M0,reference,MEX,rmse,10.638312239788526,37,52
PRIMARY_DELETE__HLO_to_P__primary_5y__M0__reference__MEX,PRIMARY_DELETE,HLO_to_P,primary_5y,M0,reference,MEX,bias,-1.2490009027033011e-14,37,52
PRIMARY_DELETE__HLO_to_P__primary_5y__M0__reference__MEX,PRIMARY_DELETE,HLO_to_P,primary_5y,M0,reference,MEX,scaled_mae,0.7806301026135722,37,52
PRIMARY_DELETE__HLO_to_P__primary_5y__M0__reference__MEX,PRIMARY_DELETE,HLO_to_P,primary_5y,M0,reference,MEX,scaled_mse,1.122098516425596,37,52
PRIMARY_DELETE__HLO_to_P__primary_5y__M0__reference__NLD,PRIMARY_DELETE,HLO_to_P,primary_5y,M0,reference,NLD,mae,7.777525533726684,37,51
PRIMARY_DELETE__HLO_to_P__primary_5y__M0__reference__NLD,PRIMARY_DELETE,HLO_to_P,primary_5y,M0,reference,NLD,mse,110.91396287180164,37,51
PRIMARY_DELETE__HLO_to_P__primary_5y__M0__reference__NLD,PRIMARY_DELETE,HLO_to_P,primary_5y,M0,reference,NLD,rmse,10.531569819917715,37,51
PRIMARY_DELETE__HLO_to_P__primary_5y__M0__reference__NLD,PRIMARY_DELETE,HLO_to_P,primary_5y,M0,reference,NLD,bias,-1.1685097334179773e-14,37,51
PRIMARY_DELETE__HLO_to_P__primary_5y__M0__reference__NLD,PRIMARY_DELETE,HLO_to_P,primary_5y,M0,reference,NLD,scaled_mae,0.7716313393261278,37,51
PRIMARY_DELETE__HLO_to_P__primary_5y__M0__reference__NLD,PRIMARY_DELETE,HLO_to_P,primary_5y,M0,reference,NLD,scaled_mse,1.124023138643505,37,51
PRIMARY_DELETE__HLO_to_P__primary_5y__M0__reference__NOR,PRIMARY_DELETE,HLO_to_P,primary_5y,M0,reference,NOR,mae,7.711144543844755,37,51
PRIMARY_DELETE__HLO_to_P__primary_5y__M0__reference__NOR,PRIMARY_DELETE,HLO_to_P,primary_5y,M0,reference,NOR,mse,108.96672257106388,37,51
PRIMARY_DELETE__HLO_to_P__primary_5y__M0__reference__NOR,PRIMARY_DELETE,HLO_to_P,primary_5y,M0,reference,NOR,rmse,10.438712687446852,37,51
PRIMARY_DELETE__HLO_to_P__primary_5y__M0__reference__NOR,PRIMARY_DELETE,HLO_to_P,primary_5y,M0,reference,NOR,bias,-7.382983113757291e-15,37,51
PRIMARY_DELETE__HLO_to_P__primary_5y__M0__reference__NOR,PRIMARY_DELETE,HLO_to_P,primary_5y,M0,reference,NOR,scaled_mae,0.7721537878862663,37,51
PRIMARY_DELETE__HLO_to_P__primary_5y__M0__reference__NOR,PRIMARY_DELETE,HLO_to_P,primary_5y,M0,reference,NOR,scaled_mse,1.1261210060143814,37,51
PRIMARY_DELETE__HLO_to_P__primary_5y__M0__reference__OMN,PRIMARY_DELETE,HLO_to_P,primary_5y,M0,reference,OMN,mae,7.9118165476481765,37,52
PRIMARY_DELETE__HLO_to_P__primary_5y__M0__reference__OMN,PRIMARY_DELETE,HLO_to_P,primary_5y,M0,reference,OMN,mse,113.0653382589114,37,52
PRIMARY_DELETE__HLO_to_P__primary_5y__M0__reference__OMN,PRIMARY_DELETE,HLO_to_P,primary_5y,M0,reference,OMN,rmse,10.633218621796102,37,52
PRIMARY_DELETE__HLO_to_P__primary_5y__M0__reference__OMN,PRIMARY_DELETE,HLO_to_P,primary_5y,M0,reference,OMN,bias,-1.2573275753879898e-14,37,52
PRIMARY_DELETE__HLO_to_P__primary_5y__M0__reference__OMN,PRIMARY_DELETE,HLO_to_P,primary_5y,M0,reference,OMN,scaled_mae,0.777064507246953,37,52
PRIMARY_DELETE__HLO_to_P__primary_5y__M0__reference__OMN,PRIMARY_DELETE,HLO_to_P,primary_5y,M0,reference,OMN,scaled_mse,1.1232878100126156,37,52
PRIMARY_DELETE__HLO_to_P__primary_5y__M0__reference__PER,PRIMARY_DELETE,HLO_to_P,primary_5y,M0,reference,PER,mae,7.897391735411316,37,52
PRIMARY_DELETE__HLO_to_P__primary_5y__M0__reference__PER,PRIMARY_DELETE,HLO_to_P,primary_5y,M0,reference,PER,mse,112.86350058752646,37,52
PRIMARY_DELETE__HLO_to_P__primary_5y__M0__reference__PER,PRIMARY_DELETE,HLO_to_P,primary_5y,M0,reference,PER,rmse,10.623723480377606,37,52
PRIMARY_DELETE__HLO_to_P__primary_5y__M0__reference__PER,PRIMARY_DELETE,HLO_to_P,primary_5y,M0,reference,PER,bias,-1.3489209749195652e-14,37,52
PRIMARY_DELETE__HLO_to_P__primary_5y__M0__reference__PER,PRIMARY_DELETE,HLO_to_P,primary_5y,M0,reference,PER,scaled_mae,0.7762325788601706,37,52
PRIMARY_DELETE__HLO_to_P__primary_5y__M0__reference__PER,PRIMARY_DELETE,HLO_to_P,primary_5y,M0,reference,PER,scaled_mse,1.122007165765543,37,52
PRIMARY_DELETE__HLO_to_P__primary_5y__M0__reference__PHL,PRIMARY_DELETE,HLO_to_P,primary_5y,M0,reference,PHL,mae,7.916916322498405,37,52
PRIMARY_DELETE__HLO_to_P__primary_5y__M0__reference__PHL,PRIMARY_DELETE,HLO_to_P,primary_5y,M0,reference,PHL,mse,113.00378465755142,37,52
PRIMARY_DELETE__HLO_to_P__primary_5y__M0__reference__PHL,PRIMARY_DELETE,HLO_to_P,primary_5y,M0,reference,PHL,rmse,10.630323826561042,37,52
PRIMARY_DELETE__HLO_to_P__primary_5y__M0__reference__PHL,PRIMARY_DELETE,HLO_to_P,primary_5y,M0,reference,PHL,bias,-1.2129186544029835e-14,37,52
PRIMARY_DELETE__HLO_to_P__primary_5y__M0__reference__PHL,PRIMARY_DELETE,HLO_to_P,primary_5y,M0,reference,PHL,scaled_mae,0.7776105756777235,37,52
PRIMARY_DELETE__HLO_to_P__primary_5y__M0__reference__PHL,PRIMARY_DELETE,HLO_to_P,primary_5y,M0,reference,PHL,scaled_mse,1.1219773983625134,37,52
PRIMARY_DELETE__HLO_to_P__primary_5y__M0__reference__POL,PRIMARY_DELETE,HLO_to_P,primary_5y,M0,reference,POL,mae,7.730929703578493,37,50
PRIMARY_DELETE__HLO_to_P__primary_5y__M0__reference__POL,PRIMARY_DELETE,HLO_to_P,primary_5y,M0,reference,POL,mse,108.47944857116195,37,50
PRIMARY_DELETE__HLO_to_P__primary_5y__M0__reference__POL,PRIMARY_DELETE,HLO_to_P,primary_5y,M0,reference,POL,rmse,10.415346781128411,37,50
PRIMARY_DELETE__HLO_to_P__primary_5y__M0__reference__POL,PRIMARY_DELETE,HLO_to_P,primary_5y,M0,reference,POL,bias,1.7486012637846216e-15,37,50
PRIMARY_DELETE__HLO_to_P__primary_5y__M0__reference__POL,PRIMARY_DELETE,HLO_to_P,primary_5y,M0,reference,POL,scaled_mae,0.7761312184918769,37,50
PRIMARY_DELETE__HLO_to_P__primary_5y__M0__reference__POL,PRIMARY_DELETE,HLO_to_P,primary_5y,M0,reference,POL,scaled_mse,1.1275165399586853,37,50
PRIMARY_DELETE__HLO_to_P__primary_5y__M0__reference__QAT,PRIMARY_DELETE,HLO_to_P,primary_5y,M0,reference,QAT,mae,7.842853538561539,37,52
PRIMARY_DELETE__HLO_to_P__primary_5y__M0__reference__QAT,PRIMARY_DELETE,HLO_to_P,primary_5y,M0,reference,QAT,mse,112.645379740265,37,52
PRIMARY_DELETE__HLO_to_P__primary_5y__M0__reference__QAT,PRIMARY_DELETE,HLO_to_P,primary_5y,M0,reference,QAT,rmse,10.6134527718488,37,52
PRIMARY_DELETE__HLO_to_P__primary_5y__M0__reference__QAT,PRIMARY_DELETE,HLO_to_P,primary_5y,M0,reference,QAT,bias,-1.1046719095020308e-14,37,52
PRIMARY_DELETE__HLO_to_P__primary_5y__M0__reference__QAT,PRIMARY_DELETE,HLO_to_P,primary_5y,M0,reference,QAT,scaled_mae,0.7720790529598166,37,52
PRIMARY_DELETE__HLO_to_P__primary_5y__M0__reference__QAT,PRIMARY_DELETE,HLO_to_P,primary_5y,M0,reference,QAT,scaled_mse,1.1246903805581998,37,52
PRIMARY_DELETE__HLO_to_P__primary_5y__M0__reference__RUS,PRIMARY_DELETE,HLO_to_P,primary_5y,M0,reference,RUS,mae,7.808514505763255,37,52
PRIMARY_DELETE__HLO_to_P__primary_5y__M0__reference__RUS,PRIMARY_DELETE,HLO_to_P,primary_5y,M0,reference,RUS,mse,111.77383492390662,37,52
PRIMARY_DELETE__HLO_to_P__primary_5y__M0__reference__RUS,PRIMARY_DELETE,HLO_to_P,primary_5y,M0,reference,RUS,rmse,10.572314549043016,37,52
PRIMARY_DELETE__HLO_to_P__primary_5y__M0__reference__RUS,PRIMARY_DELETE,HLO_to_P,primary_5y,M0,reference,RUS,bias,-1.0935696792557792e-14,37,52
PRIMARY_DELETE__HLO_to_P__primary_5y__M0__reference__RUS,PRIMARY_DELETE,HLO_to_P,primary_5y,M0,reference,RUS,scaled_mae,0.7715206622686446,37,52
PRIMARY_DELETE__HLO_to_P__primary_5y__M0__reference__RUS,PRIMARY_DELETE,HLO_to_P,primary_5y,M0,reference,RUS,scaled_mse,1.1228530257010114,37,52
PRIMARY_DELETE__HLO_to_P__primary_5y__M0__reference__SAU,PRIMARY_DELETE,HLO_to_P,primary_5y,M0,reference,SAU,mae,7.732236392570388,37,51
PRIMARY_DELETE__HLO_to_P__primary_5y__M0__reference__SAU,PRIMARY_DELETE,HLO_to_P,primary_5y,M0,reference,SAU,mse,110.41587649229005,37,51
PRIMARY_DELETE__HLO_to_P__primary_5y__M0__reference__SAU,PRIMARY_DELETE,HLO_to_P,primary_5y,M0,reference,SAU,rmse,10.5078959117556,37,51
PRIMARY_DELETE__HLO_to_P__primary_5y__M0__reference__SAU,PRIMARY_DELETE,HLO_to_P,primary_5y,M0,reference,SAU,bias,-7.494005416219807e-15,37,51
PRIMARY_DELETE__HLO_to_P__primary_5y__M0__reference__SAU,PRIMARY_DELETE,HLO_to_P,primary_5y,M0,reference,SAU,scaled_mae,0.769877953193147,37,51
PRIMARY_DELETE__HLO_to_P__primary_5y__M0__reference__SAU,PRIMARY_DELETE,HLO_to_P,primary_5y,M0,reference,SAU,scaled_mse,1.1298661982832836,37,51
PRIMARY_DELETE__HLO_to_P__primary_5y__M0__reference__SRB,PRIMARY_DELETE,HLO_to_P,primary_5y,M0,reference,SRB,mae,7.903309812040526,37,52
PRIMARY_DELETE__HLO_to_P__primary_5y__M0__reference__SRB,PRIMARY_DELETE,HLO_to_P,primary_5y,M0,reference,SRB,mse,112.9097920763453,37,52
PRIMARY_DELETE__HLO_to_P__primary_5y__M0__reference__SRB,PRIMARY_DELETE,HLO_to_P,primary_5y,M0,reference,SRB,rmse,10.625901941781004,37,52
PRIMARY_DELETE__HLO_to_P__primary_5y__M0__reference__SRB,PRIMARY_DELETE,HLO_to_P,primary_5y,M0,reference,SRB,bias,-1.1629586182948515e-14,37,52
PRIMARY_DELETE__HLO_to_P__primary_5y__M0__reference__SRB,PRIMARY_DELETE,HLO_to_P,primary_5y,M0,reference,SRB,scaled_mae,0.7766370382573555,37,52
PRIMARY_DELETE__HLO_to_P__primary_5y__M0__reference__SRB,PRIMARY_DELETE,HLO_to_P,primary_5y,M0,reference,SRB,scaled_mse,1.1219916726809958,37,52
PRIMARY_DELETE__HLO_to_P__primary_5y__M0__reference__SVN,PRIMARY_DELETE,HLO_to_P,primary_5y,M0,reference,SVN,mae,7.808443548993336,37,52
PRIMARY_DELETE__HLO_to_P__primary_5y__M0__reference__SVN,PRIMARY_DELETE,HLO_to_P,primary_5y,M0,reference,SVN,mse,111.77266946725119,37,52
PRIMARY_DELETE__HLO_to_P__primary_5y__M0__reference__SVN,PRIMARY_DELETE,HLO_to_P,primary_5y,M0,reference,SVN,rmse,10.572259430568813,37,52
PRIMARY_DELETE__HLO_to_P__primary_5y__M0__reference__SVN,PRIMARY_DELETE,HLO_to_P,primary_5y,M0,reference,SVN,bias,-1.1907141939104804e-14,37,52
PRIMARY_DELETE__HLO_to_P__primary_5y__M0__reference__SVN,PRIMARY_DELETE,HLO_to_P,primary_5y,M0,reference,SVN,scaled_mae,0.7715179097326993,37,52
PRIMARY_DELETE__HLO_to_P__primary_5y__M0__reference__SVN,PRIMARY_DELETE,HLO_to_P,primary_5y,M0,reference,SVN,scaled_mse,1.1228541068131794,37,52
PRIMARY_DELETE__HLO_to_P__primary_5y__M0__reference__UKR,PRIMARY_DELETE,HLO_to_P,primary_5y,M0,reference,UKR,mae,7.939926406525717,37,52
PRIMARY_DELETE__HLO_to_P__primary_5y__M0__reference__UKR,PRIMARY_DELETE,HLO_to_P,primary_5y,M0,reference,UKR,mse,113.15853968594544,37,52
PRIMARY_DELETE__HLO_to_P__primary_5y__M0__reference__UKR,PRIMARY_DELETE,HLO_to_P,primary_5y,M0,reference,UKR,rmse,10.637600278537704,37,52
PRIMARY_DELETE__HLO_to_P__primary_5y__M0__reference__UKR,PRIMARY_DELETE,HLO_to_P,primary_5y,M0,reference,UKR,bias,-1.1962653090336062e-14,37,52
PRIMARY_DELETE__HLO_to_P__primary_5y__M0__reference__UKR,PRIMARY_DELETE,HLO_to_P,primary_5y,M0,reference,UKR,scaled_mae,0.7793706549496889,37,52
PRIMARY_DELETE__HLO_to_P__primary_5y__M0__reference__UKR,PRIMARY_DELETE,HLO_to_P,primary_5y,M0,reference,UKR,scaled_mse,1.122859784574707,37,52
PRIMARY_DELETE__HLO_to_P__primary_5y__M0__reference__USA,PRIMARY_DELETE,HLO_to_P,primary_5y,M0,reference,USA,mae,7.9134343009599135,37,52
PRIMARY_DELETE__HLO_to_P__primary_5y__M0__reference__USA,PRIMARY_DELETE,HLO_to_P,primary_5y,M0,reference,USA,mse,112.98138172871586,37,52
PRIMARY_DELETE__HLO_to_P__primary_5y__M0__reference__USA,PRIMARY_DELETE,HLO_to_P,primary_5y,M0,reference,USA,rmse,10.629270046843097,37,52
PRIMARY_DELETE__HLO_to_P__primary_5y__M0__reference__USA,PRIMARY_DELETE,HLO_to_P,primary_5y,M0,reference,USA,bias,-1.1463052729254741e-14,37,52
PRIMARY_DELETE__HLO_to_P__primary_5y__M0__reference__USA,PRIMARY_DELETE,HLO_to_P,primary_5y,M0,reference,USA,scaled_mae,0.777355633875623,37,52
PRIMARY_DELETE__HLO_to_P__primary_5y__M0__reference__USA,PRIMARY_DELETE,HLO_to_P,primary_5y,M0,reference,USA,scaled_mse,1.121978188781591,37,52
PRIMARY_DELETE__HLO_to_P__primary_5y__M0__reference__ZAF,PRIMARY_DELETE,HLO_to_P,primary_5y,M0,reference,ZAF,mae,7.342437375603304,37,51
PRIMARY_DELETE__HLO_to_P__primary_5y__M0__reference__ZAF,PRIMARY_DELETE,HLO_to_P,primary_5y,M0,reference,ZAF,mse,99.16271110027553,37,51
PRIMARY_DELETE__HLO_to_P__primary_5y__M0__reference__ZAF,PRIMARY_DELETE,HLO_to_P,primary_5y,M0,reference,ZAF,rmse,9.95804755463015,37,51
PRIMARY_DELETE__HLO_to_P__primary_5y__M0__reference__ZAF,PRIMARY_DELETE,HLO_to_P,primary_5y,M0,reference,ZAF,bias,2.3037127760972e-15,37,51
PRIMARY_DELETE__HLO_to_P__primary_5y__M0__reference__ZAF,PRIMARY_DELETE,HLO_to_P,primary_5y,M0,reference,ZAF,scaled_mae,0.7719425616635218,37,51
PRIMARY_DELETE__HLO_to_P__primary_5y__M0__reference__ZAF,PRIMARY_DELETE,HLO_to_P,primary_5y,M0,reference,ZAF,scaled_mse,1.1383566516722254,37,51
PRIMARY_DELETE__HLO_to_P__primary_5y__M1__ridge__AUS,PRIMARY_DELETE,HLO_to_P,primary_5y,M1,ridge,AUS,mae,5.8830538809679265,37,52
PRIMARY_DELETE__HLO_to_P__primary_5y__M1__ridge__AUS,PRIMARY_DELETE,HLO_to_P,primary_5y,M1,ridge,AUS,mse,52.27446387557881,37,52
PRIMARY_DELETE__HLO_to_P__primary_5y__M1__ridge__AUS,PRIMARY_DELETE,HLO_to_P,primary_5y,M1,ridge,AUS,rmse,7.230108151029196,37,52
PRIMARY_DELETE__HLO_to_P__primary_5y__M1__ridge__AUS,PRIMARY_DELETE,HLO_to_P,primary_5y,M1,ridge,AUS,bias,0.12322201097531074,37,52
PRIMARY_DELETE__HLO_to_P__primary_5y__M1__ridge__AUS,PRIMARY_DELETE,HLO_to_P,primary_5y,M1,ridge,AUS,scaled_mae,0.5752150804259472,37,52
PRIMARY_DELETE__HLO_to_P__primary_5y__M1__ridge__AUS,PRIMARY_DELETE,HLO_to_P,primary_5y,M1,ridge,AUS,scaled_mse,0.5042542663100633,37,52
PRIMARY_DELETE__HLO_to_P__primary_5y__M1__ridge__AUT,PRIMARY_DELETE,HLO_to_P,primary_5y,M1,ridge,AUT,mae,5.768817483761677,37,52
PRIMARY_DELETE__HLO_to_P__primary_5y__M1__ridge__AUT,PRIMARY_DELETE,HLO_to_P,primary_5y,M1,ridge,AUT,mse,52.42282718220892,37,52
PRIMARY_DELETE__HLO_to_P__primary_5y__M1__ridge__AUT,PRIMARY_DELETE,HLO_to_P,primary_5y,M1,ridge,AUT,rmse,7.2403609842471885,37,52
PRIMARY_DELETE__HLO_to_P__primary_5y__M1__ridge__AUT,PRIMARY_DELETE,HLO_to_P,primary_5y,M1,ridge,AUT,bias,0.1800704108079263,37,52
PRIMARY_DELETE__HLO_to_P__primary_5y__M1__ridge__AUT,PRIMARY_DELETE,HLO_to_P,primary_5y,M1,ridge,AUT,scaled_mae,0.571638150060065,37,52
PRIMARY_DELETE__HLO_to_P__primary_5y__M1__ridge__AUT,PRIMARY_DELETE,HLO_to_P,primary_5y,M1,ridge,AUT,scaled_mse,0.5204596757160973,37,52
PRIMARY_DELETE__HLO_to_P__primary_5y__M1__ridge__BHR,PRIMARY_DELETE,HLO_to_P,primary_5y,M1,ridge,BHR,mae,5.7666389565291665,37,52
PRIMARY_DELETE__HLO_to_P__primary_5y__M1__ridge__BHR,PRIMARY_DELETE,HLO_to_P,primary_5y,M1,ridge,BHR,mse,51.07107469605472,37,52
PRIMARY_DELETE__HLO_to_P__primary_5y__M1__ridge__BHR,PRIMARY_DELETE,HLO_to_P,primary_5y,M1,ridge,BHR,rmse,7.146402920074877,37,52
PRIMARY_DELETE__HLO_to_P__primary_5y__M1__ridge__BHR,PRIMARY_DELETE,HLO_to_P,primary_5y,M1,ridge,BHR,bias,0.10090454187085318,37,52
PRIMARY_DELETE__HLO_to_P__primary_5y__M1__ridge__BHR,PRIMARY_DELETE,HLO_to_P,primary_5y,M1,ridge,BHR,scaled_mae,0.5609075331180078,37,52
PRIMARY_DELETE__HLO_to_P__primary_5y__M1__ridge__BHR,PRIMARY_DELETE,HLO_to_P,primary_5y,M1,ridge,BHR,scaled_mse,0.4870806418551688,37,52
PRIMARY_DELETE__HLO_to_P__primary_5y__M1__ridge__BRA,PRIMARY_DELETE,HLO_to_P,primary_5y,M1,ridge,BRA,mae,5.95530414071881,37,51
PRIMARY_DELETE__HLO_to_P__primary_5y__M1__ridge__BRA,PRIMARY_DELETE,HLO_to_P,primary_5y,M1,ridge,BRA,mse,54.11428523085273,37,51
PRIMARY_DELETE__HLO_to_P__primary_5y__M1__ridge__BRA,PRIMARY_DELETE,HLO_to_P,primary_5y,M1,ridge,BRA,rmse,7.356241243383249,37,51
PRIMARY_DELETE__HLO_to_P__primary_5y__M1__ridge__BRA,PRIMARY_DELETE,HLO_to_P,primary_5y,M1,ridge,BRA,bias,-0.05450415030266556,37,51
PRIMARY_DELETE__HLO_to_P__primary_5y__M1__ridge__BRA,PRIMARY_DELETE,HLO_to_P,primary_5y,M1,ridge,BRA,scaled_mae,0.5789334078263105,37,51
PRIMARY_DELETE__HLO_to_P__primary_5y__M1__ridge__BRA,PRIMARY_DELETE,HLO_to_P,primary_5y,M1,ridge,BRA,scaled_mse,0.5160016596969221,37,51
PRIMARY_DELETE__HLO_to_P__primary_5y__M1__ridge__CHL,PRIMARY_DELETE,HLO_to_P,primary_5y,M1,ridge,CHL,mae,5.706818814103495,37,51
PRIMARY_DELETE__HLO_to_P__primary_5y__M1__ridge__CHL,PRIMARY_DELETE,HLO_to_P,primary_5y,M1,ridge,CHL,mse,49.56200893797066,37,51
PRIMARY_DELETE__HLO_to_P__primary_5y__M1__ridge__CHL,PRIMARY_DELETE,HLO_to_P,primary_5y,M1,ridge,CHL,rmse,7.040029043830051,37,51
PRIMARY_DELETE__HLO_to_P__primary_5y__M1__ridge__CHL,PRIMARY_DELETE,HLO_to_P,primary_5y,M1,ridge,CHL,bias,0.1344016121250668,37,51
PRIMARY_DELETE__HLO_to_P__primary_5y__M1__ridge__CHL,PRIMARY_DELETE,HLO_to_P,primary_5y,M1,ridge,CHL,scaled_mae,0.5628406922079798,37,51
PRIMARY_DELETE__HLO_to_P__primary_5y__M1__ridge__CHL,PRIMARY_DELETE,HLO_to_P,primary_5y,M1,ridge,CHL,scaled_mse,0.4880203635565076,37,51
PRIMARY_DELETE__HLO_to_P__primary_5y__M1__ridge__COL,PRIMARY_DELETE,HLO_to_P,primary_5y,M1,ridge,COL,mae,5.718242140419394,37,52
PRIMARY_DELETE__HLO_to_P__primary_5y__M1__ridge__COL,PRIMARY_DELETE,HLO_to_P,primary_5y,M1,ridge,COL,mse,49.77178044769127,37,52
PRIMARY_DELETE__HLO_to_P__primary_5y__M1__ridge__COL,PRIMARY_DELETE,HLO_to_P,primary_5y,M1,ridge,COL,rmse,7.054911795883154,37,52
PRIMARY_DELETE__HLO_to_P__primary_5y__M1__ridge__COL,PRIMARY_DELETE,HLO_to_P,primary_5y,M1,ridge,COL,bias,0.032492722073649005,37,52
PRIMARY_DELETE__HLO_to_P__primary_5y__M1__ridge__COL,PRIMARY_DELETE,HLO_to_P,primary_5y,M1,ridge,COL,scaled_mae,0.5551912688456377,37,52
PRIMARY_DELETE__HLO_to_P__primary_5y__M1__ridge__COL,PRIMARY_DELETE,HLO_to_P,primary_5y,M1,ridge,COL,scaled_mse,0.47206001603515957,37,52
PRIMARY_DELETE__HLO_to_P__primary_5y__M1__ridge__CRI,PRIMARY_DELETE,HLO_to_P,primary_5y,M1,ridge,CRI,mae,5.830997525298097,37,52
PRIMARY_DELETE__HLO_to_P__primary_5y__M1__ridge__CRI,PRIMARY_DELETE,HLO_to_P,primary_5y,M1,ridge,CRI,mse,51.129675339115465,37,52
PRIMARY_DELETE__HLO_to_P__primary_5y__M1__ridge__CRI,PRIMARY_DELETE,HLO_to_P,primary_5y,M1,ridge,CRI,rmse,7.150501754360701,37,52
PRIMARY_DELETE__HLO_to_P__primary_5y__M1__ridge__CRI,PRIMARY_DELETE,HLO_to_P,primary_5y,M1,ridge,CRI,bias,0.10486585309082777,37,52
PRIMARY_DELETE__HLO_to_P__primary_5y__M1__ridge__CRI,PRIMARY_DELETE,HLO_to_P,primary_5y,M1,ridge,CRI,scaled_mae,0.566256394028749,37,52
PRIMARY_DELETE__HLO_to_P__primary_5y__M1__ridge__CRI,PRIMARY_DELETE,HLO_to_P,primary_5y,M1,ridge,CRI,scaled_mse,0.4860830756193409,37,52
PRIMARY_DELETE__HLO_to_P__primary_5y__M1__ridge__DEU,PRIMARY_DELETE,HLO_to_P,primary_5y,M1,ridge,DEU,mae,5.98131559350226,37,50
PRIMARY_DELETE__HLO_to_P__primary_5y__M1__ridge__DEU,PRIMARY_DELETE,HLO_to_P,primary_5y,M1,ridge,DEU,mse,55.03192029196951,37,50
PRIMARY_DELETE__HLO_to_P__primary_5y__M1__ridge__DEU,PRIMARY_DELETE,HLO_to_P,primary_5y,M1,ridge,DEU,rmse,7.418350240583786,37,50
PRIMARY_DELETE__HLO_to_P__primary_5y__M1__ridge__DEU,PRIMARY_DELETE,HLO_to_P,primary_5y,M1,ridge,DEU,bias,0.04823484675199213,37,50
PRIMARY_DELETE__HLO_to_P__primary_5y__M1__ridge__DEU,PRIMARY_DELETE,HLO_to_P,primary_5y,M1,ridge,DEU,scaled_mae,0.5896263375340642,37,50
PRIMARY_DELETE__HLO_to_P__primary_5y__M1__ridge__DEU,PRIMARY_DELETE,HLO_to_P,primary_5y,M1,ridge,DEU,scaled_mse,0.5408922397877648,37,50
PRIMARY_DELETE__HLO_to_P__primary_5y__M1__ridge__EGY,PRIMARY_DELETE,HLO_to_P,primary_5y,M1,ridge,EGY,mae,5.540592115543872,37,52
PRIMARY_DELETE__HLO_to_P__primary_5y__M1__ridge__EGY,PRIMARY_DELETE,HLO_to_P,primary_5y,M1,ridge,EGY,mse,47.46075460816352,37,52
PRIMARY_DELETE__HLO_to_P__primary_5y__M1__ridge__EGY,PRIMARY_DELETE,HLO_to_P,primary_5y,M1,ridge,EGY,rmse,6.889176627737419,37,52
PRIMARY_DELETE__HLO_to_P__primary_5y__M1__ridge__EGY,PRIMARY_DELETE,HLO_to_P,primary_5y,M1,ridge,EGY,bias,0.10186594018180131,37,52
PRIMARY_DELETE__HLO_to_P__primary_5y__M1__ridge__EGY,PRIMARY_DELETE,HLO_to_P,primary_5y,M1,ridge,EGY,scaled_mae,0.5378518646383915,37,52
PRIMARY_DELETE__HLO_to_P__primary_5y__M1__ridge__EGY,PRIMARY_DELETE,HLO_to_P,primary_5y,M1,ridge,EGY,scaled_mse,0.4498445028770497,37,52
PRIMARY_DELETE__HLO_to_P__primary_5y__M1__ridge__ESP,PRIMARY_DELETE,HLO_to_P,primary_5y,M1,ridge,ESP,mae,5.955515993926226,37,52
PRIMARY_DELETE__HLO_to_P__primary_5y__M1__ridge__ESP,PRIMARY_DELETE,HLO_to_P,primary_5y,M1,ridge,ESP,mse,53.84312511686913,37,52
PRIMARY_DELETE__HLO_to_P__primary_5y__M1__ridge__ESP,PRIMARY_DELETE,HLO_to_P,primary_5y,M1,ridge,ESP,rmse,7.337787481037396,37,52
PRIMARY_DELETE__HLO_to_P__primary_5y__M1__ridge__ESP,PRIMARY_DELETE,HLO_to_P,primary_5y,M1,ridge,ESP,bias,0.015755143382652048,37,52
PRIMARY_DELETE__HLO_to_P__primary_5y__M1__ridge__ESP,PRIMARY_DELETE,HLO_to_P,primary_5y,M1,ridge,ESP,scaled_mae,0.5794439108055773,37,52
PRIMARY_DELETE__HLO_to_P__primary_5y__M1__ridge__ESP,PRIMARY_DELETE,HLO_to_P,primary_5y,M1,ridge,ESP,scaled_mse,0.5147343289106944,37,52
PRIMARY_DELETE__HLO_to_P__primary_5y__M1__ridge__FIN,PRIMARY_DELETE,HLO_to_P,primary_5y,M1,ridge,FIN,mae,5.876248304869111,37,52
PRIMARY_DELETE__HLO_to_P__primary_5y__M1__ridge__FIN,PRIMARY_DELETE,HLO_to_P,primary_5y,M1,ridge,FIN,mse,53.24778540798305,37,52
PRIMARY_DELETE__HLO_to_P__primary_5y__M1__ridge__FIN,PRIMARY_DELETE,HLO_to_P,primary_5y,M1,ridge,FIN,rmse,7.297108016740814,37,52
PRIMARY_DELETE__HLO_to_P__primary_5y__M1__ridge__FIN,PRIMARY_DELETE,HLO_to_P,primary_5y,M1,ridge,FIN,bias,0.05252172374803411,37,52
PRIMARY_DELETE__HLO_to_P__primary_5y__M1__ridge__FIN,PRIMARY_DELETE,HLO_to_P,primary_5y,M1,ridge,FIN,scaled_mae,0.579711779365284,37,52
PRIMARY_DELETE__HLO_to_P__primary_5y__M1__ridge__FIN,PRIMARY_DELETE,HLO_to_P,primary_5y,M1,ridge,FIN,scaled_mse,0.5237830754299011,37,52
PRIMARY_DELETE__HLO_to_P__primary_5y__M1__ridge__GHA,PRIMARY_DELETE,HLO_to_P,primary_5y,M1,ridge,GHA,mae,5.552519073073953,37,52
PRIMARY_DELETE__HLO_to_P__primary_5y__M1__ridge__GHA,PRIMARY_DELETE,HLO_to_P,primary_5y,M1,ridge,GHA,mse,50.48569071837076,37,52
PRIMARY_DELETE__HLO_to_P__primary_5y__M1__ridge__GHA,PRIMARY_DELETE,HLO_to_P,primary_5y,M1,ridge,GHA,rmse,7.105328332904171,37,52
PRIMARY_DELETE__HLO_to_P__primary_5y__M1__ridge__GHA,PRIMARY_DELETE,HLO_to_P,primary_5y,M1,ridge,GHA,bias,-0.03810182720429629,37,52
PRIMARY_DELETE__HLO_to_P__primary_5y__M1__ridge__GHA,PRIMARY_DELETE,HLO_to_P,primary_5y,M1,ridge,GHA,scaled_mae,0.592255138993877,37,52
PRIMARY_DELETE__HLO_to_P__primary_5y__M1__ridge__GHA,PRIMARY_DELETE,HLO_to_P,primary_5y,M1,ridge,GHA,scaled_mse,0.5864614589014135,37,52
PRIMARY_DELETE__HLO_to_P__primary_5y__M1__ridge__HRV,PRIMARY_DELETE,HLO_to_P,primary_5y,M1,ridge,HRV,mae,5.71464842447446,37,52
PRIMARY_DELETE__HLO_to_P__primary_5y__M1__ridge__HRV,PRIMARY_DELETE,HLO_to_P,primary_5y,M1,ridge,HRV,mse,50.56302107729467,37,52
PRIMARY_DELETE__HLO_to_P__primary_5y__M1__ridge__HRV,PRIMARY_DELETE,HLO_to_P,primary_5y,M1,ridge,HRV,rmse,7.110767966773678,37,52
PRIMARY_DELETE__HLO_to_P__primary_5y__M1__ridge__HRV,PRIMARY_DELETE,HLO_to_P,primary_5y,M1,ridge,HRV,bias,0.10123199456992735,37,52
PRIMARY_DELETE__HLO_to_P__primary_5y__M1__ridge__HRV,PRIMARY_DELETE,HLO_to_P,primary_5y,M1,ridge,HRV,scaled_mae,0.5550614338342694,37,52
PRIMARY_DELETE__HLO_to_P__primary_5y__M1__ridge__HRV,PRIMARY_DELETE,HLO_to_P,primary_5y,M1,ridge,HRV,scaled_mse,0.4806041636968511,37,52
PRIMARY_DELETE__HLO_to_P__primary_5y__M1__ridge__IDN,PRIMARY_DELETE,HLO_to_P,primary_5y,M1,ridge,IDN,mae,5.71990250578502,37,50
PRIMARY_DELETE__HLO_to_P__primary_5y__M1__ridge__IDN,PRIMARY_DELETE,HLO_to_P,primary_5y,M1,ridge,IDN,mse,51.112924393189736,37,50
PRIMARY_DELETE__HLO_to_P__primary_5y__M1__ridge__IDN,PRIMARY_DELETE,HLO_to_P,primary_5y,M1,ridge,IDN,rmse,7.149330345786921,37,50
PRIMARY_DELETE__HLO_to_P__primary_5y__M1__ridge__IDN,PRIMARY_DELETE,HLO_to_P,primary_5y,M1,ridge,IDN,bias,0.1353304618136245,37,50
PRIMARY_DELETE__HLO_to_P__primary_5y__M1__ridge__IDN,PRIMARY_DELETE,HLO_to_P,primary_5y,M1,ridge,IDN,scaled_mae,0.5644020426654054,37,50
PRIMARY_DELETE__HLO_to_P__primary_5y__M1__ridge__IDN,PRIMARY_DELETE,HLO_to_P,primary_5y,M1,ridge,IDN,scaled_mse,0.5030893788019133,37,50
PRIMARY_DELETE__HLO_to_P__primary_5y__M1__ridge__IRN,PRIMARY_DELETE,HLO_to_P,primary_5y,M1,ridge,IRN,mae,5.612627327344948,37,52
PRIMARY_DELETE__HLO_to_P__primary_5y__M1__ridge__IRN,PRIMARY_DELETE,HLO_to_P,primary_5y,M1,ridge,IRN,mse,49.26858364656493,37,52
PRIMARY_DELETE__HLO_to_P__primary_5y__M1__ridge__IRN,PRIMARY_DELETE,HLO_to_P,primary_5y,M1,ridge,IRN,rmse,7.0191583289284,37,52
PRIMARY_DELETE__HLO_to_P__primary_5y__M1__ridge__IRN,PRIMARY_DELETE,HLO_to_P,primary_5y,M1,ridge,IRN,bias,0.1054915898859436,37,52
PRIMARY_DELETE__HLO_to_P__primary_5y__M1__ridge__IRN,PRIMARY_DELETE,HLO_to_P,primary_5y,M1,ridge,IRN,scaled_mae,0.5567975140971811,37,52
PRIMARY_DELETE__HLO_to_P__primary_5y__M1__ridge__IRN,PRIMARY_DELETE,HLO_to_P,primary_5y,M1,ridge,IRN,scaled_mse,0.49023865836360275,37,52
PRIMARY_DELETE__HLO_to_P__primary_5y__M1__ridge__ISL,PRIMARY_DELETE,HLO_to_P,primary_5y,M1,ridge,ISL,mae,5.761658723667964,37,52
PRIMARY_DELETE__HLO_to_P__primary_5y__M1__ridge__ISL,PRIMARY_DELETE,HLO_to_P,primary_5y,M1,ridge,ISL,mse,52.531594162519,37,52
PRIMARY_DELETE__HLO_to_P__primary_5y__M1__ridge__ISL,PRIMARY_DELETE,HLO_to_P,primary_5y,M1,ridge,ISL,rmse,7.247868249528202,37,52
PRIMARY_DELETE__HLO_to_P__primary_5y__M1__ridge__ISL,PRIMARY_DELETE,HLO_to_P,primary_5y,M1,ridge,ISL,bias,0.06386829924891485,37,52
PRIMARY_DELETE__HLO_to_P__primary_5y__M1__ridge__ISL,PRIMARY_DELETE,HLO_to_P,primary_5y,M1,ridge,ISL,scaled_mae,0.5685190246603363,37,52
PRIMARY_DELETE__HLO_to_P__primary_5y__M1__ridge__ISL,PRIMARY_DELETE,HLO_to_P,primary_5y,M1,ridge,ISL,scaled_mse,0.5169893868816389,37,52
PRIMARY_DELETE__HLO_to_P__primary_5y__M1__ridge__ITA,PRIMARY_DELETE,HLO_to_P,primary_5y,M1,ridge,ITA,mae,5.738877266997311,37,51
PRIMARY_DELETE__HLO_to_P__primary_5y__M1__ridge__ITA,PRIMARY_DELETE,HLO_to_P,primary_5y,M1,ridge,ITA,mse,52.0313037643079,37,51
PRIMARY_DELETE__HLO_to_P__primary_5y__M1__ridge__ITA,PRIMARY_DELETE,HLO_to_P,primary_5y,M1,ridge,ITA,rmse,7.213272749890156,37,51
PRIMARY_DELETE__HLO_to_P__primary_5y__M1__ridge__ITA,PRIMARY_DELETE,HLO_to_P,primary_5y,M1,ridge,ITA,bias,0.05952967563096127,37,51
PRIMARY_DELETE__HLO_to_P__primary_5y__M1__ridge__ITA,PRIMARY_DELETE,HLO_to_P,primary_5y,M1,ridge,ITA,scaled_mae,0.5581404384181476,37,51
PRIMARY_DELETE__HLO_to_P__primary_5y__M1__ridge__ITA,PRIMARY_DELETE,HLO_to_P,primary_5y,M1,ridge,ITA,scaled_mse,0.4973361190345527,37,51
PRIMARY_DELETE__HLO_to_P__primary_5y__M1__ridge__JOR,PRIMARY_DELETE,HLO_to_P,primary_5y,M1,ridge,JOR,mae,5.633480817111404,37,52
PRIMARY_DELETE__HLO_to_P__primary_5y__M1__ridge__JOR,PRIMARY_DELETE,HLO_to_P,primary_5y,M1,ridge,JOR,mse,50.97892590191588,37,52
PRIMARY_DELETE__HLO_to_P__primary_5y__M1__ridge__JOR,PRIMARY_DELETE,HLO_to_P,primary_5y,M1,ridge,JOR,rmse,7.139952794095762,37,52
PRIMARY_DELETE__HLO_to_P__primary_5y__M1__ridge__JOR,PRIMARY_DELETE,HLO_to_P,primary_5y,M1,ridge,JOR,bias,0.07446699709499753,37,52
PRIMARY_DELETE__HLO_to_P__primary_5y__M1__ridge__JOR,PRIMARY_DELETE,HLO_to_P,primary_5y,M1,ridge,JOR,scaled_mae,0.5707245034100108,37,52
PRIMARY_DELETE__HLO_to_P__primary_5y__M1__ridge__JOR,PRIMARY_DELETE,HLO_to_P,primary_5y,M1,ridge,JOR,scaled_mse,0.531735599772819,37,52
PRIMARY_DELETE__HLO_to_P__primary_5y__M1__ridge__JPN,PRIMARY_DELETE,HLO_to_P,primary_5y,M1,ridge,JPN,mae,5.682696024348681,37,51
PRIMARY_DELETE__HLO_to_P__primary_5y__M1__ridge__JPN,PRIMARY_DELETE,HLO_to_P,primary_5y,M1,ridge,JPN,mse,51.4517164492852,37,51
PRIMARY_DELETE__HLO_to_P__primary_5y__M1__ridge__JPN,PRIMARY_DELETE,HLO_to_P,primary_5y,M1,ridge,JPN,rmse,7.172985183958294,37,51
PRIMARY_DELETE__HLO_to_P__primary_5y__M1__ridge__JPN,PRIMARY_DELETE,HLO_to_P,primary_5y,M1,ridge,JPN,bias,0.14396077744774932,37,51
PRIMARY_DELETE__HLO_to_P__primary_5y__M1__ridge__JPN,PRIMARY_DELETE,HLO_to_P,primary_5y,M1,ridge,JPN,scaled_mae,0.5794675380601537,37,51
PRIMARY_DELETE__HLO_to_P__primary_5y__M1__ridge__JPN,PRIMARY_DELETE,HLO_to_P,primary_5y,M1,ridge,JPN,scaled_mse,0.5419215442283786,37,51
PRIMARY_DELETE__HLO_to_P__primary_5y__M1__ridge__KAZ,PRIMARY_DELETE,HLO_to_P,primary_5y,M1,ridge,KAZ,mae,5.608975569997735,37,52
PRIMARY_DELETE__HLO_to_P__primary_5y__M1__ridge__KAZ,PRIMARY_DELETE,HLO_to_P,primary_5y,M1,ridge,KAZ,mse,48.94111989712011,37,52
PRIMARY_DELETE__HLO_to_P__primary_5y__M1__ridge__KAZ,PRIMARY_DELETE,HLO_to_P,primary_5y,M1,ridge,KAZ,rmse,6.995793014170739,37,52
PRIMARY_DELETE__HLO_to_P__primary_5y__M1__ridge__KAZ,PRIMARY_DELETE,HLO_to_P,primary_5y,M1,ridge,KAZ,bias,0.018683047944083223,37,52
PRIMARY_DELETE__HLO_to_P__primary_5y__M1__ridge__KAZ,PRIMARY_DELETE,HLO_to_P,primary_5y,M1,ridge,KAZ,scaled_mae,0.5464323938502935,37,52
PRIMARY_DELETE__HLO_to_P__primary_5y__M1__ridge__KAZ,PRIMARY_DELETE,HLO_to_P,primary_5y,M1,ridge,KAZ,scaled_mse,0.46767211969782063,37,52
PRIMARY_DELETE__HLO_to_P__primary_5y__M1__ridge__KOR,PRIMARY_DELETE,HLO_to_P,primary_5y,M1,ridge,KOR,mae,5.840464201898776,37,52
PRIMARY_DELETE__HLO_to_P__primary_5y__M1__ridge__KOR,PRIMARY_DELETE,HLO_to_P,primary_5y,M1,ridge,KOR,mse,52.26951609184519,37,52
PRIMARY_DELETE__HLO_to_P__primary_5y__M1__ridge__KOR,PRIMARY_DELETE,HLO_to_P,primary_5y,M1,ridge,KOR,rmse,7.229765977667962,37,52
PRIMARY_DELETE__HLO_to_P__primary_5y__M1__ridge__KOR,PRIMARY_DELETE,HLO_to_P,primary_5y,M1,ridge,KOR,bias,0.06025867945095496,37,52
PRIMARY_DELETE__HLO_to_P__primary_5y__M1__ridge__KOR,PRIMARY_DELETE,HLO_to_P,primary_5y,M1,ridge,KOR,scaled_mae,0.5729908795221905,37,52
PRIMARY_DELETE__HLO_to_P__primary_5y__M1__ridge__KOR,PRIMARY_DELETE,HLO_to_P,primary_5y,M1,ridge,KOR,scaled_mse,0.5073637961631392,37,52
PRIMARY_DELETE__HLO_to_P__primary_5y__M1__ridge__LTU,PRIMARY_DELETE,HLO_to_P,primary_5y,M1,ridge,LTU,mae,5.717782834812416,37,52
PRIMARY_DELETE__HLO_to_P__primary_5y__M1__ridge__LTU,PRIMARY_DELETE,HLO_to_P,primary_5y,M1,ridge,LTU,mse,49.787368456789586,37,52
PRIMARY_DELETE__HLO_to_P__primary_5y__M1__ridge__LTU,PRIMARY_DELETE,HLO_to_P,primary_5y,M1,ridge,LTU,rmse,7.056016472258946,37,52
PRIMARY_DELETE__HLO_to_P__primary_5y__M1__ridge__LTU,PRIMARY_DELETE,HLO_to_P,primary_5y,M1,ridge,LTU,bias,0.02237521859615481,37,52
PRIMARY_DELETE__HLO_to_P__primary_5y__M1__ridge__LTU,PRIMARY_DELETE,HLO_to_P,primary_5y,M1,ridge,LTU,scaled_mae,0.5562839901048022,37,52
PRIMARY_DELETE__HLO_to_P__primary_5y__M1__ridge__LTU,PRIMARY_DELETE,HLO_to_P,primary_5y,M1,ridge,LTU,scaled_mse,0.4741161576205614,37,52
PRIMARY_DELETE__HLO_to_P__primary_5y__M1__ridge__MAR,PRIMARY_DELETE,HLO_to_P,primary_5y,M1,ridge,MAR,mae,5.691262364562054,37,51
PRIMARY_DELETE__HLO_to_P__primary_5y__M1__ridge__MAR,PRIMARY_DELETE,HLO_to_P,primary_5y,M1,ridge,MAR,mse,50.34463316327415,37,51
PRIMARY_DELETE__HLO_to_P__primary_5y__M1__ridge__MAR,PRIMARY_DELETE,HLO_to_P,primary_5y,M1,ridge,MAR,rmse,7.095395208392141,37,51
PRIMARY_DELETE__HLO_to_P__primary_5y__M1__ridge__MAR,PRIMARY_DELETE,HLO_to_P,primary_5y,M1,ridge,MAR,bias,-0.03730654462262524,37,51
PRIMARY_DELETE__HLO_to_P__primary_5y__M1__ridge__MAR,PRIMARY_DELETE,HLO_to_P,primary_5y,M1,ridge,MAR,scaled_mae,0.5974335533121271,37,51
PRIMARY_DELETE__HLO_to_P__primary_5y__M1__ridge__MAR,PRIMARY_DELETE,HLO_to_P,primary_5y,M1,ridge,MAR,scaled_mse,0.5629226705494655,37,51
PRIMARY_DELETE__HLO_to_P__primary_5y__M1__ridge__MEX,PRIMARY_DELETE,HLO_to_P,primary_5y,M1,ridge,MEX,mae,5.755889527508603,37,52
PRIMARY_DELETE__HLO_to_P__primary_5y__M1__ridge__MEX,PRIMARY_DELETE,HLO_to_P,primary_5y,M1,ridge,MEX,mse,50.90520653906703,37,52
PRIMARY_DELETE__HLO_to_P__primary_5y__M1__ridge__MEX,PRIMARY_DELETE,HLO_to_P,primary_5y,M1,ridge,MEX,rmse,7.134788471921717,37,52
PRIMARY_DELETE__HLO_to_P__primary_5y__M1__ridge__MEX,PRIMARY_DELETE,HLO_to_P,primary_5y,M1,ridge,MEX,bias,0.10184988760210499,37,52
PRIMARY_DELETE__HLO_to_P__primary_5y__M1__ridge__MEX,PRIMARY_DELETE,HLO_to_P,primary_5y,M1,ridge,MEX,scaled_mae,0.5590640594583985,37,52
PRIMARY_DELETE__HLO_to_P__primary_5y__M1__ridge__MEX,PRIMARY_DELETE,HLO_to_P,primary_5y,M1,ridge,MEX,scaled_mse,0.4837705808640114,37,52
PRIMARY_DELETE__HLO_to_P__primary_5y__M1__ridge__NLD,PRIMARY_DELETE,HLO_to_P,primary_5y,M1,ridge,NLD,mae,5.742383529778068,37,51
PRIMARY_DELETE__HLO_to_P__primary_5y__M1__ridge__NLD,PRIMARY_DELETE,HLO_to_P,primary_5y,M1,ridge,NLD,mse,50.922587947794774,37,51
PRIMARY_DELETE__HLO_to_P__primary_5y__M1__ridge__NLD,PRIMARY_DELETE,HLO_to_P,primary_5y,M1,ridge,NLD,rmse,7.136006442527555,37,51
PRIMARY_DELETE__HLO_to_P__primary_5y__M1__ridge__NLD,PRIMARY_DELETE,HLO_to_P,primary_5y,M1,ridge,NLD,bias,0.09780378575695922,37,51
PRIMARY_DELETE__HLO_to_P__primary_5y__M1__ridge__NLD,PRIMARY_DELETE,HLO_to_P,primary_5y,M1,ridge,NLD,scaled_mae,0.5635683657298367,37,51
PRIMARY_DELETE__HLO_to_P__primary_5y__M1__ridge__NLD,PRIMARY_DELETE,HLO_to_P,primary_5y,M1,ridge,NLD,scaled_mse,0.49428063530018146,37,51
PRIMARY_DELETE__HLO_to_P__primary_5y__M1__ridge__NOR,PRIMARY_DELETE,HLO_to_P,primary_5y,M1,ridge,NOR,mae,5.625831930599392,37,51
PRIMARY_DELETE__HLO_to_P__primary_5y__M1__ridge__NOR,PRIMARY_DELETE,HLO_to_P,primary_5y,M1,ridge,NOR,mse,48.7101015871828,37,51
PRIMARY_DELETE__HLO_to_P__primary_5y__M1__ridge__NOR,PRIMARY_DELETE,HLO_to_P,primary_5y,M1,ridge,NOR,rmse,6.979262252357537,37,51
PRIMARY_DELETE__HLO_to_P__primary_5y__M1__ridge__NOR,PRIMARY_DELETE,HLO_to_P,primary_5y,M1,ridge,NOR,bias,0.09001111036756682,37,51
PRIMARY_DELETE__HLO_to_P__primary_5y__M1__ridge__NOR,PRIMARY_DELETE,HLO_to_P,primary_5y,M1,ridge,NOR,scaled_mae,0.5572274848339398,37,51
PRIMARY_DELETE__HLO_to_P__primary_5y__M1__ridge__NOR,PRIMARY_DELETE,HLO_to_P,primary_5y,M1,ridge,NOR,scaled_mse,0.48188363013566965,37,51
PRIMARY_DELETE__HLO_to_P__primary_5y__M1__ridge__OMN,PRIMARY_DELETE,HLO_to_P,primary_5y,M1,ridge,OMN,mae,5.622339972750443,37,52
PRIMARY_DELETE__HLO_to_P__primary_5y__M1__ridge__OMN,PRIMARY_DELETE,HLO_to_P,primary_5y,M1,ridge,OMN,mse,49.401725056226354,37,52
PRIMARY_DELETE__HLO_to_P__primary_5y__M1__ridge__OMN,PRIMARY_DELETE,HLO_to_P,primary_5y,M1,ridge,OMN,rmse,7.028636073679327,37,52
PRIMARY_DELETE__HLO_to_P__primary_5y__M1__ridge__OMN,PRIMARY_DELETE,HLO_to_P,primary_5y,M1,ridge,OMN,bias,0.014392117341261945,37,52
PRIMARY_DELETE__HLO_to_P__primary_5y__M1__ridge__OMN,PRIMARY_DELETE,HLO_to_P,primary_5y,M1,ridge,OMN,scaled_mae,0.5457686026655318,37,52
PRIMARY_DELETE__HLO_to_P__primary_5y__M1__ridge__OMN,PRIMARY_DELETE,HLO_to_P,primary_5y,M1,ridge,OMN,scaled_mse,0.46772050044602453,37,52
PRIMARY_DELETE__HLO_to_P__primary_5y__M1__ridge__PER,PRIMARY_DELETE,HLO_to_P,primary_5y,M1,ridge,PER,mae,5.545572476112691,37,52
PRIMARY_DELETE__HLO_to_P__primary_5y__M1__ridge__PER,PRIMARY_DELETE,HLO_to_P,primary_5y,M1,ridge,PER,mse,47.83691684380854,37,52
PRIMARY_DELETE__HLO_to_P__primary_5y__M1__ridge__PER,PRIMARY_DELETE,HLO_to_P,primary_5y,M1,ridge,PER,rmse,6.916423703317238,37,52
PRIMARY_DELETE__HLO_to_P__primary_5y__M1__ridge__PER,PRIMARY_DELETE,HLO_to_P,primary_5y,M1,ridge,PER,bias,0.10323835829953867,37,52
PRIMARY_DELETE__HLO_to_P__primary_5y__M1__ridge__PER,PRIMARY_DELETE,HLO_to_P,primary_5y,M1,ridge,PER,scaled_mae,0.5392890369513788,37,52
PRIMARY_DELETE__HLO_to_P__primary_5y__M1__ridge__PER,PRIMARY_DELETE,HLO_to_P,primary_5y,M1,ridge,PER,scaled_mse,0.4552971934567574,37,52
PRIMARY_DELETE__HLO_to_P__primary_5y__M1__ridge__PHL,PRIMARY_DELETE,HLO_to_P,primary_5y,M1,ridge,PHL,mae,5.457585584278355,37,52
PRIMARY_DELETE__HLO_to_P__primary_5y__M1__ridge__PHL,PRIMARY_DELETE,HLO_to_P,primary_5y,M1,ridge,PHL,mse,45.2257608771083,37,52
PRIMARY_DELETE__HLO_to_P__primary_5y__M1__ridge__PHL,PRIMARY_DELETE,HLO_to_P,primary_5y,M1,ridge,PHL,rmse,6.725010102379646,37,52
PRIMARY_DELETE__HLO_to_P__primary_5y__M1__ridge__PHL,PRIMARY_DELETE,HLO_to_P,primary_5y,M1,ridge,PHL,bias,0.10593190319111716,37,52
PRIMARY_DELETE__HLO_to_P__primary_5y__M1__ridge__PHL,PRIMARY_DELETE,HLO_to_P,primary_5y,M1,ridge,PHL,scaled_mae,0.5302011781091956,37,52
PRIMARY_DELETE__HLO_to_P__primary_5y__M1__ridge__PHL,PRIMARY_DELETE,HLO_to_P,primary_5y,M1,ridge,PHL,scaled_mse,0.4296016672616359,37,52
PRIMARY_DELETE__HLO_to_P__primary_5y__M1__ridge__POL,PRIMARY_DELETE,HLO_to_P,primary_5y,M1,ridge,POL,mae,5.690590663545098,37,50
PRIMARY_DELETE__HLO_to_P__primary_5y__M1__ridge__POL,PRIMARY_DELETE,HLO_to_P,primary_5y,M1,ridge,POL,mse,49.58445872599812,37,50
PRIMARY_DELETE__HLO_to_P__primary_5y__M1__ridge__POL,PRIMARY_DELETE,HLO_to_P,primary_5y,M1,ridge,POL,rmse,7.041623301909732,37,50
PRIMARY_DELETE__HLO_to_P__primary_5y__M1__ridge__POL,PRIMARY_DELETE,HLO_to_P,primary_5y,M1,ridge,POL,bias,0.09994896701419884,37,50
PRIMARY_DELETE__HLO_to_P__primary_5y__M1__ridge__POL,PRIMARY_DELETE,HLO_to_P,primary_5y,M1,ridge,POL,scaled_mae,0.5651882779635548,37,50
PRIMARY_DELETE__HLO_to_P__primary_5y__M1__ridge__POL,PRIMARY_DELETE,HLO_to_P,primary_5y,M1,ridge,POL,scaled_mse,0.493440754328865,37,50
PRIMARY_DELETE__HLO_to_P__primary_5y__M1__ridge__QAT,PRIMARY_DELETE,HLO_to_P,primary_5y,M1,ridge,QAT,mae,5.578164432552812,37,52
PRIMARY_DELETE__HLO_to_P__primary_5y__M1__ridge__QAT,PRIMARY_DELETE,HLO_to_P,primary_5y,M1,ridge,QAT,mse,48.427901587467524,37,52
PRIMARY_DELETE__HLO_to_P__primary_5y__M1__ridge__QAT,PRIMARY_DELETE,HLO_to_P,primary_5y,M1,ridge,QAT,rmse,6.959015849059946,37,52
PRIMARY_DELETE__HLO_to_P__primary_5y__M1__ridge__QAT,PRIMARY_DELETE,HLO_to_P,primary_5y,M1,ridge,QAT,bias,0.09814587754457772,37,52
PRIMARY_DELETE__HLO_to_P__primary_5y__M1__ridge__QAT,PRIMARY_DELETE,HLO_to_P,primary_5y,M1,ridge,QAT,scaled_mae,0.5428339530087455,37,52
PRIMARY_DELETE__HLO_to_P__primary_5y__M1__ridge__QAT,PRIMARY_DELETE,HLO_to_P,primary_5y,M1,ridge,QAT,scaled_mse,0.46109952662428777,37,52
PRIMARY_DELETE__HLO_to_P__primary_5y__M1__ridge__RUS,PRIMARY_DELETE,HLO_to_P,primary_5y,M1,ridge,RUS,mae,5.774444429672113,37,52
PRIMARY_DELETE__HLO_to_P__primary_5y__M1__ridge__RUS,PRIMARY_DELETE,HLO_to_P,primary_5y,M1,ridge,RUS,mse,51.04500594120484,37,52
PRIMARY_DELETE__HLO_to_P__primary_5y__M1__ridge__RUS,PRIMARY_DELETE,HLO_to_P,primary_5y,M1,ridge,RUS,rmse,7.14457877983054,37,52
PRIMARY_DELETE__HLO_to_P__primary_5y__M1__ridge__RUS,PRIMARY_DELETE,HLO_to_P,primary_5y,M1,ridge,RUS,bias,0.09477621697623201,37,52
PRIMARY_DELETE__HLO_to_P__primary_5y__M1__ridge__RUS,PRIMARY_DELETE,HLO_to_P,primary_5y,M1,ridge,RUS,scaled_mae,0.5643007807510895,37,52
PRIMARY_DELETE__HLO_to_P__primary_5y__M1__ridge__RUS,PRIMARY_DELETE,HLO_to_P,primary_5y,M1,ridge,RUS,scaled_mse,0.4910379688169956,37,52
PRIMARY_DELETE__HLO_to_P__primary_5y__M1__ridge__SAU,PRIMARY_DELETE,HLO_to_P,primary_5y,M1,ridge,SAU,mae,5.6366439358815015,37,51
PRIMARY_DELETE__HLO_to_P__primary_5y__M1__ridge__SAU,PRIMARY_DELETE,HLO_to_P,primary_5y,M1,ridge,SAU,mse,49.772574024229144,37,51
PRIMARY_DELETE__HLO_to_P__primary_5y__M1__ridge__SAU,PRIMARY_DELETE,HLO_to_P,primary_5y,M1,ridge,SAU,rmse,7.054968038498059,37,51
PRIMARY_DELETE__HLO_to_P__primary_5y__M1__ridge__SAU,PRIMARY_DELETE,HLO_to_P,primary_5y,M1,ridge,SAU,bias,0.13267489609799427,37,51
PRIMARY_DELETE__HLO_to_P__primary_5y__M1__ridge__SAU,PRIMARY_DELETE,HLO_to_P,primary_5y,M1,ridge,SAU,scaled_mae,0.5552523038173893,37,51
PRIMARY_DELETE__HLO_to_P__primary_5y__M1__ridge__SAU,PRIMARY_DELETE,HLO_to_P,primary_5y,M1,ridge,SAU,scaled_mse,0.48805519734503805,37,51
PRIMARY_DELETE__HLO_to_P__primary_5y__M1__ridge__SRB,PRIMARY_DELETE,HLO_to_P,primary_5y,M1,ridge,SRB,mae,5.995578676080201,37,52
PRIMARY_DELETE__HLO_to_P__primary_5y__M1__ridge__SRB,PRIMARY_DELETE,HLO_to_P,primary_5y,M1,ridge,SRB,mse,53.93746005711282,37,52
PRIMARY_DELETE__HLO_to_P__primary_5y__M1__ridge__SRB,PRIMARY_DELETE,HLO_to_P,primary_5y,M1,ridge,SRB,rmse,7.344212691440303,37,52
PRIMARY_DELETE__HLO_to_P__primary_5y__M1__ridge__SRB,PRIMARY_DELETE,HLO_to_P,primary_5y,M1,ridge,SRB,bias,0.0165454581221057,37,52
PRIMARY_DELETE__HLO_to_P__primary_5y__M1__ridge__SRB,PRIMARY_DELETE,HLO_to_P,primary_5y,M1,ridge,SRB,scaled_mae,0.583409110423014,37,52
PRIMARY_DELETE__HLO_to_P__primary_5y__M1__ridge__SRB,PRIMARY_DELETE,HLO_to_P,primary_5y,M1,ridge,SRB,scaled_mse,0.5158772673359532,37,52
PRIMARY_DELETE__HLO_to_P__primary_5y__M1__ridge__SVN,PRIMARY_DELETE,HLO_to_P,primary_5y,M1,ridge,SVN,mae,5.900253948910373,37,52
PRIMARY_DELETE__HLO_to_P__primary_5y__M1__ridge__SVN,PRIMARY_DELETE,HLO_to_P,primary_5y,M1,ridge,SVN,mse,52.95730822375687,37,52
PRIMARY_DELETE__HLO_to_P__primary_5y__M1__ridge__SVN,PRIMARY_DELETE,HLO_to_P,primary_5y,M1,ridge,SVN,rmse,7.2771772153601475,37,52
PRIMARY_DELETE__HLO_to_P__primary_5y__M1__ridge__SVN,PRIMARY_DELETE,HLO_to_P,primary_5y,M1,ridge,SVN,bias,0.07083055419324427,37,52
PRIMARY_DELETE__HLO_to_P__primary_5y__M1__ridge__SVN,PRIMARY_DELETE,HLO_to_P,primary_5y,M1,ridge,SVN,scaled_mae,0.5770730035064041,37,52
PRIMARY_DELETE__HLO_to_P__primary_5y__M1__ridge__SVN,PRIMARY_DELETE,HLO_to_P,primary_5y,M1,ridge,SVN,scaled_mse,0.5115122029438446,37,52
PRIMARY_DELETE__HLO_to_P__primary_5y__M1__ridge__UKR,PRIMARY_DELETE,HLO_to_P,primary_5y,M1,ridge,UKR,mae,5.8775895684527795,37,52
PRIMARY_DELETE__HLO_to_P__primary_5y__M1__ridge__UKR,PRIMARY_DELETE,HLO_to_P,primary_5y,M1,ridge,UKR,mse,53.21846423400291,37,52
PRIMARY_DELETE__HLO_to_P__primary_5y__M1__ridge__UKR,PRIMARY_DELETE,HLO_to_P,primary_5y,M1,ridge,UKR,rmse,7.295098644569716,37,52
PRIMARY_DELETE__HLO_to_P__primary_5y__M1__ridge__UKR,PRIMARY_DELETE,HLO_to_P,primary_5y,M1,ridge,UKR,bias,0.052390652698498796,37,52
PRIMARY_DELETE__HLO_to_P__primary_5y__M1__ridge__UKR,PRIMARY_DELETE,HLO_to_P,primary_5y,M1,ridge,UKR,scaled_mae,0.5714494473861268,37,52
PRIMARY_DELETE__HLO_to_P__primary_5y__M1__ridge__UKR,PRIMARY_DELETE,HLO_to_P,primary_5y,M1,ridge,UKR,scaled_mse,0.5080168932981706,37,52
PRIMARY_DELETE__HLO_to_P__primary_5y__M1__ridge__USA,PRIMARY_DELETE,HLO_to_P,primary_5y,M1,ridge,USA,mae,5.739474839538317,37,52
PRIMARY_DELETE__HLO_to_P__primary_5y__M1__ridge__USA,PRIMARY_DELETE,HLO_to_P,primary_5y,M1,ridge,USA,mse,50.76510724186115,37,52
PRIMARY_DELETE__HLO_to_P__primary_5y__M1__ridge__USA,PRIMARY_DELETE,HLO_to_P,primary_5y,M1,ridge,USA,rmse,7.124963666002877,37,52
PRIMARY_DELETE__HLO_to_P__primary_5y__M1__ridge__USA,PRIMARY_DELETE,HLO_to_P,primary_5y,M1,ridge,USA,bias,0.0973920207730709,37,52
PRIMARY_DELETE__HLO_to_P__primary_5y__M1__ridge__USA,PRIMARY_DELETE,HLO_to_P,primary_5y,M1,ridge,USA,scaled_mae,0.5579337119592056,37,52
PRIMARY_DELETE__HLO_to_P__primary_5y__M1__ridge__USA,PRIMARY_DELETE,HLO_to_P,primary_5y,M1,ridge,USA,scaled_mse,0.4832247825149218,37,52
PRIMARY_DELETE__HLO_to_P__primary_5y__M1__ridge__ZAF,PRIMARY_DELETE,HLO_to_P,primary_5y,M1,ridge,ZAF,mae,5.732938914107465,37,51
PRIMARY_DELETE__HLO_to_P__primary_5y__M1__ridge__ZAF,PRIMARY_DELETE,HLO_to_P,primary_5y,M1,ridge,ZAF,mse,52.007998484037884,37,51
PRIMARY_DELETE__HLO_to_P__primary_5y__M1__ridge__ZAF,PRIMARY_DELETE,HLO_to_P,primary_5y,M1,ridge,ZAF,rmse,7.211657124686245,37,51
PRIMARY_DELETE__HLO_to_P__primary_5y__M1__ridge__ZAF,PRIMARY_DELETE,HLO_to_P,primary_5y,M1,ridge,ZAF,bias,-0.04724883524351631,37,51
PRIMARY_DELETE__HLO_to_P__primary_5y__M1__ridge__ZAF,PRIMARY_DELETE,HLO_to_P,primary_5y,M1,ridge,ZAF,scaled_mae,0.5972772956387626,37,51
PRIMARY_DELETE__HLO_to_P__primary_5y__M1__ridge__ZAF,PRIMARY_DELETE,HLO_to_P,primary_5y,M1,ridge,ZAF,scaled_mse,0.5739436727512375,37,51
PRIMARY_DELETE__HLO_to_P__primary_5y__M2__ridge__AUS,PRIMARY_DELETE,HLO_to_P,primary_5y,M2,ridge,AUS,mae,5.88274778597308,37,52
PRIMARY_DELETE__HLO_to_P__primary_5y__M2__ridge__AUS,PRIMARY_DELETE,HLO_to_P,primary_5y,M2,ridge,AUS,mse,62.64425114687512,37,52
PRIMARY_DELETE__HLO_to_P__primary_5y__M2__ridge__AUS,PRIMARY_DELETE,HLO_to_P,primary_5y,M2,ridge,AUS,rmse,7.914812135918017,37,52
PRIMARY_DELETE__HLO_to_P__primary_5y__M2__ridge__AUS,PRIMARY_DELETE,HLO_to_P,primary_5y,M2,ridge,AUS,bias,0.16387566902318434,37,52
PRIMARY_DELETE__HLO_to_P__primary_5y__M2__ridge__AUS,PRIMARY_DELETE,HLO_to_P,primary_5y,M2,ridge,AUS,scaled_mae,0.5747190292869713,37,52
PRIMARY_DELETE__HLO_to_P__primary_5y__M2__ridge__AUS,PRIMARY_DELETE,HLO_to_P,primary_5y,M2,ridge,AUS,scaled_mse,0.6041540205113185,37,52
PRIMARY_DELETE__HLO_to_P__primary_5y__M2__ridge__AUT,PRIMARY_DELETE,HLO_to_P,primary_5y,M2,ridge,AUT,mae,5.749235302373431,37,52
PRIMARY_DELETE__HLO_to_P__primary_5y__M2__ridge__AUT,PRIMARY_DELETE,HLO_to_P,primary_5y,M2,ridge,AUT,mse,62.584470523843386,37,52
PRIMARY_DELETE__HLO_to_P__primary_5y__M2__ridge__AUT,PRIMARY_DELETE,HLO_to_P,primary_5y,M2,ridge,AUT,rmse,7.91103473155335,37,52
PRIMARY_DELETE__HLO_to_P__primary_5y__M2__ridge__AUT,PRIMARY_DELETE,HLO_to_P,primary_5y,M2,ridge,AUT,bias,0.16624412216770587,37,52
PRIMARY_DELETE__HLO_to_P__primary_5y__M2__ridge__AUT,PRIMARY_DELETE,HLO_to_P,primary_5y,M2,ridge,AUT,scaled_mae,0.5691253259988078,37,52
PRIMARY_DELETE__HLO_to_P__primary_5y__M2__ridge__AUT,PRIMARY_DELETE,HLO_to_P,primary_5y,M2,ridge,AUT,scaled_mse,0.6205169144164591,37,52
PRIMARY_DELETE__HLO_to_P__primary_5y__M2__ridge__BHR,PRIMARY_DELETE,HLO_to_P,primary_5y,M2,ridge,BHR,mae,5.5223801877358545,37,52
PRIMARY_DELETE__HLO_to_P__primary_5y__M2__ridge__BHR,PRIMARY_DELETE,HLO_to_P,primary_5y,M2,ridge,BHR,mse,60.52023387866996,37,52
PRIMARY_DELETE__HLO_to_P__primary_5y__M2__ridge__BHR,PRIMARY_DELETE,HLO_to_P,primary_5y,M2,ridge,BHR,rmse,7.779475167302095,37,52
PRIMARY_DELETE__HLO_to_P__primary_5y__M2__ridge__BHR,PRIMARY_DELETE,HLO_to_P,primary_5y,M2,ridge,BHR,bias,0.03784500328196206,37,52
PRIMARY_DELETE__HLO_to_P__primary_5y__M2__ridge__BHR,PRIMARY_DELETE,HLO_to_P,primary_5y,M2,ridge,BHR,scaled_mae,0.5369967193426491,37,52
PRIMARY_DELETE__HLO_to_P__primary_5y__M2__ridge__BHR,PRIMARY_DELETE,HLO_to_P,primary_5y,M2,ridge,BHR,scaled_mse,0.5779721069435765,37,52
PRIMARY_DELETE__HLO_to_P__primary_5y__M2__ridge__BRA,PRIMARY_DELETE,HLO_to_P,primary_5y,M2,ridge,BRA,mae,6.0371106185055075,37,51
PRIMARY_DELETE__HLO_to_P__primary_5y__M2__ridge__BRA,PRIMARY_DELETE,HLO_to_P,primary_5y,M2,ridge,BRA,mse,65.80132812317412,37,51
PRIMARY_DELETE__HLO_to_P__primary_5y__M2__ridge__BRA,PRIMARY_DELETE,HLO_to_P,primary_5y,M2,ridge,BRA,rmse,8.111801780318237,37,51
PRIMARY_DELETE__HLO_to_P__primary_5y__M2__ridge__BRA,PRIMARY_DELETE,HLO_to_P,primary_5y,M2,ridge,BRA,bias,0.3652874615756029,37,51
PRIMARY_DELETE__HLO_to_P__primary_5y__M2__ridge__BRA,PRIMARY_DELETE,HLO_to_P,primary_5y,M2,ridge,BRA,scaled_mae,0.5879915390644985,37,51
PRIMARY_DELETE__HLO_to_P__primary_5y__M2__ridge__BRA,PRIMARY_DELETE,HLO_to_P,primary_5y,M2,ridge,BRA,scaled_mse,0.6318119873979634,37,51
PRIMARY_DELETE__HLO_to_P__primary_5y__M2__ridge__CHL,PRIMARY_DELETE,HLO_to_P,primary_5y,M2,ridge,CHL,mae,5.639140644031849,37,51
PRIMARY_DELETE__HLO_to_P__primary_5y__M2__ridge__CHL,PRIMARY_DELETE,HLO_to_P,primary_5y,M2,ridge,CHL,mse,59.02946080748665,37,51
PRIMARY_DELETE__HLO_to_P__primary_5y__M2__ridge__CHL,PRIMARY_DELETE,HLO_to_P,primary_5y,M2,ridge,CHL,rmse,7.683063243751587,37,51
PRIMARY_DELETE__HLO_to_P__primary_5y__M2__ridge__CHL,PRIMARY_DELETE,HLO_to_P,primary_5y,M2,ridge,CHL,bias,0.15366375395032222,37,51
PRIMARY_DELETE__HLO_to_P__primary_5y__M2__ridge__CHL,PRIMARY_DELETE,HLO_to_P,primary_5y,M2,ridge,CHL,scaled_mae,0.5551144439735686,37,51
PRIMARY_DELETE__HLO_to_P__primary_5y__M2__ridge__CHL,PRIMARY_DELETE,HLO_to_P,primary_5y,M2,ridge,CHL,scaled_mse,0.5789078694591288,37,51
PRIMARY_DELETE__HLO_to_P__primary_5y__M2__ridge__COL,PRIMARY_DELETE,HLO_to_P,primary_5y,M2,ridge,COL,mae,6.193136751768194,37,52
PRIMARY_DELETE__HLO_to_P__primary_5y__M2__ridge__COL,PRIMARY_DELETE,HLO_to_P,primary_5y,M2,ridge,COL,mse,69.57397584441277,37,52
PRIMARY_DELETE__HLO_to_P__primary_5y__M2__ridge__COL,PRIMARY_DELETE,HLO_to_P,primary_5y,M2,ridge,COL,rmse,8.341101596576603,37,52
PRIMARY_DELETE__HLO_to_P__primary_5y__M2__ridge__COL,PRIMARY_DELETE,HLO_to_P,primary_5y,M2,ridge,COL,bias,0.42901782162989366,37,52
PRIMARY_DELETE__HLO_to_P__primary_5y__M2__ridge__COL,PRIMARY_DELETE,HLO_to_P,primary_5y,M2,ridge,COL,scaled_mae,0.6036438503142877,37,52
PRIMARY_DELETE__HLO_to_P__primary_5y__M2__ridge__COL,PRIMARY_DELETE,HLO_to_P,primary_5y,M2,ridge,COL,scaled_mse,0.6695919789251551,37,52
PRIMARY_DELETE__HLO_to_P__primary_5y__M2__ridge__CRI,PRIMARY_DELETE,HLO_to_P,primary_5y,M2,ridge,CRI,mae,6.097841387932916,37,52
PRIMARY_DELETE__HLO_to_P__primary_5y__M2__ridge__CRI,PRIMARY_DELETE,HLO_to_P,primary_5y,M2,ridge,CRI,mse,67.57602158050462,37,52
PRIMARY_DELETE__HLO_to_P__primary_5y__M2__ridge__CRI,PRIMARY_DELETE,HLO_to_P,primary_5y,M2,ridge,CRI,rmse,8.22046358671484,37,52
PRIMARY_DELETE__HLO_to_P__primary_5y__M2__ridge__CRI,PRIMARY_DELETE,HLO_to_P,primary_5y,M2,ridge,CRI,bias,0.42342789757884763,37,52
PRIMARY_DELETE__HLO_to_P__primary_5y__M2__ridge__CRI,PRIMARY_DELETE,HLO_to_P,primary_5y,M2,ridge,CRI,scaled_mae,0.5941362628147486,37,52
PRIMARY_DELETE__HLO_to_P__primary_5y__M2__ridge__CRI,PRIMARY_DELETE,HLO_to_P,primary_5y,M2,ridge,CRI,scaled_mse,0.6503972371742935,37,52
PRIMARY_DELETE__HLO_to_P__primary_5y__M2__ridge__DEU,PRIMARY_DELETE,HLO_to_P,primary_5y,M2,ridge,DEU,mae,6.0341266350683185,37,50
PRIMARY_DELETE__HLO_to_P__primary_5y__M2__ridge__DEU,PRIMARY_DELETE,HLO_to_P,primary_5y,M2,ridge,DEU,mse,66.09349815483364,37,50
PRIMARY_DELETE__HLO_to_P__primary_5y__M2__ridge__DEU,PRIMARY_DELETE,HLO_to_P,primary_5y,M2,ridge,DEU,rmse,8.129790781738091,37,50
PRIMARY_DELETE__HLO_to_P__primary_5y__M2__ridge__DEU,PRIMARY_DELETE,HLO_to_P,primary_5y,M2,ridge,DEU,bias,0.344763661471701,37,50
PRIMARY_DELETE__HLO_to_P__primary_5y__M2__ridge__DEU,PRIMARY_DELETE,HLO_to_P,primary_5y,M2,ridge,DEU,scaled_mae,0.5957351826105584,37,50
PRIMARY_DELETE__HLO_to_P__primary_5y__M2__ridge__DEU,PRIMARY_DELETE,HLO_to_P,primary_5y,M2,ridge,DEU,scaled_mse,0.6524813830779234,37,50
PRIMARY_DELETE__HLO_to_P__primary_5y__M2__ridge__EGY,PRIMARY_DELETE,HLO_to_P,primary_5y,M2,ridge,EGY,mae,5.98377811296676,37,52
PRIMARY_DELETE__HLO_to_P__primary_5y__M2__ridge__EGY,PRIMARY_DELETE,HLO_to_P,primary_5y,M2,ridge,EGY,mse,68.20201971085167,37,52
PRIMARY_DELETE__HLO_to_P__primary_5y__M2__ridge__EGY,PRIMARY_DELETE,HLO_to_P,primary_5y,M2,ridge,EGY,rmse,8.258451411181861,37,52
PRIMARY_DELETE__HLO_to_P__primary_5y__M2__ridge__EGY,PRIMARY_DELETE,HLO_to_P,primary_5y,M2,ridge,EGY,bias,0.4353010294261377,37,52
PRIMARY_DELETE__HLO_to_P__primary_5y__M2__ridge__EGY,PRIMARY_DELETE,HLO_to_P,primary_5y,M2,ridge,EGY,scaled_mae,0.5827968946046772,37,52
PRIMARY_DELETE__HLO_to_P__primary_5y__M2__ridge__EGY,PRIMARY_DELETE,HLO_to_P,primary_5y,M2,ridge,EGY,scaled_mse,0.6535084946630699,37,52
PRIMARY_DELETE__HLO_to_P__primary_5y__M2__ridge__ESP,PRIMARY_DELETE,HLO_to_P,primary_5y,M2,ridge,ESP,mae,5.940468589296785,37,52
PRIMARY_DELETE__HLO_to_P__primary_5y__M2__ridge__ESP,PRIMARY_DELETE,HLO_to_P,primary_5y,M2,ridge,ESP,mse,65.14004920081467,37,52
PRIMARY_DELETE__HLO_to_P__primary_5y__M2__ridge__ESP,PRIMARY_DELETE,HLO_to_P,primary_5y,M2,ridge,ESP,rmse,8.070938557616126,37,52
PRIMARY_DELETE__HLO_to_P__primary_5y__M2__ridge__ESP,PRIMARY_DELETE,HLO_to_P,primary_5y,M2,ridge,ESP,bias,0.38905456359424717,37,52
PRIMARY_DELETE__HLO_to_P__primary_5y__M2__ridge__ESP,PRIMARY_DELETE,HLO_to_P,primary_5y,M2,ridge,ESP,scaled_mae,0.5791169191385228,37,52
PRIMARY_DELETE__HLO_to_P__primary_5y__M2__ridge__ESP,PRIMARY_DELETE,HLO_to_P,primary_5y,M2,ridge,ESP,scaled_mse,0.6260141204616394,37,52
PRIMARY_DELETE__HLO_to_P__primary_5y__M2__ridge__FIN,PRIMARY_DELETE,HLO_to_P,primary_5y,M2,ridge,FIN,mae,6.087915383451236,37,52
PRIMARY_DELETE__HLO_to_P__primary_5y__M2__ridge__FIN,PRIMARY_DELETE,HLO_to_P,primary_5y,M2,ridge,FIN,mse,66.22607782288156,37,52
PRIMARY_DELETE__HLO_to_P__primary_5y__M2__ridge__FIN,PRIMARY_DELETE,HLO_to_P,primary_5y,M2,ridge,FIN,rmse,8.137940637709368,37,52
PRIMARY_DELETE__HLO_to_P__primary_5y__M2__ridge__FIN,PRIMARY_DELETE,HLO_to_P,primary_5y,M2,ridge,FIN,bias,0.3581263953759328,37,52
PRIMARY_DELETE__HLO_to_P__primary_5y__M2__ridge__FIN,PRIMARY_DELETE,HLO_to_P,primary_5y,M2,ridge,FIN,scaled_mae,0.6015975699397244,37,52
PRIMARY_DELETE__HLO_to_P__primary_5y__M2__ridge__FIN,PRIMARY_DELETE,HLO_to_P,primary_5y,M2,ridge,FIN,scaled_mse,0.6546970540241646,37,52
PRIMARY_DELETE__HLO_to_P__primary_5y__M2__ridge__GHA,PRIMARY_DELETE,HLO_to_P,primary_5y,M2,ridge,GHA,mae,6.298186402117535,37,52
PRIMARY_DELETE__HLO_to_P__primary_5y__M2__ridge__GHA,PRIMARY_DELETE,HLO_to_P,primary_5y,M2,ridge,GHA,mse,70.77630996498168,37,52
PRIMARY_DELETE__HLO_to_P__primary_5y__M2__ridge__GHA,PRIMARY_DELETE,HLO_to_P,primary_5y,M2,ridge,GHA,rmse,8.412865740339713,37,52
PRIMARY_DELETE__HLO_to_P__primary_5y__M2__ridge__GHA,PRIMARY_DELETE,HLO_to_P,primary_5y,M2,ridge,GHA,bias,0.08658719895275056,37,52
PRIMARY_DELETE__HLO_to_P__primary_5y__M2__ridge__GHA,PRIMARY_DELETE,HLO_to_P,primary_5y,M2,ridge,GHA,scaled_mae,0.6723303244706191,37,52
PRIMARY_DELETE__HLO_to_P__primary_5y__M2__ridge__GHA,PRIMARY_DELETE,HLO_to_P,primary_5y,M2,ridge,GHA,scaled_mse,0.8247063028421834,37,52
PRIMARY_DELETE__HLO_to_P__primary_5y__M2__ridge__HRV,PRIMARY_DELETE,HLO_to_P,primary_5y,M2,ridge,HRV,mae,5.72214896669318,37,52
PRIMARY_DELETE__HLO_to_P__primary_5y__M2__ridge__HRV,PRIMARY_DELETE,HLO_to_P,primary_5y,M2,ridge,HRV,mse,60.636738154003915,37,52
PRIMARY_DELETE__HLO_to_P__primary_5y__M2__ridge__HRV,PRIMARY_DELETE,HLO_to_P,primary_5y,M2,ridge,HRV,rmse,7.786959493538149,37,52
PRIMARY_DELETE__HLO_to_P__primary_5y__M2__ridge__HRV,PRIMARY_DELETE,HLO_to_P,primary_5y,M2,ridge,HRV,bias,0.15749017040044466,37,52
PRIMARY_DELETE__HLO_to_P__primary_5y__M2__ridge__HRV,PRIMARY_DELETE,HLO_to_P,primary_5y,M2,ridge,HRV,scaled_mae,0.555426806251424,37,52
PRIMARY_DELETE__HLO_to_P__primary_5y__M2__ridge__HRV,PRIMARY_DELETE,HLO_to_P,primary_5y,M2,ridge,HRV,scaled_mse,0.5774231642434888,37,52
PRIMARY_DELETE__HLO_to_P__primary_5y__M2__ridge__IDN,PRIMARY_DELETE,HLO_to_P,primary_5y,M2,ridge,IDN,mae,6.043273519347116,37,50
PRIMARY_DELETE__HLO_to_P__primary_5y__M2__ridge__IDN,PRIMARY_DELETE,HLO_to_P,primary_5y,M2,ridge,IDN,mse,67.1508698929835,37,50
PRIMARY_DELETE__HLO_to_P__primary_5y__M2__ridge__IDN,PRIMARY_DELETE,HLO_to_P,primary_5y,M2,ridge,IDN,rmse,8.194563435167458,37,50
PRIMARY_DELETE__HLO_to_P__primary_5y__M2__ridge__IDN,PRIMARY_DELETE,HLO_to_P,primary_5y,M2,ridge,IDN,bias,0.35626534614117583,37,50
PRIMARY_DELETE__HLO_to_P__primary_5y__M2__ridge__IDN,PRIMARY_DELETE,HLO_to_P,primary_5y,M2,ridge,IDN,scaled_mae,0.5974517821595237,37,50
PRIMARY_DELETE__HLO_to_P__primary_5y__M2__ridge__IDN,PRIMARY_DELETE,HLO_to_P,primary_5y,M2,ridge,IDN,scaled_mse,0.6646095920526184,37,50
PRIMARY_DELETE__HLO_to_P__primary_5y__M2__ridge__IRN,PRIMARY_DELETE,HLO_to_P,primary_5y,M2,ridge,IRN,mae,5.74171004599029,37,52
PRIMARY_DELETE__HLO_to_P__primary_5y__M2__ridge__IRN,PRIMARY_DELETE,HLO_to_P,primary_5y,M2,ridge,IRN,mse,62.062420523395836,37,52
PRIMARY_DELETE__HLO_to_P__primary_5y__M2__ridge__IRN,PRIMARY_DELETE,HLO_to_P,primary_5y,M2,ridge,IRN,rmse,7.877970584065152,37,52
PRIMARY_DELETE__HLO_to_P__primary_5y__M2__ridge__IRN,PRIMARY_DELETE,HLO_to_P,primary_5y,M2,ridge,IRN,bias,0.13339283163714286,37,52
PRIMARY_DELETE__HLO_to_P__primary_5y__M2__ridge__IRN,PRIMARY_DELETE,HLO_to_P,primary_5y,M2,ridge,IRN,scaled_mae,0.5693299436377199,37,52
PRIMARY_DELETE__HLO_to_P__primary_5y__M2__ridge__IRN,PRIMARY_DELETE,HLO_to_P,primary_5y,M2,ridge,IRN,scaled_mse,0.6178338374551814,37,52
PRIMARY_DELETE__HLO_to_P__primary_5y__M2__ridge__ISL,PRIMARY_DELETE,HLO_to_P,primary_5y,M2,ridge,ISL,mae,5.916651092094758,37,52
PRIMARY_DELETE__HLO_to_P__primary_5y__M2__ridge__ISL,PRIMARY_DELETE,HLO_to_P,primary_5y,M2,ridge,ISL,mse,63.48999936042386,37,52
PRIMARY_DELETE__HLO_to_P__primary_5y__M2__ridge__ISL,PRIMARY_DELETE,HLO_to_P,primary_5y,M2,ridge,ISL,rmse,7.968061204610809,37,52
PRIMARY_DELETE__HLO_to_P__primary_5y__M2__ridge__ISL,PRIMARY_DELETE,HLO_to_P,primary_5y,M2,ridge,ISL,bias,0.36875340727819517,37,52
PRIMARY_DELETE__HLO_to_P__primary_5y__M2__ridge__ISL,PRIMARY_DELETE,HLO_to_P,primary_5y,M2,ridge,ISL,scaled_mae,0.5847528000336578,37,52
PRIMARY_DELETE__HLO_to_P__primary_5y__M2__ridge__ISL,PRIMARY_DELETE,HLO_to_P,primary_5y,M2,ridge,ISL,scaled_mse,0.6287094754106828,37,52
PRIMARY_DELETE__HLO_to_P__primary_5y__M2__ridge__ITA,PRIMARY_DELETE,HLO_to_P,primary_5y,M2,ridge,ITA,mae,5.659015151696881,37,51
PRIMARY_DELETE__HLO_to_P__primary_5y__M2__ridge__ITA,PRIMARY_DELETE,HLO_to_P,primary_5y,M2,ridge,ITA,mse,60.661553800803276,37,51
PRIMARY_DELETE__HLO_to_P__primary_5y__M2__ridge__ITA,PRIMARY_DELETE,HLO_to_P,primary_5y,M2,ridge,ITA,rmse,7.788552741094026,37,51
PRIMARY_DELETE__HLO_to_P__primary_5y__M2__ridge__ITA,PRIMARY_DELETE,HLO_to_P,primary_5y,M2,ridge,ITA,bias,0.08990207615706644,37,51
PRIMARY_DELETE__HLO_to_P__primary_5y__M2__ridge__ITA,PRIMARY_DELETE,HLO_to_P,primary_5y,M2,ridge,ITA,scaled_mae,0.5494029099136688,37,51
PRIMARY_DELETE__HLO_to_P__primary_5y__M2__ridge__ITA,PRIMARY_DELETE,HLO_to_P,primary_5y,M2,ridge,ITA,scaled_mse,0.5777473954136015,37,51
PRIMARY_DELETE__HLO_to_P__primary_5y__M2__ridge__JOR,PRIMARY_DELETE,HLO_to_P,primary_5y,M2,ridge,JOR,mae,5.723074087864403,37,52
PRIMARY_DELETE__HLO_to_P__primary_5y__M2__ridge__JOR,PRIMARY_DELETE,HLO_to_P,primary_5y,M2,ridge,JOR,mse,60.609183671107516,37,52
PRIMARY_DELETE__HLO_to_P__primary_5y__M2__ridge__JOR,PRIMARY_DELETE,HLO_to_P,primary_5y,M2,ridge,JOR,rmse,7.785190021515693,37,52
PRIMARY_DELETE__HLO_to_P__primary_5y__M2__ridge__JOR,PRIMARY_DELETE,HLO_to_P,primary_5y,M2,ridge,JOR,bias,0.3523751399483252,37,52
PRIMARY_DELETE__HLO_to_P__primary_5y__M2__ridge__JOR,PRIMARY_DELETE,HLO_to_P,primary_5y,M2,ridge,JOR,scaled_mae,0.5804406537370737,37,52
PRIMARY_DELETE__HLO_to_P__primary_5y__M2__ridge__JOR,PRIMARY_DELETE,HLO_to_P,primary_5y,M2,ridge,JOR,scaled_mse,0.634342666519018,37,52
PRIMARY_DELETE__HLO_to_P__primary_5y__M2__ridge__JPN,PRIMARY_DELETE,HLO_to_P,primary_5y,M2,ridge,JPN,mae,5.5362748176151975,37,51
PRIMARY_DELETE__HLO_to_P__primary_5y__M2__ridge__JPN,PRIMARY_DELETE,HLO_to_P,primary_5y,M2,ridge,JPN,mse,55.08620535867475,37,51
PRIMARY_DELETE__HLO_to_P__primary_5y__M2__ridge__JPN,PRIMARY_DELETE,HLO_to_P,primary_5y,M2,ridge,JPN,rmse,7.4220081756001015,37,51
PRIMARY_DELETE__HLO_to_P__primary_5y__M2__ridge__JPN,PRIMARY_DELETE,HLO_to_P,primary_5y,M2,ridge,JPN,bias,0.11692229851591782,37,51
PRIMARY_DELETE__HLO_to_P__primary_5y__M2__ridge__JPN,PRIMARY_DELETE,HLO_to_P,primary_5y,M2,ridge,JPN,scaled_mae,0.5632414207400912,37,51
PRIMARY_DELETE__HLO_to_P__primary_5y__M2__ridge__JPN,PRIMARY_DELETE,HLO_to_P,primary_5y,M2,ridge,JPN,scaled_mse,0.5763889373112708,37,51
PRIMARY_DELETE__HLO_to_P__primary_5y__M2__ridge__KAZ,PRIMARY_DELETE,HLO_to_P,primary_5y,M2,ridge,KAZ,mae,6.1707151460676135,37,52
PRIMARY_DELETE__HLO_to_P__primary_5y__M2__ridge__KAZ,PRIMARY_DELETE,HLO_to_P,primary_5y,M2,ridge,KAZ,mse,69.06061260630217,37,52
PRIMARY_DELETE__HLO_to_P__primary_5y__M2__ridge__KAZ,PRIMARY_DELETE,HLO_to_P,primary_5y,M2,ridge,KAZ,rmse,8.310271512189129,37,52
PRIMARY_DELETE__HLO_to_P__primary_5y__M2__ridge__KAZ,PRIMARY_DELETE,HLO_to_P,primary_5y,M2,ridge,KAZ,bias,0.4062009038625498,37,52
PRIMARY_DELETE__HLO_to_P__primary_5y__M2__ridge__KAZ,PRIMARY_DELETE,HLO_to_P,primary_5y,M2,ridge,KAZ,scaled_mae,0.6033101165779006,37,52
PRIMARY_DELETE__HLO_to_P__primary_5y__M2__ridge__KAZ,PRIMARY_DELETE,HLO_to_P,primary_5y,M2,ridge,KAZ,scaled_mse,0.6692270419005665,37,52
PRIMARY_DELETE__HLO_to_P__primary_5y__M2__ridge__KOR,PRIMARY_DELETE,HLO_to_P,primary_5y,M2,ridge,KOR,mae,6.20437408226905,37,52
PRIMARY_DELETE__HLO_to_P__primary_5y__M2__ridge__KOR,PRIMARY_DELETE,HLO_to_P,primary_5y,M2,ridge,KOR,mse,69.42058686288152,37,52
PRIMARY_DELETE__HLO_to_P__primary_5y__M2__ridge__KOR,PRIMARY_DELETE,HLO_to_P,primary_5y,M2,ridge,KOR,rmse,8.331901755474648,37,52
PRIMARY_DELETE__HLO_to_P__primary_5y__M2__ridge__KOR,PRIMARY_DELETE,HLO_to_P,primary_5y,M2,ridge,KOR,bias,0.4784516758940151,37,52
PRIMARY_DELETE__HLO_to_P__primary_5y__M2__ridge__KOR,PRIMARY_DELETE,HLO_to_P,primary_5y,M2,ridge,KOR,scaled_mae,0.6103612967850794,37,52
PRIMARY_DELETE__HLO_to_P__primary_5y__M2__ridge__KOR,PRIMARY_DELETE,HLO_to_P,primary_5y,M2,ridge,KOR,scaled_mse,0.6808150347039039,37,52
PRIMARY_DELETE__HLO_to_P__primary_5y__M2__ridge__LTU,PRIMARY_DELETE,HLO_to_P,primary_5y,M2,ridge,LTU,mae,5.953320506369806,37,52
PRIMARY_DELETE__HLO_to_P__primary_5y__M2__ridge__LTU,PRIMARY_DELETE,HLO_to_P,primary_5y,M2,ridge,LTU,mse,65.63669063214867,37,52
PRIMARY_DELETE__HLO_to_P__primary_5y__M2__ridge__LTU,PRIMARY_DELETE,HLO_to_P,primary_5y,M2,ridge,LTU,rmse,8.101647402358898,37,52
PRIMARY_DELETE__HLO_to_P__primary_5y__M2__ridge__LTU,PRIMARY_DELETE,HLO_to_P,primary_5y,M2,ridge,LTU,bias,0.3668734161771984,37,52
PRIMARY_DELETE__HLO_to_P__primary_5y__M2__ridge__LTU,PRIMARY_DELETE,HLO_to_P,primary_5y,M2,ridge,LTU,scaled_mae,0.5814446399187816,37,52
PRIMARY_DELETE__HLO_to_P__primary_5y__M2__ridge__LTU,PRIMARY_DELETE,HLO_to_P,primary_5y,M2,ridge,LTU,scaled_mse,0.6333243060822048,37,52
PRIMARY_DELETE__HLO_to_P__primary_5y__M2__ridge__MAR,PRIMARY_DELETE,HLO_to_P,primary_5y,M2,ridge,MAR,mae,5.830132203803438,37,51
PRIMARY_DELETE__HLO_to_P__primary_5y__M2__ridge__MAR,PRIMARY_DELETE,HLO_to_P,primary_5y,M2,ridge,MAR,mse,61.380581543120414,37,51
PRIMARY_DELETE__HLO_to_P__primary_5y__M2__ridge__MAR,PRIMARY_DELETE,HLO_to_P,primary_5y,M2,ridge,MAR,rmse,7.834576028294091,37,51
PRIMARY_DELETE__HLO_to_P__primary_5y__M2__ridge__MAR,PRIMARY_DELETE,HLO_to_P,primary_5y,M2,ridge,MAR,bias,0.42922804916022617,37,51
PRIMARY_DELETE__HLO_to_P__primary_5y__M2__ridge__MAR,PRIMARY_DELETE,HLO_to_P,primary_5y,M2,ridge,MAR,scaled_mae,0.612734133168026,37,51
PRIMARY_DELETE__HLO_to_P__primary_5y__M2__ridge__MAR,PRIMARY_DELETE,HLO_to_P,primary_5y,M2,ridge,MAR,scaled_mse,0.6896394849163503,37,51
PRIMARY_DELETE__HLO_to_P__primary_5y__M2__ridge__MEX,PRIMARY_DELETE,HLO_to_P,primary_5y,M2,ridge,MEX,mae,5.687668653938244,37,52
PRIMARY_DELETE__HLO_to_P__primary_5y__M2__ridge__MEX,PRIMARY_DELETE,HLO_to_P,primary_5y,M2,ridge,MEX,mse,61.37461321032608,37,52
PRIMARY_DELETE__HLO_to_P__primary_5y__M2__ridge__MEX,PRIMARY_DELETE,HLO_to_P,primary_5y,M2,ridge,MEX,rmse,7.834195122048345,37,52
PRIMARY_DELETE__HLO_to_P__primary_5y__M2__ridge__MEX,PRIMARY_DELETE,HLO_to_P,primary_5y,M2,ridge,MEX,bias,0.08565273489878736,37,52
PRIMARY_DELETE__HLO_to_P__primary_5y__M2__ridge__MEX,PRIMARY_DELETE,HLO_to_P,primary_5y,M2,ridge,MEX,scaled_mae,0.5522324103502665,37,52
PRIMARY_DELETE__HLO_to_P__primary_5y__M2__ridge__MEX,PRIMARY_DELETE,HLO_to_P,primary_5y,M2,ridge,MEX,scaled_mse,0.5841666883459791,37,52
PRIMARY_DELETE__HLO_to_P__primary_5y__M2__ridge__NLD,PRIMARY_DELETE,HLO_to_P,primary_5y,M2,ridge,NLD,mae,6.059174971717613,37,51
PRIMARY_DELETE__HLO_to_P__primary_5y__M2__ridge__NLD,PRIMARY_DELETE,HLO_to_P,primary_5y,M2,ridge,NLD,mse,67.59686955412579,37,51
PRIMARY_DELETE__HLO_to_P__primary_5y__M2__ridge__NLD,PRIMARY_DELETE,HLO_to_P,primary_5y,M2,ridge,NLD,rmse,8.22173154232889,37,51
PRIMARY_DELETE__HLO_to_P__primary_5y__M2__ridge__NLD,PRIMARY_DELETE,HLO_to_P,primary_5y,M2,ridge,NLD,bias,0.4082632893745716,37,51
PRIMARY_DELETE__HLO_to_P__primary_5y__M2__ridge__NLD,PRIMARY_DELETE,HLO_to_P,primary_5y,M2,ridge,NLD,scaled_mae,0.5966621492797681,37,51
PRIMARY_DELETE__HLO_to_P__primary_5y__M2__ridge__NLD,PRIMARY_DELETE,HLO_to_P,primary_5y,M2,ridge,NLD,scaled_mse,0.664632009121248,37,51
PRIMARY_DELETE__HLO_to_P__primary_5y__M2__ridge__NOR,PRIMARY_DELETE,HLO_to_P,primary_5y,M2,ridge,NOR,mae,5.6481668446785225,37,51
PRIMARY_DELETE__HLO_to_P__primary_5y__M2__ridge__NOR,PRIMARY_DELETE,HLO_to_P,primary_5y,M2,ridge,NOR,mse,59.84008604920372,37,51
PRIMARY_DELETE__HLO_to_P__primary_5y__M2__ridge__NOR,PRIMARY_DELETE,HLO_to_P,primary_5y,M2,ridge,NOR,rmse,7.735637404196484,37,51
PRIMARY_DELETE__HLO_to_P__primary_5y__M2__ridge__NOR,PRIMARY_DELETE,HLO_to_P,primary_5y,M2,ridge,NOR,bias,0.11752374393618868,37,51
PRIMARY_DELETE__HLO_to_P__primary_5y__M2__ridge__NOR,PRIMARY_DELETE,HLO_to_P,primary_5y,M2,ridge,NOR,scaled_mae,0.5590167811379911,37,51
PRIMARY_DELETE__HLO_to_P__primary_5y__M2__ridge__NOR,PRIMARY_DELETE,HLO_to_P,primary_5y,M2,ridge,NOR,scaled_mse,0.5925424573037823,37,51
PRIMARY_DELETE__HLO_to_P__primary_5y__M2__ridge__OMN,PRIMARY_DELETE,HLO_to_P,primary_5y,M2,ridge,OMN,mae,6.145633620608701,37,52
PRIMARY_DELETE__HLO_to_P__primary_5y__M2__ridge__OMN,PRIMARY_DELETE,HLO_to_P,primary_5y,M2,ridge,OMN,mse,68.22378937684311,37,52
PRIMARY_DELETE__HLO_to_P__primary_5y__M2__ridge__OMN,PRIMARY_DELETE,HLO_to_P,primary_5y,M2,ridge,OMN,rmse,8.25976932951781,37,52
PRIMARY_DELETE__HLO_to_P__primary_5y__M2__ridge__OMN,PRIMARY_DELETE,HLO_to_P,primary_5y,M2,ridge,OMN,bias,0.42845592861838405,37,52
PRIMARY_DELETE__HLO_to_P__primary_5y__M2__ridge__OMN,PRIMARY_DELETE,HLO_to_P,primary_5y,M2,ridge,OMN,scaled_mae,0.5990720084990673,37,52
PRIMARY_DELETE__HLO_to_P__primary_5y__M2__ridge__OMN,PRIMARY_DELETE,HLO_to_P,primary_5y,M2,ridge,OMN,scaled_mse,0.6572502396004662,37,52
PRIMARY_DELETE__HLO_to_P__primary_5y__M2__ridge__PER,PRIMARY_DELETE,HLO_to_P,primary_5y,M2,ridge,PER,mae,5.415024750749854,37,52
PRIMARY_DELETE__HLO_to_P__primary_5y__M2__ridge__PER,PRIMARY_DELETE,HLO_to_P,primary_5y,M2,ridge,PER,mse,56.16126037307121,37,52
PRIMARY_DELETE__HLO_to_P__primary_5y__M2__ridge__PER,PRIMARY_DELETE,HLO_to_P,primary_5y,M2,ridge,PER,rmse,7.494081689778355,37,52
PRIMARY_DELETE__HLO_to_P__primary_5y__M2__ridge__PER,PRIMARY_DELETE,HLO_to_P,primary_5y,M2,ridge,PER,bias,0.10683756762677782,37,52
PRIMARY_DELETE__HLO_to_P__primary_5y__M2__ridge__PER,PRIMARY_DELETE,HLO_to_P,primary_5y,M2,ridge,PER,scaled_mae,0.5266520268965057,37,52
PRIMARY_DELETE__HLO_to_P__primary_5y__M2__ridge__PER,PRIMARY_DELETE,HLO_to_P,primary_5y,M2,ridge,PER,scaled_mse,0.5368932331032804,37,52
PRIMARY_DELETE__HLO_to_P__primary_5y__M2__ridge__PHL,PRIMARY_DELETE,HLO_to_P,primary_5y,M2,ridge,PHL,mae,5.1287086916697096,37,52
PRIMARY_DELETE__HLO_to_P__primary_5y__M2__ridge__PHL,PRIMARY_DELETE,HLO_to_P,primary_5y,M2,ridge,PHL,mse,50.872692512990206,37,52
PRIMARY_DELETE__HLO_to_P__primary_5y__M2__ridge__PHL,PRIMARY_DELETE,HLO_to_P,primary_5y,M2,ridge,PHL,rmse,7.132509552253695,37,52
PRIMARY_DELETE__HLO_to_P__primary_5y__M2__ridge__PHL,PRIMARY_DELETE,HLO_to_P,primary_5y,M2,ridge,PHL,bias,0.06993228560958237,37,52
PRIMARY_DELETE__HLO_to_P__primary_5y__M2__ridge__PHL,PRIMARY_DELETE,HLO_to_P,primary_5y,M2,ridge,PHL,scaled_mae,0.4982482521854699,37,52
PRIMARY_DELETE__HLO_to_P__primary_5y__M2__ridge__PHL,PRIMARY_DELETE,HLO_to_P,primary_5y,M2,ridge,PHL,scaled_mse,0.4856974308937332,37,52
PRIMARY_DELETE__HLO_to_P__primary_5y__M2__ridge__POL,PRIMARY_DELETE,HLO_to_P,primary_5y,M2,ridge,POL,mae,6.0114356863209055,37,50
PRIMARY_DELETE__HLO_to_P__primary_5y__M2__ridge__POL,PRIMARY_DELETE,HLO_to_P,primary_5y,M2,ridge,POL,mse,66.03220435450474,37,50
PRIMARY_DELETE__HLO_to_P__primary_5y__M2__ridge__POL,PRIMARY_DELETE,HLO_to_P,primary_5y,M2,ridge,POL,rmse,8.126020203919305,37,50
PRIMARY_DELETE__HLO_to_P__primary_5y__M2__ridge__POL,PRIMARY_DELETE,HLO_to_P,primary_5y,M2,ridge,POL,bias,0.3798733918370237,37,50
PRIMARY_DELETE__HLO_to_P__primary_5y__M2__ridge__POL,PRIMARY_DELETE,HLO_to_P,primary_5y,M2,ridge,POL,scaled_mae,0.5989525304449469,37,50
PRIMARY_DELETE__HLO_to_P__primary_5y__M2__ridge__POL,PRIMARY_DELETE,HLO_to_P,primary_5y,M2,ridge,POL,scaled_mse,0.6650049168838645,37,50
PRIMARY_DELETE__HLO_to_P__primary_5y__M2__ridge__QAT,PRIMARY_DELETE,HLO_to_P,primary_5y,M2,ridge,QAT,mae,6.141797152696409,37,52
PRIMARY_DELETE__HLO_to_P__primary_5y__M2__ridge__QAT,PRIMARY_DELETE,HLO_to_P,primary_5y,M2,ridge,QAT,mse,67.06996593516475,37,52
PRIMARY_DELETE__HLO_to_P__primary_5y__M2__ridge__QAT,PRIMARY_DELETE,HLO_to_P,primary_5y,M2,ridge,QAT,rmse,8.18962550640533,37,52
PRIMARY_DELETE__HLO_to_P__primary_5y__M2__ridge__QAT,PRIMARY_DELETE,HLO_to_P,primary_5y,M2,ridge,QAT,bias,0.38554679882444365,37,52
PRIMARY_DELETE__HLO_to_P__primary_5y__M2__ridge__QAT,PRIMARY_DELETE,HLO_to_P,primary_5y,M2,ridge,QAT,scaled_mae,0.599532910554951,37,52
PRIMARY_DELETE__HLO_to_P__primary_5y__M2__ridge__QAT,PRIMARY_DELETE,HLO_to_P,primary_5y,M2,ridge,QAT,scaled_mse,0.6470923502797604,37,52
PRIMARY_DELETE__HLO_to_P__primary_5y__M2__ridge__RUS,PRIMARY_DELETE,HLO_to_P,primary_5y,M2,ridge,RUS,mae,5.809705979045868,37,52
PRIMARY_DELETE__HLO_to_P__primary_5y__M2__ridge__RUS,PRIMARY_DELETE,HLO_to_P,primary_5y,M2,ridge,RUS,mse,63.18860435976287,37,52
PRIMARY_DELETE__HLO_to_P__primary_5y__M2__ridge__RUS,PRIMARY_DELETE,HLO_to_P,primary_5y,M2,ridge,RUS,rmse,7.949126012321283,37,52
PRIMARY_DELETE__HLO_to_P__primary_5y__M2__ridge__RUS,PRIMARY_DELETE,HLO_to_P,primary_5y,M2,ridge,RUS,bias,0.11801928240202056,37,52
PRIMARY_DELETE__HLO_to_P__primary_5y__M2__ridge__RUS,PRIMARY_DELETE,HLO_to_P,primary_5y,M2,ridge,RUS,scaled_mae,0.56784649427717,37,52
PRIMARY_DELETE__HLO_to_P__primary_5y__M2__ridge__RUS,PRIMARY_DELETE,HLO_to_P,primary_5y,M2,ridge,RUS,scaled_mse,0.6104776051352226,37,52
PRIMARY_DELETE__HLO_to_P__primary_5y__M2__ridge__SAU,PRIMARY_DELETE,HLO_to_P,primary_5y,M2,ridge,SAU,mae,5.732427268804596,37,51
PRIMARY_DELETE__HLO_to_P__primary_5y__M2__ridge__SAU,PRIMARY_DELETE,HLO_to_P,primary_5y,M2,ridge,SAU,mse,59.644400396376604,37,51
PRIMARY_DELETE__HLO_to_P__primary_5y__M2__ridge__SAU,PRIMARY_DELETE,HLO_to_P,primary_5y,M2,ridge,SAU,rmse,7.7229787256198374,37,51
PRIMARY_DELETE__HLO_to_P__primary_5y__M2__ridge__SAU,PRIMARY_DELETE,HLO_to_P,primary_5y,M2,ridge,SAU,bias,0.1677391854846078,37,51
PRIMARY_DELETE__HLO_to_P__primary_5y__M2__ridge__SAU,PRIMARY_DELETE,HLO_to_P,primary_5y,M2,ridge,SAU,scaled_mae,0.5640974629151002,37,51
PRIMARY_DELETE__HLO_to_P__primary_5y__M2__ridge__SAU,PRIMARY_DELETE,HLO_to_P,primary_5y,M2,ridge,SAU,scaled_mse,0.5851977037340701,37,51
PRIMARY_DELETE__HLO_to_P__primary_5y__M2__ridge__SRB,PRIMARY_DELETE,HLO_to_P,primary_5y,M2,ridge,SRB,mae,6.087119212744038,37,52
PRIMARY_DELETE__HLO_to_P__primary_5y__M2__ridge__SRB,PRIMARY_DELETE,HLO_to_P,primary_5y,M2,ridge,SRB,mse,66.07618768822427,37,52
PRIMARY_DELETE__HLO_to_P__primary_5y__M2__ridge__SRB,PRIMARY_DELETE,HLO_to_P,primary_5y,M2,ridge,SRB,rmse,8.128726080280002,37,52
PRIMARY_DELETE__HLO_to_P__primary_5y__M2__ridge__SRB,PRIMARY_DELETE,HLO_to_P,primary_5y,M2,ridge,SRB,bias,0.3701004865131265,37,52
PRIMARY_DELETE__HLO_to_P__primary_5y__M2__ridge__SRB,PRIMARY_DELETE,HLO_to_P,primary_5y,M2,ridge,SRB,scaled_mae,0.593380000620504,37,52
PRIMARY_DELETE__HLO_to_P__primary_5y__M2__ridge__SRB,PRIMARY_DELETE,HLO_to_P,primary_5y,M2,ridge,SRB,scaled_mse,0.635587284901795,37,52
PRIMARY_DELETE__HLO_to_P__primary_5y__M2__ridge__SVN,PRIMARY_DELETE,HLO_to_P,primary_5y,M2,ridge,SVN,mae,6.204724702612799,37,52
PRIMARY_DELETE__HLO_to_P__primary_5y__M2__ridge__SVN,PRIMARY_DELETE,HLO_to_P,primary_5y,M2,ridge,SVN,mse,69.15165365734711,37,52
PRIMARY_DELETE__HLO_to_P__primary_5y__M2__ridge__SVN,PRIMARY_DELETE,HLO_to_P,primary_5y,M2,ridge,SVN,rmse,8.31574733005682,37,52
PRIMARY_DELETE__HLO_to_P__primary_5y__M2__ridge__SVN,PRIMARY_DELETE,HLO_to_P,primary_5y,M2,ridge,SVN,bias,0.4879206425532261,37,52
PRIMARY_DELETE__HLO_to_P__primary_5y__M2__ridge__SVN,PRIMARY_DELETE,HLO_to_P,primary_5y,M2,ridge,SVN,scaled_mae,0.6077425647623276,37,52
PRIMARY_DELETE__HLO_to_P__primary_5y__M2__ridge__SVN,PRIMARY_DELETE,HLO_to_P,primary_5y,M2,ridge,SVN,scaled_mse,0.6706602815610597,37,52
PRIMARY_DELETE__HLO_to_P__primary_5y__M2__ridge__UKR,PRIMARY_DELETE,HLO_to_P,primary_5y,M2,ridge,UKR,mae,6.057812935047186,37,52
PRIMARY_DELETE__HLO_to_P__primary_5y__M2__ridge__UKR,PRIMARY_DELETE,HLO_to_P,primary_5y,M2,ridge,UKR,mse,66.16857020625649,37,52
PRIMARY_DELETE__HLO_to_P__primary_5y__M2__ridge__UKR,PRIMARY_DELETE,HLO_to_P,primary_5y,M2,ridge,UKR,rmse,8.134406567553437,37,52
PRIMARY_DELETE__HLO_to_P__primary_5y__M2__ridge__UKR,PRIMARY_DELETE,HLO_to_P,primary_5y,M2,ridge,UKR,bias,0.36702678095166563,37,52
PRIMARY_DELETE__HLO_to_P__primary_5y__M2__ridge__UKR,PRIMARY_DELETE,HLO_to_P,primary_5y,M2,ridge,UKR,scaled_mae,0.5900563178605593,37,52
PRIMARY_DELETE__HLO_to_P__primary_5y__M2__ridge__UKR,PRIMARY_DELETE,HLO_to_P,primary_5y,M2,ridge,UKR,scaled_mse,0.6353505076653401,37,52
PRIMARY_DELETE__HLO_to_P__primary_5y__M2__ridge__USA,PRIMARY_DELETE,HLO_to_P,primary_5y,M2,ridge,USA,mae,5.829799340328342,37,52
PRIMARY_DELETE__HLO_to_P__primary_5y__M2__ridge__USA,PRIMARY_DELETE,HLO_to_P,primary_5y,M2,ridge,USA,mse,63.1287115448509,37,52
PRIMARY_DELETE__HLO_to_P__primary_5y__M2__ridge__USA,PRIMARY_DELETE,HLO_to_P,primary_5y,M2,ridge,USA,rmse,7.9453578613458875,37,52
PRIMARY_DELETE__HLO_to_P__primary_5y__M2__ridge__USA,PRIMARY_DELETE,HLO_to_P,primary_5y,M2,ridge,USA,bias,0.14650209326425365,37,52
PRIMARY_DELETE__HLO_to_P__primary_5y__M2__ridge__USA,PRIMARY_DELETE,HLO_to_P,primary_5y,M2,ridge,USA,scaled_mae,0.5666638191608773,37,52
PRIMARY_DELETE__HLO_to_P__primary_5y__M2__ridge__USA,PRIMARY_DELETE,HLO_to_P,primary_5y,M2,ridge,USA,scaled_mse,0.6030727249221606,37,52
PRIMARY_DELETE__HLO_to_P__primary_5y__M2__ridge__ZAF,PRIMARY_DELETE,HLO_to_P,primary_5y,M2,ridge,ZAF,mae,5.903140233774375,37,51
PRIMARY_DELETE__HLO_to_P__primary_5y__M2__ridge__ZAF,PRIMARY_DELETE,HLO_to_P,primary_5y,M2,ridge,ZAF,mse,61.213018879995914,37,51
PRIMARY_DELETE__HLO_to_P__primary_5y__M2__ridge__ZAF,PRIMARY_DELETE,HLO_to_P,primary_5y,M2,ridge,ZAF,rmse,7.823874927425407,37,51
PRIMARY_DELETE__HLO_to_P__primary_5y__M2__ridge__ZAF,PRIMARY_DELETE,HLO_to_P,primary_5y,M2,ridge,ZAF,bias,0.2994829224446585,37,51
PRIMARY_DELETE__HLO_to_P__primary_5y__M2__ridge__ZAF,PRIMARY_DELETE,HLO_to_P,primary_5y,M2,ridge,ZAF,scaled_mae,0.6154378080353026,37,51
PRIMARY_DELETE__HLO_to_P__primary_5y__M2__ridge__ZAF,PRIMARY_DELETE,HLO_to_P,primary_5y,M2,ridge,ZAF,scaled_mse,0.6755756315782097,37,51
PRIMARY_DELETE__HLO_to_P__primary_5y__M3__ridge__AUS,PRIMARY_DELETE,HLO_to_P,primary_5y,M3,ridge,AUS,mae,5.617395518548188,37,52
PRIMARY_DELETE__HLO_to_P__primary_5y__M3__ridge__AUS,PRIMARY_DELETE,HLO_to_P,primary_5y,M3,ridge,AUS,mse,58.878881927619666,37,52
PRIMARY_DELETE__HLO_to_P__primary_5y__M3__ridge__AUS,PRIMARY_DELETE,HLO_to_P,primary_5y,M3,ridge,AUS,rmse,7.673257582514721,37,52
PRIMARY_DELETE__HLO_to_P__primary_5y__M3__ridge__AUS,PRIMARY_DELETE,HLO_to_P,primary_5y,M3,ridge,AUS,bias,0.15210681091638423,37,52
PRIMARY_DELETE__HLO_to_P__primary_5y__M3__ridge__AUS,PRIMARY_DELETE,HLO_to_P,primary_5y,M3,ridge,AUS,scaled_mae,0.5487806444795211,37,52
PRIMARY_DELETE__HLO_to_P__primary_5y__M3__ridge__AUS,PRIMARY_DELETE,HLO_to_P,primary_5y,M3,ridge,AUS,scaled_mse,0.5666658086792762,37,52
PRIMARY_DELETE__HLO_to_P__primary_5y__M3__ridge__AUT,PRIMARY_DELETE,HLO_to_P,primary_5y,M3,ridge,AUT,mae,5.617343224683335,37,52
PRIMARY_DELETE__HLO_to_P__primary_5y__M3__ridge__AUT,PRIMARY_DELETE,HLO_to_P,primary_5y,M3,ridge,AUT,mse,60.74795572534396,37,52
PRIMARY_DELETE__HLO_to_P__primary_5y__M3__ridge__AUT,PRIMARY_DELETE,HLO_to_P,primary_5y,M3,ridge,AUT,rmse,7.794097492676363,37,52
PRIMARY_DELETE__HLO_to_P__primary_5y__M3__ridge__AUT,PRIMARY_DELETE,HLO_to_P,primary_5y,M3,ridge,AUT,bias,0.33066358392962186,37,52
PRIMARY_DELETE__HLO_to_P__primary_5y__M3__ridge__AUT,PRIMARY_DELETE,HLO_to_P,primary_5y,M3,ridge,AUT,scaled_mae,0.55729035467853,37,52
PRIMARY_DELETE__HLO_to_P__primary_5y__M3__ridge__AUT,PRIMARY_DELETE,HLO_to_P,primary_5y,M3,ridge,AUT,scaled_mse,0.6039773969490124,37,52
PRIMARY_DELETE__HLO_to_P__primary_5y__M3__ridge__BHR,PRIMARY_DELETE,HLO_to_P,primary_5y,M3,ridge,BHR,mae,5.625883066488226,37,52
PRIMARY_DELETE__HLO_to_P__primary_5y__M3__ridge__BHR,PRIMARY_DELETE,HLO_to_P,primary_5y,M3,ridge,BHR,mse,60.81392599109201,37,52
PRIMARY_DELETE__HLO_to_P__primary_5y__M3__ridge__BHR,PRIMARY_DELETE,HLO_to_P,primary_5y,M3,ridge,BHR,rmse,7.798328410056351,37,52
PRIMARY_DELETE__HLO_to_P__primary_5y__M3__ridge__BHR,PRIMARY_DELETE,HLO_to_P,primary_5y,M3,ridge,BHR,bias,0.30449446321678414,37,52
PRIMARY_DELETE__HLO_to_P__primary_5y__M3__ridge__BHR,PRIMARY_DELETE,HLO_to_P,primary_5y,M3,ridge,BHR,scaled_mae,0.5484967952108993,37,52
PRIMARY_DELETE__HLO_to_P__primary_5y__M3__ridge__BHR,PRIMARY_DELETE,HLO_to_P,primary_5y,M3,ridge,BHR,scaled_mse,0.5834097142774194,37,52
PRIMARY_DELETE__HLO_to_P__primary_5y__M3__ridge__BRA,PRIMARY_DELETE,HLO_to_P,primary_5y,M3,ridge,BRA,mae,5.501009865174698,37,51
PRIMARY_DELETE__HLO_to_P__primary_5y__M3__ridge__BRA,PRIMARY_DELETE,HLO_to_P,primary_5y,M3,ridge,BRA,mse,57.90914802400369,37,51
PRIMARY_DELETE__HLO_to_P__primary_5y__M3__ridge__BRA,PRIMARY_DELETE,HLO_to_P,primary_5y,M3,ridge,BRA,rmse,7.609806043783488,37,51
PRIMARY_DELETE__HLO_to_P__primary_5y__M3__ridge__BRA,PRIMARY_DELETE,HLO_to_P,primary_5y,M3,ridge,BRA,bias,0.13281682806992146,37,51
PRIMARY_DELETE__HLO_to_P__primary_5y__M3__ridge__BRA,PRIMARY_DELETE,HLO_to_P,primary_5y,M3,ridge,BRA,scaled_mae,0.5340938529126567,37,51
PRIMARY_DELETE__HLO_to_P__primary_5y__M3__ridge__BRA,PRIMARY_DELETE,HLO_to_P,primary_5y,M3,ridge,BRA,scaled_mse,0.5502413092181285,37,51
PRIMARY_DELETE__HLO_to_P__primary_5y__M3__ridge__CHL,PRIMARY_DELETE,HLO_to_P,primary_5y,M3,ridge,CHL,mae,5.688115720159415,37,51
PRIMARY_DELETE__HLO_to_P__primary_5y__M3__ridge__CHL,PRIMARY_DELETE,HLO_to_P,primary_5y,M3,ridge,CHL,mse,61.42396760605715,37,51
PRIMARY_DELETE__HLO_to_P__primary_5y__M3__ridge__CHL,PRIMARY_DELETE,HLO_to_P,primary_5y,M3,ridge,CHL,rmse,7.837344423084719,37,51
PRIMARY_DELETE__HLO_to_P__primary_5y__M3__ridge__CHL,PRIMARY_DELETE,HLO_to_P,primary_5y,M3,ridge,CHL,bias,0.47634080195247314,37,51
PRIMARY_DELETE__HLO_to_P__primary_5y__M3__ridge__CHL,PRIMARY_DELETE,HLO_to_P,primary_5y,M3,ridge,CHL,scaled_mae,0.5621413948980448,37,51
PRIMARY_DELETE__HLO_to_P__primary_5y__M3__ridge__CHL,PRIMARY_DELETE,HLO_to_P,primary_5y,M3,ridge,CHL,scaled_mse,0.6079953965543892,37,51
PRIMARY_DELETE__HLO_to_P__primary_5y__M3__ridge__COL,PRIMARY_DELETE,HLO_to_P,primary_5y,M3,ridge,COL,mae,5.980237263654934,37,52
PRIMARY_DELETE__HLO_to_P__primary_5y__M3__ridge__COL,PRIMARY_DELETE,HLO_to_P,primary_5y,M3,ridge,COL,mse,65.13235830366145,37,52
PRIMARY_DELETE__HLO_to_P__primary_5y__M3__ridge__COL,PRIMARY_DELETE,HLO_to_P,primary_5y,M3,ridge,COL,rmse,8.070462087369066,37,52
PRIMARY_DELETE__HLO_to_P__primary_5y__M3__ridge__COL,PRIMARY_DELETE,HLO_to_P,primary_5y,M3,ridge,COL,bias,0.3223438998931592,37,52
PRIMARY_DELETE__HLO_to_P__primary_5y__M3__ridge__COL,PRIMARY_DELETE,HLO_to_P,primary_5y,M3,ridge,COL,scaled_mae,0.5829981548744708,37,52
PRIMARY_DELETE__HLO_to_P__primary_5y__M3__ridge__COL,PRIMARY_DELETE,HLO_to_P,primary_5y,M3,ridge,COL,scaled_mse,0.6267381104609756,37,52
PRIMARY_DELETE__HLO_to_P__primary_5y__M3__ridge__CRI,PRIMARY_DELETE,HLO_to_P,primary_5y,M3,ridge,CRI,mae,5.846914349229231,37,52
PRIMARY_DELETE__HLO_to_P__primary_5y__M3__ridge__CRI,PRIMARY_DELETE,HLO_to_P,primary_5y,M3,ridge,CRI,mse,63.59864503150422,37,52
PRIMARY_DELETE__HLO_to_P__primary_5y__M3__ridge__CRI,PRIMARY_DELETE,HLO_to_P,primary_5y,M3,ridge,CRI,rmse,7.974875863078009,37,52
PRIMARY_DELETE__HLO_to_P__primary_5y__M3__ridge__CRI,PRIMARY_DELETE,HLO_to_P,primary_5y,M3,ridge,CRI,bias,0.42530225165057434,37,52
PRIMARY_DELETE__HLO_to_P__primary_5y__M3__ridge__CRI,PRIMARY_DELETE,HLO_to_P,primary_5y,M3,ridge,CRI,scaled_mae,0.5694301759535401,37,52
PRIMARY_DELETE__HLO_to_P__primary_5y__M3__ridge__CRI,PRIMARY_DELETE,HLO_to_P,primary_5y,M3,ridge,CRI,scaled_mse,0.6104167016625149,37,52
PRIMARY_DELETE__HLO_to_P__primary_5y__M3__ridge__DEU,PRIMARY_DELETE,HLO_to_P,primary_5y,M3,ridge,DEU,mae,5.739771759388326,37,50
PRIMARY_DELETE__HLO_to_P__primary_5y__M3__ridge__DEU,PRIMARY_DELETE,HLO_to_P,primary_5y,M3,ridge,DEU,mse,61.50392248995743,37,50
PRIMARY_DELETE__HLO_to_P__primary_5y__M3__ridge__DEU,PRIMARY_DELETE,HLO_to_P,primary_5y,M3,ridge,DEU,rmse,7.8424436555169095,37,50
PRIMARY_DELETE__HLO_to_P__primary_5y__M3__ridge__DEU,PRIMARY_DELETE,HLO_to_P,primary_5y,M3,ridge,DEU,bias,0.33564393125999203,37,50
PRIMARY_DELETE__HLO_to_P__primary_5y__M3__ridge__DEU,PRIMARY_DELETE,HLO_to_P,primary_5y,M3,ridge,DEU,scaled_mae,0.5663141206449255,37,50
PRIMARY_DELETE__HLO_to_P__primary_5y__M3__ridge__DEU,PRIMARY_DELETE,HLO_to_P,primary_5y,M3,ridge,DEU,scaled_mse,0.6049672832498443,37,50
PRIMARY_DELETE__HLO_to_P__primary_5y__M3__ridge__EGY,PRIMARY_DELETE,HLO_to_P,primary_5y,M3,ridge,EGY,mae,5.657450396787618,37,52
PRIMARY_DELETE__HLO_to_P__primary_5y__M3__ridge__EGY,PRIMARY_DELETE,HLO_to_P,primary_5y,M3,ridge,EGY,mse,62.05069980003282,37,52
PRIMARY_DELETE__HLO_to_P__primary_5y__M3__ridge__EGY,PRIMARY_DELETE,HLO_to_P,primary_5y,M3,ridge,EGY,rmse,7.877226656637018,37,52
PRIMARY_DELETE__HLO_to_P__primary_5y__M3__ridge__EGY,PRIMARY_DELETE,HLO_to_P,primary_5y,M3,ridge,EGY,bias,0.44538806283690197,37,52
PRIMARY_DELETE__HLO_to_P__primary_5y__M3__ridge__EGY,PRIMARY_DELETE,HLO_to_P,primary_5y,M3,ridge,EGY,scaled_mae,0.5506525487558022,37,52
PRIMARY_DELETE__HLO_to_P__primary_5y__M3__ridge__EGY,PRIMARY_DELETE,HLO_to_P,primary_5y,M3,ridge,EGY,scaled_mse,0.592862411209602,37,52
PRIMARY_DELETE__HLO_to_P__primary_5y__M3__ridge__ESP,PRIMARY_DELETE,HLO_to_P,primary_5y,M3,ridge,ESP,mae,5.749110560222729,37,52
PRIMARY_DELETE__HLO_to_P__primary_5y__M3__ridge__ESP,PRIMARY_DELETE,HLO_to_P,primary_5y,M3,ridge,ESP,mse,61.17425952804182,37,52
PRIMARY_DELETE__HLO_to_P__primary_5y__M3__ridge__ESP,PRIMARY_DELETE,HLO_to_P,primary_5y,M3,ridge,ESP,rmse,7.821397543153131,37,52
PRIMARY_DELETE__HLO_to_P__primary_5y__M3__ridge__ESP,PRIMARY_DELETE,HLO_to_P,primary_5y,M3,ridge,ESP,bias,0.38188471853629197,37,52
PRIMARY_DELETE__HLO_to_P__primary_5y__M3__ridge__ESP,PRIMARY_DELETE,HLO_to_P,primary_5y,M3,ridge,ESP,scaled_mae,0.5600134149849412,37,52
PRIMARY_DELETE__HLO_to_P__primary_5y__M3__ridge__ESP,PRIMARY_DELETE,HLO_to_P,primary_5y,M3,ridge,ESP,scaled_mse,0.585805851079647,37,52
PRIMARY_DELETE__HLO_to_P__primary_5y__M3__ridge__FIN,PRIMARY_DELETE,HLO_to_P,primary_5y,M3,ridge,FIN,mae,5.890326134617627,37,52
PRIMARY_DELETE__HLO_to_P__primary_5y__M3__ridge__FIN,PRIMARY_DELETE,HLO_to_P,primary_5y,M3,ridge,FIN,mse,63.81510337336597,37,52
PRIMARY_DELETE__HLO_to_P__primary_5y__M3__ridge__FIN,PRIMARY_DELETE,HLO_to_P,primary_5y,M3,ridge,FIN,rmse,7.988435602379603,37,52
PRIMARY_DELETE__HLO_to_P__primary_5y__M3__ridge__FIN,PRIMARY_DELETE,HLO_to_P,primary_5y,M3,ridge,FIN,bias,0.4101269464434057,37,52
PRIMARY_DELETE__HLO_to_P__primary_5y__M3__ridge__FIN,PRIMARY_DELETE,HLO_to_P,primary_5y,M3,ridge,FIN,scaled_mae,0.5820196217347311,37,52
PRIMARY_DELETE__HLO_to_P__primary_5y__M3__ridge__FIN,PRIMARY_DELETE,HLO_to_P,primary_5y,M3,ridge,FIN,scaled_mse,0.6304331261107611,37,52
PRIMARY_DELETE__HLO_to_P__primary_5y__M3__ridge__GHA,PRIMARY_DELETE,HLO_to_P,primary_5y,M3,ridge,GHA,mae,5.676412613184341,37,52
PRIMARY_DELETE__HLO_to_P__primary_5y__M3__ridge__GHA,PRIMARY_DELETE,HLO_to_P,primary_5y,M3,ridge,GHA,mse,58.21046096609554,37,52
PRIMARY_DELETE__HLO_to_P__primary_5y__M3__ridge__GHA,PRIMARY_DELETE,HLO_to_P,primary_5y,M3,ridge,GHA,rmse,7.629578033292243,37,52
PRIMARY_DELETE__HLO_to_P__primary_5y__M3__ridge__GHA,PRIMARY_DELETE,HLO_to_P,primary_5y,M3,ridge,GHA,bias,-0.16113676023770174,37,52
PRIMARY_DELETE__HLO_to_P__primary_5y__M3__ridge__GHA,PRIMARY_DELETE,HLO_to_P,primary_5y,M3,ridge,GHA,scaled_mae,0.606755326009526,37,52
PRIMARY_DELETE__HLO_to_P__primary_5y__M3__ridge__GHA,PRIMARY_DELETE,HLO_to_P,primary_5y,M3,ridge,GHA,scaled_mse,0.6816236134876703,37,52
PRIMARY_DELETE__HLO_to_P__primary_5y__M3__ridge__HRV,PRIMARY_DELETE,HLO_to_P,primary_5y,M3,ridge,HRV,mae,5.7783463367376084,37,52
PRIMARY_DELETE__HLO_to_P__primary_5y__M3__ridge__HRV,PRIMARY_DELETE,HLO_to_P,primary_5y,M3,ridge,HRV,mse,61.89541343033203,37,52
PRIMARY_DELETE__HLO_to_P__primary_5y__M3__ridge__HRV,PRIMARY_DELETE,HLO_to_P,primary_5y,M3,ridge,HRV,rmse,7.867363817082062,37,52
PRIMARY_DELETE__HLO_to_P__primary_5y__M3__ridge__HRV,PRIMARY_DELETE,HLO_to_P,primary_5y,M3,ridge,HRV,bias,0.41737843302482064,37,52
PRIMARY_DELETE__HLO_to_P__primary_5y__M3__ridge__HRV,PRIMARY_DELETE,HLO_to_P,primary_5y,M3,ridge,HRV,scaled_mae,0.5627363774355548,37,52
PRIMARY_DELETE__HLO_to_P__primary_5y__M3__ridge__HRV,PRIMARY_DELETE,HLO_to_P,primary_5y,M3,ridge,HRV,scaled_mse,0.5940750544475194,37,52
PRIMARY_DELETE__HLO_to_P__primary_5y__M3__ridge__IDN,PRIMARY_DELETE,HLO_to_P,primary_5y,M3,ridge,IDN,mae,5.6493937834092,37,50
PRIMARY_DELETE__HLO_to_P__primary_5y__M3__ridge__IDN,PRIMARY_DELETE,HLO_to_P,primary_5y,M3,ridge,IDN,mse,59.60267971493269,37,50
PRIMARY_DELETE__HLO_to_P__primary_5y__M3__ridge__IDN,PRIMARY_DELETE,HLO_to_P,primary_5y,M3,ridge,IDN,rmse,7.720277178633724,37,50
PRIMARY_DELETE__HLO_to_P__primary_5y__M3__ridge__IDN,PRIMARY_DELETE,HLO_to_P,primary_5y,M3,ridge,IDN,bias,0.2508653823499847,37,50
PRIMARY_DELETE__HLO_to_P__primary_5y__M3__ridge__IDN,PRIMARY_DELETE,HLO_to_P,primary_5y,M3,ridge,IDN,scaled_mae,0.5580962767660722,37,50
PRIMARY_DELETE__HLO_to_P__primary_5y__M3__ridge__IDN,PRIMARY_DELETE,HLO_to_P,primary_5y,M3,ridge,IDN,scaled_mse,0.5873238523730928,37,50
PRIMARY_DELETE__HLO_to_P__primary_5y__M3__ridge__IRN,PRIMARY_DELETE,HLO_to_P,primary_5y,M3,ridge,IRN,mae,5.814047703786714,37,52
PRIMARY_DELETE__HLO_to_P__primary_5y__M3__ridge__IRN,PRIMARY_DELETE,HLO_to_P,primary_5y,M3,ridge,IRN,mse,64.7243688302014,37,52
PRIMARY_DELETE__HLO_to_P__primary_5y__M3__ridge__IRN,PRIMARY_DELETE,HLO_to_P,primary_5y,M3,ridge,IRN,rmse,8.04514566867508,37,52
PRIMARY_DELETE__HLO_to_P__primary_5y__M3__ridge__IRN,PRIMARY_DELETE,HLO_to_P,primary_5y,M3,ridge,IRN,bias,0.4817129775650886,37,52
PRIMARY_DELETE__HLO_to_P__primary_5y__M3__ridge__IRN,PRIMARY_DELETE,HLO_to_P,primary_5y,M3,ridge,IRN,scaled_mae,0.5783137579624181,37,52
PRIMARY_DELETE__HLO_to_P__primary_5y__M3__ridge__IRN,PRIMARY_DELETE,HLO_to_P,primary_5y,M3,ridge,IRN,scaled_mse,0.6490701761911577,37,52
PRIMARY_DELETE__HLO_to_P__primary_5y__M3__ridge__ISL,PRIMARY_DELETE,HLO_to_P,primary_5y,M3,ridge,ISL,mae,5.742135986707032,37,52
PRIMARY_DELETE__HLO_to_P__primary_5y__M3__ridge__ISL,PRIMARY_DELETE,HLO_to_P,primary_5y,M3,ridge,ISL,mse,62.357807954794815,37,52
PRIMARY_DELETE__HLO_to_P__primary_5y__M3__ridge__ISL,PRIMARY_DELETE,HLO_to_P,primary_5y,M3,ridge,ISL,rmse,7.896696015093579,37,52
PRIMARY_DELETE__HLO_to_P__primary_5y__M3__ridge__ISL,PRIMARY_DELETE,HLO_to_P,primary_5y,M3,ridge,ISL,bias,0.41421910106615417,37,52
PRIMARY_DELETE__HLO_to_P__primary_5y__M3__ridge__ISL,PRIMARY_DELETE,HLO_to_P,primary_5y,M3,ridge,ISL,scaled_mae,0.5674384581714846,37,52
PRIMARY_DELETE__HLO_to_P__primary_5y__M3__ridge__ISL,PRIMARY_DELETE,HLO_to_P,primary_5y,M3,ridge,ISL,scaled_mse,0.6164690346394871,37,52
PRIMARY_DELETE__HLO_to_P__primary_5y__M3__ridge__ITA,PRIMARY_DELETE,HLO_to_P,primary_5y,M3,ridge,ITA,mae,5.699440919765138,37,51
PRIMARY_DELETE__HLO_to_P__primary_5y__M3__ridge__ITA,PRIMARY_DELETE,HLO_to_P,primary_5y,M3,ridge,ITA,mse,60.027163074078054,37,51
PRIMARY_DELETE__HLO_to_P__primary_5y__M3__ridge__ITA,PRIMARY_DELETE,HLO_to_P,primary_5y,M3,ridge,ITA,rmse,7.747719862906638,37,51
PRIMARY_DELETE__HLO_to_P__primary_5y__M3__ridge__ITA,PRIMARY_DELETE,HLO_to_P,primary_5y,M3,ridge,ITA,bias,0.3568532502323632,37,51
PRIMARY_DELETE__HLO_to_P__primary_5y__M3__ridge__ITA,PRIMARY_DELETE,HLO_to_P,primary_5y,M3,ridge,ITA,scaled_mae,0.5547787762815166,37,51
PRIMARY_DELETE__HLO_to_P__primary_5y__M3__ridge__ITA,PRIMARY_DELETE,HLO_to_P,primary_5y,M3,ridge,ITA,scaled_mse,0.5743312422845939,37,51
PRIMARY_DELETE__HLO_to_P__primary_5y__M3__ridge__JOR,PRIMARY_DELETE,HLO_to_P,primary_5y,M3,ridge,JOR,mae,5.093952695304597,37,52
PRIMARY_DELETE__HLO_to_P__primary_5y__M3__ridge__JOR,PRIMARY_DELETE,HLO_to_P,primary_5y,M3,ridge,JOR,mse,48.372857189338575,37,52
PRIMARY_DELETE__HLO_to_P__primary_5y__M3__ridge__JOR,PRIMARY_DELETE,HLO_to_P,primary_5y,M3,ridge,JOR,rmse,6.955059826438489,37,52
PRIMARY_DELETE__HLO_to_P__primary_5y__M3__ridge__JOR,PRIMARY_DELETE,HLO_to_P,primary_5y,M3,ridge,JOR,bias,-0.03826703433419203,37,52
PRIMARY_DELETE__HLO_to_P__primary_5y__M3__ridge__JOR,PRIMARY_DELETE,HLO_to_P,primary_5y,M3,ridge,JOR,scaled_mae,0.5144194238968305,37,52
PRIMARY_DELETE__HLO_to_P__primary_5y__M3__ridge__JOR,PRIMARY_DELETE,HLO_to_P,primary_5y,M3,ridge,JOR,scaled_mse,0.4962087529169093,37,52
PRIMARY_DELETE__HLO_to_P__primary_5y__M3__ridge__JPN,PRIMARY_DELETE,HLO_to_P,primary_5y,M3,ridge,JPN,mae,5.414925447089686,37,51
PRIMARY_DELETE__HLO_to_P__primary_5y__M3__ridge__JPN,PRIMARY_DELETE,HLO_to_P,primary_5y,M3,ridge,JPN,mse,53.92183499275472,37,51
PRIMARY_DELETE__HLO_to_P__primary_5y__M3__ridge__JPN,PRIMARY_DELETE,HLO_to_P,primary_5y,M3,ridge,JPN,rmse,7.343148847242218,37,51
PRIMARY_DELETE__HLO_to_P__primary_5y__M3__ridge__JPN,PRIMARY_DELETE,HLO_to_P,primary_5y,M3,ridge,JPN,bias,0.2669661221431749,37,51
PRIMARY_DELETE__HLO_to_P__primary_5y__M3__ridge__JPN,PRIMARY_DELETE,HLO_to_P,primary_5y,M3,ridge,JPN,scaled_mae,0.5522985186988367,37,51
PRIMARY_DELETE__HLO_to_P__primary_5y__M3__ridge__JPN,PRIMARY_DELETE,HLO_to_P,primary_5y,M3,ridge,JPN,scaled_mse,0.5675342179380901,37,51
PRIMARY_DELETE__HLO_to_P__primary_5y__M3__ridge__KAZ,PRIMARY_DELETE,HLO_to_P,primary_5y,M3,ridge,KAZ,mae,5.744179922580089,37,52
PRIMARY_DELETE__HLO_to_P__primary_5y__M3__ridge__KAZ,PRIMARY_DELETE,HLO_to_P,primary_5y,M3,ridge,KAZ,mse,61.16094787924173,37,52
PRIMARY_DELETE__HLO_to_P__primary_5y__M3__ridge__KAZ,PRIMARY_DELETE,HLO_to_P,primary_5y,M3,ridge,KAZ,rmse,7.820546520495977,37,52
PRIMARY_DELETE__HLO_to_P__primary_5y__M3__ridge__KAZ,PRIMARY_DELETE,HLO_to_P,primary_5y,M3,ridge,KAZ,bias,0.31735085663705276,37,52
PRIMARY_DELETE__HLO_to_P__primary_5y__M3__ridge__KAZ,PRIMARY_DELETE,HLO_to_P,primary_5y,M3,ridge,KAZ,scaled_mae,0.5614460506601645,37,52
PRIMARY_DELETE__HLO_to_P__primary_5y__M3__ridge__KAZ,PRIMARY_DELETE,HLO_to_P,primary_5y,M3,ridge,KAZ,scaled_mse,0.5911737121428345,37,52
PRIMARY_DELETE__HLO_to_P__primary_5y__M3__ridge__KOR,PRIMARY_DELETE,HLO_to_P,primary_5y,M3,ridge,KOR,mae,5.897058160352026,37,52
PRIMARY_DELETE__HLO_to_P__primary_5y__M3__ridge__KOR,PRIMARY_DELETE,HLO_to_P,primary_5y,M3,ridge,KOR,mse,63.828714562239576,37,52
PRIMARY_DELETE__HLO_to_P__primary_5y__M3__ridge__KOR,PRIMARY_DELETE,HLO_to_P,primary_5y,M3,ridge,KOR,rmse,7.989287487770081,37,52
PRIMARY_DELETE__HLO_to_P__primary_5y__M3__ridge__KOR,PRIMARY_DELETE,HLO_to_P,primary_5y,M3,ridge,KOR,bias,0.41896275756996887,37,52
PRIMARY_DELETE__HLO_to_P__primary_5y__M3__ridge__KOR,PRIMARY_DELETE,HLO_to_P,primary_5y,M3,ridge,KOR,scaled_mae,0.5797909069733684,37,52
PRIMARY_DELETE__HLO_to_P__primary_5y__M3__ridge__KOR,PRIMARY_DELETE,HLO_to_P,primary_5y,M3,ridge,KOR,scaled_mse,0.6241927745937831,37,52
PRIMARY_DELETE__HLO_to_P__primary_5y__M3__ridge__LTU,PRIMARY_DELETE,HLO_to_P,primary_5y,M3,ridge,LTU,mae,5.73732054106501,37,52
PRIMARY_DELETE__HLO_to_P__primary_5y__M3__ridge__LTU,PRIMARY_DELETE,HLO_to_P,primary_5y,M3,ridge,LTU,mse,60.77011095742558,37,52
PRIMARY_DELETE__HLO_to_P__primary_5y__M3__ridge__LTU,PRIMARY_DELETE,HLO_to_P,primary_5y,M3,ridge,LTU,rmse,7.795518645826305,37,52
PRIMARY_DELETE__HLO_to_P__primary_5y__M3__ridge__LTU,PRIMARY_DELETE,HLO_to_P,primary_5y,M3,ridge,LTU,bias,0.3328305361395935,37,52
PRIMARY_DELETE__HLO_to_P__primary_5y__M3__ridge__LTU,PRIMARY_DELETE,HLO_to_P,primary_5y,M3,ridge,LTU,scaled_mae,0.5601028227803445,37,52
PRIMARY_DELETE__HLO_to_P__primary_5y__M3__ridge__LTU,PRIMARY_DELETE,HLO_to_P,primary_5y,M3,ridge,LTU,scaled_mse,0.5855442588495544,37,52
PRIMARY_DELETE__HLO_to_P__primary_5y__M3__ridge__MAR,PRIMARY_DELETE,HLO_to_P,primary_5y,M3,ridge,MAR,mae,5.434009804823813,37,51
PRIMARY_DELETE__HLO_to_P__primary_5y__M3__ridge__MAR,PRIMARY_DELETE,HLO_to_P,primary_5y,M3,ridge,MAR,mse,52.05560209813332,37,51
PRIMARY_DELETE__HLO_to_P__primary_5y__M3__ridge__MAR,PRIMARY_DELETE,HLO_to_P,primary_5y,M3,ridge,MAR,rmse,7.214956832728337,37,51
PRIMARY_DELETE__HLO_to_P__primary_5y__M3__ridge__MAR,PRIMARY_DELETE,HLO_to_P,primary_5y,M3,ridge,MAR,bias,0.1080016957899498,37,51
PRIMARY_DELETE__HLO_to_P__primary_5y__M3__ridge__MAR,PRIMARY_DELETE,HLO_to_P,primary_5y,M3,ridge,MAR,scaled_mae,0.571192903653923,37,51
PRIMARY_DELETE__HLO_to_P__primary_5y__M3__ridge__MAR,PRIMARY_DELETE,HLO_to_P,primary_5y,M3,ridge,MAR,scaled_mse,0.5851955892995306,37,51
PRIMARY_DELETE__HLO_to_P__primary_5y__M3__ridge__MEX,PRIMARY_DELETE,HLO_to_P,primary_5y,M3,ridge,MEX,mae,5.77244914636111,37,52
PRIMARY_DELETE__HLO_to_P__primary_5y__M3__ridge__MEX,PRIMARY_DELETE,HLO_to_P,primary_5y,M3,ridge,MEX,mse,63.27481325974684,37,52
PRIMARY_DELETE__HLO_to_P__primary_5y__M3__ridge__MEX,PRIMARY_DELETE,HLO_to_P,primary_5y,M3,ridge,MEX,rmse,7.954546703599574,37,52
PRIMARY_DELETE__HLO_to_P__primary_5y__M3__ridge__MEX,PRIMARY_DELETE,HLO_to_P,primary_5y,M3,ridge,MEX,bias,0.41189324776670416,37,52
PRIMARY_DELETE__HLO_to_P__primary_5y__M3__ridge__MEX,PRIMARY_DELETE,HLO_to_P,primary_5y,M3,ridge,MEX,scaled_mae,0.562253925205471,37,52
PRIMARY_DELETE__HLO_to_P__primary_5y__M3__ridge__MEX,PRIMARY_DELETE,HLO_to_P,primary_5y,M3,ridge,MEX,scaled_mse,0.6069112113882125,37,52
PRIMARY_DELETE__HLO_to_P__primary_5y__M3__ridge__NLD,PRIMARY_DELETE,HLO_to_P,primary_5y,M3,ridge,NLD,mae,5.8099161462077396,37,51
PRIMARY_DELETE__HLO_to_P__primary_5y__M3__ridge__NLD,PRIMARY_DELETE,HLO_to_P,primary_5y,M3,ridge,NLD,mse,63.187513274471684,37,51
PRIMARY_DELETE__HLO_to_P__primary_5y__M3__ridge__NLD,PRIMARY_DELETE,HLO_to_P,primary_5y,M3,ridge,NLD,rmse,7.949057382763801,37,51
PRIMARY_DELETE__HLO_to_P__primary_5y__M3__ridge__NLD,PRIMARY_DELETE,HLO_to_P,primary_5y,M3,ridge,NLD,bias,0.4063833720659447,37,51
PRIMARY_DELETE__HLO_to_P__primary_5y__M3__ridge__NLD,PRIMARY_DELETE,HLO_to_P,primary_5y,M3,ridge,NLD,scaled_mae,0.5713892140471754,37,51
PRIMARY_DELETE__HLO_to_P__primary_5y__M3__ridge__NLD,PRIMARY_DELETE,HLO_to_P,primary_5y,M3,ridge,NLD,scaled_mse,0.6170441454213426,37,51
PRIMARY_DELETE__HLO_to_P__primary_5y__M3__ridge__NOR,PRIMARY_DELETE,HLO_to_P,primary_5y,M3,ridge,NOR,mae,5.663894822176555,37,51
PRIMARY_DELETE__HLO_to_P__primary_5y__M3__ridge__NOR,PRIMARY_DELETE,HLO_to_P,primary_5y,M3,ridge,NOR,mse,58.72703700384411,37,51
PRIMARY_DELETE__HLO_to_P__primary_5y__M3__ridge__NOR,PRIMARY_DELETE,HLO_to_P,primary_5y,M3,ridge,NOR,rmse,7.663356771274851,37,51
PRIMARY_DELETE__HLO_to_P__primary_5y__M3__ridge__NOR,PRIMARY_DELETE,HLO_to_P,primary_5y,M3,ridge,NOR,bias,0.3754727728614514,37,51
PRIMARY_DELETE__HLO_to_P__primary_5y__M3__ridge__NOR,PRIMARY_DELETE,HLO_to_P,primary_5y,M3,ridge,NOR,scaled_mae,0.5622957205628349,37,51
PRIMARY_DELETE__HLO_to_P__primary_5y__M3__ridge__NOR,PRIMARY_DELETE,HLO_to_P,primary_5y,M3,ridge,NOR,scaled_mse,0.5857590410112318,37,51
PRIMARY_DELETE__HLO_to_P__primary_5y__M3__ridge__OMN,PRIMARY_DELETE,HLO_to_P,primary_5y,M3,ridge,OMN,mae,5.881913086117482,37,52
PRIMARY_DELETE__HLO_to_P__primary_5y__M3__ridge__OMN,PRIMARY_DELETE,HLO_to_P,primary_5y,M3,ridge,OMN,mse,64.2391368006219,37,52
PRIMARY_DELETE__HLO_to_P__primary_5y__M3__ridge__OMN,PRIMARY_DELETE,HLO_to_P,primary_5y,M3,ridge,OMN,rmse,8.014932114536087,37,52
PRIMARY_DELETE__HLO_to_P__primary_5y__M3__ridge__OMN,PRIMARY_DELETE,HLO_to_P,primary_5y,M3,ridge,OMN,bias,0.4184582394179715,37,52
PRIMARY_DELETE__HLO_to_P__primary_5y__M3__ridge__OMN,PRIMARY_DELETE,HLO_to_P,primary_5y,M3,ridge,OMN,scaled_mae,0.5730702205174706,37,52
PRIMARY_DELETE__HLO_to_P__primary_5y__M3__ridge__OMN,PRIMARY_DELETE,HLO_to_P,primary_5y,M3,ridge,OMN,scaled_mse,0.6168157406884337,37,52
PRIMARY_DELETE__HLO_to_P__primary_5y__M3__ridge__PER,PRIMARY_DELETE,HLO_to_P,primary_5y,M3,ridge,PER,mae,5.344910771552883,37,52
PRIMARY_DELETE__HLO_to_P__primary_5y__M3__ridge__PER,PRIMARY_DELETE,HLO_to_P,primary_5y,M3,ridge,PER,mse,52.694653713720314,37,52
PRIMARY_DELETE__HLO_to_P__primary_5y__M3__ridge__PER,PRIMARY_DELETE,HLO_to_P,primary_5y,M3,ridge,PER,rmse,7.259108327730088,37,52
PRIMARY_DELETE__HLO_to_P__primary_5y__M3__ridge__PER,PRIMARY_DELETE,HLO_to_P,primary_5y,M3,ridge,PER,bias,0.19407428660786674,37,52
PRIMARY_DELETE__HLO_to_P__primary_5y__M3__ridge__PER,PRIMARY_DELETE,HLO_to_P,primary_5y,M3,ridge,PER,scaled_mae,0.5209470179258227,37,52
PRIMARY_DELETE__HLO_to_P__primary_5y__M3__ridge__PER,PRIMARY_DELETE,HLO_to_P,primary_5y,M3,ridge,PER,scaled_mse,0.5053900588443261,37,52
PRIMARY_DELETE__HLO_to_P__primary_5y__M3__ridge__PHL,PRIMARY_DELETE,HLO_to_P,primary_5y,M3,ridge,PHL,mae,5.135586840310276,37,52
PRIMARY_DELETE__HLO_to_P__primary_5y__M3__ridge__PHL,PRIMARY_DELETE,HLO_to_P,primary_5y,M3,ridge,PHL,mse,50.35304258989777,37,52
PRIMARY_DELETE__HLO_to_P__primary_5y__M3__ridge__PHL,PRIMARY_DELETE,HLO_to_P,primary_5y,M3,ridge,PHL,rmse,7.095987781126583,37,52
PRIMARY_DELETE__HLO_to_P__primary_5y__M3__ridge__PHL,PRIMARY_DELETE,HLO_to_P,primary_5y,M3,ridge,PHL,bias,0.30791297463506206,37,52
PRIMARY_DELETE__HLO_to_P__primary_5y__M3__ridge__PHL,PRIMARY_DELETE,HLO_to_P,primary_5y,M3,ridge,PHL,scaled_mae,0.5003505780960057,37,52
PRIMARY_DELETE__HLO_to_P__primary_5y__M3__ridge__PHL,PRIMARY_DELETE,HLO_to_P,primary_5y,M3,ridge,PHL,scaled_mse,0.4825592520462921,37,52
PRIMARY_DELETE__HLO_to_P__primary_5y__M3__ridge__POL,PRIMARY_DELETE,HLO_to_P,primary_5y,M3,ridge,POL,mae,5.6559632361352685,37,50
PRIMARY_DELETE__HLO_to_P__primary_5y__M3__ridge__POL,PRIMARY_DELETE,HLO_to_P,primary_5y,M3,ridge,POL,mse,60.152717584650986,37,50
PRIMARY_DELETE__HLO_to_P__primary_5y__M3__ridge__POL,PRIMARY_DELETE,HLO_to_P,primary_5y,M3,ridge,POL,rmse,7.755818305288681,37,50
PRIMARY_DELETE__HLO_to_P__primary_5y__M3__ridge__POL,PRIMARY_DELETE,HLO_to_P,primary_5y,M3,ridge,POL,bias,0.33025166764919395,37,50
PRIMARY_DELETE__HLO_to_P__primary_5y__M3__ridge__POL,PRIMARY_DELETE,HLO_to_P,primary_5y,M3,ridge,POL,scaled_mae,0.5629761881658469,37,50
PRIMARY_DELETE__HLO_to_P__primary_5y__M3__ridge__POL,PRIMARY_DELETE,HLO_to_P,primary_5y,M3,ridge,POL,scaled_mse,0.6024518807140273,37,50
PRIMARY_DELETE__HLO_to_P__primary_5y__M3__ridge__QAT,PRIMARY_DELETE,HLO_to_P,primary_5y,M3,ridge,QAT,mae,5.510531910820911,37,52
PRIMARY_DELETE__HLO_to_P__primary_5y__M3__ridge__QAT,PRIMARY_DELETE,HLO_to_P,primary_5y,M3,ridge,QAT,mse,56.815930123752636,37,52
PRIMARY_DELETE__HLO_to_P__primary_5y__M3__ridge__QAT,PRIMARY_DELETE,HLO_to_P,primary_5y,M3,ridge,QAT,rmse,7.537634252452996,37,52
PRIMARY_DELETE__HLO_to_P__primary_5y__M3__ridge__QAT,PRIMARY_DELETE,HLO_to_P,primary_5y,M3,ridge,QAT,bias,0.17310883752160278,37,52
PRIMARY_DELETE__HLO_to_P__primary_5y__M3__ridge__QAT,PRIMARY_DELETE,HLO_to_P,primary_5y,M3,ridge,QAT,scaled_mae,0.5362549060182118,37,52
PRIMARY_DELETE__HLO_to_P__primary_5y__M3__ridge__QAT,PRIMARY_DELETE,HLO_to_P,primary_5y,M3,ridge,QAT,scaled_mse,0.5422414635264567,37,52
PRIMARY_DELETE__HLO_to_P__primary_5y__M3__ridge__RUS,PRIMARY_DELETE,HLO_to_P,primary_5y,M3,ridge,RUS,mae,5.721381831716253,37,52
PRIMARY_DELETE__HLO_to_P__primary_5y__M3__ridge__RUS,PRIMARY_DELETE,HLO_to_P,primary_5y,M3,ridge,RUS,mse,58.97131549578153,37,52
PRIMARY_DELETE__HLO_to_P__primary_5y__M3__ridge__RUS,PRIMARY_DELETE,HLO_to_P,primary_5y,M3,ridge,RUS,rmse,7.679278318682136,37,52
PRIMARY_DELETE__HLO_to_P__primary_5y__M3__ridge__RUS,PRIMARY_DELETE,HLO_to_P,primary_5y,M3,ridge,RUS,bias,0.24725080415155032,37,52
PRIMARY_DELETE__HLO_to_P__primary_5y__M3__ridge__RUS,PRIMARY_DELETE,HLO_to_P,primary_5y,M3,ridge,RUS,scaled_mae,0.5601423364805335,37,52
PRIMARY_DELETE__HLO_to_P__primary_5y__M3__ridge__RUS,PRIMARY_DELETE,HLO_to_P,primary_5y,M3,ridge,RUS,scaled_mse,0.5705253146664615,37,52
PRIMARY_DELETE__HLO_to_P__primary_5y__M3__ridge__SAU,PRIMARY_DELETE,HLO_to_P,primary_5y,M3,ridge,SAU,mae,5.747163703720043,37,51
PRIMARY_DELETE__HLO_to_P__primary_5y__M3__ridge__SAU,PRIMARY_DELETE,HLO_to_P,primary_5y,M3,ridge,SAU,mse,61.0085720702644,37,51
PRIMARY_DELETE__HLO_to_P__primary_5y__M3__ridge__SAU,PRIMARY_DELETE,HLO_to_P,primary_5y,M3,ridge,SAU,rmse,7.810798427194521,37,51
PRIMARY_DELETE__HLO_to_P__primary_5y__M3__ridge__SAU,PRIMARY_DELETE,HLO_to_P,primary_5y,M3,ridge,SAU,bias,0.5008710222747251,37,51
PRIMARY_DELETE__HLO_to_P__primary_5y__M3__ridge__SAU,PRIMARY_DELETE,HLO_to_P,primary_5y,M3,ridge,SAU,scaled_mae,0.5673497594776091,37,51
PRIMARY_DELETE__HLO_to_P__primary_5y__M3__ridge__SAU,PRIMARY_DELETE,HLO_to_P,primary_5y,M3,ridge,SAU,scaled_mse,0.6036893251772323,37,51
PRIMARY_DELETE__HLO_to_P__primary_5y__M3__ridge__SRB,PRIMARY_DELETE,HLO_to_P,primary_5y,M3,ridge,SRB,mae,5.63347933171267,37,52
PRIMARY_DELETE__HLO_to_P__primary_5y__M3__ridge__SRB,PRIMARY_DELETE,HLO_to_P,primary_5y,M3,ridge,SRB,mse,58.819468261073546,37,52
PRIMARY_DELETE__HLO_to_P__primary_5y__M3__ridge__SRB,PRIMARY_DELETE,HLO_to_P,primary_5y,M3,ridge,SRB,rmse,7.669385129270373,37,52
PRIMARY_DELETE__HLO_to_P__primary_5y__M3__ridge__SRB,PRIMARY_DELETE,HLO_to_P,primary_5y,M3,ridge,SRB,bias,0.16825343020935352,37,52
PRIMARY_DELETE__HLO_to_P__primary_5y__M3__ridge__SRB,PRIMARY_DELETE,HLO_to_P,primary_5y,M3,ridge,SRB,scaled_mae,0.5474217686453531,37,52
PRIMARY_DELETE__HLO_to_P__primary_5y__M3__ridge__SRB,PRIMARY_DELETE,HLO_to_P,primary_5y,M3,ridge,SRB,scaled_mse,0.5601333974891276,37,52
PRIMARY_DELETE__HLO_to_P__primary_5y__M3__ridge__SVN,PRIMARY_DELETE,HLO_to_P,primary_5y,M3,ridge,SVN,mae,5.893539346082151,37,52
PRIMARY_DELETE__HLO_to_P__primary_5y__M3__ridge__SVN,PRIMARY_DELETE,HLO_to_P,primary_5y,M3,ridge,SVN,mse,63.75736432631093,37,52
PRIMARY_DELETE__HLO_to_P__primary_5y__M3__ridge__SVN,PRIMARY_DELETE,HLO_to_P,primary_5y,M3,ridge,SVN,rmse,7.984820870020249,37,52
PRIMARY_DELETE__HLO_to_P__primary_5y__M3__ridge__SVN,PRIMARY_DELETE,HLO_to_P,primary_5y,M3,ridge,SVN,bias,0.4168360549788306,37,52
PRIMARY_DELETE__HLO_to_P__primary_5y__M3__ridge__SVN,PRIMARY_DELETE,HLO_to_P,primary_5y,M3,ridge,SVN,scaled_mae,0.5774684874962702,37,52
PRIMARY_DELETE__HLO_to_P__primary_5y__M3__ridge__SVN,PRIMARY_DELETE,HLO_to_P,primary_5y,M3,ridge,SVN,scaled_mse,0.619327440464575,37,52
PRIMARY_DELETE__HLO_to_P__primary_5y__M3__ridge__UKR,PRIMARY_DELETE,HLO_to_P,primary_5y,M3,ridge,UKR,mae,5.816126858765624,37,52
PRIMARY_DELETE__HLO_to_P__primary_5y__M3__ridge__UKR,PRIMARY_DELETE,HLO_to_P,primary_5y,M3,ridge,UKR,mse,62.10147961126445,37,52
PRIMARY_DELETE__HLO_to_P__primary_5y__M3__ridge__UKR,PRIMARY_DELETE,HLO_to_P,primary_5y,M3,ridge,UKR,rmse,7.8804492011093155,37,52
PRIMARY_DELETE__HLO_to_P__primary_5y__M3__ridge__UKR,PRIMARY_DELETE,HLO_to_P,primary_5y,M3,ridge,UKR,bias,0.3692399043753166,37,52
PRIMARY_DELETE__HLO_to_P__primary_5y__M3__ridge__UKR,PRIMARY_DELETE,HLO_to_P,primary_5y,M3,ridge,UKR,scaled_mae,0.5661193185454455,37,52
PRIMARY_DELETE__HLO_to_P__primary_5y__M3__ridge__UKR,PRIMARY_DELETE,HLO_to_P,primary_5y,M3,ridge,UKR,scaled_mse,0.594173770731212,37,52
PRIMARY_DELETE__HLO_to_P__primary_5y__M3__ridge__USA,PRIMARY_DELETE,HLO_to_P,primary_5y,M3,ridge,USA,mae,5.837646818058409,37,52
PRIMARY_DELETE__HLO_to_P__primary_5y__M3__ridge__USA,PRIMARY_DELETE,HLO_to_P,primary_5y,M3,ridge,USA,mse,63.601730418657596,37,52
PRIMARY_DELETE__HLO_to_P__primary_5y__M3__ridge__USA,PRIMARY_DELETE,HLO_to_P,primary_5y,M3,ridge,USA,rmse,7.975069304943851,37,52
PRIMARY_DELETE__HLO_to_P__primary_5y__M3__ridge__USA,PRIMARY_DELETE,HLO_to_P,primary_5y,M3,ridge,USA,bias,0.42759047446729054,37,52
PRIMARY_DELETE__HLO_to_P__primary_5y__M3__ridge__USA,PRIMARY_DELETE,HLO_to_P,primary_5y,M3,ridge,USA,scaled_mae,0.5685364843925853,37,52
PRIMARY_DELETE__HLO_to_P__primary_5y__M3__ridge__USA,PRIMARY_DELETE,HLO_to_P,primary_5y,M3,ridge,USA,scaled_mse,0.6088024188541954,37,52
PRIMARY_DELETE__HLO_to_P__primary_5y__M3__ridge__ZAF,PRIMARY_DELETE,HLO_to_P,primary_5y,M3,ridge,ZAF,mae,5.767063278256445,37,51
PRIMARY_DELETE__HLO_to_P__primary_5y__M3__ridge__ZAF,PRIMARY_DELETE,HLO_to_P,primary_5y,M3,ridge,ZAF,mse,61.49300345403736,37,51
PRIMARY_DELETE__HLO_to_P__primary_5y__M3__ridge__ZAF,PRIMARY_DELETE,HLO_to_P,primary_5y,M3,ridge,ZAF,rmse,7.841747474513404,37,51
PRIMARY_DELETE__HLO_to_P__primary_5y__M3__ridge__ZAF,PRIMARY_DELETE,HLO_to_P,primary_5y,M3,ridge,ZAF,bias,0.407338419777402,37,51
PRIMARY_DELETE__HLO_to_P__primary_5y__M3__ridge__ZAF,PRIMARY_DELETE,HLO_to_P,primary_5y,M3,ridge,ZAF,scaled_mae,0.6018461416452086,37,51
PRIMARY_DELETE__HLO_to_P__primary_5y__M3__ridge__ZAF,PRIMARY_DELETE,HLO_to_P,primary_5y,M3,ridge,ZAF,scaled_mse,0.6811707153999237,37,51
PRIMARY__HLO_to_P__primary_5y__M0__reference__none,PRIMARY,HLO_to_P,primary_5y,M0,reference,,mae,7.768410797840263,38,53
PRIMARY__HLO_to_P__primary_5y__M0__reference__none,PRIMARY,HLO_to_P,primary_5y,M0,reference,,mse,110.08619449472671,38,53
PRIMARY__HLO_to_P__primary_5y__M0__reference__none,PRIMARY,HLO_to_P,primary_5y,M0,reference,,rmse,10.492196838352143,38,53
PRIMARY__HLO_to_P__primary_5y__M0__reference__none,PRIMARY,HLO_to_P,primary_5y,M0,reference,,bias,2.0539125955565396e-15,38,53
PRIMARY__HLO_to_P__primary_5y__M0__reference__none,PRIMARY,HLO_to_P,primary_5y,M0,reference,,scaled_mae,0.7726571486618679,38,53
PRIMARY__HLO_to_P__primary_5y__M0__reference__none,PRIMARY,HLO_to_P,primary_5y,M0,reference,,scaled_mse,1.1215859658946303,38,53
PRIMARY__HLO_to_P__primary_5y__M1__lasso__none,PRIMARY,HLO_to_P,primary_5y,M1,lasso,,mae,5.70204310649818,38,53
PRIMARY__HLO_to_P__primary_5y__M1__lasso__none,PRIMARY,HLO_to_P,primary_5y,M1,lasso,,mse,50.377353060728055,38,53
PRIMARY__HLO_to_P__primary_5y__M1__lasso__none,PRIMARY,HLO_to_P,primary_5y,M1,lasso,,rmse,7.097700547411679,38,53
PRIMARY__HLO_to_P__primary_5y__M1__lasso__none,PRIMARY,HLO_to_P,primary_5y,M1,lasso,,bias,0.08469068391715479,38,53
PRIMARY__HLO_to_P__primary_5y__M1__lasso__none,PRIMARY,HLO_to_P,primary_5y,M1,lasso,,scaled_mae,0.561436144791679,38,53
PRIMARY__HLO_to_P__primary_5y__M1__lasso__none,PRIMARY,HLO_to_P,primary_5y,M1,lasso,,scaled_mse,0.4926961542900765,38,53
PRIMARY__HLO_to_P__primary_5y__M1__ols__none,PRIMARY,HLO_to_P,primary_5y,M1,ols,,mae,5.605703776981785,38,53
PRIMARY__HLO_to_P__primary_5y__M1__ols__none,PRIMARY,HLO_to_P,primary_5y,M1,ols,,mse,48.455767809793926,38,53
PRIMARY__HLO_to_P__primary_5y__M1__ols__none,PRIMARY,HLO_to_P,primary_5y,M1,ols,,rmse,6.961017728018938,38,53
PRIMARY__HLO_to_P__primary_5y__M1__ols__none,PRIMARY,HLO_to_P,primary_5y,M1,ols,,bias,0.009066008738942519,38,53
PRIMARY__HLO_to_P__primary_5y__M1__ols__none,PRIMARY,HLO_to_P,primary_5y,M1,ols,,scaled_mae,0.5511205801306868,38,53
PRIMARY__HLO_to_P__primary_5y__M1__ols__none,PRIMARY,HLO_to_P,primary_5y,M1,ols,,scaled_mse,0.4710525764738253,38,53
PRIMARY__HLO_to_P__primary_5y__M1__ridge__none,PRIMARY,HLO_to_P,primary_5y,M1,ridge,,mae,5.78889191464086,38,53
PRIMARY__HLO_to_P__primary_5y__M1__ridge__none,PRIMARY,HLO_to_P,primary_5y,M1,ridge,,mse,51.97366438853577,38,53
PRIMARY__HLO_to_P__primary_5y__M1__ridge__none,PRIMARY,HLO_to_P,primary_5y,M1,ridge,,rmse,7.2092762735614295,38,53
PRIMARY__HLO_to_P__primary_5y__M1__ridge__none,PRIMARY,HLO_to_P,primary_5y,M1,ridge,,bias,0.11969767690597222,38,53
PRIMARY__HLO_to_P__primary_5y__M1__ridge__none,PRIMARY,HLO_to_P,primary_5y,M1,ridge,,scaled_mae,0.5702857010046388,38,53
PRIMARY__HLO_to_P__primary_5y__M1__ridge__none,PRIMARY,HLO_to_P,primary_5y,M1,ridge,,scaled_mse,0.509770908563189,38,53
PRIMARY__HLO_to_P__primary_5y__M2__lasso__none,PRIMARY,HLO_to_P,primary_5y,M2,lasso,,mae,5.77826976319678,38,53
PRIMARY__HLO_to_P__primary_5y__M2__lasso__none,PRIMARY,HLO_to_P,primary_5y,M2,lasso,,mse,60.47782000058168,38,53
PRIMARY__HLO_to_P__primary_5y__M2__lasso__none,PRIMARY,HLO_to_P,primary_5y,M2,lasso,,rmse,7.7767486779875865,38,53
PRIMARY__HLO_to_P__primary_5y__M2__lasso__none,PRIMARY,HLO_to_P,primary_5y,M2,lasso,,bias,0.1974450504497264,38,53
PRIMARY__HLO_to_P__primary_5y__M2__lasso__none,PRIMARY,HLO_to_P,primary_5y,M2,lasso,,scaled_mae,0.5685123200922587,38,53
PRIMARY__HLO_to_P__primary_5y__M2__lasso__none,PRIMARY,HLO_to_P,primary_5y,M2,lasso,,scaled_mse,0.5925260812840358,38,53
PRIMARY__HLO_to_P__primary_5y__M2__ols__none,PRIMARY,HLO_to_P,primary_5y,M2,ols,,mae,6.01745697259114,38,53
PRIMARY__HLO_to_P__primary_5y__M2__ols__none,PRIMARY,HLO_to_P,primary_5y,M2,ols,,mse,65.0873602820525,38,53
PRIMARY__HLO_to_P__primary_5y__M2__ols__none,PRIMARY,HLO_to_P,primary_5y,M2,ols,,rmse,8.067673783814794,38,53
PRIMARY__HLO_to_P__primary_5y__M2__ols__none,PRIMARY,HLO_to_P,primary_5y,M2,ols,,bias,0.19482794820245264,38,53
PRIMARY__HLO_to_P__primary_5y__M2__ols__none,PRIMARY,HLO_to_P,primary_5y,M2,ols,,scaled_mae,0.591361675256904,38,53
PRIMARY__HLO_to_P__primary_5y__M2__ols__none,PRIMARY,HLO_to_P,primary_5y,M2,ols,,scaled_mse,0.6355783106925073,38,53
PRIMARY__HLO_to_P__primary_5y__M2__ridge__none,PRIMARY,HLO_to_P,primary_5y,M2,ridge,,mae,5.933662898767555,38,53
PRIMARY__HLO_to_P__primary_5y__M2__ridge__none,PRIMARY,HLO_to_P,primary_5y,M2,ridge,,mse,64.22291173902723,38,53
PRIMARY__HLO_to_P__primary_5y__M2__ridge__none,PRIMARY,HLO_to_P,primary_5y,M2,ridge,,rmse,8.013919873509295,38,53
PRIMARY__HLO_to_P__primary_5y__M2__ridge__none,PRIMARY,HLO_to_P,primary_5y,M2,ridge,,bias,0.35691874804344126,38,53
PRIMARY__HLO_to_P__primary_5y__M2__ridge__none,PRIMARY,HLO_to_P,primary_5y,M2,ridge,,scaled_mae,0.5855683268309602,38,53
PRIMARY__HLO_to_P__primary_5y__M2__ridge__none,PRIMARY,HLO_to_P,primary_5y,M2,ridge,,scaled_mse,0.6331615265264651,38,53
PRIMARY__HLO_to_P__primary_5y__M3__lasso__none,PRIMARY,HLO_to_P,primary_5y,M3,lasso,,mae,5.218441348934988,38,53
PRIMARY__HLO_to_P__primary_5y__M3__lasso__none,PRIMARY,HLO_to_P,primary_5y,M3,lasso,,mse,48.83725424396494,38,53
PRIMARY__HLO_to_P__primary_5y__M3__lasso__none,PRIMARY,HLO_to_P,primary_5y,M3,lasso,,rmse,6.98836563467918,38,53
PRIMARY__HLO_to_P__primary_5y__M3__lasso__none,PRIMARY,HLO_to_P,primary_5y,M3,lasso,,bias,0.18997433866461683,38,53
PRIMARY__HLO_to_P__primary_5y__M3__lasso__none,PRIMARY,HLO_to_P,primary_5y,M3,lasso,,scaled_mae,0.5140545118365452,38,53
PRIMARY__HLO_to_P__primary_5y__M3__lasso__none,PRIMARY,HLO_to_P,primary_5y,M3,lasso,,scaled_mse,0.47906304798413313,38,53
PRIMARY__HLO_to_P__primary_5y__M3__ols__none,PRIMARY,HLO_to_P,primary_5y,M3,ols,,mae,5.64231719385802,38,53
PRIMARY__HLO_to_P__primary_5y__M3__ols__none,PRIMARY,HLO_to_P,primary_5y,M3,ols,,mse,58.828676601399486,38,53
PRIMARY__HLO_to_P__primary_5y__M3__ols__none,PRIMARY,HLO_to_P,primary_5y,M3,ols,,rmse,7.669985436844029,38,53
PRIMARY__HLO_to_P__primary_5y__M3__ols__none,PRIMARY,HLO_to_P,primary_5y,M3,ols,,bias,0.07507197386836771,38,53
PRIMARY__HLO_to_P__primary_5y__M3__ols__none,PRIMARY,HLO_to_P,primary_5y,M3,ols,,scaled_mae,0.5540694621989951,38,53
PRIMARY__HLO_to_P__primary_5y__M3__ols__none,PRIMARY,HLO_to_P,primary_5y,M3,ols,,scaled_mse,0.5706708809958269,38,53
PRIMARY__HLO_to_P__primary_5y__M3__ridge__none,PRIMARY,HLO_to_P,primary_5y,M3,ridge,,mae,5.728193909171189,38,53
PRIMARY__HLO_to_P__primary_5y__M3__ridge__none,PRIMARY,HLO_to_P,primary_5y,M3,ridge,,mse,61.795431932009876,38,53
PRIMARY__HLO_to_P__primary_5y__M3__ridge__none,PRIMARY,HLO_to_P,primary_5y,M3,ridge,,rmse,7.861007055842774,38,53
PRIMARY__HLO_to_P__primary_5y__M3__ridge__none,PRIMARY,HLO_to_P,primary_5y,M3,ridge,,bias,0.4081651738523721,38,53
PRIMARY__HLO_to_P__primary_5y__M3__ridge__none,PRIMARY,HLO_to_P,primary_5y,M3,ridge,,scaled_mae,0.5653078693609929,38,53
PRIMARY__HLO_to_P__primary_5y__M3__ridge__none,PRIMARY,HLO_to_P,primary_5y,M3,ridge,,scaled_mse,0.6089946537490281,38,53
PRIMARY__P_to_HLO__primary_5y__M0__reference__none,PRIMARY,P_to_HLO,primary_5y,M0,reference,,mae,63.97243503082028,38,53
PRIMARY__P_to_HLO__primary_5y__M0__reference__none,PRIMARY,P_to_HLO,primary_5y,M0,reference,,mse,5682.208626213242,38,53
PRIMARY__P_to_HLO__primary_5y__M0__reference__none,PRIMARY,P_to_HLO,primary_5y,M0,reference,,rmse,75.38042601506866,38,53
PRIMARY__P_to_HLO__primary_5y__M0__reference__none,PRIMARY,P_to_HLO,primary_5y,M0,reference,,bias,6.195044477408373e-14,38,53
PRIMARY__P_to_HLO__primary_5y__M0__reference__none,PRIMARY,P_to_HLO,primary_5y,M0,reference,,scaled_mae,0.8808099755094637,38,53
PRIMARY__P_to_HLO__primary_5y__M0__reference__none,PRIMARY,P_to_HLO,primary_5y,M0,reference,,scaled_mse,1.1018072518574755,38,53
PRIMARY__P_to_HLO__primary_5y__M1__lasso__none,PRIMARY,P_to_HLO,primary_5y,M1,lasso,,mae,38.71009913790661,38,53
PRIMARY__P_to_HLO__primary_5y__M1__lasso__none,PRIMARY,P_to_HLO,primary_5y,M1,lasso,,mse,2405.3468106961604,38,53
PRIMARY__P_to_HLO__primary_5y__M1__lasso__none,PRIMARY,P_to_HLO,primary_5y,M1,lasso,,rmse,49.044335153982466,38,53
PRIMARY__P_to_HLO__primary_5y__M1__lasso__none,PRIMARY,P_to_HLO,primary_5y,M1,lasso,,bias,0.046386073234880115,38,53
PRIMARY__P_to_HLO__primary_5y__M1__lasso__none,PRIMARY,P_to_HLO,primary_5y,M1,lasso,,scaled_mae,0.5300038853574285,38,53
PRIMARY__P_to_HLO__primary_5y__M1__lasso__none,PRIMARY,P_to_HLO,primary_5y,M1,lasso,,scaled_mse,0.45425835630155714,38,53
PRIMARY__P_to_HLO__primary_5y__M1__ols__none,PRIMARY,P_to_HLO,primary_5y,M1,ols,,mae,38.66817131726702,38,53
PRIMARY__P_to_HLO__primary_5y__M1__ols__none,PRIMARY,P_to_HLO,primary_5y,M1,ols,,mse,2399.5998704502085,38,53
PRIMARY__P_to_HLO__primary_5y__M1__ols__none,PRIMARY,P_to_HLO,primary_5y,M1,ols,,rmse,48.985710880319054,38,53
PRIMARY__P_to_HLO__primary_5y__M1__ols__none,PRIMARY,P_to_HLO,primary_5y,M1,ols,,bias,0.0027843503956335725,38,53
PRIMARY__P_to_HLO__primary_5y__M1__ols__none,PRIMARY,P_to_HLO,primary_5y,M1,ols,,scaled_mae,0.5293795983192177,38,53
PRIMARY__P_to_HLO__primary_5y__M1__ols__none,PRIMARY,P_to_HLO,primary_5y,M1,ols,,scaled_mse,0.4530015648105563,38,53
PRIMARY__P_to_HLO__primary_5y__M1__ridge__none,PRIMARY,P_to_HLO,primary_5y,M1,ridge,,mae,38.75408016615279,38,53
PRIMARY__P_to_HLO__primary_5y__M1__ridge__none,PRIMARY,P_to_HLO,primary_5y,M1,ridge,,mse,2408.4808585429582,38,53
PRIMARY__P_to_HLO__primary_5y__M1__ridge__none,PRIMARY,P_to_HLO,primary_5y,M1,ridge,,rmse,49.07627592373894,38,53
PRIMARY__P_to_HLO__primary_5y__M1__ridge__none,PRIMARY,P_to_HLO,primary_5y,M1,ridge,,bias,0.05756432142529994,38,53
PRIMARY__P_to_HLO__primary_5y__M1__ridge__none,PRIMARY,P_to_HLO,primary_5y,M1,ridge,,scaled_mae,0.5306226783323791,38,53
PRIMARY__P_to_HLO__primary_5y__M1__ridge__none,PRIMARY,P_to_HLO,primary_5y,M1,ridge,,scaled_mse,0.4549035548267174,38,53
PRIMARY__P_to_HLO__primary_5y__M2__lasso__none,PRIMARY,P_to_HLO,primary_5y,M2,lasso,,mae,28.765038462078078,38,53
PRIMARY__P_to_HLO__primary_5y__M2__lasso__none,PRIMARY,P_to_HLO,primary_5y,M2,lasso,,mse,1305.5753947468602,38,53
PRIMARY__P_to_HLO__primary_5y__M2__lasso__none,PRIMARY,P_to_HLO,primary_5y,M2,lasso,,rmse,36.132746847518526,38,53
PRIMARY__P_to_HLO__primary_5y__M2__lasso__none,PRIMARY,P_to_HLO,primary_5y,M2,lasso,,bias,0.4740305817696548,38,53
PRIMARY__P_to_HLO__primary_5y__M2__lasso__none,PRIMARY,P_to_HLO,primary_5y,M2,lasso,,scaled_mae,0.3932962428251957,38,53
PRIMARY__P_to_HLO__primary_5y__M2__lasso__none,PRIMARY,P_to_HLO,primary_5y,M2,lasso,,scaled_mse,0.2462861833651348,38,53
PRIMARY__P_to_HLO__primary_5y__M2__ols__none,PRIMARY,P_to_HLO,primary_5y,M2,ols,,mae,31.691502237034545,38,53
PRIMARY__P_to_HLO__primary_5y__M2__ols__none,PRIMARY,P_to_HLO,primary_5y,M2,ols,,mse,1421.068973575108,38,53
PRIMARY__P_to_HLO__primary_5y__M2__ols__none,PRIMARY,P_to_HLO,primary_5y,M2,ols,,rmse,37.69706850107987,38,53
PRIMARY__P_to_HLO__primary_5y__M2__ols__none,PRIMARY,P_to_HLO,primary_5y,M2,ols,,bias,1.1169025788811393,38,53
PRIMARY__P_to_HLO__primary_5y__M2__ols__none,PRIMARY,P_to_HLO,primary_5y,M2,ols,,scaled_mae,0.4337933916696414,38,53
PRIMARY__P_to_HLO__primary_5y__M2__ols__none,PRIMARY,P_to_HLO,primary_5y,M2,ols,,scaled_mse,0.2682806516749397,38,53
PRIMARY__P_to_HLO__primary_5y__M2__ridge__none,PRIMARY,P_to_HLO,primary_5y,M2,ridge,,mae,28.099586183516085,38,53
PRIMARY__P_to_HLO__primary_5y__M2__ridge__none,PRIMARY,P_to_HLO,primary_5y,M2,ridge,,mse,1299.342147394667,38,53
PRIMARY__P_to_HLO__primary_5y__M2__ridge__none,PRIMARY,P_to_HLO,primary_5y,M2,ridge,,rmse,36.04638882599292,38,53
PRIMARY__P_to_HLO__primary_5y__M2__ridge__none,PRIMARY,P_to_HLO,primary_5y,M2,ridge,,bias,0.7380278180478279,38,53
PRIMARY__P_to_HLO__primary_5y__M2__ridge__none,PRIMARY,P_to_HLO,primary_5y,M2,ridge,,scaled_mae,0.3842924680011685,38,53
PRIMARY__P_to_HLO__primary_5y__M2__ridge__none,PRIMARY,P_to_HLO,primary_5y,M2,ridge,,scaled_mse,0.24482619295319755,38,53
PRIMARY__P_to_HLO__primary_5y__M3__lasso__none,PRIMARY,P_to_HLO,primary_5y,M3,lasso,,mae,26.77589633548068,38,53
PRIMARY__P_to_HLO__primary_5y__M3__lasso__none,PRIMARY,P_to_HLO,primary_5y,M3,lasso,,mse,1143.6845758643087,38,53
PRIMARY__P_to_HLO__primary_5y__M3__lasso__none,PRIMARY,P_to_HLO,primary_5y,M3,lasso,,rmse,33.81840587408443,38,53
PRIMARY__P_to_HLO__primary_5y__M3__lasso__none,PRIMARY,P_to_HLO,primary_5y,M3,lasso,,bias,-0.18830199603594,38,53
PRIMARY__P_to_HLO__primary_5y__M3__lasso__none,PRIMARY,P_to_HLO,primary_5y,M3,lasso,,scaled_mae,0.3658418654307526,38,53
PRIMARY__P_to_HLO__primary_5y__M3__lasso__none,PRIMARY,P_to_HLO,primary_5y,M3,lasso,,scaled_mse,0.21514979622213903,38,53
PRIMARY__P_to_HLO__primary_5y__M3__ols__none,PRIMARY,P_to_HLO,primary_5y,M3,ols,,mae,28.551197349619493,38,53
PRIMARY__P_to_HLO__primary_5y__M3__ols__none,PRIMARY,P_to_HLO,primary_5y,M3,ols,,mse,1256.0980954206227,38,53
PRIMARY__P_to_HLO__primary_5y__M3__ols__none,PRIMARY,P_to_HLO,primary_5y,M3,ols,,rmse,35.44147422752929,38,53
PRIMARY__P_to_HLO__primary_5y__M3__ols__none,PRIMARY,P_to_HLO,primary_5y,M3,ols,,bias,0.5946213183089077,38,53
PRIMARY__P_to_HLO__primary_5y__M3__ols__none,PRIMARY,P_to_HLO,primary_5y,M3,ols,,scaled_mae,0.39070773512968415,38,53
PRIMARY__P_to_HLO__primary_5y__M3__ols__none,PRIMARY,P_to_HLO,primary_5y,M3,ols,,scaled_mse,0.23677354662502303,38,53
PRIMARY__P_to_HLO__primary_5y__M3__ridge__none,PRIMARY,P_to_HLO,primary_5y,M3,ridge,,mae,26.649757660176764,38,53
PRIMARY__P_to_HLO__primary_5y__M3__ridge__none,PRIMARY,P_to_HLO,primary_5y,M3,ridge,,mse,1130.523710785945,38,53
PRIMARY__P_to_HLO__primary_5y__M3__ridge__none,PRIMARY,P_to_HLO,primary_5y,M3,ridge,,rmse,33.62326145373088,38,53
PRIMARY__P_to_HLO__primary_5y__M3__ridge__none,PRIMARY,P_to_HLO,primary_5y,M3,ridge,,bias,0.5315974129589949,38,53
PRIMARY__P_to_HLO__primary_5y__M3__ridge__none,PRIMARY,P_to_HLO,primary_5y,M3,ridge,,scaled_mae,0.36434205016545534,38,53
PRIMARY__P_to_HLO__primary_5y__M3__ridge__none,PRIMARY,P_to_HLO,primary_5y,M3,ridge,,scaled_mse,0.21296201445235396,38,53
S10__HLO_to_P__alternative_10y__M0__reference__none,S10,HLO_to_P,alternative_10y,M0,reference,,mae,7.659378647303589,36,48
S10__HLO_to_P__alternative_10y__M0__reference__none,S10,HLO_to_P,alternative_10y,M0,reference,,mse,105.57388802921315,36,48
S10__HLO_to_P__alternative_10y__M0__reference__none,S10,HLO_to_P,alternative_10y,M0,reference,,rmse,10.274915475526461,36,48
S10__HLO_to_P__alternative_10y__M0__reference__none,S10,HLO_to_P,alternative_10y,M0,reference,,bias,8.215650382226158e-15,36,48
S10__HLO_to_P__alternative_10y__M0__reference__none,S10,HLO_to_P,alternative_10y,M0,reference,,scaled_mae,0.7795581541324061,36,48
S10__HLO_to_P__alternative_10y__M0__reference__none,S10,HLO_to_P,alternative_10y,M0,reference,,scaled_mse,1.1268273148987924,36,48
S10__HLO_to_P__alternative_10y__M1__ridge__none,S10,HLO_to_P,alternative_10y,M1,ridge,,mae,5.762926698407027,36,48
S10__HLO_to_P__alternative_10y__M1__ridge__none,S10,HLO_to_P,alternative_10y,M1,ridge,,mse,49.729286157794874,36,48
S10__HLO_to_P__alternative_10y__M1__ridge__none,S10,HLO_to_P,alternative_10y,M1,ridge,,rmse,7.051899471617195,36,48
S10__HLO_to_P__alternative_10y__M1__ridge__none,S10,HLO_to_P,alternative_10y,M1,ridge,,bias,-0.019629671362386025,36,48
S10__HLO_to_P__alternative_10y__M1__ridge__none,S10,HLO_to_P,alternative_10y,M1,ridge,,scaled_mae,0.5798125832017798,36,48
S10__HLO_to_P__alternative_10y__M1__ridge__none,S10,HLO_to_P,alternative_10y,M1,ridge,,scaled_mse,0.5070616298794286,36,48
S10__HLO_to_P__alternative_10y__M2__ridge__none,S10,HLO_to_P,alternative_10y,M2,ridge,,mae,5.516169952392955,36,48
S10__HLO_to_P__alternative_10y__M2__ridge__none,S10,HLO_to_P,alternative_10y,M2,ridge,,mse,54.256901588840435,36,48
S10__HLO_to_P__alternative_10y__M2__ridge__none,S10,HLO_to_P,alternative_10y,M2,ridge,,rmse,7.3659284268067955,36,48
S10__HLO_to_P__alternative_10y__M2__ridge__none,S10,HLO_to_P,alternative_10y,M2,ridge,,bias,-0.03395059395499467,36,48
S10__HLO_to_P__alternative_10y__M2__ridge__none,S10,HLO_to_P,alternative_10y,M2,ridge,,scaled_mae,0.5543558350787441,36,48
S10__HLO_to_P__alternative_10y__M2__ridge__none,S10,HLO_to_P,alternative_10y,M2,ridge,,scaled_mse,0.5535828604739487,36,48
S10__HLO_to_P__alternative_10y__M3__ridge__none,S10,HLO_to_P,alternative_10y,M3,ridge,,mae,5.534736330253338,36,48
S10__HLO_to_P__alternative_10y__M3__ridge__none,S10,HLO_to_P,alternative_10y,M3,ridge,,mse,50.92444504533835,36,48
S10__HLO_to_P__alternative_10y__M3__ridge__none,S10,HLO_to_P,alternative_10y,M3,ridge,,rmse,7.136136562968673,36,48
S10__HLO_to_P__alternative_10y__M3__ridge__none,S10,HLO_to_P,alternative_10y,M3,ridge,,bias,-0.12310228224796571,36,48
S10__HLO_to_P__alternative_10y__M3__ridge__none,S10,HLO_to_P,alternative_10y,M3,ridge,,scaled_mae,0.5556543033381618,36,48
S10__HLO_to_P__alternative_10y__M3__ridge__none,S10,HLO_to_P,alternative_10y,M3,ridge,,scaled_mse,0.5178369810897869,36,48
S10__HLO_to_P__primary_5y_matched__M0__reference__none,S10,HLO_to_P,primary_5y_matched,M0,reference,,mae,7.659378647303589,36,48
S10__HLO_to_P__primary_5y_matched__M0__reference__none,S10,HLO_to_P,primary_5y_matched,M0,reference,,mse,105.57388802921315,36,48
S10__HLO_to_P__primary_5y_matched__M0__reference__none,S10,HLO_to_P,primary_5y_matched,M0,reference,,rmse,10.274915475526461,36,48
S10__HLO_to_P__primary_5y_matched__M0__reference__none,S10,HLO_to_P,primary_5y_matched,M0,reference,,bias,8.215650382226158e-15,36,48
S10__HLO_to_P__primary_5y_matched__M0__reference__none,S10,HLO_to_P,primary_5y_matched,M0,reference,,scaled_mae,0.7795581541324061,36,48
S10__HLO_to_P__primary_5y_matched__M0__reference__none,S10,HLO_to_P,primary_5y_matched,M0,reference,,scaled_mse,1.1268273148987924,36,48
S10__HLO_to_P__primary_5y_matched__M1__ridge__none,S10,HLO_to_P,primary_5y_matched,M1,ridge,,mae,5.762926698407027,36,48
S10__HLO_to_P__primary_5y_matched__M1__ridge__none,S10,HLO_to_P,primary_5y_matched,M1,ridge,,mse,49.729286157794874,36,48
S10__HLO_to_P__primary_5y_matched__M1__ridge__none,S10,HLO_to_P,primary_5y_matched,M1,ridge,,rmse,7.051899471617195,36,48
S10__HLO_to_P__primary_5y_matched__M1__ridge__none,S10,HLO_to_P,primary_5y_matched,M1,ridge,,bias,-0.019629671362386025,36,48
S10__HLO_to_P__primary_5y_matched__M1__ridge__none,S10,HLO_to_P,primary_5y_matched,M1,ridge,,scaled_mae,0.5798125832017798,36,48
S10__HLO_to_P__primary_5y_matched__M1__ridge__none,S10,HLO_to_P,primary_5y_matched,M1,ridge,,scaled_mse,0.5070616298794286,36,48
S10__HLO_to_P__primary_5y_matched__M2__ridge__none,S10,HLO_to_P,primary_5y_matched,M2,ridge,,mae,5.716194753150271,36,48
S10__HLO_to_P__primary_5y_matched__M2__ridge__none,S10,HLO_to_P,primary_5y_matched,M2,ridge,,mse,58.72623651407854,36,48
S10__HLO_to_P__primary_5y_matched__M2__ridge__none,S10,HLO_to_P,primary_5y_matched,M2,ridge,,rmse,7.663304542694264,36,48
S10__HLO_to_P__primary_5y_matched__M2__ridge__none,S10,HLO_to_P,primary_5y_matched,M2,ridge,,bias,0.10185120709426676,36,48
S10__HLO_to_P__primary_5y_matched__M2__ridge__none,S10,HLO_to_P,primary_5y_matched,M2,ridge,,scaled_mae,0.5755622053126822,36,48
S10__HLO_to_P__primary_5y_matched__M2__ridge__none,S10,HLO_to_P,primary_5y_matched,M2,ridge,,scaled_mse,0.6003656119283998,36,48
S10__HLO_to_P__primary_5y_matched__M3__ridge__none,S10,HLO_to_P,primary_5y_matched,M3,ridge,,mae,5.765619740438975,36,48
S10__HLO_to_P__primary_5y_matched__M3__ridge__none,S10,HLO_to_P,primary_5y_matched,M3,ridge,,mse,58.6619962493191,36,48
S10__HLO_to_P__primary_5y_matched__M3__ridge__none,S10,HLO_to_P,primary_5y_matched,M3,ridge,,rmse,7.659111975243547,36,48
S10__HLO_to_P__primary_5y_matched__M3__ridge__none,S10,HLO_to_P,primary_5y_matched,M3,ridge,,bias,0.02590763546211705,36,48
S10__HLO_to_P__primary_5y_matched__M3__ridge__none,S10,HLO_to_P,primary_5y_matched,M3,ridge,,scaled_mae,0.5808702513939697,36,48
S10__HLO_to_P__primary_5y_matched__M3__ridge__none,S10,HLO_to_P,primary_5y_matched,M3,ridge,,scaled_mse,0.6017603444922335,36,48
S10__P_to_HLO__alternative_10y__M0__reference__none,S10,P_to_HLO,alternative_10y,M0,reference,,mae,63.2101249484127,36,48
S10__P_to_HLO__alternative_10y__M0__reference__none,S10,P_to_HLO,alternative_10y,M0,reference,,mse,5556.842485446921,36,48
S10__P_to_HLO__alternative_10y__M0__reference__none,S10,P_to_HLO,alternative_10y,M0,reference,,rmse,74.54423173825673,36,48
S10__P_to_HLO__alternative_10y__M0__reference__none,S10,P_to_HLO,alternative_10y,M0,reference,,bias,3.9968028886505635e-15,36,48
S10__P_to_HLO__alternative_10y__M0__reference__none,S10,P_to_HLO,alternative_10y,M0,reference,,scaled_mae,0.8823387595268324,36,48
S10__P_to_HLO__alternative_10y__M0__reference__none,S10,P_to_HLO,alternative_10y,M0,reference,,scaled_mse,1.1093783361488312,36,48
S10__P_to_HLO__alternative_10y__M1__ridge__none,S10,P_to_HLO,alternative_10y,M1,ridge,,mae,39.626245037175934,36,48
S10__P_to_HLO__alternative_10y__M1__ridge__none,S10,P_to_HLO,alternative_10y,M1,ridge,,mse,2506.5976525962988,36,48
S10__P_to_HLO__alternative_10y__M1__ridge__none,S10,P_to_HLO,alternative_10y,M1,ridge,,rmse,50.06593305428651,36,48
S10__P_to_HLO__alternative_10y__M1__ridge__none,S10,P_to_HLO,alternative_10y,M1,ridge,,bias,0.07648216052718926,36,48
S10__P_to_HLO__alternative_10y__M1__ridge__none,S10,P_to_HLO,alternative_10y,M1,ridge,,scaled_mae,0.5501534802863561,36,48
S10__P_to_HLO__alternative_10y__M1__ridge__none,S10,P_to_HLO,alternative_10y,M1,ridge,,scaled_mse,0.4869500024089236,36,48
S10__P_to_HLO__alternative_10y__M2__ridge__none,S10,P_to_HLO,alternative_10y,M2,ridge,,mae,27.010437510071664,36,48
S10__P_to_HLO__alternative_10y__M2__ridge__none,S10,P_to_HLO,alternative_10y,M2,ridge,,mse,1096.4795134233204,36,48
S10__P_to_HLO__alternative_10y__M2__ridge__none,S10,P_to_HLO,alternative_10y,M2,ridge,,rmse,33.11313203886519,36,48
S10__P_to_HLO__alternative_10y__M2__ridge__none,S10,P_to_HLO,alternative_10y,M2,ridge,,bias,1.139655093595738,36,48
S10__P_to_HLO__alternative_10y__M2__ridge__none,S10,P_to_HLO,alternative_10y,M2,ridge,,scaled_mae,0.37387045813032993,36,48
S10__P_to_HLO__alternative_10y__M2__ridge__none,S10,P_to_HLO,alternative_10y,M2,ridge,,scaled_mse,0.21173412566373534,36,48
S10__P_to_HLO__alternative_10y__M3__ridge__none,S10,P_to_HLO,alternative_10y,M3,ridge,,mae,23.970563738933087,36,48
S10__P_to_HLO__alternative_10y__M3__ridge__none,S10,P_to_HLO,alternative_10y,M3,ridge,,mse,1005.2285035049725,36,48
S10__P_to_HLO__alternative_10y__M3__ridge__none,S10,P_to_HLO,alternative_10y,M3,ridge,,rmse,31.705338722445035,36,48
S10__P_to_HLO__alternative_10y__M3__ridge__none,S10,P_to_HLO,alternative_10y,M3,ridge,,bias,0.6621796982521762,36,48
S10__P_to_HLO__alternative_10y__M3__ridge__none,S10,P_to_HLO,alternative_10y,M3,ridge,,scaled_mae,0.3319819758842174,36,48
S10__P_to_HLO__alternative_10y__M3__ridge__none,S10,P_to_HLO,alternative_10y,M3,ridge,,scaled_mse,0.19445328513276433,36,48
S10__P_to_HLO__primary_5y_matched__M0__reference__none,S10,P_to_HLO,primary_5y_matched,M0,reference,,mae,63.2101249484127,36,48
S10__P_to_HLO__primary_5y_matched__M0__reference__none,S10,P_to_HLO,primary_5y_matched,M0,reference,,mse,5556.842485446921,36,48
S10__P_to_HLO__primary_5y_matched__M0__reference__none,S10,P_to_HLO,primary_5y_matched,M0,reference,,rmse,74.54423173825673,36,48
S10__P_to_HLO__primary_5y_matched__M0__reference__none,S10,P_to_HLO,primary_5y_matched,M0,reference,,bias,3.9968028886505635e-15,36,48
S10__P_to_HLO__primary_5y_matched__M0__reference__none,S10,P_to_HLO,primary_5y_matched,M0,reference,,scaled_mae,0.8823387595268324,36,48
S10__P_to_HLO__primary_5y_matched__M0__reference__none,S10,P_to_HLO,primary_5y_matched,M0,reference,,scaled_mse,1.1093783361488312,36,48
S10__P_to_HLO__primary_5y_matched__M1__ridge__none,S10,P_to_HLO,primary_5y_matched,M1,ridge,,mae,39.626245037175934,36,48
S10__P_to_HLO__primary_5y_matched__M1__ridge__none,S10,P_to_HLO,primary_5y_matched,M1,ridge,,mse,2506.5976525962988,36,48
S10__P_to_HLO__primary_5y_matched__M1__ridge__none,S10,P_to_HLO,primary_5y_matched,M1,ridge,,rmse,50.06593305428651,36,48
S10__P_to_HLO__primary_5y_matched__M1__ridge__none,S10,P_to_HLO,primary_5y_matched,M1,ridge,,bias,0.07648216052718926,36,48
S10__P_to_HLO__primary_5y_matched__M1__ridge__none,S10,P_to_HLO,primary_5y_matched,M1,ridge,,scaled_mae,0.5501534802863561,36,48
S10__P_to_HLO__primary_5y_matched__M1__ridge__none,S10,P_to_HLO,primary_5y_matched,M1,ridge,,scaled_mse,0.4869500024089236,36,48
S10__P_to_HLO__primary_5y_matched__M2__ridge__none,S10,P_to_HLO,primary_5y_matched,M2,ridge,,mae,26.537119564917028,36,48
S10__P_to_HLO__primary_5y_matched__M2__ridge__none,S10,P_to_HLO,primary_5y_matched,M2,ridge,,mse,1204.4768788308816,36,48
S10__P_to_HLO__primary_5y_matched__M2__ridge__none,S10,P_to_HLO,primary_5y_matched,M2,ridge,,rmse,34.70557417520825,36,48
S10__P_to_HLO__primary_5y_matched__M2__ridge__none,S10,P_to_HLO,primary_5y_matched,M2,ridge,,bias,1.214986914528085,36,48
S10__P_to_HLO__primary_5y_matched__M2__ridge__none,S10,P_to_HLO,primary_5y_matched,M2,ridge,,scaled_mae,0.3671795067201953,36,48
S10__P_to_HLO__primary_5y_matched__M2__ridge__none,S10,P_to_HLO,primary_5y_matched,M2,ridge,,scaled_mse,0.23249391278614243,36,48
S10__P_to_HLO__primary_5y_matched__M3__ridge__none,S10,P_to_HLO,primary_5y_matched,M3,ridge,,mae,26.11843278369996,36,48
S10__P_to_HLO__primary_5y_matched__M3__ridge__none,S10,P_to_HLO,primary_5y_matched,M3,ridge,,mse,1125.5685423034247,36,48
S10__P_to_HLO__primary_5y_matched__M3__ridge__none,S10,P_to_HLO,primary_5y_matched,M3,ridge,,rmse,33.54949392022814,36,48
S10__P_to_HLO__primary_5y_matched__M3__ridge__none,S10,P_to_HLO,primary_5y_matched,M3,ridge,,bias,0.43860769082064444,36,48
S10__P_to_HLO__primary_5y_matched__M3__ridge__none,S10,P_to_HLO,primary_5y_matched,M3,ridge,,scaled_mae,0.36159072494082667,36,48
S10__P_to_HLO__primary_5y_matched__M3__ridge__none,S10,P_to_HLO,primary_5y_matched,M3,ridge,,scaled_mse,0.2175273469183474,36,48
S12__HLO_to_P__alternative_12y__M0__reference__none,S12,HLO_to_P,alternative_12y,M0,reference,,mae,8.614589915784515,33,42
S12__HLO_to_P__alternative_12y__M0__reference__none,S12,HLO_to_P,alternative_12y,M0,reference,,mse,122.09155158830235,33,42
S12__HLO_to_P__alternative_12y__M0__reference__none,S12,HLO_to_P,alternative_12y,M0,reference,,rmse,11.049504585650089,33,42
S12__HLO_to_P__alternative_12y__M0__reference__none,S12,HLO_to_P,alternative_12y,M0,reference,,bias,-2.1649348980190553e-15,33,42
S12__HLO_to_P__alternative_12y__M0__reference__none,S12,HLO_to_P,alternative_12y,M0,reference,,scaled_mae,0.8162208196119163,33,42
S12__HLO_to_P__alternative_12y__M0__reference__none,S12,HLO_to_P,alternative_12y,M0,reference,,scaled_mse,1.1235359450130298,33,42
S12__HLO_to_P__alternative_12y__M1__ridge__none,S12,HLO_to_P,alternative_12y,M1,ridge,,mae,6.073864882846282,33,42
S12__HLO_to_P__alternative_12y__M1__ridge__none,S12,HLO_to_P,alternative_12y,M1,ridge,,mse,53.020608776127695,33,42
S12__HLO_to_P__alternative_12y__M1__ridge__none,S12,HLO_to_P,alternative_12y,M1,ridge,,rmse,7.281525168268506,33,42
S12__HLO_to_P__alternative_12y__M1__ridge__none,S12,HLO_to_P,alternative_12y,M1,ridge,,bias,-0.01071745000770874,33,42
S12__HLO_to_P__alternative_12y__M1__ridge__none,S12,HLO_to_P,alternative_12y,M1,ridge,,scaled_mae,0.5689148322159957,33,42
S12__HLO_to_P__alternative_12y__M1__ridge__none,S12,HLO_to_P,alternative_12y,M1,ridge,,scaled_mse,0.46677183769648095,33,42
S12__HLO_to_P__alternative_12y__M2__ridge__none,S12,HLO_to_P,alternative_12y,M2,ridge,,mae,5.951972869970002,33,42
S12__HLO_to_P__alternative_12y__M2__ridge__none,S12,HLO_to_P,alternative_12y,M2,ridge,,mse,56.35860206526108,33,42
S12__HLO_to_P__alternative_12y__M2__ridge__none,S12,HLO_to_P,alternative_12y,M2,ridge,,rmse,7.507236646413984,33,42
S12__HLO_to_P__alternative_12y__M2__ridge__none,S12,HLO_to_P,alternative_12y,M2,ridge,,bias,-0.1580506491769532,33,42
S12__HLO_to_P__alternative_12y__M2__ridge__none,S12,HLO_to_P,alternative_12y,M2,ridge,,scaled_mae,0.5586863846401536,33,42
S12__HLO_to_P__alternative_12y__M2__ridge__none,S12,HLO_to_P,alternative_12y,M2,ridge,,scaled_mse,0.49982517397121007,33,42
S12__HLO_to_P__alternative_12y__M3__ridge__none,S12,HLO_to_P,alternative_12y,M3,ridge,,mae,5.850871853720427,33,42
S12__HLO_to_P__alternative_12y__M3__ridge__none,S12,HLO_to_P,alternative_12y,M3,ridge,,mse,52.970041479218295,33,42
S12__HLO_to_P__alternative_12y__M3__ridge__none,S12,HLO_to_P,alternative_12y,M3,ridge,,rmse,7.278052038781963,33,42
S12__HLO_to_P__alternative_12y__M3__ridge__none,S12,HLO_to_P,alternative_12y,M3,ridge,,bias,-0.09061859577535164,33,42
S12__HLO_to_P__alternative_12y__M3__ridge__none,S12,HLO_to_P,alternative_12y,M3,ridge,,scaled_mae,0.5486298350157965,33,42
S12__HLO_to_P__alternative_12y__M3__ridge__none,S12,HLO_to_P,alternative_12y,M3,ridge,,scaled_mse,0.46851319439114264,33,42
S12__HLO_to_P__primary_5y_matched__M0__reference__none,S12,HLO_to_P,primary_5y_matched,M0,reference,,mae,8.614589915784515,33,42
S12__HLO_to_P__primary_5y_matched__M0__reference__none,S12,HLO_to_P,primary_5y_matched,M0,reference,,mse,122.09155158830235,33,42
S12__HLO_to_P__primary_5y_matched__M0__reference__none,S12,HLO_to_P,primary_5y_matched,M0,reference,,rmse,11.049504585650089,33,42
S12__HLO_to_P__primary_5y_matched__M0__reference__none,S12,HLO_to_P,primary_5y_matched,M0,reference,,bias,-2.1649348980190553e-15,33,42
S12__HLO_to_P__primary_5y_matched__M0__reference__none,S12,HLO_to_P,primary_5y_matched,M0,reference,,scaled_mae,0.8162208196119163,33,42
S12__HLO_to_P__primary_5y_matched__M0__reference__none,S12,HLO_to_P,primary_5y_matched,M0,reference,,scaled_mse,1.1235359450130298,33,42
S12__HLO_to_P__primary_5y_matched__M1__ridge__none,S12,HLO_to_P,primary_5y_matched,M1,ridge,,mae,6.073864882846282,33,42
S12__HLO_to_P__primary_5y_matched__M1__ridge__none,S12,HLO_to_P,primary_5y_matched,M1,ridge,,mse,53.020608776127695,33,42
S12__HLO_to_P__primary_5y_matched__M1__ridge__none,S12,HLO_to_P,primary_5y_matched,M1,ridge,,rmse,7.281525168268506,33,42
S12__HLO_to_P__primary_5y_matched__M1__ridge__none,S12,HLO_to_P,primary_5y_matched,M1,ridge,,bias,-0.01071745000770874,33,42
S12__HLO_to_P__primary_5y_matched__M1__ridge__none,S12,HLO_to_P,primary_5y_matched,M1,ridge,,scaled_mae,0.5689148322159957,33,42
S12__HLO_to_P__primary_5y_matched__M1__ridge__none,S12,HLO_to_P,primary_5y_matched,M1,ridge,,scaled_mse,0.46677183769648095,33,42
S12__HLO_to_P__primary_5y_matched__M2__ridge__none,S12,HLO_to_P,primary_5y_matched,M2,ridge,,mae,6.521444803290351,33,42
S12__HLO_to_P__primary_5y_matched__M2__ridge__none,S12,HLO_to_P,primary_5y_matched,M2,ridge,,mse,73.92035539456647,33,42
S12__HLO_to_P__primary_5y_matched__M2__ridge__none,S12,HLO_to_P,primary_5y_matched,M2,ridge,,rmse,8.597694772121564,33,42
S12__HLO_to_P__primary_5y_matched__M2__ridge__none,S12,HLO_to_P,primary_5y_matched,M2,ridge,,bias,0.44083452960866504,33,42
S12__HLO_to_P__primary_5y_matched__M2__ridge__none,S12,HLO_to_P,primary_5y_matched,M2,ridge,,scaled_mae,0.6145353002810957,33,42
S12__HLO_to_P__primary_5y_matched__M2__ridge__none,S12,HLO_to_P,primary_5y_matched,M2,ridge,,scaled_mse,0.6649297768307535,33,42
S12__HLO_to_P__primary_5y_matched__M3__ridge__none,S12,HLO_to_P,primary_5y_matched,M3,ridge,,mae,6.455708994401191,33,42
S12__HLO_to_P__primary_5y_matched__M3__ridge__none,S12,HLO_to_P,primary_5y_matched,M3,ridge,,mse,69.50824486420164,33,42
S12__HLO_to_P__primary_5y_matched__M3__ridge__none,S12,HLO_to_P,primary_5y_matched,M3,ridge,,rmse,8.33716047969581,33,42
S12__HLO_to_P__primary_5y_matched__M3__ridge__none,S12,HLO_to_P,primary_5y_matched,M3,ridge,,bias,0.5408623162847441,33,42
S12__HLO_to_P__primary_5y_matched__M3__ridge__none,S12,HLO_to_P,primary_5y_matched,M3,ridge,,scaled_mae,0.6077029319230223,33,42
S12__HLO_to_P__primary_5y_matched__M3__ridge__none,S12,HLO_to_P,primary_5y_matched,M3,ridge,,scaled_mse,0.62299233383758,33,42
S12__P_to_HLO__alternative_12y__M0__reference__none,S12,P_to_HLO,alternative_12y,M0,reference,,mae,64.87535715909091,33,42
S12__P_to_HLO__alternative_12y__M0__reference__none,S12,P_to_HLO,alternative_12y,M0,reference,,mse,5791.428525593279,33,42
S12__P_to_HLO__alternative_12y__M0__reference__none,S12,P_to_HLO,alternative_12y,M0,reference,,rmse,76.10143576564951,33,42
S12__P_to_HLO__alternative_12y__M0__reference__none,S12,P_to_HLO,alternative_12y,M0,reference,,bias,1.7763568394002505e-14,33,42
S12__P_to_HLO__alternative_12y__M0__reference__none,S12,P_to_HLO,alternative_12y,M0,reference,,scaled_mae,0.8900408688931184,33,42
S12__P_to_HLO__alternative_12y__M0__reference__none,S12,P_to_HLO,alternative_12y,M0,reference,,scaled_mse,1.1174181743412,33,42
S12__P_to_HLO__alternative_12y__M1__ridge__none,S12,P_to_HLO,alternative_12y,M1,ridge,,mae,39.084972217317365,33,42
S12__P_to_HLO__alternative_12y__M1__ridge__none,S12,P_to_HLO,alternative_12y,M1,ridge,,mse,2444.648010965332,33,42
S12__P_to_HLO__alternative_12y__M1__ridge__none,S12,P_to_HLO,alternative_12y,M1,ridge,,rmse,49.44338187225194,33,42
S12__P_to_HLO__alternative_12y__M1__ridge__none,S12,P_to_HLO,alternative_12y,M1,ridge,,bias,-0.05849426044723216,33,42
S12__P_to_HLO__alternative_12y__M1__ridge__none,S12,P_to_HLO,alternative_12y,M1,ridge,,scaled_mae,0.5332054644543932,33,42
S12__P_to_HLO__alternative_12y__M1__ridge__none,S12,P_to_HLO,alternative_12y,M1,ridge,,scaled_mse,0.4589733769462979,33,42
S12__P_to_HLO__alternative_12y__M2__ridge__none,S12,P_to_HLO,alternative_12y,M2,ridge,,mae,24.75475601411195,33,42
S12__P_to_HLO__alternative_12y__M2__ridge__none,S12,P_to_HLO,alternative_12y,M2,ridge,,mse,997.5087882788773,33,42
S12__P_to_HLO__alternative_12y__M2__ridge__none,S12,P_to_HLO,alternative_12y,M2,ridge,,rmse,31.583362523310868,33,42
S12__P_to_HLO__alternative_12y__M2__ridge__none,S12,P_to_HLO,alternative_12y,M2,ridge,,bias,0.3716794889627989,33,42
S12__P_to_HLO__alternative_12y__M2__ridge__none,S12,P_to_HLO,alternative_12y,M2,ridge,,scaled_mae,0.3372344583393642,33,42
S12__P_to_HLO__alternative_12y__M2__ridge__none,S12,P_to_HLO,alternative_12y,M2,ridge,,scaled_mse,0.18675674501809766,33,42
S12__P_to_HLO__alternative_12y__M3__ridge__none,S12,P_to_HLO,alternative_12y,M3,ridge,,mae,26.68448821365006,33,42
S12__P_to_HLO__alternative_12y__M3__ridge__none,S12,P_to_HLO,alternative_12y,M3,ridge,,mse,1146.1110716651092,33,42
S12__P_to_HLO__alternative_12y__M3__ridge__none,S12,P_to_HLO,alternative_12y,M3,ridge,,rmse,33.85426223779081,33,42
S12__P_to_HLO__alternative_12y__M3__ridge__none,S12,P_to_HLO,alternative_12y,M3,ridge,,bias,-0.7138104532422695,33,42
S12__P_to_HLO__alternative_12y__M3__ridge__none,S12,P_to_HLO,alternative_12y,M3,ridge,,scaled_mae,0.36309514162063133,33,42
S12__P_to_HLO__alternative_12y__M3__ridge__none,S12,P_to_HLO,alternative_12y,M3,ridge,,scaled_mse,0.214126301300338,33,42
S12__P_to_HLO__primary_5y_matched__M0__reference__none,S12,P_to_HLO,primary_5y_matched,M0,reference,,mae,64.87535715909091,33,42
S12__P_to_HLO__primary_5y_matched__M0__reference__none,S12,P_to_HLO,primary_5y_matched,M0,reference,,mse,5791.428525593279,33,42
S12__P_to_HLO__primary_5y_matched__M0__reference__none,S12,P_to_HLO,primary_5y_matched,M0,reference,,rmse,76.10143576564951,33,42
S12__P_to_HLO__primary_5y_matched__M0__reference__none,S12,P_to_HLO,primary_5y_matched,M0,reference,,bias,1.7763568394002505e-14,33,42
S12__P_to_HLO__primary_5y_matched__M0__reference__none,S12,P_to_HLO,primary_5y_matched,M0,reference,,scaled_mae,0.8900408688931184,33,42
S12__P_to_HLO__primary_5y_matched__M0__reference__none,S12,P_to_HLO,primary_5y_matched,M0,reference,,scaled_mse,1.1174181743412,33,42
S12__P_to_HLO__primary_5y_matched__M1__ridge__none,S12,P_to_HLO,primary_5y_matched,M1,ridge,,mae,39.084972217317365,33,42
S12__P_to_HLO__primary_5y_matched__M1__ridge__none,S12,P_to_HLO,primary_5y_matched,M1,ridge,,mse,2444.648010965332,33,42
S12__P_to_HLO__primary_5y_matched__M1__ridge__none,S12,P_to_HLO,primary_5y_matched,M1,ridge,,rmse,49.44338187225194,33,42
S12__P_to_HLO__primary_5y_matched__M1__ridge__none,S12,P_to_HLO,primary_5y_matched,M1,ridge,,bias,-0.05849426044723216,33,42
S12__P_to_HLO__primary_5y_matched__M1__ridge__none,S12,P_to_HLO,primary_5y_matched,M1,ridge,,scaled_mae,0.5332054644543932,33,42
S12__P_to_HLO__primary_5y_matched__M1__ridge__none,S12,P_to_HLO,primary_5y_matched,M1,ridge,,scaled_mse,0.4589733769462979,33,42
S12__P_to_HLO__primary_5y_matched__M2__ridge__none,S12,P_to_HLO,primary_5y_matched,M2,ridge,,mae,25.759790136172672,33,42
S12__P_to_HLO__primary_5y_matched__M2__ridge__none,S12,P_to_HLO,primary_5y_matched,M2,ridge,,mse,1151.8474912274726,33,42
S12__P_to_HLO__primary_5y_matched__M2__ridge__none,S12,P_to_HLO,primary_5y_matched,M2,ridge,,rmse,33.938878756191585,33,42
S12__P_to_HLO__primary_5y_matched__M2__ridge__none,S12,P_to_HLO,primary_5y_matched,M2,ridge,,bias,1.1712952766251032,33,42
S12__P_to_HLO__primary_5y_matched__M2__ridge__none,S12,P_to_HLO,primary_5y_matched,M2,ridge,,scaled_mae,0.3503452472201061,33,42
S12__P_to_HLO__primary_5y_matched__M2__ridge__none,S12,P_to_HLO,primary_5y_matched,M2,ridge,,scaled_mse,0.2145344298965859,33,42
S12__P_to_HLO__primary_5y_matched__M3__ridge__none,S12,P_to_HLO,primary_5y_matched,M3,ridge,,mae,25.543361402140523,33,42
S12__P_to_HLO__primary_5y_matched__M3__ridge__none,S12,P_to_HLO,primary_5y_matched,M3,ridge,,mse,1060.9163382715972,33,42
S12__P_to_HLO__primary_5y_matched__M3__ridge__none,S12,P_to_HLO,primary_5y_matched,M3,ridge,,rmse,32.571710705328286,33,42
S12__P_to_HLO__primary_5y_matched__M3__ridge__none,S12,P_to_HLO,primary_5y_matched,M3,ridge,,bias,0.3392720358655783,33,42
S12__P_to_HLO__primary_5y_matched__M3__ridge__none,S12,P_to_HLO,primary_5y_matched,M3,ridge,,scaled_mae,0.347038893565335,33,42
S12__P_to_HLO__primary_5y_matched__M3__ridge__none,S12,P_to_HLO,primary_5y_matched,M3,ridge,,scaled_mse,0.19776897458380024,33,42
S4__HLO_to_P__four_year_preceding_5y__M0__reference__none,S4,HLO_to_P,four_year_preceding_5y,M0,reference,,mae,8.132036502624468,33,49
S4__HLO_to_P__four_year_preceding_5y__M0__reference__none,S4,HLO_to_P,four_year_preceding_5y,M0,reference,,mse,113.63354053247895,33,49
S4__HLO_to_P__four_year_preceding_5y__M0__reference__none,S4,HLO_to_P,four_year_preceding_5y,M0,reference,,rmse,10.65990340164858,33,49
S4__HLO_to_P__four_year_preceding_5y__M0__reference__none,S4,HLO_to_P,four_year_preceding_5y,M0,reference,,bias,-4.218847493575595e-15,33,49
S4__HLO_to_P__four_year_preceding_5y__M0__reference__none,S4,HLO_to_P,four_year_preceding_5y,M0,reference,,scaled_mae,0.8017381647810519,33,49
S4__HLO_to_P__four_year_preceding_5y__M0__reference__none,S4,HLO_to_P,four_year_preceding_5y,M0,reference,,scaled_mse,1.1450351550394864,33,49
S4__HLO_to_P__four_year_preceding_5y__M1__ridge__none,S4,HLO_to_P,four_year_preceding_5y,M1,ridge,,mae,6.04683041094118,33,49
S4__HLO_to_P__four_year_preceding_5y__M1__ridge__none,S4,HLO_to_P,four_year_preceding_5y,M1,ridge,,mse,54.968226718158995,33,49
S4__HLO_to_P__four_year_preceding_5y__M1__ridge__none,S4,HLO_to_P,four_year_preceding_5y,M1,ridge,,rmse,7.414056023403046,33,49
S4__HLO_to_P__four_year_preceding_5y__M1__ridge__none,S4,HLO_to_P,four_year_preceding_5y,M1,ridge,,bias,0.01653738753590911,33,49
S4__HLO_to_P__four_year_preceding_5y__M1__ridge__none,S4,HLO_to_P,four_year_preceding_5y,M1,ridge,,scaled_mae,0.5888938131848946,33,49
S4__HLO_to_P__four_year_preceding_5y__M1__ridge__none,S4,HLO_to_P,four_year_preceding_5y,M1,ridge,,scaled_mse,0.5240321437056648,33,49
S4__HLO_to_P__four_year_preceding_5y__M2__ridge__none,S4,HLO_to_P,four_year_preceding_5y,M2,ridge,,mae,6.6853053883502955,33,49
S4__HLO_to_P__four_year_preceding_5y__M2__ridge__none,S4,HLO_to_P,four_year_preceding_5y,M2,ridge,,mse,79.56374848302859,33,49
S4__HLO_to_P__four_year_preceding_5y__M2__ridge__none,S4,HLO_to_P,four_year_preceding_5y,M2,ridge,,rmse,8.919851371128814,33,49
S4__HLO_to_P__four_year_preceding_5y__M2__ridge__none,S4,HLO_to_P,four_year_preceding_5y,M2,ridge,,bias,0.20186196810012957,33,49
S4__HLO_to_P__four_year_preceding_5y__M2__ridge__none,S4,HLO_to_P,four_year_preceding_5y,M2,ridge,,scaled_mae,0.6575351702785477,33,49
S4__HLO_to_P__four_year_preceding_5y__M2__ridge__none,S4,HLO_to_P,four_year_preceding_5y,M2,ridge,,scaled_mse,0.7902961921916861,33,49
S4__HLO_to_P__four_year_preceding_5y__M3__ridge__none,S4,HLO_to_P,four_year_preceding_5y,M3,ridge,,mae,6.433286321586008,33,49
S4__HLO_to_P__four_year_preceding_5y__M3__ridge__none,S4,HLO_to_P,four_year_preceding_5y,M3,ridge,,mse,72.15728218797128,33,49
S4__HLO_to_P__four_year_preceding_5y__M3__ridge__none,S4,HLO_to_P,four_year_preceding_5y,M3,ridge,,rmse,8.49454426016907,33,49
S4__HLO_to_P__four_year_preceding_5y__M3__ridge__none,S4,HLO_to_P,four_year_preceding_5y,M3,ridge,,bias,0.19985930295692156,33,49
S4__HLO_to_P__four_year_preceding_5y__M3__ridge__none,S4,HLO_to_P,four_year_preceding_5y,M3,ridge,,scaled_mae,0.6318773517907668,33,49
S4__HLO_to_P__four_year_preceding_5y__M3__ridge__none,S4,HLO_to_P,four_year_preceding_5y,M3,ridge,,scaled_mse,0.7120389102017042,33,49
S4__P_to_HLO__four_year_preceding_5y__M0__reference__none,S4,P_to_HLO,four_year_preceding_5y,M0,reference,,mae,59.218311392045464,33,49
S4__P_to_HLO__four_year_preceding_5y__M0__reference__none,S4,P_to_HLO,four_year_preceding_5y,M0,reference,,mse,4776.458331655495,33,49
S4__P_to_HLO__four_year_preceding_5y__M0__reference__none,S4,P_to_HLO,four_year_preceding_5y,M0,reference,,rmse,69.11192611738943,33,49
S4__P_to_HLO__four_year_preceding_5y__M0__reference__none,S4,P_to_HLO,four_year_preceding_5y,M0,reference,,bias,5.3290705182007514e-14,33,49
S4__P_to_HLO__four_year_preceding_5y__M0__reference__none,S4,P_to_HLO,four_year_preceding_5y,M0,reference,,scaled_mae,0.894021096282957,33,49
S4__P_to_HLO__four_year_preceding_5y__M0__reference__none,S4,P_to_HLO,four_year_preceding_5y,M0,reference,,scaled_mse,1.1155061758334337,33,49
S4__P_to_HLO__four_year_preceding_5y__M1__ridge__none,S4,P_to_HLO,four_year_preceding_5y,M1,ridge,,mae,35.58676973521129,33,49
S4__P_to_HLO__four_year_preceding_5y__M1__ridge__none,S4,P_to_HLO,four_year_preceding_5y,M1,ridge,,mse,2184.0040760179577,33,49
S4__P_to_HLO__four_year_preceding_5y__M1__ridge__none,S4,P_to_HLO,four_year_preceding_5y,M1,ridge,,rmse,46.73332939153766,33,49
S4__P_to_HLO__four_year_preceding_5y__M1__ridge__none,S4,P_to_HLO,four_year_preceding_5y,M1,ridge,,bias,0.1738425348203123,33,49
S4__P_to_HLO__four_year_preceding_5y__M1__ridge__none,S4,P_to_HLO,four_year_preceding_5y,M1,ridge,,scaled_mae,0.5338965087940302,33,49
S4__P_to_HLO__four_year_preceding_5y__M1__ridge__none,S4,P_to_HLO,four_year_preceding_5y,M1,ridge,,scaled_mse,0.495961856297721,33,49
S4__P_to_HLO__four_year_preceding_5y__M2__ridge__none,S4,P_to_HLO,four_year_preceding_5y,M2,ridge,,mae,29.13767558966525,33,49
S4__P_to_HLO__four_year_preceding_5y__M2__ridge__none,S4,P_to_HLO,four_year_preceding_5y,M2,ridge,,mse,1225.1824071021483,33,49
S4__P_to_HLO__four_year_preceding_5y__M2__ridge__none,S4,P_to_HLO,four_year_preceding_5y,M2,ridge,,rmse,35.002605718748256,33,49
S4__P_to_HLO__four_year_preceding_5y__M2__ridge__none,S4,P_to_HLO,four_year_preceding_5y,M2,ridge,,bias,0.8280760739044786,33,49
S4__P_to_HLO__four_year_preceding_5y__M2__ridge__none,S4,P_to_HLO,four_year_preceding_5y,M2,ridge,,scaled_mae,0.4375355971534225,33,49
S4__P_to_HLO__four_year_preceding_5y__M2__ridge__none,S4,P_to_HLO,four_year_preceding_5y,M2,ridge,,scaled_mse,0.278225742815287,33,49
S4__P_to_HLO__four_year_preceding_5y__M3__ridge__none,S4,P_to_HLO,four_year_preceding_5y,M3,ridge,,mae,26.876573881548815,33,49
S4__P_to_HLO__four_year_preceding_5y__M3__ridge__none,S4,P_to_HLO,four_year_preceding_5y,M3,ridge,,mse,1056.7808141885662,33,49
S4__P_to_HLO__four_year_preceding_5y__M3__ridge__none,S4,P_to_HLO,four_year_preceding_5y,M3,ridge,,rmse,32.508165346395145,33,49
S4__P_to_HLO__four_year_preceding_5y__M3__ridge__none,S4,P_to_HLO,four_year_preceding_5y,M3,ridge,,bias,0.6138795736514169,33,49
S4__P_to_HLO__four_year_preceding_5y__M3__ridge__none,S4,P_to_HLO,four_year_preceding_5y,M3,ridge,,scaled_mae,0.40242413197349275,33,49
S4__P_to_HLO__four_year_preceding_5y__M3__ridge__none,S4,P_to_HLO,four_year_preceding_5y,M3,ridge,,scaled_mse,0.23741195553346664,33,49
SA5__HLO_to_P__assessment_specific_5y_fixed__M0__reference__none,SA5,HLO_to_P,assessment_specific_5y_fixed,M0,reference,,mae,8.013867406583703,36,51
SA5__HLO_to_P__assessment_specific_5y_fixed__M0__reference__none,SA5,HLO_to_P,assessment_specific_5y_fixed,M0,reference,,mse,115.60713466933689,36,51
SA5__HLO_to_P__assessment_specific_5y_fixed__M0__reference__none,SA5,HLO_to_P,assessment_specific_5y_fixed,M0,reference,,rmse,10.752075830709941,36,51
SA5__HLO_to_P__assessment_specific_5y_fixed__M0__reference__none,SA5,HLO_to_P,assessment_specific_5y_fixed,M0,reference,,bias,-4.3298697960381105e-15,36,51
SA5__HLO_to_P__assessment_specific_5y_fixed__M0__reference__none,SA5,HLO_to_P,assessment_specific_5y_fixed,M0,reference,,scaled_mae,0.7788373641097032,36,51
SA5__HLO_to_P__assessment_specific_5y_fixed__M0__reference__none,SA5,HLO_to_P,assessment_specific_5y_fixed,M0,reference,,scaled_mse,1.122612429505705,36,51
SA5__HLO_to_P__assessment_specific_5y_fixed__M1__ridge__none,SA5,HLO_to_P,assessment_specific_5y_fixed,M1,ridge,,mae,5.778770284143139,36,51
SA5__HLO_to_P__assessment_specific_5y_fixed__M1__ridge__none,SA5,HLO_to_P,assessment_specific_5y_fixed,M1,ridge,,mse,50.9500166304029,36,51
SA5__HLO_to_P__assessment_specific_5y_fixed__M1__ridge__none,SA5,HLO_to_P,assessment_specific_5y_fixed,M1,ridge,,rmse,7.137928034829358,36,51
SA5__HLO_to_P__assessment_specific_5y_fixed__M1__ridge__none,SA5,HLO_to_P,assessment_specific_5y_fixed,M1,ridge,,bias,0.012126565824646399,36,51
SA5__HLO_to_P__assessment_specific_5y_fixed__M1__ridge__none,SA5,HLO_to_P,assessment_specific_5y_fixed,M1,ridge,,scaled_mae,0.5550597024994406,36,51
SA5__HLO_to_P__assessment_specific_5y_fixed__M1__ridge__none,SA5,HLO_to_P,assessment_specific_5y_fixed,M1,ridge,,scaled_mse,0.47254522326983983,36,51
SA5__HLO_to_P__assessment_specific_5y_fixed__M2__ridge__none,SA5,HLO_to_P,assessment_specific_5y_fixed,M2,ridge,,mae,6.427416643962028,36,51
SA5__HLO_to_P__assessment_specific_5y_fixed__M2__ridge__none,SA5,HLO_to_P,assessment_specific_5y_fixed,M2,ridge,,mse,70.9804473207624,36,51
SA5__HLO_to_P__assessment_specific_5y_fixed__M2__ridge__none,SA5,HLO_to_P,assessment_specific_5y_fixed,M2,ridge,,rmse,8.424989455231525,36,51
SA5__HLO_to_P__assessment_specific_5y_fixed__M2__ridge__none,SA5,HLO_to_P,assessment_specific_5y_fixed,M2,ridge,,bias,0.5496347715406605,36,51
SA5__HLO_to_P__assessment_specific_5y_fixed__M2__ridge__none,SA5,HLO_to_P,assessment_specific_5y_fixed,M2,ridge,,scaled_mae,0.6198668669080715,36,51
SA5__HLO_to_P__assessment_specific_5y_fixed__M2__ridge__none,SA5,HLO_to_P,assessment_specific_5y_fixed,M2,ridge,,scaled_mse,0.6688877757702051,36,51
SA5__HLO_to_P__assessment_specific_5y_fixed__M3__ridge__none,SA5,HLO_to_P,assessment_specific_5y_fixed,M3,ridge,,mae,6.109677302586837,36,51
SA5__HLO_to_P__assessment_specific_5y_fixed__M3__ridge__none,SA5,HLO_to_P,assessment_specific_5y_fixed,M3,ridge,,mse,65.64722026754025,36,51
SA5__HLO_to_P__assessment_specific_5y_fixed__M3__ridge__none,SA5,HLO_to_P,assessment_specific_5y_fixed,M3,ridge,,rmse,8.102297221624262,36,51
SA5__HLO_to_P__assessment_specific_5y_fixed__M3__ridge__none,SA5,HLO_to_P,assessment_specific_5y_fixed,M3,ridge,,bias,0.4152982363482361,36,51
SA5__HLO_to_P__assessment_specific_5y_fixed__M3__ridge__none,SA5,HLO_to_P,assessment_specific_5y_fixed,M3,ridge,,scaled_mae,0.5893241845143182,36,51
SA5__HLO_to_P__assessment_specific_5y_fixed__M3__ridge__none,SA5,HLO_to_P,assessment_specific_5y_fixed,M3,ridge,,scaled_mse,0.6183086760609963,36,51
SA5__HLO_to_P__primary_5y_matched__M0__reference__none,SA5,HLO_to_P,primary_5y_matched,M0,reference,,mae,8.013867406583703,36,51
SA5__HLO_to_P__primary_5y_matched__M0__reference__none,SA5,HLO_to_P,primary_5y_matched,M0,reference,,mse,115.60713466933689,36,51
SA5__HLO_to_P__primary_5y_matched__M0__reference__none,SA5,HLO_to_P,primary_5y_matched,M0,reference,,rmse,10.752075830709941,36,51
SA5__HLO_to_P__primary_5y_matched__M0__reference__none,SA5,HLO_to_P,primary_5y_matched,M0,reference,,bias,-4.3298697960381105e-15,36,51
SA5__HLO_to_P__primary_5y_matched__M0__reference__none,SA5,HLO_to_P,primary_5y_matched,M0,reference,,scaled_mae,0.7788373641097032,36,51
SA5__HLO_to_P__primary_5y_matched__M0__reference__none,SA5,HLO_to_P,primary_5y_matched,M0,reference,,scaled_mse,1.122612429505705,36,51
SA5__HLO_to_P__primary_5y_matched__M1__ridge__none,SA5,HLO_to_P,primary_5y_matched,M1,ridge,,mae,5.778770284143139,36,51
SA5__HLO_to_P__primary_5y_matched__M1__ridge__none,SA5,HLO_to_P,primary_5y_matched,M1,ridge,,mse,50.9500166304029,36,51
SA5__HLO_to_P__primary_5y_matched__M1__ridge__none,SA5,HLO_to_P,primary_5y_matched,M1,ridge,,rmse,7.137928034829358,36,51
SA5__HLO_to_P__primary_5y_matched__M1__ridge__none,SA5,HLO_to_P,primary_5y_matched,M1,ridge,,bias,0.012126565824646399,36,51
SA5__HLO_to_P__primary_5y_matched__M1__ridge__none,SA5,HLO_to_P,primary_5y_matched,M1,ridge,,scaled_mae,0.5550597024994406,36,51
SA5__HLO_to_P__primary_5y_matched__M1__ridge__none,SA5,HLO_to_P,primary_5y_matched,M1,ridge,,scaled_mse,0.47254522326983983,36,51
SA5__HLO_to_P__primary_5y_matched__M2__ridge__none,SA5,HLO_to_P,primary_5y_matched,M2,ridge,,mae,6.244382945910893,36,51
SA5__HLO_to_P__primary_5y_matched__M2__ridge__none,SA5,HLO_to_P,primary_5y_matched,M2,ridge,,mse,71.78922792606464,36,51
SA5__HLO_to_P__primary_5y_matched__M2__ridge__none,SA5,HLO_to_P,primary_5y_matched,M2,ridge,,rmse,8.472852407900461,36,51
SA5__HLO_to_P__primary_5y_matched__M2__ridge__none,SA5,HLO_to_P,primary_5y_matched,M2,ridge,,bias,0.5557335972247238,36,51
SA5__HLO_to_P__primary_5y_matched__M2__ridge__none,SA5,HLO_to_P,primary_5y_matched,M2,ridge,,scaled_mae,0.6029274362981055,36,51
SA5__HLO_to_P__primary_5y_matched__M2__ridge__none,SA5,HLO_to_P,primary_5y_matched,M2,ridge,,scaled_mse,0.678345329677812,36,51
SA5__HLO_to_P__primary_5y_matched__M3__ridge__none,SA5,HLO_to_P,primary_5y_matched,M3,ridge,,mae,6.027427197831287,36,51
SA5__HLO_to_P__primary_5y_matched__M3__ridge__none,SA5,HLO_to_P,primary_5y_matched,M3,ridge,,mse,65.2136132766296,36,51
SA5__HLO_to_P__primary_5y_matched__M3__ridge__none,SA5,HLO_to_P,primary_5y_matched,M3,ridge,,rmse,8.07549461498363,36,51
SA5__HLO_to_P__primary_5y_matched__M3__ridge__none,SA5,HLO_to_P,primary_5y_matched,M3,ridge,,bias,0.3074738721804098,36,51
SA5__HLO_to_P__primary_5y_matched__M3__ridge__none,SA5,HLO_to_P,primary_5y_matched,M3,ridge,,scaled_mae,0.5814337182115209,36,51
SA5__HLO_to_P__primary_5y_matched__M3__ridge__none,SA5,HLO_to_P,primary_5y_matched,M3,ridge,,scaled_mse,0.6144529848768664,36,51
SA5__P_to_HLO__assessment_specific_5y_fixed__M0__reference__none,SA5,P_to_HLO,assessment_specific_5y_fixed,M0,reference,,mae,64.21833261111111,36,51
SA5__P_to_HLO__assessment_specific_5y_fixed__M0__reference__none,SA5,P_to_HLO,assessment_specific_5y_fixed,M0,reference,,mse,5779.426854494361,36,51
SA5__P_to_HLO__assessment_specific_5y_fixed__M0__reference__none,SA5,P_to_HLO,assessment_specific_5y_fixed,M0,reference,,rmse,76.02254175239315,36,51
SA5__P_to_HLO__assessment_specific_5y_fixed__M0__reference__none,SA5,P_to_HLO,assessment_specific_5y_fixed,M0,reference,,bias,-6.8833827526759706e-15,36,51
SA5__P_to_HLO__assessment_specific_5y_fixed__M0__reference__none,SA5,P_to_HLO,assessment_specific_5y_fixed,M0,reference,,scaled_mae,0.8785314710147952,36,51
SA5__P_to_HLO__assessment_specific_5y_fixed__M0__reference__none,SA5,P_to_HLO,assessment_specific_5y_fixed,M0,reference,,scaled_mse,1.1057682130014026,36,51
SA5__P_to_HLO__assessment_specific_5y_fixed__M1__ridge__none,SA5,P_to_HLO,assessment_specific_5y_fixed,M1,ridge,,mae,38.79335083947251,36,51
SA5__P_to_HLO__assessment_specific_5y_fixed__M1__ridge__none,SA5,P_to_HLO,assessment_specific_5y_fixed,M1,ridge,,mse,2441.2052257285327,36,51
SA5__P_to_HLO__assessment_specific_5y_fixed__M1__ridge__none,SA5,P_to_HLO,assessment_specific_5y_fixed,M1,ridge,,rmse,49.40855417565396,36,51
SA5__P_to_HLO__assessment_specific_5y_fixed__M1__ridge__none,SA5,P_to_HLO,assessment_specific_5y_fixed,M1,ridge,,bias,0.11529131412421174,36,51
SA5__P_to_HLO__assessment_specific_5y_fixed__M1__ridge__none,SA5,P_to_HLO,assessment_specific_5y_fixed,M1,ridge,,scaled_mae,0.5274967472964222,36,51
SA5__P_to_HLO__assessment_specific_5y_fixed__M1__ridge__none,SA5,P_to_HLO,assessment_specific_5y_fixed,M1,ridge,,scaled_mse,0.45451496968744404,36,51
SA5__P_to_HLO__assessment_specific_5y_fixed__M2__ridge__none,SA5,P_to_HLO,assessment_specific_5y_fixed,M2,ridge,,mae,26.206179722880606,36,51
SA5__P_to_HLO__assessment_specific_5y_fixed__M2__ridge__none,SA5,P_to_HLO,assessment_specific_5y_fixed,M2,ridge,,mse,1195.278570251064,36,51
SA5__P_to_HLO__assessment_specific_5y_fixed__M2__ridge__none,SA5,P_to_HLO,assessment_specific_5y_fixed,M2,ridge,,rmse,34.572801018301426,36,51
SA5__P_to_HLO__assessment_specific_5y_fixed__M2__ridge__none,SA5,P_to_HLO,assessment_specific_5y_fixed,M2,ridge,,bias,0.8542218235504244,36,51
SA5__P_to_HLO__assessment_specific_5y_fixed__M2__ridge__none,SA5,P_to_HLO,assessment_specific_5y_fixed,M2,ridge,,scaled_mae,0.3562171044721013,36,51
SA5__P_to_HLO__assessment_specific_5y_fixed__M2__ridge__none,SA5,P_to_HLO,assessment_specific_5y_fixed,M2,ridge,,scaled_mse,0.22235197436731824,36,51
SA5__P_to_HLO__assessment_specific_5y_fixed__M3__ridge__none,SA5,P_to_HLO,assessment_specific_5y_fixed,M3,ridge,,mae,25.773358910170522,36,51
SA5__P_to_HLO__assessment_specific_5y_fixed__M3__ridge__none,SA5,P_to_HLO,assessment_specific_5y_fixed,M3,ridge,,mse,1082.7631329525543,36,51
SA5__P_to_HLO__assessment_specific_5y_fixed__M3__ridge__none,SA5,P_to_HLO,assessment_specific_5y_fixed,M3,ridge,,rmse,32.905366324545824,36,51
SA5__P_to_HLO__assessment_specific_5y_fixed__M3__ridge__none,SA5,P_to_HLO,assessment_specific_5y_fixed,M3,ridge,,bias,0.5460581335770636,36,51
SA5__P_to_HLO__assessment_specific_5y_fixed__M3__ridge__none,SA5,P_to_HLO,assessment_specific_5y_fixed,M3,ridge,,scaled_mae,0.35011838261913947,36,51
SA5__P_to_HLO__assessment_specific_5y_fixed__M3__ridge__none,SA5,P_to_HLO,assessment_specific_5y_fixed,M3,ridge,,scaled_mse,0.20128754074796146,36,51
SA5__P_to_HLO__primary_5y_matched__M0__reference__none,SA5,P_to_HLO,primary_5y_matched,M0,reference,,mae,64.21833261111111,36,51
SA5__P_to_HLO__primary_5y_matched__M0__reference__none,SA5,P_to_HLO,primary_5y_matched,M0,reference,,mse,5779.426854494361,36,51
SA5__P_to_HLO__primary_5y_matched__M0__reference__none,SA5,P_to_HLO,primary_5y_matched,M0,reference,,rmse,76.02254175239315,36,51
SA5__P_to_HLO__primary_5y_matched__M0__reference__none,SA5,P_to_HLO,primary_5y_matched,M0,reference,,bias,-6.8833827526759706e-15,36,51
SA5__P_to_HLO__primary_5y_matched__M0__reference__none,SA5,P_to_HLO,primary_5y_matched,M0,reference,,scaled_mae,0.8785314710147952,36,51
SA5__P_to_HLO__primary_5y_matched__M0__reference__none,SA5,P_to_HLO,primary_5y_matched,M0,reference,,scaled_mse,1.1057682130014026,36,51
SA5__P_to_HLO__primary_5y_matched__M1__ridge__none,SA5,P_to_HLO,primary_5y_matched,M1,ridge,,mae,38.79335083947251,36,51
SA5__P_to_HLO__primary_5y_matched__M1__ridge__none,SA5,P_to_HLO,primary_5y_matched,M1,ridge,,mse,2441.2052257285327,36,51
SA5__P_to_HLO__primary_5y_matched__M1__ridge__none,SA5,P_to_HLO,primary_5y_matched,M1,ridge,,rmse,49.40855417565396,36,51
SA5__P_to_HLO__primary_5y_matched__M1__ridge__none,SA5,P_to_HLO,primary_5y_matched,M1,ridge,,bias,0.11529131412421174,36,51
SA5__P_to_HLO__primary_5y_matched__M1__ridge__none,SA5,P_to_HLO,primary_5y_matched,M1,ridge,,scaled_mae,0.5274967472964222,36,51
SA5__P_to_HLO__primary_5y_matched__M1__ridge__none,SA5,P_to_HLO,primary_5y_matched,M1,ridge,,scaled_mse,0.45451496968744404,36,51
SA5__P_to_HLO__primary_5y_matched__M2__ridge__none,SA5,P_to_HLO,primary_5y_matched,M2,ridge,,mae,27.025441473288765,36,51
SA5__P_to_HLO__primary_5y_matched__M2__ridge__none,SA5,P_to_HLO,primary_5y_matched,M2,ridge,,mse,1259.0915683672315,36,51
SA5__P_to_HLO__primary_5y_matched__M2__ridge__none,SA5,P_to_HLO,primary_5y_matched,M2,ridge,,rmse,35.483680310351566,36,51
SA5__P_to_HLO__primary_5y_matched__M2__ridge__none,SA5,P_to_HLO,primary_5y_matched,M2,ridge,,bias,1.7033563365322144,36,51
SA5__P_to_HLO__primary_5y_matched__M2__ridge__none,SA5,P_to_HLO,primary_5y_matched,M2,ridge,,scaled_mae,0.36728293193427286,36,51
SA5__P_to_HLO__primary_5y_matched__M2__ridge__none,SA5,P_to_HLO,primary_5y_matched,M2,ridge,,scaled_mse,0.23424078851693567,36,51
SA5__P_to_HLO__primary_5y_matched__M3__ridge__none,SA5,P_to_HLO,primary_5y_matched,M3,ridge,,mae,24.96139267062044,36,51
SA5__P_to_HLO__primary_5y_matched__M3__ridge__none,SA5,P_to_HLO,primary_5y_matched,M3,ridge,,mse,1048.4436415044183,36,51
SA5__P_to_HLO__primary_5y_matched__M3__ridge__none,SA5,P_to_HLO,primary_5y_matched,M3,ridge,,rmse,32.379679453392036,36,51
SA5__P_to_HLO__primary_5y_matched__M3__ridge__none,SA5,P_to_HLO,primary_5y_matched,M3,ridge,,bias,0.5506973641724803,36,51
SA5__P_to_HLO__primary_5y_matched__M3__ridge__none,SA5,P_to_HLO,primary_5y_matched,M3,ridge,,scaled_mae,0.33901049433553704,36,51
SA5__P_to_HLO__primary_5y_matched__M3__ridge__none,SA5,P_to_HLO,primary_5y_matched,M3,ridge,,scaled_mse,0.1947460991103099,36,51
SCC__HLO_to_P__restricted_primary_5y__M0__reference__none,SCC,HLO_to_P,restricted_primary_5y,M0,reference,,mae,7.8948368997863865,23,29
SCC__HLO_to_P__restricted_primary_5y__M0__reference__none,SCC,HLO_to_P,restricted_primary_5y,M0,reference,,mse,103.19637766708573,23,29
SCC__HLO_to_P__restricted_primary_5y__M0__reference__none,SCC,HLO_to_P,restricted_primary_5y,M0,reference,,rmse,10.15856179127172,23,29
SCC__HLO_to_P__restricted_primary_5y__M0__reference__none,SCC,HLO_to_P,restricted_primary_5y,M0,reference,,bias,4.551914400963142e-15,23,29
SCC__HLO_to_P__restricted_primary_5y__M0__reference__none,SCC,HLO_to_P,restricted_primary_5y,M0,reference,,scaled_mae,0.8356796860275851,23,29
SCC__HLO_to_P__restricted_primary_5y__M0__reference__none,SCC,HLO_to_P,restricted_primary_5y,M0,reference,,scaled_mse,1.2396148762867063,23,29
SCC__HLO_to_P__restricted_primary_5y__M1__ridge__none,SCC,HLO_to_P,restricted_primary_5y,M1,ridge,,mae,5.3929571683269995,23,29
SCC__HLO_to_P__restricted_primary_5y__M1__ridge__none,SCC,HLO_to_P,restricted_primary_5y,M1,ridge,,mse,43.49049658577248,23,29
SCC__HLO_to_P__restricted_primary_5y__M1__ridge__none,SCC,HLO_to_P,restricted_primary_5y,M1,ridge,,rmse,6.594732487809682,23,29
SCC__HLO_to_P__restricted_primary_5y__M1__ridge__none,SCC,HLO_to_P,restricted_primary_5y,M1,ridge,,bias,0.17276465334845223,23,29
SCC__HLO_to_P__restricted_primary_5y__M1__ridge__none,SCC,HLO_to_P,restricted_primary_5y,M1,ridge,,scaled_mae,0.5607280615550694,23,29
SCC__HLO_to_P__restricted_primary_5y__M1__ridge__none,SCC,HLO_to_P,restricted_primary_5y,M1,ridge,,scaled_mse,0.47694166305073543,23,29
SCC__HLO_to_P__restricted_primary_5y__M2__ridge__none,SCC,HLO_to_P,restricted_primary_5y,M2,ridge,,mae,6.954660621164045,23,29
SCC__HLO_to_P__restricted_primary_5y__M2__ridge__none,SCC,HLO_to_P,restricted_primary_5y,M2,ridge,,mse,71.40644572271732,23,29
SCC__HLO_to_P__restricted_primary_5y__M2__ridge__none,SCC,HLO_to_P,restricted_primary_5y,M2,ridge,,rmse,8.45023347149162,23,29
SCC__HLO_to_P__restricted_primary_5y__M2__ridge__none,SCC,HLO_to_P,restricted_primary_5y,M2,ridge,,bias,0.9181758071769217,23,29
SCC__HLO_to_P__restricted_primary_5y__M2__ridge__none,SCC,HLO_to_P,restricted_primary_5y,M2,ridge,,scaled_mae,0.7280856430831031,23,29
SCC__HLO_to_P__restricted_primary_5y__M2__ridge__none,SCC,HLO_to_P,restricted_primary_5y,M2,ridge,,scaled_mse,0.8282107027674104,23,29
SCC__HLO_to_P__restricted_primary_5y__M3__ridge__none,SCC,HLO_to_P,restricted_primary_5y,M3,ridge,,mae,5.770895819853955,23,29
SCC__HLO_to_P__restricted_primary_5y__M3__ridge__none,SCC,HLO_to_P,restricted_primary_5y,M3,ridge,,mse,58.211343803304665,23,29
SCC__HLO_to_P__restricted_primary_5y__M3__ridge__none,SCC,HLO_to_P,restricted_primary_5y,M3,ridge,,rmse,7.629635889300659,23,29
SCC__HLO_to_P__restricted_primary_5y__M3__ridge__none,SCC,HLO_to_P,restricted_primary_5y,M3,ridge,,bias,0.688628547948759,23,29
SCC__HLO_to_P__restricted_primary_5y__M3__ridge__none,SCC,HLO_to_P,restricted_primary_5y,M3,ridge,,scaled_mae,0.6061525603586555,23,29
SCC__HLO_to_P__restricted_primary_5y__M3__ridge__none,SCC,HLO_to_P,restricted_primary_5y,M3,ridge,,scaled_mse,0.6796544291250969,23,29
SCC__P_to_HLO__restricted_primary_5y__M0__reference__none,SCC,P_to_HLO,restricted_primary_5y,M0,reference,,mae,62.672155355731235,23,29
SCC__P_to_HLO__restricted_primary_5y__M0__reference__none,SCC,P_to_HLO,restricted_primary_5y,M0,reference,,mse,5654.914018849132,23,29
SCC__P_to_HLO__restricted_primary_5y__M0__reference__none,SCC,P_to_HLO,restricted_primary_5y,M0,reference,,rmse,75.199162354704,23,29
SCC__P_to_HLO__restricted_primary_5y__M0__reference__none,SCC,P_to_HLO,restricted_primary_5y,M0,reference,,bias,-8.43769498715119e-15,23,29
SCC__P_to_HLO__restricted_primary_5y__M0__reference__none,SCC,P_to_HLO,restricted_primary_5y,M0,reference,,scaled_mae,0.8943292108954861,23,29
SCC__P_to_HLO__restricted_primary_5y__M0__reference__none,SCC,P_to_HLO,restricted_primary_5y,M0,reference,,scaled_mse,1.226875475277077,23,29
SCC__P_to_HLO__restricted_primary_5y__M1__ridge__none,SCC,P_to_HLO,restricted_primary_5y,M1,ridge,,mae,36.925642278190374,23,29
SCC__P_to_HLO__restricted_primary_5y__M1__ridge__none,SCC,P_to_HLO,restricted_primary_5y,M1,ridge,,mse,2387.859463035194,23,29
SCC__P_to_HLO__restricted_primary_5y__M1__ridge__none,SCC,P_to_HLO,restricted_primary_5y,M1,ridge,,rmse,48.865728921558045,23,29
SCC__P_to_HLO__restricted_primary_5y__M1__ridge__none,SCC,P_to_HLO,restricted_primary_5y,M1,ridge,,bias,0.561989411516405,23,29
SCC__P_to_HLO__restricted_primary_5y__M1__ridge__none,SCC,P_to_HLO,restricted_primary_5y,M1,ridge,,scaled_mae,0.5213894652738742,23,29
SCC__P_to_HLO__restricted_primary_5y__M1__ridge__none,SCC,P_to_HLO,restricted_primary_5y,M1,ridge,,scaled_mse,0.48273424469036696,23,29
SCC__P_to_HLO__restricted_primary_5y__M2__ridge__none,SCC,P_to_HLO,restricted_primary_5y,M2,ridge,,mae,25.73021348091565,23,29
SCC__P_to_HLO__restricted_primary_5y__M2__ridge__none,SCC,P_to_HLO,restricted_primary_5y,M2,ridge,,mse,1379.0514991325301,23,29
SCC__P_to_HLO__restricted_primary_5y__M2__ridge__none,SCC,P_to_HLO,restricted_primary_5y,M2,ridge,,rmse,37.13558265508339,23,29
SCC__P_to_HLO__restricted_primary_5y__M2__ridge__none,SCC,P_to_HLO,restricted_primary_5y,M2,ridge,,bias,1.2965439776857726,23,29
SCC__P_to_HLO__restricted_primary_5y__M2__ridge__none,SCC,P_to_HLO,restricted_primary_5y,M2,ridge,,scaled_mae,0.3648584937731406,23,29
SCC__P_to_HLO__restricted_primary_5y__M2__ridge__none,SCC,P_to_HLO,restricted_primary_5y,M2,ridge,,scaled_mse,0.2836203896902374,23,29
SCC__P_to_HLO__restricted_primary_5y__M3__ridge__none,SCC,P_to_HLO,restricted_primary_5y,M3,ridge,,mae,23.956573081715405,23,29
SCC__P_to_HLO__restricted_primary_5y__M3__ridge__none,SCC,P_to_HLO,restricted_primary_5y,M3,ridge,,mse,1116.9947180483011,23,29
SCC__P_to_HLO__restricted_primary_5y__M3__ridge__none,SCC,P_to_HLO,restricted_primary_5y,M3,ridge,,rmse,33.421470913894574,23,29
SCC__P_to_HLO__restricted_primary_5y__M3__ridge__none,SCC,P_to_HLO,restricted_primary_5y,M3,ridge,,bias,0.9556628247807251,23,29
SCC__P_to_HLO__restricted_primary_5y__M3__ridge__none,SCC,P_to_HLO,restricted_primary_5y,M3,ridge,,scaled_mae,0.3380954503821625,23,29
SCC__P_to_HLO__restricted_primary_5y__M3__ridge__none,SCC,P_to_HLO,restricted_primary_5y,M3,ridge,,scaled_mse,0.22716395324646135,23,29
SCOMP__HLO_to_P__restricted_primary_5y__M0__reference__none,SCOMP,HLO_to_P,restricted_primary_5y,M0,reference,,mae,8.102436060473833,32,45
SCOMP__HLO_to_P__restricted_primary_5y__M0__reference__none,SCOMP,HLO_to_P,restricted_primary_5y,M0,reference,,mse,113.9681559106828,32,45
SCOMP__HLO_to_P__restricted_primary_5y__M0__reference__none,SCOMP,HLO_to_P,restricted_primary_5y,M0,reference,,rmse,10.675586911766622,32,45
SCOMP__HLO_to_P__restricted_primary_5y__M0__reference__none,SCOMP,HLO_to_P,restricted_primary_5y,M0,reference,,bias,-1.532107773982716e-14,32,45
SCOMP__HLO_to_P__restricted_primary_5y__M0__reference__none,SCOMP,HLO_to_P,restricted_primary_5y,M0,reference,,scaled_mae,0.7980019049252688,32,45
SCOMP__HLO_to_P__restricted_primary_5y__M0__reference__none,SCOMP,HLO_to_P,restricted_primary_5y,M0,reference,,scaled_mse,1.1474468757464211,32,45
SCOMP__HLO_to_P__restricted_primary_5y__M1__ridge__none,SCOMP,HLO_to_P,restricted_primary_5y,M1,ridge,,mae,5.934742513898639,32,45
SCOMP__HLO_to_P__restricted_primary_5y__M1__ridge__none,SCOMP,HLO_to_P,restricted_primary_5y,M1,ridge,,mse,53.03567522742931,32,45
SCOMP__HLO_to_P__restricted_primary_5y__M1__ridge__none,SCOMP,HLO_to_P,restricted_primary_5y,M1,ridge,,rmse,7.282559661783027,32,45
SCOMP__HLO_to_P__restricted_primary_5y__M1__ridge__none,SCOMP,HLO_to_P,restricted_primary_5y,M1,ridge,,bias,0.018494858395057823,32,45
SCOMP__HLO_to_P__restricted_primary_5y__M1__ridge__none,SCOMP,HLO_to_P,restricted_primary_5y,M1,ridge,,scaled_mae,0.5775654413827592,32,45
SCOMP__HLO_to_P__restricted_primary_5y__M1__ridge__none,SCOMP,HLO_to_P,restricted_primary_5y,M1,ridge,,scaled_mse,0.5070768241174461,32,45
SCOMP__HLO_to_P__restricted_primary_5y__M2__ridge__none,SCOMP,HLO_to_P,restricted_primary_5y,M2,ridge,,mae,6.62605193289603,32,45
SCOMP__HLO_to_P__restricted_primary_5y__M2__ridge__none,SCOMP,HLO_to_P,restricted_primary_5y,M2,ridge,,mse,74.01426866848706,32,45
SCOMP__HLO_to_P__restricted_primary_5y__M2__ridge__none,SCOMP,HLO_to_P,restricted_primary_5y,M2,ridge,,rmse,8.60315457657754,32,45
SCOMP__HLO_to_P__restricted_primary_5y__M2__ridge__none,SCOMP,HLO_to_P,restricted_primary_5y,M2,ridge,,bias,0.4383999354389203,32,45
SCOMP__HLO_to_P__restricted_primary_5y__M2__ridge__none,SCOMP,HLO_to_P,restricted_primary_5y,M2,ridge,,scaled_mae,0.6475059256310183,32,45
SCOMP__HLO_to_P__restricted_primary_5y__M2__ridge__none,SCOMP,HLO_to_P,restricted_primary_5y,M2,ridge,,scaled_mse,0.7192646281605518,32,45
SCOMP__HLO_to_P__restricted_primary_5y__M3__ridge__none,SCOMP,HLO_to_P,restricted_primary_5y,M3,ridge,,mae,6.200872705656005,32,45
SCOMP__HLO_to_P__restricted_primary_5y__M3__ridge__none,SCOMP,HLO_to_P,restricted_primary_5y,M3,ridge,,mse,67.70481897979073,32,45
SCOMP__HLO_to_P__restricted_primary_5y__M3__ridge__none,SCOMP,HLO_to_P,restricted_primary_5y,M3,ridge,,rmse,8.228293807332765,32,45
SCOMP__HLO_to_P__restricted_primary_5y__M3__ridge__none,SCOMP,HLO_to_P,restricted_primary_5y,M3,ridge,,bias,0.3510796751557126,32,45
SCOMP__HLO_to_P__restricted_primary_5y__M3__ridge__none,SCOMP,HLO_to_P,restricted_primary_5y,M3,ridge,,scaled_mae,0.6060278739776657,32,45
SCOMP__HLO_to_P__restricted_primary_5y__M3__ridge__none,SCOMP,HLO_to_P,restricted_primary_5y,M3,ridge,,scaled_mse,0.656783734066243,32,45
SCOMP__P_to_HLO__restricted_primary_5y__M0__reference__none,SCOMP,P_to_HLO,restricted_primary_5y,M0,reference,,mae,67.4418494858871,32,45
SCOMP__P_to_HLO__restricted_primary_5y__M0__reference__none,SCOMP,P_to_HLO,restricted_primary_5y,M0,reference,,mse,6108.0537399566165,32,45
SCOMP__P_to_HLO__restricted_primary_5y__M0__reference__none,SCOMP,P_to_HLO,restricted_primary_5y,M0,reference,,rmse,78.15403853900716,32,45
SCOMP__P_to_HLO__restricted_primary_5y__M0__reference__none,SCOMP,P_to_HLO,restricted_primary_5y,M0,reference,,bias,-1.1901590823981678e-13,32,45
SCOMP__P_to_HLO__restricted_primary_5y__M0__reference__none,SCOMP,P_to_HLO,restricted_primary_5y,M0,reference,,scaled_mae,0.9018542686598623,32,45
SCOMP__P_to_HLO__restricted_primary_5y__M0__reference__none,SCOMP,P_to_HLO,restricted_primary_5y,M0,reference,,scaled_mse,1.122868898846395,32,45
SCOMP__P_to_HLO__restricted_primary_5y__M1__ridge__none,SCOMP,P_to_HLO,restricted_primary_5y,M1,ridge,,mae,41.32640942596453,32,45
SCOMP__P_to_HLO__restricted_primary_5y__M1__ridge__none,SCOMP,P_to_HLO,restricted_primary_5y,M1,ridge,,mse,2704.1607487402753,32,45
SCOMP__P_to_HLO__restricted_primary_5y__M1__ridge__none,SCOMP,P_to_HLO,restricted_primary_5y,M1,ridge,,rmse,52.00154563799306,32,45
SCOMP__P_to_HLO__restricted_primary_5y__M1__ridge__none,SCOMP,P_to_HLO,restricted_primary_5y,M1,ridge,,bias,-0.03450874184727759,32,45
SCOMP__P_to_HLO__restricted_primary_5y__M1__ridge__none,SCOMP,P_to_HLO,restricted_primary_5y,M1,ridge,,scaled_mae,0.5497490577793415,32,45
SCOMP__P_to_HLO__restricted_primary_5y__M1__ridge__none,SCOMP,P_to_HLO,restricted_primary_5y,M1,ridge,,scaled_mse,0.48229448558697663,32,45
SCOMP__P_to_HLO__restricted_primary_5y__M2__ridge__none,SCOMP,P_to_HLO,restricted_primary_5y,M2,ridge,,mae,27.71681805612994,32,45
SCOMP__P_to_HLO__restricted_primary_5y__M2__ridge__none,SCOMP,P_to_HLO,restricted_primary_5y,M2,ridge,,mse,1263.1561455971726,32,45
SCOMP__P_to_HLO__restricted_primary_5y__M2__ridge__none,SCOMP,P_to_HLO,restricted_primary_5y,M2,ridge,,rmse,35.54090805814017,32,45
SCOMP__P_to_HLO__restricted_primary_5y__M2__ridge__none,SCOMP,P_to_HLO,restricted_primary_5y,M2,ridge,,bias,0.9876448537843607,32,45
SCOMP__P_to_HLO__restricted_primary_5y__M2__ridge__none,SCOMP,P_to_HLO,restricted_primary_5y,M2,ridge,,scaled_mae,0.3674190150347959,32,45
SCOMP__P_to_HLO__restricted_primary_5y__M2__ridge__none,SCOMP,P_to_HLO,restricted_primary_5y,M2,ridge,,scaled_mse,0.2235156475711934,32,45
SCOMP__P_to_HLO__restricted_primary_5y__M3__ridge__none,SCOMP,P_to_HLO,restricted_primary_5y,M3,ridge,,mae,26.163364702268098,32,45
SCOMP__P_to_HLO__restricted_primary_5y__M3__ridge__none,SCOMP,P_to_HLO,restricted_primary_5y,M3,ridge,,mse,1061.8291325600098,32,45
SCOMP__P_to_HLO__restricted_primary_5y__M3__ridge__none,SCOMP,P_to_HLO,restricted_primary_5y,M3,ridge,,rmse,32.58571976433864,32,45
SCOMP__P_to_HLO__restricted_primary_5y__M3__ridge__none,SCOMP,P_to_HLO,restricted_primary_5y,M3,ridge,,bias,-0.1247734210793614,32,45
SCOMP__P_to_HLO__restricted_primary_5y__M3__ridge__none,SCOMP,P_to_HLO,restricted_primary_5y,M3,ridge,,scaled_mae,0.3469437109891621,32,45
SCOMP__P_to_HLO__restricted_primary_5y__M3__ridge__none,SCOMP,P_to_HLO,restricted_primary_5y,M3,ridge,,scaled_mse,0.18865109003690814,32,45
STERM__HLO_to_P__restricted_primary_5y__M0__reference__none,STERM,HLO_to_P,restricted_primary_5y,M0,reference,,mae,8.287471117829003,34,44
STERM__HLO_to_P__restricted_primary_5y__M0__reference__none,STERM,HLO_to_P,restricted_primary_5y,M0,reference,,mse,116.54055694871502,34,44
STERM__HLO_to_P__restricted_primary_5y__M0__reference__none,STERM,HLO_to_P,restricted_primary_5y,M0,reference,,rmse,10.795395173346598,34,44
STERM__HLO_to_P__restricted_primary_5y__M0__reference__none,STERM,HLO_to_P,restricted_primary_5y,M0,reference,,bias,8.548717289613705e-15,34,44
STERM__HLO_to_P__restricted_primary_5y__M0__reference__none,STERM,HLO_to_P,restricted_primary_5y,M0,reference,,scaled_mae,0.8041503725971214,34,44
STERM__HLO_to_P__restricted_primary_5y__M0__reference__none,STERM,HLO_to_P,restricted_primary_5y,M0,reference,,scaled_mse,1.1264461968083814,34,44
STERM__HLO_to_P__restricted_primary_5y__M1__ridge__none,STERM,HLO_to_P,restricted_primary_5y,M1,ridge,,mae,5.556004505524385,34,44
STERM__HLO_to_P__restricted_primary_5y__M1__ridge__none,STERM,HLO_to_P,restricted_primary_5y,M1,ridge,,mse,47.29641195320913,34,44
STERM__HLO_to_P__restricted_primary_5y__M1__ridge__none,STERM,HLO_to_P,restricted_primary_5y,M1,ridge,,rmse,6.8772386866539055,34,44
STERM__HLO_to_P__restricted_primary_5y__M1__ridge__none,STERM,HLO_to_P,restricted_primary_5y,M1,ridge,,bias,9.866227410824935e-05,34,44
STERM__HLO_to_P__restricted_primary_5y__M1__ridge__none,STERM,HLO_to_P,restricted_primary_5y,M1,ridge,,scaled_mae,0.532313880472774,34,44
STERM__HLO_to_P__restricted_primary_5y__M1__ridge__none,STERM,HLO_to_P,restricted_primary_5y,M1,ridge,,scaled_mse,0.43481827383162736,34,44
STERM__HLO_to_P__restricted_primary_5y__M2__ridge__none,STERM,HLO_to_P,restricted_primary_5y,M2,ridge,,mae,6.260307817352128,34,44
STERM__HLO_to_P__restricted_primary_5y__M2__ridge__none,STERM,HLO_to_P,restricted_primary_5y,M2,ridge,,mse,76.4201828912077,34,44
STERM__HLO_to_P__restricted_primary_5y__M2__ridge__none,STERM,HLO_to_P,restricted_primary_5y,M2,ridge,,rmse,8.74186381106499,34,44
STERM__HLO_to_P__restricted_primary_5y__M2__ridge__none,STERM,HLO_to_P,restricted_primary_5y,M2,ridge,,bias,0.46792845893452517,34,44
STERM__HLO_to_P__restricted_primary_5y__M2__ridge__none,STERM,HLO_to_P,restricted_primary_5y,M2,ridge,,scaled_mae,0.6037064258065141,34,44
STERM__HLO_to_P__restricted_primary_5y__M2__ridge__none,STERM,HLO_to_P,restricted_primary_5y,M2,ridge,,scaled_mse,0.7159292158517865,34,44
STERM__HLO_to_P__restricted_primary_5y__M3__ridge__none,STERM,HLO_to_P,restricted_primary_5y,M3,ridge,,mae,5.947487454981223,34,44
STERM__HLO_to_P__restricted_primary_5y__M3__ridge__none,STERM,HLO_to_P,restricted_primary_5y,M3,ridge,,mse,67.89215064412157,34,44
STERM__HLO_to_P__restricted_primary_5y__M3__ridge__none,STERM,HLO_to_P,restricted_primary_5y,M3,ridge,,rmse,8.239669328566624,34,44
STERM__HLO_to_P__restricted_primary_5y__M3__ridge__none,STERM,HLO_to_P,restricted_primary_5y,M3,ridge,,bias,0.4354003648699076,34,44
STERM__HLO_to_P__restricted_primary_5y__M3__ridge__none,STERM,HLO_to_P,restricted_primary_5y,M3,ridge,,scaled_mae,0.5727863021151836,34,44
STERM__HLO_to_P__restricted_primary_5y__M3__ridge__none,STERM,HLO_to_P,restricted_primary_5y,M3,ridge,,scaled_mse,0.6331386284949267,34,44
STERM__P_to_HLO__restricted_primary_5y__M0__reference__none,STERM,P_to_HLO,restricted_primary_5y,M0,reference,,mae,63.248890017825296,34,44
STERM__P_to_HLO__restricted_primary_5y__M0__reference__none,STERM,P_to_HLO,restricted_primary_5y,M0,reference,,mse,5570.285775260162,34,44
STERM__P_to_HLO__restricted_primary_5y__M0__reference__none,STERM,P_to_HLO,restricted_primary_5y,M0,reference,,rmse,74.6343471550476,34,44
STERM__P_to_HLO__restricted_primary_5y__M0__reference__none,STERM,P_to_HLO,restricted_primary_5y,M0,reference,,bias,1.1679546219056647e-13,34,44
STERM__P_to_HLO__restricted_primary_5y__M0__reference__none,STERM,P_to_HLO,restricted_primary_5y,M0,reference,,scaled_mae,0.8844169513867072,34,44
STERM__P_to_HLO__restricted_primary_5y__M0__reference__none,STERM,P_to_HLO,restricted_primary_5y,M0,reference,,scaled_mse,1.121430889057989,34,44
STERM__P_to_HLO__restricted_primary_5y__M1__ridge__none,STERM,P_to_HLO,restricted_primary_5y,M1,ridge,,mae,36.30006625150387,34,44
STERM__P_to_HLO__restricted_primary_5y__M1__ridge__none,STERM,P_to_HLO,restricted_primary_5y,M1,ridge,,mse,2154.026769963621,34,44
STERM__P_to_HLO__restricted_primary_5y__M1__ridge__none,STERM,P_to_HLO,restricted_primary_5y,M1,ridge,,rmse,46.41149394238049,34,44
STERM__P_to_HLO__restricted_primary_5y__M1__ridge__none,STERM,P_to_HLO,restricted_primary_5y,M1,ridge,,bias,0.08475926088595195,34,44
STERM__P_to_HLO__restricted_primary_5y__M1__ridge__none,STERM,P_to_HLO,restricted_primary_5y,M1,ridge,,scaled_mae,0.5043322015403088,34,44
STERM__P_to_HLO__restricted_primary_5y__M1__ridge__none,STERM,P_to_HLO,restricted_primary_5y,M1,ridge,,scaled_mse,0.42024707092023045,34,44
STERM__P_to_HLO__restricted_primary_5y__M2__ridge__none,STERM,P_to_HLO,restricted_primary_5y,M2,ridge,,mae,26.158348437374833,34,44
STERM__P_to_HLO__restricted_primary_5y__M2__ridge__none,STERM,P_to_HLO,restricted_primary_5y,M2,ridge,,mse,1279.1173050480988,34,44
STERM__P_to_HLO__restricted_primary_5y__M2__ridge__none,STERM,P_to_HLO,restricted_primary_5y,M2,ridge,,rmse,35.764749475539446,34,44
STERM__P_to_HLO__restricted_primary_5y__M2__ridge__none,STERM,P_to_HLO,restricted_primary_5y,M2,ridge,,bias,0.925002584035768,34,44
STERM__P_to_HLO__restricted_primary_5y__M2__ridge__none,STERM,P_to_HLO,restricted_primary_5y,M2,ridge,,scaled_mae,0.3626131611056394,34,44
STERM__P_to_HLO__restricted_primary_5y__M2__ridge__none,STERM,P_to_HLO,restricted_primary_5y,M2,ridge,,scaled_mse,0.24910019536377886,34,44
STERM__P_to_HLO__restricted_primary_5y__M3__ridge__none,STERM,P_to_HLO,restricted_primary_5y,M3,ridge,,mae,25.22662851407821,34,44
STERM__P_to_HLO__restricted_primary_5y__M3__ridge__none,STERM,P_to_HLO,restricted_primary_5y,M3,ridge,,mse,1085.8107210697094,34,44
STERM__P_to_HLO__restricted_primary_5y__M3__ridge__none,STERM,P_to_HLO,restricted_primary_5y,M3,ridge,,rmse,32.95164216044034,34,44
STERM__P_to_HLO__restricted_primary_5y__M3__ridge__none,STERM,P_to_HLO,restricted_primary_5y,M3,ridge,,bias,0.4490224335637266,34,44
STERM__P_to_HLO__restricted_primary_5y__M3__ridge__none,STERM,P_to_HLO,restricted_primary_5y,M3,ridge,,scaled_mae,0.34919010521444904,34,44
STERM__P_to_HLO__restricted_primary_5y__M3__ridge__none,STERM,P_to_HLO,restricted_primary_5y,M3,ridge,,scaled_mse,0.2107585868145486,34,44
