job_id,window_start,window_end,spearman,kendall_tau_b,strict_reversals,strict_pairs,strict_reversal_fraction,tail,target_count,prediction_count,intersection,target_recall,jaccard,small_group,nonselective_tie
PRIMARY_DELETE__HLO_to_P__primary_5y__M1__ridge__AUS,2000,2004,0.3928571428571429,0.2380952380952381,8,21,0.3809523809523809,LOW,1,1,1,1.0,1.0,True,False
PRIMARY_DELETE__HLO_to_P__primary_5y__M1__ridge__AUS,2000,2004,0.3928571428571429,0.2380952380952381,8,21,0.3809523809523809,HIGH,1,1,0,0.0,0.0,True,False
PRIMARY_DELETE__HLO_to_P__primary_5y__M1__ridge__AUS,2005,2009,0.8480392156862745,0.6911764705882353,21,136,0.1544117647058823,LOW,2,2,1,0.5,0.3333333333333333,True,False
PRIMARY_DELETE__HLO_to_P__primary_5y__M1__ridge__AUS,2005,2009,0.8480392156862745,0.6911764705882353,21,136,0.1544117647058823,HIGH,2,2,1,0.5,0.3333333333333333,True,False
PRIMARY_DELETE__HLO_to_P__primary_5y__M1__ridge__AUS,2010,2014,0.8556390977443609,0.6842105263157895,30,190,0.1578947368421052,LOW,2,2,2,1.0,1.0,True,False
PRIMARY_DELETE__HLO_to_P__primary_5y__M1__ridge__AUS,2010,2014,0.8556390977443609,0.6842105263157895,30,190,0.1578947368421052,HIGH,2,2,2,1.0,1.0,True,False
PRIMARY_DELETE__HLO_to_P__primary_5y__M1__ridge__AUS,2015,2017,0.7142857142857144,0.4999999999999999,7,28,0.25,LOW,1,1,0,0.0,0.0,True,False
PRIMARY_DELETE__HLO_to_P__primary_5y__M1__ridge__AUS,2015,2017,0.7142857142857144,0.4999999999999999,7,28,0.25,HIGH,1,1,0,0.0,0.0,True,False
PRIMARY_DELETE__HLO_to_P__primary_5y__M1__ridge__AUT,2000,2004,0.3928571428571429,0.2380952380952381,8,21,0.3809523809523809,LOW,1,1,1,1.0,1.0,True,False
PRIMARY_DELETE__HLO_to_P__primary_5y__M1__ridge__AUT,2000,2004,0.3928571428571429,0.2380952380952381,8,21,0.3809523809523809,HIGH,1,1,0,0.0,0.0,True,False
PRIMARY_DELETE__HLO_to_P__primary_5y__M1__ridge__AUT,2005,2009,0.8411764705882352,0.7,18,120,0.15,LOW,2,2,1,0.5,0.3333333333333333,True,False
PRIMARY_DELETE__HLO_to_P__primary_5y__M1__ridge__AUT,2005,2009,0.8411764705882352,0.7,18,120,0.15,HIGH,2,2,2,1.0,1.0,True,False
PRIMARY_DELETE__HLO_to_P__primary_5y__M1__ridge__AUT,2010,2014,0.8556390977443609,0.6842105263157895,30,190,0.1578947368421052,LOW,2,2,2,1.0,1.0,True,False
PRIMARY_DELETE__HLO_to_P__primary_5y__M1__ridge__AUT,2010,2014,0.8556390977443609,0.6842105263157895,30,190,0.1578947368421052,HIGH,2,2,2,1.0,1.0,True,False
PRIMARY_DELETE__HLO_to_P__primary_5y__M1__ridge__AUT,2015,2017,0.7333333333333334,0.5,9,36,0.25,LOW,1,1,0,0.0,0.0,True,False
PRIMARY_DELETE__HLO_to_P__primary_5y__M1__ridge__AUT,2015,2017,0.7333333333333334,0.5,9,36,0.25,HIGH,1,1,0,0.0,0.0,True,False
PRIMARY_DELETE__HLO_to_P__primary_5y__M1__ridge__BHR,2000,2004,0.3928571428571429,0.2380952380952381,8,21,0.3809523809523809,LOW,1,1,1,1.0,1.0,True,False
PRIMARY_DELETE__HLO_to_P__primary_5y__M1__ridge__BHR,2000,2004,0.3928571428571429,0.2380952380952381,8,21,0.3809523809523809,HIGH,1,1,0,0.0,0.0,True,False
PRIMARY_DELETE__HLO_to_P__primary_5y__M1__ridge__BHR,2005,2009,0.8553921568627452,0.7058823529411764,20,136,0.1470588235294117,LOW,2,2,1,0.5,0.3333333333333333,True,False
PRIMARY_DELETE__HLO_to_P__primary_5y__M1__ridge__BHR,2005,2009,0.8553921568627452,0.7058823529411764,20,136,0.1470588235294117,HIGH,2,2,1,0.5,0.3333333333333333,True,False
PRIMARY_DELETE__HLO_to_P__primary_5y__M1__ridge__BHR,2010,2014,0.8511278195488721,0.6842105263157895,30,190,0.1578947368421052,LOW,2,2,2,1.0,1.0,True,False
PRIMARY_DELETE__HLO_to_P__primary_5y__M1__ridge__BHR,2010,2014,0.8511278195488721,0.6842105263157895,30,190,0.1578947368421052,HIGH,2,2,2,1.0,1.0,True,False
PRIMARY_DELETE__HLO_to_P__primary_5y__M1__ridge__BHR,2015,2017,0.7857142857142858,0.6428571428571428,5,28,0.1785714285714285,LOW,1,1,1,1.0,1.0,True,False
PRIMARY_DELETE__HLO_to_P__primary_5y__M1__ridge__BHR,2015,2017,0.7857142857142858,0.6428571428571428,5,28,0.1785714285714285,HIGH,1,1,0,0.0,0.0,True,False
PRIMARY_DELETE__HLO_to_P__primary_5y__M1__ridge__BRA,2000,2004,0.3928571428571429,0.2380952380952381,8,21,0.3809523809523809,LOW,1,1,1,1.0,1.0,True,False
PRIMARY_DELETE__HLO_to_P__primary_5y__M1__ridge__BRA,2000,2004,0.3928571428571429,0.2380952380952381,8,21,0.3809523809523809,HIGH,1,1,0,0.0,0.0,True,False
PRIMARY_DELETE__HLO_to_P__primary_5y__M1__ridge__BRA,2005,2009,0.8264705882352942,0.6666666666666667,20,120,0.1666666666666666,LOW,2,2,1,0.5,0.3333333333333333,True,False
PRIMARY_DELETE__HLO_to_P__primary_5y__M1__ridge__BRA,2005,2009,0.8264705882352942,0.6666666666666667,20,120,0.1666666666666666,HIGH,2,2,1,0.5,0.3333333333333333,True,False
PRIMARY_DELETE__HLO_to_P__primary_5y__M1__ridge__BRA,2010,2014,0.8614035087719297,0.6959064327485379,26,171,0.1520467836257309,LOW,2,2,2,1.0,1.0,True,False
PRIMARY_DELETE__HLO_to_P__primary_5y__M1__ridge__BRA,2010,2014,0.8614035087719297,0.6959064327485379,26,171,0.1520467836257309,HIGH,2,2,2,1.0,1.0,True,False
PRIMARY_DELETE__HLO_to_P__primary_5y__M1__ridge__BRA,2015,2017,0.6833333333333333,0.4444444444444444,10,36,0.2777777777777778,LOW,1,1,0,0.0,0.0,True,False
PRIMARY_DELETE__HLO_to_P__primary_5y__M1__ridge__BRA,2015,2017,0.6833333333333333,0.4444444444444444,10,36,0.2777777777777778,HIGH,1,1,0,0.0,0.0,True,False
PRIMARY_DELETE__HLO_to_P__primary_5y__M1__ridge__CHL,2000,2004,0.3928571428571429,0.2380952380952381,8,21,0.3809523809523809,LOW,1,1,1,1.0,1.0,True,False
PRIMARY_DELETE__HLO_to_P__primary_5y__M1__ridge__CHL,2000,2004,0.3928571428571429,0.2380952380952381,8,21,0.3809523809523809,HIGH,1,1,0,0.0,0.0,True,False
PRIMARY_DELETE__HLO_to_P__primary_5y__M1__ridge__CHL,2005,2009,0.8441176470588234,0.6833333333333333,19,120,0.1583333333333333,LOW,2,2,1,0.5,0.3333333333333333,True,False
PRIMARY_DELETE__HLO_to_P__primary_5y__M1__ridge__CHL,2005,2009,0.8441176470588234,0.6833333333333333,19,120,0.1583333333333333,HIGH,2,2,1,0.5,0.3333333333333333,True,False
PRIMARY_DELETE__HLO_to_P__primary_5y__M1__ridge__CHL,2010,2014,0.8894736842105263,0.7192982456140351,24,171,0.1403508771929824,LOW,2,2,2,1.0,1.0,True,False
PRIMARY_DELETE__HLO_to_P__primary_5y__M1__ridge__CHL,2010,2014,0.8894736842105263,0.7192982456140351,24,171,0.1403508771929824,HIGH,2,2,2,1.0,1.0,True,False
PRIMARY_DELETE__HLO_to_P__primary_5y__M1__ridge__CHL,2015,2017,0.7333333333333334,0.5,9,36,0.25,LOW,1,1,0,0.0,0.0,True,False
PRIMARY_DELETE__HLO_to_P__primary_5y__M1__ridge__CHL,2015,2017,0.7333333333333334,0.5,9,36,0.25,HIGH,1,1,0,0.0,0.0,True,False
PRIMARY_DELETE__HLO_to_P__primary_5y__M1__ridge__COL,2000,2004,0.3928571428571429,0.2380952380952381,8,21,0.3809523809523809,LOW,1,1,1,1.0,1.0,True,False
PRIMARY_DELETE__HLO_to_P__primary_5y__M1__ridge__COL,2000,2004,0.3928571428571429,0.2380952380952381,8,21,0.3809523809523809,HIGH,1,1,0,0.0,0.0,True,False
PRIMARY_DELETE__HLO_to_P__primary_5y__M1__ridge__COL,2005,2009,0.8651960784313727,0.7205882352941176,19,136,0.1397058823529411,LOW,2,2,1,0.5,0.3333333333333333,True,False
PRIMARY_DELETE__HLO_to_P__primary_5y__M1__ridge__COL,2005,2009,0.8651960784313727,0.7205882352941176,19,136,0.1397058823529411,HIGH,2,2,1,0.5,0.3333333333333333,True,False
PRIMARY_DELETE__HLO_to_P__primary_5y__M1__ridge__COL,2010,2014,0.856140350877193,0.6842105263157894,27,171,0.1578947368421052,LOW,2,2,2,1.0,1.0,True,False
PRIMARY_DELETE__HLO_to_P__primary_5y__M1__ridge__COL,2010,2014,0.856140350877193,0.6842105263157894,27,171,0.1578947368421052,HIGH,2,2,2,1.0,1.0,True,False
PRIMARY_DELETE__HLO_to_P__primary_5y__M1__ridge__COL,2015,2017,0.75,0.5555555555555556,8,36,0.2222222222222222,LOW,1,1,0,0.0,0.0,True,False
PRIMARY_DELETE__HLO_to_P__primary_5y__M1__ridge__COL,2015,2017,0.75,0.5555555555555556,8,36,0.2222222222222222,HIGH,1,1,0,0.0,0.0,True,False
PRIMARY_DELETE__HLO_to_P__primary_5y__M1__ridge__CRI,2000,2004,0.3928571428571429,0.2380952380952381,8,21,0.3809523809523809,LOW,1,1,1,1.0,1.0,True,False
PRIMARY_DELETE__HLO_to_P__primary_5y__M1__ridge__CRI,2000,2004,0.3928571428571429,0.2380952380952381,8,21,0.3809523809523809,HIGH,1,1,0,0.0,0.0,True,False
PRIMARY_DELETE__HLO_to_P__primary_5y__M1__ridge__CRI,2005,2009,0.85,0.7,18,120,0.15,LOW,2,2,1,0.5,0.3333333333333333,True,False
PRIMARY_DELETE__HLO_to_P__primary_5y__M1__ridge__CRI,2005,2009,0.85,0.7,18,120,0.15,HIGH,2,2,1,0.5,0.3333333333333333,True,False
PRIMARY_DELETE__HLO_to_P__primary_5y__M1__ridge__CRI,2010,2014,0.8511278195488721,0.6842105263157895,30,190,0.1578947368421052,LOW,2,2,2,1.0,1.0,True,False
PRIMARY_DELETE__HLO_to_P__primary_5y__M1__ridge__CRI,2010,2014,0.8511278195488721,0.6842105263157895,30,190,0.1578947368421052,HIGH,2,2,2,1.0,1.0,True,False
PRIMARY_DELETE__HLO_to_P__primary_5y__M1__ridge__CRI,2015,2017,0.75,0.5555555555555556,8,36,0.2222222222222222,LOW,1,1,0,0.0,0.0,True,False
PRIMARY_DELETE__HLO_to_P__primary_5y__M1__ridge__CRI,2015,2017,0.75,0.5555555555555556,8,36,0.2222222222222222,HIGH,1,1,0,0.0,0.0,True,False
PRIMARY_DELETE__HLO_to_P__primary_5y__M1__ridge__DEU,2000,2004,0.3928571428571429,0.2380952380952381,8,21,0.3809523809523809,LOW,1,1,1,1.0,1.0,True,False
PRIMARY_DELETE__HLO_to_P__primary_5y__M1__ridge__DEU,2000,2004,0.3928571428571429,0.2380952380952381,8,21,0.3809523809523809,HIGH,1,1,0,0.0,0.0,True,False
PRIMARY_DELETE__HLO_to_P__primary_5y__M1__ridge__DEU,2005,2009,0.8176470588235294,0.65,21,120,0.175,LOW,2,2,1,0.5,0.3333333333333333,True,False
PRIMARY_DELETE__HLO_to_P__primary_5y__M1__ridge__DEU,2005,2009,0.8176470588235294,0.65,21,120,0.175,HIGH,2,2,1,0.5,0.3333333333333333,True,False
PRIMARY_DELETE__HLO_to_P__primary_5y__M1__ridge__DEU,2010,2014,0.8228070175438595,0.6491228070175439,30,171,0.175438596491228,LOW,2,2,2,1.0,1.0,True,False
PRIMARY_DELETE__HLO_to_P__primary_5y__M1__ridge__DEU,2010,2014,0.8228070175438595,0.6491228070175439,30,171,0.175438596491228,HIGH,2,2,2,1.0,1.0,True,False
PRIMARY_DELETE__HLO_to_P__primary_5y__M1__ridge__DEU,2015,2017,0.6666666666666669,0.4285714285714285,8,28,0.2857142857142857,LOW,1,1,0,0.0,0.0,True,False
PRIMARY_DELETE__HLO_to_P__primary_5y__M1__ridge__DEU,2015,2017,0.6666666666666669,0.4285714285714285,8,28,0.2857142857142857,HIGH,1,1,0,0.0,0.0,True,False
PRIMARY_DELETE__HLO_to_P__primary_5y__M1__ridge__EGY,2000,2004,0.3928571428571429,0.2380952380952381,8,21,0.3809523809523809,LOW,1,1,1,1.0,1.0,True,False
PRIMARY_DELETE__HLO_to_P__primary_5y__M1__ridge__EGY,2000,2004,0.3928571428571429,0.2380952380952381,8,21,0.3809523809523809,HIGH,1,1,0,0.0,0.0,True,False
PRIMARY_DELETE__HLO_to_P__primary_5y__M1__ridge__EGY,2005,2009,0.8651960784313727,0.7205882352941176,19,136,0.1397058823529411,LOW,2,2,1,0.5,0.3333333333333333,True,False
PRIMARY_DELETE__HLO_to_P__primary_5y__M1__ridge__EGY,2005,2009,0.8651960784313727,0.7205882352941176,19,136,0.1397058823529411,HIGH,2,2,1,0.5,0.3333333333333333,True,False
PRIMARY_DELETE__HLO_to_P__primary_5y__M1__ridge__EGY,2010,2014,0.8511278195488721,0.6842105263157895,30,190,0.1578947368421052,LOW,2,2,2,1.0,1.0,True,False
PRIMARY_DELETE__HLO_to_P__primary_5y__M1__ridge__EGY,2010,2014,0.8511278195488721,0.6842105263157895,30,190,0.1578947368421052,HIGH,2,2,2,1.0,1.0,True,False
PRIMARY_DELETE__HLO_to_P__primary_5y__M1__ridge__EGY,2015,2017,0.7142857142857144,0.4999999999999999,7,28,0.25,LOW,1,1,0,0.0,0.0,True,False
PRIMARY_DELETE__HLO_to_P__primary_5y__M1__ridge__EGY,2015,2017,0.7142857142857144,0.4999999999999999,7,28,0.25,HIGH,1,1,0,0.0,0.0,True,False
PRIMARY_DELETE__HLO_to_P__primary_5y__M1__ridge__ESP,2000,2004,0.3928571428571429,0.2380952380952381,8,21,0.3809523809523809,LOW,1,1,1,1.0,1.0,True,False
PRIMARY_DELETE__HLO_to_P__primary_5y__M1__ridge__ESP,2000,2004,0.3928571428571429,0.2380952380952381,8,21,0.3809523809523809,HIGH,1,1,0,0.0,0.0,True,False
PRIMARY_DELETE__HLO_to_P__primary_5y__M1__ridge__ESP,2005,2009,0.8455882352941178,0.676470588235294,22,136,0.1617647058823529,LOW,2,2,1,0.5,0.3333333333333333,True,False
PRIMARY_DELETE__HLO_to_P__primary_5y__M1__ridge__ESP,2005,2009,0.8455882352941178,0.676470588235294,22,136,0.1617647058823529,HIGH,2,2,1,0.5,0.3333333333333333,True,False
PRIMARY_DELETE__HLO_to_P__primary_5y__M1__ridge__ESP,2010,2014,0.8456140350877193,0.6959064327485379,26,171,0.1520467836257309,LOW,2,2,2,1.0,1.0,True,False
PRIMARY_DELETE__HLO_to_P__primary_5y__M1__ridge__ESP,2010,2014,0.8456140350877193,0.6959064327485379,26,171,0.1520467836257309,HIGH,2,2,2,1.0,1.0,True,False
PRIMARY_DELETE__HLO_to_P__primary_5y__M1__ridge__ESP,2015,2017,0.6833333333333333,0.4444444444444444,10,36,0.2777777777777778,LOW,1,1,0,0.0,0.0,True,False
PRIMARY_DELETE__HLO_to_P__primary_5y__M1__ridge__ESP,2015,2017,0.6833333333333333,0.4444444444444444,10,36,0.2777777777777778,HIGH,1,1,0,0.0,0.0,True,False
PRIMARY_DELETE__HLO_to_P__primary_5y__M1__ridge__FIN,2000,2004,0.3928571428571429,0.2380952380952381,8,21,0.3809523809523809,LOW,1,1,1,1.0,1.0,True,False
PRIMARY_DELETE__HLO_to_P__primary_5y__M1__ridge__FIN,2000,2004,0.3928571428571429,0.2380952380952381,8,21,0.3809523809523809,HIGH,1,1,0,0.0,0.0,True,False
PRIMARY_DELETE__HLO_to_P__primary_5y__M1__ridge__FIN,2005,2009,0.8308823529411766,0.676470588235294,22,136,0.1617647058823529,LOW,2,2,1,0.5,0.3333333333333333,True,False
PRIMARY_DELETE__HLO_to_P__primary_5y__M1__ridge__FIN,2005,2009,0.8308823529411766,0.676470588235294,22,136,0.1617647058823529,HIGH,2,2,1,0.5,0.3333333333333333,True,False
PRIMARY_DELETE__HLO_to_P__primary_5y__M1__ridge__FIN,2010,2014,0.8333333333333334,0.6608187134502924,29,171,0.1695906432748538,LOW,2,2,2,1.0,1.0,True,False
PRIMARY_DELETE__HLO_to_P__primary_5y__M1__ridge__FIN,2010,2014,0.8333333333333334,0.6608187134502924,29,171,0.1695906432748538,HIGH,2,2,1,0.5,0.3333333333333333,True,False
PRIMARY_DELETE__HLO_to_P__primary_5y__M1__ridge__FIN,2015,2017,0.7333333333333334,0.5,9,36,0.25,LOW,1,1,0,0.0,0.0,True,False
PRIMARY_DELETE__HLO_to_P__primary_5y__M1__ridge__FIN,2015,2017,0.7333333333333334,0.5,9,36,0.25,HIGH,1,1,0,0.0,0.0,True,False
PRIMARY_DELETE__HLO_to_P__primary_5y__M1__ridge__GHA,2000,2004,0.4285714285714286,0.3333333333333333,7,21,0.3333333333333333,LOW,1,1,1,1.0,1.0,True,False
PRIMARY_DELETE__HLO_to_P__primary_5y__M1__ridge__GHA,2000,2004,0.4285714285714286,0.3333333333333333,7,21,0.3333333333333333,HIGH,1,1,0,0.0,0.0,True,False
PRIMARY_DELETE__HLO_to_P__primary_5y__M1__ridge__GHA,2005,2009,0.8308823529411766,0.676470588235294,22,136,0.1617647058823529,LOW,2,2,1,0.5,0.3333333333333333,True,False
PRIMARY_DELETE__HLO_to_P__primary_5y__M1__ridge__GHA,2005,2009,0.8308823529411766,0.676470588235294,22,136,0.1617647058823529,HIGH,2,2,1,0.5,0.3333333333333333,True,False
PRIMARY_DELETE__HLO_to_P__primary_5y__M1__ridge__GHA,2010,2014,0.819298245614035,0.6374269005847952,31,171,0.1812865497076023,LOW,2,2,1,0.5,0.3333333333333333,True,False
PRIMARY_DELETE__HLO_to_P__primary_5y__M1__ridge__GHA,2010,2014,0.819298245614035,0.6374269005847952,31,171,0.1812865497076023,HIGH,2,2,2,1.0,1.0,True,False
PRIMARY_DELETE__HLO_to_P__primary_5y__M1__ridge__GHA,2015,2017,0.75,0.5555555555555556,8,36,0.2222222222222222,LOW,1,1,0,0.0,0.0,True,False
PRIMARY_DELETE__HLO_to_P__primary_5y__M1__ridge__GHA,2015,2017,0.75,0.5555555555555556,8,36,0.2222222222222222,HIGH,1,1,0,0.0,0.0,True,False
PRIMARY_DELETE__HLO_to_P__primary_5y__M1__ridge__HRV,2000,2004,0.3928571428571429,0.2380952380952381,8,21,0.3809523809523809,LOW,1,1,1,1.0,1.0,True,False
PRIMARY_DELETE__HLO_to_P__primary_5y__M1__ridge__HRV,2000,2004,0.3928571428571429,0.2380952380952381,8,21,0.3809523809523809,HIGH,1,1,0,0.0,0.0,True,False
PRIMARY_DELETE__HLO_to_P__primary_5y__M1__ridge__HRV,2005,2009,0.8553921568627452,0.7058823529411764,20,136,0.1470588235294117,LOW,2,2,1,0.5,0.3333333333333333,True,False
PRIMARY_DELETE__HLO_to_P__primary_5y__M1__ridge__HRV,2005,2009,0.8553921568627452,0.7058823529411764,20,136,0.1470588235294117,HIGH,2,2,1,0.5,0.3333333333333333,True,False
PRIMARY_DELETE__HLO_to_P__primary_5y__M1__ridge__HRV,2010,2014,0.8491228070175438,0.6959064327485379,26,171,0.1520467836257309,LOW,2,2,2,1.0,1.0,True,False
PRIMARY_DELETE__HLO_to_P__primary_5y__M1__ridge__HRV,2010,2014,0.8491228070175438,0.6959064327485379,26,171,0.1520467836257309,HIGH,2,2,2,1.0,1.0,True,False
PRIMARY_DELETE__HLO_to_P__primary_5y__M1__ridge__HRV,2015,2017,0.75,0.5555555555555556,8,36,0.2222222222222222,LOW,1,1,0,0.0,0.0,True,False
PRIMARY_DELETE__HLO_to_P__primary_5y__M1__ridge__HRV,2015,2017,0.75,0.5555555555555556,8,36,0.2222222222222222,HIGH,1,1,0,0.0,0.0,True,False
PRIMARY_DELETE__HLO_to_P__primary_5y__M1__ridge__IDN,2000,2004,0.3928571428571429,0.2380952380952381,8,21,0.3809523809523809,LOW,1,1,1,1.0,1.0,True,False
PRIMARY_DELETE__HLO_to_P__primary_5y__M1__ridge__IDN,2000,2004,0.3928571428571429,0.2380952380952381,8,21,0.3809523809523809,HIGH,1,1,0,0.0,0.0,True,False
PRIMARY_DELETE__HLO_to_P__primary_5y__M1__ridge__IDN,2005,2009,0.85,0.6833333333333333,19,120,0.1583333333333333,LOW,2,2,1,0.5,0.3333333333333333,True,False
PRIMARY_DELETE__HLO_to_P__primary_5y__M1__ridge__IDN,2005,2009,0.85,0.6833333333333333,19,120,0.1583333333333333,HIGH,2,2,1,0.5,0.3333333333333333,True,False
PRIMARY_DELETE__HLO_to_P__primary_5y__M1__ridge__IDN,2010,2014,0.8596491228070176,0.6959064327485379,26,171,0.1520467836257309,LOW,2,2,2,1.0,1.0,True,False
PRIMARY_DELETE__HLO_to_P__primary_5y__M1__ridge__IDN,2010,2014,0.8596491228070176,0.6959064327485379,26,171,0.1520467836257309,HIGH,2,2,2,1.0,1.0,True,False
PRIMARY_DELETE__HLO_to_P__primary_5y__M1__ridge__IDN,2015,2017,0.7142857142857144,0.4999999999999999,7,28,0.25,LOW,1,1,0,0.0,0.0,True,False
PRIMARY_DELETE__HLO_to_P__primary_5y__M1__ridge__IDN,2015,2017,0.7142857142857144,0.4999999999999999,7,28,0.25,HIGH,1,1,0,0.0,0.0,True,False
PRIMARY_DELETE__HLO_to_P__primary_5y__M1__ridge__IRN,2000,2004,0.3928571428571429,0.2380952380952381,8,21,0.3809523809523809,LOW,1,1,1,1.0,1.0,True,False
PRIMARY_DELETE__HLO_to_P__primary_5y__M1__ridge__IRN,2000,2004,0.3928571428571429,0.2380952380952381,8,21,0.3809523809523809,HIGH,1,1,0,0.0,0.0,True,False
PRIMARY_DELETE__HLO_to_P__primary_5y__M1__ridge__IRN,2005,2009,0.8676470588235294,0.7166666666666667,17,120,0.1416666666666666,LOW,2,2,1,0.5,0.3333333333333333,True,False
PRIMARY_DELETE__HLO_to_P__primary_5y__M1__ridge__IRN,2005,2009,0.8676470588235294,0.7166666666666667,17,120,0.1416666666666666,HIGH,2,2,1,0.5,0.3333333333333333,True,False
PRIMARY_DELETE__HLO_to_P__primary_5y__M1__ridge__IRN,2010,2014,0.8511278195488721,0.6842105263157895,30,190,0.1578947368421052,LOW,2,2,2,1.0,1.0,True,False
PRIMARY_DELETE__HLO_to_P__primary_5y__M1__ridge__IRN,2010,2014,0.8511278195488721,0.6842105263157895,30,190,0.1578947368421052,HIGH,2,2,2,1.0,1.0,True,False
PRIMARY_DELETE__HLO_to_P__primary_5y__M1__ridge__IRN,2015,2017,0.75,0.5555555555555556,8,36,0.2222222222222222,LOW,1,1,0,0.0,0.0,True,False
PRIMARY_DELETE__HLO_to_P__primary_5y__M1__ridge__IRN,2015,2017,0.75,0.5555555555555556,8,36,0.2222222222222222,HIGH,1,1,0,0.0,0.0,True,False
PRIMARY_DELETE__HLO_to_P__primary_5y__M1__ridge__ISL,2000,2004,0.6,0.4666666666666666,4,15,0.2666666666666666,LOW,1,1,1,1.0,1.0,True,False
PRIMARY_DELETE__HLO_to_P__primary_5y__M1__ridge__ISL,2000,2004,0.6,0.4666666666666666,4,15,0.2666666666666666,HIGH,1,1,0,0.0,0.0,True,False
PRIMARY_DELETE__HLO_to_P__primary_5y__M1__ridge__ISL,2005,2009,0.8480392156862745,0.6911764705882353,21,136,0.1544117647058823,LOW,2,2,1,0.5,0.3333333333333333,True,False
PRIMARY_DELETE__HLO_to_P__primary_5y__M1__ridge__ISL,2005,2009,0.8480392156862745,0.6911764705882353,21,136,0.1544117647058823,HIGH,2,2,1,0.5,0.3333333333333333,True,False
PRIMARY_DELETE__HLO_to_P__primary_5y__M1__ridge__ISL,2010,2014,0.8556390977443609,0.6842105263157895,30,190,0.1578947368421052,LOW,2,2,2,1.0,1.0,True,False
PRIMARY_DELETE__HLO_to_P__primary_5y__M1__ridge__ISL,2010,2014,0.8556390977443609,0.6842105263157895,30,190,0.1578947368421052,HIGH,2,2,2,1.0,1.0,True,False
PRIMARY_DELETE__HLO_to_P__primary_5y__M1__ridge__ISL,2015,2017,0.7333333333333334,0.5,9,36,0.25,LOW,1,1,0,0.0,0.0,True,False
PRIMARY_DELETE__HLO_to_P__primary_5y__M1__ridge__ISL,2015,2017,0.7333333333333334,0.5,9,36,0.25,HIGH,1,1,0,0.0,0.0,True,False
PRIMARY_DELETE__HLO_to_P__primary_5y__M1__ridge__ITA,2000,2004,0.3928571428571429,0.2380952380952381,8,21,0.3809523809523809,LOW,1,1,1,1.0,1.0,True,False
PRIMARY_DELETE__HLO_to_P__primary_5y__M1__ridge__ITA,2000,2004,0.3928571428571429,0.2380952380952381,8,21,0.3809523809523809,HIGH,1,1,0,0.0,0.0,True,False
PRIMARY_DELETE__HLO_to_P__primary_5y__M1__ridge__ITA,2005,2009,0.8588235294117647,0.7,18,120,0.15,LOW,2,2,1,0.5,0.3333333333333333,True,False
PRIMARY_DELETE__HLO_to_P__primary_5y__M1__ridge__ITA,2005,2009,0.8588235294117647,0.7,18,120,0.15,HIGH,2,2,1,0.5,0.3333333333333333,True,False
PRIMARY_DELETE__HLO_to_P__primary_5y__M1__ridge__ITA,2010,2014,0.8649122807017543,0.7076023391812866,25,171,0.1461988304093567,LOW,2,2,2,1.0,1.0,True,False
PRIMARY_DELETE__HLO_to_P__primary_5y__M1__ridge__ITA,2010,2014,0.8649122807017543,0.7076023391812866,25,171,0.1461988304093567,HIGH,2,2,2,1.0,1.0,True,False
PRIMARY_DELETE__HLO_to_P__primary_5y__M1__ridge__ITA,2015,2017,0.7333333333333334,0.5,9,36,0.25,LOW,1,1,0,0.0,0.0,True,False
PRIMARY_DELETE__HLO_to_P__primary_5y__M1__ridge__ITA,2015,2017,0.7333333333333334,0.5,9,36,0.25,HIGH,1,1,0,0.0,0.0,True,False
PRIMARY_DELETE__HLO_to_P__primary_5y__M1__ridge__JOR,2000,2004,0.3928571428571429,0.2380952380952381,8,21,0.3809523809523809,LOW,1,1,1,1.0,1.0,True,False
PRIMARY_DELETE__HLO_to_P__primary_5y__M1__ridge__JOR,2000,2004,0.3928571428571429,0.2380952380952381,8,21,0.3809523809523809,HIGH,1,1,0,0.0,0.0,True,False
PRIMARY_DELETE__HLO_to_P__primary_5y__M1__ridge__JOR,2005,2009,0.8308823529411766,0.676470588235294,22,136,0.1617647058823529,LOW,2,2,1,0.5,0.3333333333333333,True,False
PRIMARY_DELETE__HLO_to_P__primary_5y__M1__ridge__JOR,2005,2009,0.8308823529411766,0.676470588235294,22,136,0.1617647058823529,HIGH,2,2,1,0.5,0.3333333333333333,True,False
PRIMARY_DELETE__HLO_to_P__primary_5y__M1__ridge__JOR,2010,2014,0.8456140350877193,0.6725146198830408,28,171,0.1637426900584795,LOW,2,2,2,1.0,1.0,True,False
PRIMARY_DELETE__HLO_to_P__primary_5y__M1__ridge__JOR,2010,2014,0.8456140350877193,0.6725146198830408,28,171,0.1637426900584795,HIGH,2,2,2,1.0,1.0,True,False
PRIMARY_DELETE__HLO_to_P__primary_5y__M1__ridge__JOR,2015,2017,0.7333333333333334,0.5,9,36,0.25,LOW,1,1,0,0.0,0.0,True,False
PRIMARY_DELETE__HLO_to_P__primary_5y__M1__ridge__JOR,2015,2017,0.7333333333333334,0.5,9,36,0.25,HIGH,1,1,0,0.0,0.0,True,False
PRIMARY_DELETE__HLO_to_P__primary_5y__M1__ridge__JPN,2000,2004,0.3928571428571429,0.2380952380952381,8,21,0.3809523809523809,LOW,1,1,1,1.0,1.0,True,False
PRIMARY_DELETE__HLO_to_P__primary_5y__M1__ridge__JPN,2000,2004,0.3928571428571429,0.2380952380952381,8,21,0.3809523809523809,HIGH,1,1,0,0.0,0.0,True,False
PRIMARY_DELETE__HLO_to_P__primary_5y__M1__ridge__JPN,2005,2009,0.8176470588235294,0.65,21,120,0.175,LOW,2,2,1,0.5,0.3333333333333333,True,False
PRIMARY_DELETE__HLO_to_P__primary_5y__M1__ridge__JPN,2005,2009,0.8176470588235294,0.65,21,120,0.175,HIGH,2,2,1,0.5,0.3333333333333333,True,False
PRIMARY_DELETE__HLO_to_P__primary_5y__M1__ridge__JPN,2010,2014,0.8556390977443609,0.6842105263157895,30,190,0.1578947368421052,LOW,2,2,2,1.0,1.0,True,False
PRIMARY_DELETE__HLO_to_P__primary_5y__M1__ridge__JPN,2010,2014,0.8556390977443609,0.6842105263157895,30,190,0.1578947368421052,HIGH,2,2,2,1.0,1.0,True,False
PRIMARY_DELETE__HLO_to_P__primary_5y__M1__ridge__JPN,2015,2017,0.6666666666666669,0.4285714285714285,8,28,0.2857142857142857,LOW,1,1,0,0.0,0.0,True,False
PRIMARY_DELETE__HLO_to_P__primary_5y__M1__ridge__JPN,2015,2017,0.6666666666666669,0.4285714285714285,8,28,0.2857142857142857,HIGH,1,1,0,0.0,0.0,True,False
PRIMARY_DELETE__HLO_to_P__primary_5y__M1__ridge__KAZ,2000,2004,0.3928571428571429,0.2380952380952381,8,21,0.3809523809523809,LOW,1,1,1,1.0,1.0,True,False
PRIMARY_DELETE__HLO_to_P__primary_5y__M1__ridge__KAZ,2000,2004,0.3928571428571429,0.2380952380952381,8,21,0.3809523809523809,HIGH,1,1,0,0.0,0.0,True,False
PRIMARY_DELETE__HLO_to_P__primary_5y__M1__ridge__KAZ,2005,2009,0.8651960784313727,0.7205882352941176,19,136,0.1397058823529411,LOW,2,2,1,0.5,0.3333333333333333,True,False
PRIMARY_DELETE__HLO_to_P__primary_5y__M1__ridge__KAZ,2005,2009,0.8651960784313727,0.7205882352941176,19,136,0.1397058823529411,HIGH,2,2,1,0.5,0.3333333333333333,True,False
PRIMARY_DELETE__HLO_to_P__primary_5y__M1__ridge__KAZ,2010,2014,0.863157894736842,0.6959064327485379,26,171,0.1520467836257309,LOW,2,2,2,1.0,1.0,True,False
PRIMARY_DELETE__HLO_to_P__primary_5y__M1__ridge__KAZ,2010,2014,0.863157894736842,0.6959064327485379,26,171,0.1520467836257309,HIGH,2,2,2,1.0,1.0,True,False
PRIMARY_DELETE__HLO_to_P__primary_5y__M1__ridge__KAZ,2015,2017,0.75,0.5555555555555556,8,36,0.2222222222222222,LOW,1,1,0,0.0,0.0,True,False
PRIMARY_DELETE__HLO_to_P__primary_5y__M1__ridge__KAZ,2015,2017,0.75,0.5555555555555556,8,36,0.2222222222222222,HIGH,1,1,0,0.0,0.0,True,False
PRIMARY_DELETE__HLO_to_P__primary_5y__M1__ridge__KOR,2000,2004,0.3928571428571429,0.2380952380952381,8,21,0.3809523809523809,LOW,1,1,1,1.0,1.0,True,False
PRIMARY_DELETE__HLO_to_P__primary_5y__M1__ridge__KOR,2000,2004,0.3928571428571429,0.2380952380952381,8,21,0.3809523809523809,HIGH,1,1,0,0.0,0.0,True,False
PRIMARY_DELETE__HLO_to_P__primary_5y__M1__ridge__KOR,2005,2009,0.8578431372549021,0.7058823529411764,20,136,0.1470588235294117,LOW,2,2,1,0.5,0.3333333333333333,True,False
PRIMARY_DELETE__HLO_to_P__primary_5y__M1__ridge__KOR,2005,2009,0.8578431372549021,0.7058823529411764,20,136,0.1470588235294117,HIGH,2,2,1,0.5,0.3333333333333333,True,False
PRIMARY_DELETE__HLO_to_P__primary_5y__M1__ridge__KOR,2010,2014,0.8315789473684211,0.6725146198830408,28,171,0.1637426900584795,LOW,2,2,2,1.0,1.0,True,False
PRIMARY_DELETE__HLO_to_P__primary_5y__M1__ridge__KOR,2010,2014,0.8315789473684211,0.6725146198830408,28,171,0.1637426900584795,HIGH,2,2,2,1.0,1.0,True,False
PRIMARY_DELETE__HLO_to_P__primary_5y__M1__ridge__KOR,2015,2017,0.75,0.5555555555555556,8,36,0.2222222222222222,LOW,1,1,0,0.0,0.0,True,False
PRIMARY_DELETE__HLO_to_P__primary_5y__M1__ridge__KOR,2015,2017,0.75,0.5555555555555556,8,36,0.2222222222222222,HIGH,1,1,0,0.0,0.0,True,False
PRIMARY_DELETE__HLO_to_P__primary_5y__M1__ridge__LTU,2000,2004,0.4857142857142857,0.3333333333333333,5,15,0.3333333333333333,LOW,1,1,1,1.0,1.0,True,False
PRIMARY_DELETE__HLO_to_P__primary_5y__M1__ridge__LTU,2000,2004,0.4857142857142857,0.3333333333333333,5,15,0.3333333333333333,HIGH,1,1,0,0.0,0.0,True,False
PRIMARY_DELETE__HLO_to_P__primary_5y__M1__ridge__LTU,2005,2009,0.8651960784313727,0.7205882352941176,19,136,0.1397058823529411,LOW,2,2,1,0.5,0.3333333333333333,True,False
PRIMARY_DELETE__HLO_to_P__primary_5y__M1__ridge__LTU,2005,2009,0.8651960784313727,0.7205882352941176,19,136,0.1397058823529411,HIGH,2,2,1,0.5,0.3333333333333333,True,False
PRIMARY_DELETE__HLO_to_P__primary_5y__M1__ridge__LTU,2010,2014,0.8511278195488721,0.6842105263157895,30,190,0.1578947368421052,LOW,2,2,2,1.0,1.0,True,False
PRIMARY_DELETE__HLO_to_P__primary_5y__M1__ridge__LTU,2010,2014,0.8511278195488721,0.6842105263157895,30,190,0.1578947368421052,HIGH,2,2,2,1.0,1.0,True,False
PRIMARY_DELETE__HLO_to_P__primary_5y__M1__ridge__LTU,2015,2017,0.75,0.5555555555555556,8,36,0.2222222222222222,LOW,1,1,0,0.0,0.0,True,False
PRIMARY_DELETE__HLO_to_P__primary_5y__M1__ridge__LTU,2015,2017,0.75,0.5555555555555556,8,36,0.2222222222222222,HIGH,1,1,0,0.0,0.0,True,False
PRIMARY_DELETE__HLO_to_P__primary_5y__M1__ridge__MAR,2000,2004,0.3928571428571429,0.2380952380952381,8,21,0.3809523809523809,LOW,1,1,1,1.0,1.0,True,False
PRIMARY_DELETE__HLO_to_P__primary_5y__M1__ridge__MAR,2000,2004,0.3928571428571429,0.2380952380952381,8,21,0.3809523809523809,HIGH,1,1,0,0.0,0.0,True,False
PRIMARY_DELETE__HLO_to_P__primary_5y__M1__ridge__MAR,2005,2009,0.7999999999999999,0.6333333333333333,22,120,0.1833333333333333,LOW,2,2,0,0.0,0.0,True,False
PRIMARY_DELETE__HLO_to_P__primary_5y__M1__ridge__MAR,2005,2009,0.7999999999999999,0.6333333333333333,22,120,0.1833333333333333,HIGH,2,2,1,0.5,0.3333333333333333,True,False
PRIMARY_DELETE__HLO_to_P__primary_5y__M1__ridge__MAR,2010,2014,0.8105263157894737,0.6374269005847952,31,171,0.1812865497076023,LOW,2,2,1,0.5,0.3333333333333333,True,False
PRIMARY_DELETE__HLO_to_P__primary_5y__M1__ridge__MAR,2010,2014,0.8105263157894737,0.6374269005847952,31,171,0.1812865497076023,HIGH,2,2,2,1.0,1.0,True,False
PRIMARY_DELETE__HLO_to_P__primary_5y__M1__ridge__MAR,2015,2017,0.6833333333333333,0.4444444444444444,10,36,0.2777777777777778,LOW,1,1,0,0.0,0.0,True,False
PRIMARY_DELETE__HLO_to_P__primary_5y__M1__ridge__MAR,2015,2017,0.6833333333333333,0.4444444444444444,10,36,0.2777777777777778,HIGH,1,1,0,0.0,0.0,True,False
PRIMARY_DELETE__HLO_to_P__primary_5y__M1__ridge__MEX,2000,2004,0.3928571428571429,0.2380952380952381,8,21,0.3809523809523809,LOW,1,1,1,1.0,1.0,True,False
PRIMARY_DELETE__HLO_to_P__primary_5y__M1__ridge__MEX,2000,2004,0.3928571428571429,0.2380952380952381,8,21,0.3809523809523809,HIGH,1,1,0,0.0,0.0,True,False
PRIMARY_DELETE__HLO_to_P__primary_5y__M1__ridge__MEX,2005,2009,0.8553921568627452,0.7058823529411764,20,136,0.1470588235294117,LOW,2,2,1,0.5,0.3333333333333333,True,False
PRIMARY_DELETE__HLO_to_P__primary_5y__M1__ridge__MEX,2005,2009,0.8553921568627452,0.7058823529411764,20,136,0.1470588235294117,HIGH,2,2,1,0.5,0.3333333333333333,True,False
PRIMARY_DELETE__HLO_to_P__primary_5y__M1__ridge__MEX,2010,2014,0.8684210526315789,0.6959064327485379,26,171,0.1520467836257309,LOW,2,2,2,1.0,1.0,True,False
PRIMARY_DELETE__HLO_to_P__primary_5y__M1__ridge__MEX,2010,2014,0.8684210526315789,0.6959064327485379,26,171,0.1520467836257309,HIGH,2,2,2,1.0,1.0,True,False
PRIMARY_DELETE__HLO_to_P__primary_5y__M1__ridge__MEX,2015,2017,0.75,0.5555555555555556,8,36,0.2222222222222222,LOW,1,1,0,0.0,0.0,True,False
PRIMARY_DELETE__HLO_to_P__primary_5y__M1__ridge__MEX,2015,2017,0.75,0.5555555555555556,8,36,0.2222222222222222,HIGH,1,1,0,0.0,0.0,True,False
PRIMARY_DELETE__HLO_to_P__primary_5y__M1__ridge__NLD,2000,2004,0.4285714285714286,0.2,6,15,0.4,LOW,1,1,1,1.0,1.0,True,False
PRIMARY_DELETE__HLO_to_P__primary_5y__M1__ridge__NLD,2000,2004,0.4285714285714286,0.2,6,15,0.4,HIGH,1,1,0,0.0,0.0,True,False
PRIMARY_DELETE__HLO_to_P__primary_5y__M1__ridge__NLD,2005,2009,0.8352941176470589,0.6833333333333333,19,120,0.1583333333333333,LOW,2,2,1,0.5,0.3333333333333333,True,False
PRIMARY_DELETE__HLO_to_P__primary_5y__M1__ridge__NLD,2005,2009,0.8352941176470589,0.6833333333333333,19,120,0.1583333333333333,HIGH,2,2,1,0.5,0.3333333333333333,True,False
PRIMARY_DELETE__HLO_to_P__primary_5y__M1__ridge__NLD,2010,2014,0.8511278195488721,0.6842105263157895,30,190,0.1578947368421052,LOW,2,2,2,1.0,1.0,True,False
PRIMARY_DELETE__HLO_to_P__primary_5y__M1__ridge__NLD,2010,2014,0.8511278195488721,0.6842105263157895,30,190,0.1578947368421052,HIGH,2,2,2,1.0,1.0,True,False
PRIMARY_DELETE__HLO_to_P__primary_5y__M1__ridge__NLD,2015,2017,0.75,0.5555555555555556,8,36,0.2222222222222222,LOW,1,1,0,0.0,0.0,True,False
PRIMARY_DELETE__HLO_to_P__primary_5y__M1__ridge__NLD,2015,2017,0.75,0.5555555555555556,8,36,0.2222222222222222,HIGH,1,1,0,0.0,0.0,True,False
PRIMARY_DELETE__HLO_to_P__primary_5y__M1__ridge__NOR,2000,2004,0.6,0.4666666666666666,4,15,0.2666666666666666,LOW,1,1,1,1.0,1.0,True,False
PRIMARY_DELETE__HLO_to_P__primary_5y__M1__ridge__NOR,2000,2004,0.6,0.4666666666666666,4,15,0.2666666666666666,HIGH,1,1,0,0.0,0.0,True,False
PRIMARY_DELETE__HLO_to_P__primary_5y__M1__ridge__NOR,2005,2009,0.8558823529411764,0.7166666666666667,17,120,0.1416666666666666,LOW,2,2,1,0.5,0.3333333333333333,True,False
PRIMARY_DELETE__HLO_to_P__primary_5y__M1__ridge__NOR,2005,2009,0.8558823529411764,0.7166666666666667,17,120,0.1416666666666666,HIGH,2,2,1,0.5,0.3333333333333333,True,False
PRIMARY_DELETE__HLO_to_P__primary_5y__M1__ridge__NOR,2010,2014,0.8511278195488721,0.6842105263157895,30,190,0.1578947368421052,LOW,2,2,2,1.0,1.0,True,False
PRIMARY_DELETE__HLO_to_P__primary_5y__M1__ridge__NOR,2010,2014,0.8511278195488721,0.6842105263157895,30,190,0.1578947368421052,HIGH,2,2,2,1.0,1.0,True,False
PRIMARY_DELETE__HLO_to_P__primary_5y__M1__ridge__NOR,2015,2017,0.75,0.5555555555555556,8,36,0.2222222222222222,LOW,1,1,0,0.0,0.0,True,False
PRIMARY_DELETE__HLO_to_P__primary_5y__M1__ridge__NOR,2015,2017,0.75,0.5555555555555556,8,36,0.2222222222222222,HIGH,1,1,0,0.0,0.0,True,False
PRIMARY_DELETE__HLO_to_P__primary_5y__M1__ridge__OMN,2000,2004,0.3928571428571429,0.2380952380952381,8,21,0.3809523809523809,LOW,1,1,1,1.0,1.0,True,False
PRIMARY_DELETE__HLO_to_P__primary_5y__M1__ridge__OMN,2000,2004,0.3928571428571429,0.2380952380952381,8,21,0.3809523809523809,HIGH,1,1,0,0.0,0.0,True,False
PRIMARY_DELETE__HLO_to_P__primary_5y__M1__ridge__OMN,2005,2009,0.8553921568627452,0.7058823529411764,20,136,0.1470588235294117,LOW,2,2,1,0.5,0.3333333333333333,True,False
PRIMARY_DELETE__HLO_to_P__primary_5y__M1__ridge__OMN,2005,2009,0.8553921568627452,0.7058823529411764,20,136,0.1470588235294117,HIGH,2,2,1,0.5,0.3333333333333333,True,False
PRIMARY_DELETE__HLO_to_P__primary_5y__M1__ridge__OMN,2010,2014,0.882456140350877,0.7309941520467835,23,171,0.1345029239766081,LOW,2,2,2,1.0,1.0,True,False
PRIMARY_DELETE__HLO_to_P__primary_5y__M1__ridge__OMN,2010,2014,0.882456140350877,0.7309941520467835,23,171,0.1345029239766081,HIGH,2,2,2,1.0,1.0,True,False
PRIMARY_DELETE__HLO_to_P__primary_5y__M1__ridge__OMN,2015,2017,0.75,0.5555555555555556,8,36,0.2222222222222222,LOW,1,1,0,0.0,0.0,True,False
PRIMARY_DELETE__HLO_to_P__primary_5y__M1__ridge__OMN,2015,2017,0.75,0.5555555555555556,8,36,0.2222222222222222,HIGH,1,1,0,0.0,0.0,True,False
PRIMARY_DELETE__HLO_to_P__primary_5y__M1__ridge__PER,2000,2004,0.3928571428571429,0.2380952380952381,8,21,0.3809523809523809,LOW,1,1,1,1.0,1.0,True,False
PRIMARY_DELETE__HLO_to_P__primary_5y__M1__ridge__PER,2000,2004,0.3928571428571429,0.2380952380952381,8,21,0.3809523809523809,HIGH,1,1,0,0.0,0.0,True,False
PRIMARY_DELETE__HLO_to_P__primary_5y__M1__ridge__PER,2005,2009,0.9205882352941176,0.7833333333333333,13,120,0.1083333333333333,LOW,2,2,1,0.5,0.3333333333333333,True,False
PRIMARY_DELETE__HLO_to_P__primary_5y__M1__ridge__PER,2005,2009,0.9205882352941176,0.7833333333333333,13,120,0.1083333333333333,HIGH,2,2,1,0.5,0.3333333333333333,True,False
PRIMARY_DELETE__HLO_to_P__primary_5y__M1__ridge__PER,2010,2014,0.8511278195488721,0.6842105263157895,30,190,0.1578947368421052,LOW,2,2,2,1.0,1.0,True,False
PRIMARY_DELETE__HLO_to_P__primary_5y__M1__ridge__PER,2010,2014,0.8511278195488721,0.6842105263157895,30,190,0.1578947368421052,HIGH,2,2,2,1.0,1.0,True,False
PRIMARY_DELETE__HLO_to_P__primary_5y__M1__ridge__PER,2015,2017,0.75,0.5555555555555556,8,36,0.2222222222222222,LOW,1,1,0,0.0,0.0,True,False
PRIMARY_DELETE__HLO_to_P__primary_5y__M1__ridge__PER,2015,2017,0.75,0.5555555555555556,8,36,0.2222222222222222,HIGH,1,1,0,0.0,0.0,True,False
PRIMARY_DELETE__HLO_to_P__primary_5y__M1__ridge__PHL,2000,2004,0.0285714285714285,-0.0666666666666666,8,15,0.5333333333333333,LOW,1,1,1,1.0,1.0,True,False
PRIMARY_DELETE__HLO_to_P__primary_5y__M1__ridge__PHL,2000,2004,0.0285714285714285,-0.0666666666666666,8,15,0.5333333333333333,HIGH,1,1,0,0.0,0.0,True,False
PRIMARY_DELETE__HLO_to_P__primary_5y__M1__ridge__PHL,2005,2009,0.8651960784313727,0.7205882352941176,19,136,0.1397058823529411,LOW,2,2,1,0.5,0.3333333333333333,True,False
PRIMARY_DELETE__HLO_to_P__primary_5y__M1__ridge__PHL,2005,2009,0.8651960784313727,0.7205882352941176,19,136,0.1397058823529411,HIGH,2,2,1,0.5,0.3333333333333333,True,False
PRIMARY_DELETE__HLO_to_P__primary_5y__M1__ridge__PHL,2010,2014,0.8511278195488721,0.6842105263157895,30,190,0.1578947368421052,LOW,2,2,2,1.0,1.0,True,False
PRIMARY_DELETE__HLO_to_P__primary_5y__M1__ridge__PHL,2010,2014,0.8511278195488721,0.6842105263157895,30,190,0.1578947368421052,HIGH,2,2,2,1.0,1.0,True,False
PRIMARY_DELETE__HLO_to_P__primary_5y__M1__ridge__PHL,2015,2017,0.75,0.5555555555555556,8,36,0.2222222222222222,LOW,1,1,0,0.0,0.0,True,False
PRIMARY_DELETE__HLO_to_P__primary_5y__M1__ridge__PHL,2015,2017,0.75,0.5555555555555556,8,36,0.2222222222222222,HIGH,1,1,0,0.0,0.0,True,False
PRIMARY_DELETE__HLO_to_P__primary_5y__M1__ridge__POL,2000,2004,0.3928571428571429,0.2380952380952381,8,21,0.3809523809523809,LOW,1,1,1,1.0,1.0,True,False
PRIMARY_DELETE__HLO_to_P__primary_5y__M1__ridge__POL,2000,2004,0.3928571428571429,0.2380952380952381,8,21,0.3809523809523809,HIGH,1,1,0,0.0,0.0,True,False
PRIMARY_DELETE__HLO_to_P__primary_5y__M1__ridge__POL,2005,2009,0.8382352941176471,0.7,18,120,0.15,LOW,2,2,1,0.5,0.3333333333333333,True,False
PRIMARY_DELETE__HLO_to_P__primary_5y__M1__ridge__POL,2005,2009,0.8382352941176471,0.7,18,120,0.15,HIGH,2,2,1,0.5,0.3333333333333333,True,False
PRIMARY_DELETE__HLO_to_P__primary_5y__M1__ridge__POL,2010,2014,0.8263157894736841,0.6491228070175439,30,171,0.175438596491228,LOW,2,2,2,1.0,1.0,True,False
PRIMARY_DELETE__HLO_to_P__primary_5y__M1__ridge__POL,2010,2014,0.8263157894736841,0.6491228070175439,30,171,0.175438596491228,HIGH,2,2,2,1.0,1.0,True,False
PRIMARY_DELETE__HLO_to_P__primary_5y__M1__ridge__POL,2015,2017,0.7619047619047621,0.5714285714285714,6,28,0.2142857142857142,LOW,1,1,0,0.0,0.0,True,False
PRIMARY_DELETE__HLO_to_P__primary_5y__M1__ridge__POL,2015,2017,0.7619047619047621,0.5714285714285714,6,28,0.2142857142857142,HIGH,1,1,1,1.0,1.0,True,False
PRIMARY_DELETE__HLO_to_P__primary_5y__M1__ridge__QAT,2000,2004,0.3928571428571429,0.2380952380952381,8,21,0.3809523809523809,LOW,1,1,1,1.0,1.0,True,False
PRIMARY_DELETE__HLO_to_P__primary_5y__M1__ridge__QAT,2000,2004,0.3928571428571429,0.2380952380952381,8,21,0.3809523809523809,HIGH,1,1,0,0.0,0.0,True,False
PRIMARY_DELETE__HLO_to_P__primary_5y__M1__ridge__QAT,2005,2009,0.8647058823529412,0.7333333333333334,16,120,0.1333333333333333,LOW,2,2,1,0.5,0.3333333333333333,True,False
PRIMARY_DELETE__HLO_to_P__primary_5y__M1__ridge__QAT,2005,2009,0.8647058823529412,0.7333333333333334,16,120,0.1333333333333333,HIGH,2,2,1,0.5,0.3333333333333333,True,False
PRIMARY_DELETE__HLO_to_P__primary_5y__M1__ridge__QAT,2010,2014,0.8511278195488721,0.6842105263157895,30,190,0.1578947368421052,LOW,2,2,2,1.0,1.0,True,False
PRIMARY_DELETE__HLO_to_P__primary_5y__M1__ridge__QAT,2010,2014,0.8511278195488721,0.6842105263157895,30,190,0.1578947368421052,HIGH,2,2,2,1.0,1.0,True,False
PRIMARY_DELETE__HLO_to_P__primary_5y__M1__ridge__QAT,2015,2017,0.75,0.5555555555555556,8,36,0.2222222222222222,LOW,1,1,0,0.0,0.0,True,False
PRIMARY_DELETE__HLO_to_P__primary_5y__M1__ridge__QAT,2015,2017,0.75,0.5555555555555556,8,36,0.2222222222222222,HIGH,1,1,0,0.0,0.0,True,False
PRIMARY_DELETE__HLO_to_P__primary_5y__M1__ridge__RUS,2000,2004,0.3928571428571429,0.2380952380952381,8,21,0.3809523809523809,LOW,1,1,1,1.0,1.0,True,False
PRIMARY_DELETE__HLO_to_P__primary_5y__M1__ridge__RUS,2000,2004,0.3928571428571429,0.2380952380952381,8,21,0.3809523809523809,HIGH,1,1,0,0.0,0.0,True,False
PRIMARY_DELETE__HLO_to_P__primary_5y__M1__ridge__RUS,2005,2009,0.8553921568627452,0.7058823529411764,20,136,0.1470588235294117,LOW,2,2,1,0.5,0.3333333333333333,True,False
PRIMARY_DELETE__HLO_to_P__primary_5y__M1__ridge__RUS,2005,2009,0.8553921568627452,0.7058823529411764,20,136,0.1470588235294117,HIGH,2,2,1,0.5,0.3333333333333333,True,False
PRIMARY_DELETE__HLO_to_P__primary_5y__M1__ridge__RUS,2010,2014,0.8511278195488721,0.6842105263157895,30,190,0.1578947368421052,LOW,2,2,2,1.0,1.0,True,False
PRIMARY_DELETE__HLO_to_P__primary_5y__M1__ridge__RUS,2010,2014,0.8511278195488721,0.6842105263157895,30,190,0.1578947368421052,HIGH,2,2,2,1.0,1.0,True,False
PRIMARY_DELETE__HLO_to_P__primary_5y__M1__ridge__RUS,2015,2017,0.8095238095238096,0.6428571428571428,5,28,0.1785714285714285,LOW,1,1,0,0.0,0.0,True,False
PRIMARY_DELETE__HLO_to_P__primary_5y__M1__ridge__RUS,2015,2017,0.8095238095238096,0.6428571428571428,5,28,0.1785714285714285,HIGH,1,1,0,0.0,0.0,True,False
PRIMARY_DELETE__HLO_to_P__primary_5y__M1__ridge__SAU,2000,2004,0.3928571428571429,0.2380952380952381,8,21,0.3809523809523809,LOW,1,1,1,1.0,1.0,True,False
PRIMARY_DELETE__HLO_to_P__primary_5y__M1__ridge__SAU,2000,2004,0.3928571428571429,0.2380952380952381,8,21,0.3809523809523809,HIGH,1,1,0,0.0,0.0,True,False
PRIMARY_DELETE__HLO_to_P__primary_5y__M1__ridge__SAU,2005,2009,0.8480392156862745,0.6911764705882353,21,136,0.1544117647058823,LOW,2,2,1,0.5,0.3333333333333333,True,False
PRIMARY_DELETE__HLO_to_P__primary_5y__M1__ridge__SAU,2005,2009,0.8480392156862745,0.6911764705882353,21,136,0.1544117647058823,HIGH,2,2,1,0.5,0.3333333333333333,True,False
PRIMARY_DELETE__HLO_to_P__primary_5y__M1__ridge__SAU,2010,2014,0.8543859649122807,0.6842105263157894,27,171,0.1578947368421052,LOW,2,2,2,1.0,1.0,True,False
PRIMARY_DELETE__HLO_to_P__primary_5y__M1__ridge__SAU,2010,2014,0.8543859649122807,0.6842105263157894,27,171,0.1578947368421052,HIGH,2,2,2,1.0,1.0,True,False
PRIMARY_DELETE__HLO_to_P__primary_5y__M1__ridge__SAU,2015,2017,0.7142857142857144,0.4999999999999999,7,28,0.25,LOW,1,1,0,0.0,0.0,True,False
PRIMARY_DELETE__HLO_to_P__primary_5y__M1__ridge__SAU,2015,2017,0.7142857142857144,0.4999999999999999,7,28,0.25,HIGH,1,1,0,0.0,0.0,True,False
PRIMARY_DELETE__HLO_to_P__primary_5y__M1__ridge__SRB,2000,2004,0.3928571428571429,0.2380952380952381,8,21,0.3809523809523809,LOW,1,1,1,1.0,1.0,True,False
PRIMARY_DELETE__HLO_to_P__primary_5y__M1__ridge__SRB,2000,2004,0.3928571428571429,0.2380952380952381,8,21,0.3809523809523809,HIGH,1,1,0,0.0,0.0,True,False
PRIMARY_DELETE__HLO_to_P__primary_5y__M1__ridge__SRB,2005,2009,0.8455882352941178,0.676470588235294,22,136,0.1617647058823529,LOW,2,2,1,0.5,0.3333333333333333,True,False
PRIMARY_DELETE__HLO_to_P__primary_5y__M1__ridge__SRB,2005,2009,0.8455882352941178,0.676470588235294,22,136,0.1617647058823529,HIGH,2,2,1,0.5,0.3333333333333333,True,False
PRIMARY_DELETE__HLO_to_P__primary_5y__M1__ridge__SRB,2010,2014,0.8456140350877193,0.6959064327485379,26,171,0.1520467836257309,LOW,2,2,2,1.0,1.0,True,False
PRIMARY_DELETE__HLO_to_P__primary_5y__M1__ridge__SRB,2010,2014,0.8456140350877193,0.6959064327485379,26,171,0.1520467836257309,HIGH,2,2,2,1.0,1.0,True,False
PRIMARY_DELETE__HLO_to_P__primary_5y__M1__ridge__SRB,2015,2017,0.6833333333333333,0.4444444444444444,10,36,0.2777777777777778,LOW,1,1,0,0.0,0.0,True,False
PRIMARY_DELETE__HLO_to_P__primary_5y__M1__ridge__SRB,2015,2017,0.6833333333333333,0.4444444444444444,10,36,0.2777777777777778,HIGH,1,1,0,0.0,0.0,True,False
PRIMARY_DELETE__HLO_to_P__primary_5y__M1__ridge__SVN,2000,2004,0.3928571428571429,0.2380952380952381,8,21,0.3809523809523809,LOW,1,1,1,1.0,1.0,True,False
PRIMARY_DELETE__HLO_to_P__primary_5y__M1__ridge__SVN,2000,2004,0.3928571428571429,0.2380952380952381,8,21,0.3809523809523809,HIGH,1,1,0,0.0,0.0,True,False
PRIMARY_DELETE__HLO_to_P__primary_5y__M1__ridge__SVN,2005,2009,0.8470588235294119,0.7,18,120,0.15,LOW,2,2,1,0.5,0.3333333333333333,True,False
PRIMARY_DELETE__HLO_to_P__primary_5y__M1__ridge__SVN,2005,2009,0.8470588235294119,0.7,18,120,0.15,HIGH,2,2,1,0.5,0.3333333333333333,True,False
PRIMARY_DELETE__HLO_to_P__primary_5y__M1__ridge__SVN,2010,2014,0.8541353383458646,0.6947368421052632,29,190,0.1526315789473684,LOW,2,2,2,1.0,1.0,True,False
PRIMARY_DELETE__HLO_to_P__primary_5y__M1__ridge__SVN,2010,2014,0.8541353383458646,0.6947368421052632,29,190,0.1526315789473684,HIGH,2,2,2,1.0,1.0,True,False
PRIMARY_DELETE__HLO_to_P__primary_5y__M1__ridge__SVN,2015,2017,0.75,0.5555555555555556,8,36,0.2222222222222222,LOW,1,1,0,0.0,0.0,True,False
PRIMARY_DELETE__HLO_to_P__primary_5y__M1__ridge__SVN,2015,2017,0.75,0.5555555555555556,8,36,0.2222222222222222,HIGH,1,1,0,0.0,0.0,True,False
PRIMARY_DELETE__HLO_to_P__primary_5y__M1__ridge__UKR,2000,2004,0.3928571428571429,0.2380952380952381,8,21,0.3809523809523809,LOW,1,1,1,1.0,1.0,True,False
PRIMARY_DELETE__HLO_to_P__primary_5y__M1__ridge__UKR,2000,2004,0.3928571428571429,0.2380952380952381,8,21,0.3809523809523809,HIGH,1,1,0,0.0,0.0,True,False
PRIMARY_DELETE__HLO_to_P__primary_5y__M1__ridge__UKR,2005,2009,0.8382352941176471,0.6666666666666667,20,120,0.1666666666666666,LOW,2,2,1,0.5,0.3333333333333333,True,False
PRIMARY_DELETE__HLO_to_P__primary_5y__M1__ridge__UKR,2005,2009,0.8382352941176471,0.6666666666666667,20,120,0.1666666666666666,HIGH,2,2,1,0.5,0.3333333333333333,True,False
PRIMARY_DELETE__HLO_to_P__primary_5y__M1__ridge__UKR,2010,2014,0.8511278195488721,0.6842105263157895,30,190,0.1578947368421052,LOW,2,2,2,1.0,1.0,True,False
PRIMARY_DELETE__HLO_to_P__primary_5y__M1__ridge__UKR,2010,2014,0.8511278195488721,0.6842105263157895,30,190,0.1578947368421052,HIGH,2,2,2,1.0,1.0,True,False
PRIMARY_DELETE__HLO_to_P__primary_5y__M1__ridge__UKR,2015,2017,0.6833333333333333,0.4444444444444444,10,36,0.2777777777777778,LOW,1,1,0,0.0,0.0,True,False
PRIMARY_DELETE__HLO_to_P__primary_5y__M1__ridge__UKR,2015,2017,0.6833333333333333,0.4444444444444444,10,36,0.2777777777777778,HIGH,1,1,0,0.0,0.0,True,False
PRIMARY_DELETE__HLO_to_P__primary_5y__M1__ridge__USA,2000,2004,0.4857142857142857,0.3333333333333333,5,15,0.3333333333333333,LOW,1,1,1,1.0,1.0,True,False
PRIMARY_DELETE__HLO_to_P__primary_5y__M1__ridge__USA,2000,2004,0.4857142857142857,0.3333333333333333,5,15,0.3333333333333333,HIGH,1,1,0,0.0,0.0,True,False
PRIMARY_DELETE__HLO_to_P__primary_5y__M1__ridge__USA,2005,2009,0.8553921568627452,0.7058823529411764,20,136,0.1470588235294117,LOW,2,2,1,0.5,0.3333333333333333,True,False
PRIMARY_DELETE__HLO_to_P__primary_5y__M1__ridge__USA,2005,2009,0.8553921568627452,0.7058823529411764,20,136,0.1470588235294117,HIGH,2,2,1,0.5,0.3333333333333333,True,False
PRIMARY_DELETE__HLO_to_P__primary_5y__M1__ridge__USA,2010,2014,0.8511278195488721,0.6842105263157895,30,190,0.1578947368421052,LOW,2,2,2,1.0,1.0,True,False
PRIMARY_DELETE__HLO_to_P__primary_5y__M1__ridge__USA,2010,2014,0.8511278195488721,0.6842105263157895,30,190,0.1578947368421052,HIGH,2,2,2,1.0,1.0,True,False
PRIMARY_DELETE__HLO_to_P__primary_5y__M1__ridge__USA,2015,2017,0.75,0.5555555555555556,8,36,0.2222222222222222,LOW,1,1,0,0.0,0.0,True,False
PRIMARY_DELETE__HLO_to_P__primary_5y__M1__ridge__USA,2015,2017,0.75,0.5555555555555556,8,36,0.2222222222222222,HIGH,1,1,0,0.0,0.0,True,False
PRIMARY_DELETE__HLO_to_P__primary_5y__M1__ridge__ZAF,2000,2004,0.0285714285714285,-0.0666666666666666,8,15,0.5333333333333333,LOW,1,1,1,1.0,1.0,True,False
PRIMARY_DELETE__HLO_to_P__primary_5y__M1__ridge__ZAF,2000,2004,0.0285714285714285,-0.0666666666666666,8,15,0.5333333333333333,HIGH,1,1,0,0.0,0.0,True,False
PRIMARY_DELETE__HLO_to_P__primary_5y__M1__ridge__ZAF,2005,2009,0.8357843137254902,0.676470588235294,22,136,0.1617647058823529,LOW,2,2,1,0.5,0.3333333333333333,True,False
PRIMARY_DELETE__HLO_to_P__primary_5y__M1__ridge__ZAF,2005,2009,0.8357843137254902,0.676470588235294,22,136,0.1617647058823529,HIGH,2,2,1,0.5,0.3333333333333333,True,False
PRIMARY_DELETE__HLO_to_P__primary_5y__M1__ridge__ZAF,2010,2014,0.8666666666666666,0.7309941520467835,23,171,0.1345029239766081,LOW,2,2,2,1.0,1.0,True,False
PRIMARY_DELETE__HLO_to_P__primary_5y__M1__ridge__ZAF,2010,2014,0.8666666666666666,0.7309941520467835,23,171,0.1345029239766081,HIGH,2,2,2,1.0,1.0,True,False
PRIMARY_DELETE__HLO_to_P__primary_5y__M1__ridge__ZAF,2015,2017,0.7,0.5,9,36,0.25,LOW,1,1,0,0.0,0.0,True,False
PRIMARY_DELETE__HLO_to_P__primary_5y__M1__ridge__ZAF,2015,2017,0.7,0.5,9,36,0.25,HIGH,1,1,0,0.0,0.0,True,False
PRIMARY_DELETE__HLO_to_P__primary_5y__M2__ridge__AUS,2000,2004,0.8928571428571429,0.7142857142857143,3,21,0.1428571428571428,LOW,1,1,0,0.0,0.0,True,False
PRIMARY_DELETE__HLO_to_P__primary_5y__M2__ridge__AUS,2000,2004,0.8928571428571429,0.7142857142857143,3,21,0.1428571428571428,HIGH,1,1,1,1.0,1.0,True,False
PRIMARY_DELETE__HLO_to_P__primary_5y__M2__ridge__AUS,2005,2009,0.7916666666666667,0.6029411764705882,27,136,0.1985294117647058,LOW,2,2,2,1.0,1.0,True,False
PRIMARY_DELETE__HLO_to_P__primary_5y__M2__ridge__AUS,2005,2009,0.7916666666666667,0.6029411764705882,27,136,0.1985294117647058,HIGH,2,2,0,0.0,0.0,True,False
PRIMARY_DELETE__HLO_to_P__primary_5y__M2__ridge__AUS,2010,2014,0.7714285714285714,0.5894736842105264,39,190,0.2052631578947368,LOW,2,2,1,0.5,0.3333333333333333,True,False
PRIMARY_DELETE__HLO_to_P__primary_5y__M2__ridge__AUS,2010,2014,0.7714285714285714,0.5894736842105264,39,190,0.2052631578947368,HIGH,2,2,1,0.5,0.3333333333333333,True,False
PRIMARY_DELETE__HLO_to_P__primary_5y__M2__ridge__AUS,2015,2017,0.4523809523809524,0.3571428571428571,9,28,0.3214285714285714,LOW,1,1,0,0.0,0.0,True,False
PRIMARY_DELETE__HLO_to_P__primary_5y__M2__ridge__AUS,2015,2017,0.4523809523809524,0.3571428571428571,9,28,0.3214285714285714,HIGH,1,1,0,0.0,0.0,True,False
PRIMARY_DELETE__HLO_to_P__primary_5y__M2__ridge__AUT,2000,2004,0.8214285714285715,0.6190476190476191,4,21,0.1904761904761904,LOW,1,1,0,0.0,0.0,True,False
PRIMARY_DELETE__HLO_to_P__primary_5y__M2__ridge__AUT,2000,2004,0.8214285714285715,0.6190476190476191,4,21,0.1904761904761904,HIGH,1,1,0,0.0,0.0,True,False
PRIMARY_DELETE__HLO_to_P__primary_5y__M2__ridge__AUT,2005,2009,0.8088235294117646,0.6333333333333333,22,120,0.1833333333333333,LOW,2,2,2,1.0,1.0,True,False
PRIMARY_DELETE__HLO_to_P__primary_5y__M2__ridge__AUT,2005,2009,0.8088235294117646,0.6333333333333333,22,120,0.1833333333333333,HIGH,2,2,0,0.0,0.0,True,False
PRIMARY_DELETE__HLO_to_P__primary_5y__M2__ridge__AUT,2010,2014,0.7714285714285714,0.5894736842105264,39,190,0.2052631578947368,LOW,2,2,1,0.5,0.3333333333333333,True,False
PRIMARY_DELETE__HLO_to_P__primary_5y__M2__ridge__AUT,2010,2014,0.7714285714285714,0.5894736842105264,39,190,0.2052631578947368,HIGH,2,2,1,0.5,0.3333333333333333,True,False
PRIMARY_DELETE__HLO_to_P__primary_5y__M2__ridge__AUT,2015,2017,0.5333333333333333,0.4444444444444444,10,36,0.2777777777777778,LOW,1,1,0,0.0,0.0,True,False
PRIMARY_DELETE__HLO_to_P__primary_5y__M2__ridge__AUT,2015,2017,0.5333333333333333,0.4444444444444444,10,36,0.2777777777777778,HIGH,1,1,0,0.0,0.0,True,False
PRIMARY_DELETE__HLO_to_P__primary_5y__M2__ridge__BHR,2000,2004,0.642857142857143,0.4285714285714286,6,21,0.2857142857142857,LOW,1,1,0,0.0,0.0,True,False
PRIMARY_DELETE__HLO_to_P__primary_5y__M2__ridge__BHR,2000,2004,0.642857142857143,0.4285714285714286,6,21,0.2857142857142857,HIGH,1,1,0,0.0,0.0,True,False
PRIMARY_DELETE__HLO_to_P__primary_5y__M2__ridge__BHR,2005,2009,0.8014705882352942,0.6029411764705882,27,136,0.1985294117647058,LOW,2,2,2,1.0,1.0,True,False
PRIMARY_DELETE__HLO_to_P__primary_5y__M2__ridge__BHR,2005,2009,0.8014705882352942,0.6029411764705882,27,136,0.1985294117647058,HIGH,2,2,0,0.0,0.0,True,False
PRIMARY_DELETE__HLO_to_P__primary_5y__M2__ridge__BHR,2010,2014,0.7624060150375939,0.5789473684210527,40,190,0.2105263157894736,LOW,2,2,1,0.5,0.3333333333333333,True,False
PRIMARY_DELETE__HLO_to_P__primary_5y__M2__ridge__BHR,2010,2014,0.7624060150375939,0.5789473684210527,40,190,0.2105263157894736,HIGH,2,2,1,0.5,0.3333333333333333,True,False
PRIMARY_DELETE__HLO_to_P__primary_5y__M2__ridge__BHR,2015,2017,0.880952380952381,0.7857142857142856,3,28,0.1071428571428571,LOW,1,1,1,1.0,1.0,True,False
PRIMARY_DELETE__HLO_to_P__primary_5y__M2__ridge__BHR,2015,2017,0.880952380952381,0.7857142857142856,3,28,0.1071428571428571,HIGH,1,1,0,0.0,0.0,True,False
PRIMARY_DELETE__HLO_to_P__primary_5y__M2__ridge__BRA,2000,2004,0.8928571428571429,0.7142857142857143,3,21,0.1428571428571428,LOW,1,1,0,0.0,0.0,True,False
PRIMARY_DELETE__HLO_to_P__primary_5y__M2__ridge__BRA,2000,2004,0.8928571428571429,0.7142857142857143,3,21,0.1428571428571428,HIGH,1,1,1,1.0,1.0,True,False
PRIMARY_DELETE__HLO_to_P__primary_5y__M2__ridge__BRA,2005,2009,0.7911764705882354,0.6,24,120,0.2,LOW,2,2,2,1.0,1.0,True,False
PRIMARY_DELETE__HLO_to_P__primary_5y__M2__ridge__BRA,2005,2009,0.7911764705882354,0.6,24,120,0.2,HIGH,2,2,0,0.0,0.0,True,False
PRIMARY_DELETE__HLO_to_P__primary_5y__M2__ridge__BRA,2010,2014,0.8017543859649122,0.6140350877192983,33,171,0.1929824561403508,LOW,2,2,1,0.5,0.3333333333333333,True,False
PRIMARY_DELETE__HLO_to_P__primary_5y__M2__ridge__BRA,2010,2014,0.8017543859649122,0.6140350877192983,33,171,0.1929824561403508,HIGH,2,2,1,0.5,0.3333333333333333,True,False
PRIMARY_DELETE__HLO_to_P__primary_5y__M2__ridge__BRA,2015,2017,0.5499999999999999,0.4444444444444444,10,36,0.2777777777777778,LOW,1,1,0,0.0,0.0,True,False
PRIMARY_DELETE__HLO_to_P__primary_5y__M2__ridge__BRA,2015,2017,0.5499999999999999,0.4444444444444444,10,36,0.2777777777777778,HIGH,1,1,0,0.0,0.0,True,False
PRIMARY_DELETE__HLO_to_P__primary_5y__M2__ridge__CHL,2000,2004,0.8214285714285715,0.6190476190476191,4,21,0.1904761904761904,LOW,1,1,0,0.0,0.0,True,False
PRIMARY_DELETE__HLO_to_P__primary_5y__M2__ridge__CHL,2000,2004,0.8214285714285715,0.6190476190476191,4,21,0.1904761904761904,HIGH,1,1,0,0.0,0.0,True,False
PRIMARY_DELETE__HLO_to_P__primary_5y__M2__ridge__CHL,2005,2009,0.7941176470588236,0.6,24,120,0.2,LOW,2,2,2,1.0,1.0,True,False
PRIMARY_DELETE__HLO_to_P__primary_5y__M2__ridge__CHL,2005,2009,0.7941176470588236,0.6,24,120,0.2,HIGH,2,2,0,0.0,0.0,True,False
PRIMARY_DELETE__HLO_to_P__primary_5y__M2__ridge__CHL,2010,2014,0.8368421052631579,0.6608187134502924,29,171,0.1695906432748538,LOW,2,2,1,0.5,0.3333333333333333,True,False
PRIMARY_DELETE__HLO_to_P__primary_5y__M2__ridge__CHL,2010,2014,0.8368421052631579,0.6608187134502924,29,171,0.1695906432748538,HIGH,2,2,1,0.5,0.3333333333333333,True,False
PRIMARY_DELETE__HLO_to_P__primary_5y__M2__ridge__CHL,2015,2017,0.5333333333333333,0.4444444444444444,10,36,0.2777777777777778,LOW,1,1,0,0.0,0.0,True,False
PRIMARY_DELETE__HLO_to_P__primary_5y__M2__ridge__CHL,2015,2017,0.5333333333333333,0.4444444444444444,10,36,0.2777777777777778,HIGH,1,1,0,0.0,0.0,True,False
PRIMARY_DELETE__HLO_to_P__primary_5y__M2__ridge__COL,2000,2004,0.8928571428571429,0.7142857142857143,3,21,0.1428571428571428,LOW,1,1,0,0.0,0.0,True,False
PRIMARY_DELETE__HLO_to_P__primary_5y__M2__ridge__COL,2000,2004,0.8928571428571429,0.7142857142857143,3,21,0.1428571428571428,HIGH,1,1,1,1.0,1.0,True,False
PRIMARY_DELETE__HLO_to_P__primary_5y__M2__ridge__COL,2005,2009,0.7794117647058825,0.588235294117647,28,136,0.2058823529411764,LOW,2,2,1,0.5,0.3333333333333333,True,False
PRIMARY_DELETE__HLO_to_P__primary_5y__M2__ridge__COL,2005,2009,0.7794117647058825,0.588235294117647,28,136,0.2058823529411764,HIGH,2,2,0,0.0,0.0,True,False
PRIMARY_DELETE__HLO_to_P__primary_5y__M2__ridge__COL,2010,2014,0.7789473684210525,0.6140350877192983,33,171,0.1929824561403508,LOW,2,2,1,0.5,0.3333333333333333,True,False
PRIMARY_DELETE__HLO_to_P__primary_5y__M2__ridge__COL,2010,2014,0.7789473684210525,0.6140350877192983,33,171,0.1929824561403508,HIGH,2,2,1,0.5,0.3333333333333333,True,False
PRIMARY_DELETE__HLO_to_P__primary_5y__M2__ridge__COL,2015,2017,0.5666666666666667,0.4444444444444444,10,36,0.2777777777777778,LOW,1,1,0,0.0,0.0,True,False
PRIMARY_DELETE__HLO_to_P__primary_5y__M2__ridge__COL,2015,2017,0.5666666666666667,0.4444444444444444,10,36,0.2777777777777778,HIGH,1,1,0,0.0,0.0,True,False
PRIMARY_DELETE__HLO_to_P__primary_5y__M2__ridge__CRI,2000,2004,0.8928571428571429,0.7142857142857143,3,21,0.1428571428571428,LOW,1,1,0,0.0,0.0,True,False
PRIMARY_DELETE__HLO_to_P__primary_5y__M2__ridge__CRI,2000,2004,0.8928571428571429,0.7142857142857143,3,21,0.1428571428571428,HIGH,1,1,1,1.0,1.0,True,False
PRIMARY_DELETE__HLO_to_P__primary_5y__M2__ridge__CRI,2005,2009,0.7470588235294118,0.5499999999999999,27,120,0.225,LOW,2,2,1,0.5,0.3333333333333333,True,False
PRIMARY_DELETE__HLO_to_P__primary_5y__M2__ridge__CRI,2005,2009,0.7470588235294118,0.5499999999999999,27,120,0.225,HIGH,2,2,0,0.0,0.0,True,False
PRIMARY_DELETE__HLO_to_P__primary_5y__M2__ridge__CRI,2010,2014,0.7714285714285714,0.5894736842105264,39,190,0.2052631578947368,LOW,2,2,1,0.5,0.3333333333333333,True,False
PRIMARY_DELETE__HLO_to_P__primary_5y__M2__ridge__CRI,2010,2014,0.7714285714285714,0.5894736842105264,39,190,0.2052631578947368,HIGH,2,2,1,0.5,0.3333333333333333,True,False
PRIMARY_DELETE__HLO_to_P__primary_5y__M2__ridge__CRI,2015,2017,0.5499999999999999,0.4444444444444444,10,36,0.2777777777777778,LOW,1,1,0,0.0,0.0,True,False
PRIMARY_DELETE__HLO_to_P__primary_5y__M2__ridge__CRI,2015,2017,0.5499999999999999,0.4444444444444444,10,36,0.2777777777777778,HIGH,1,1,0,0.0,0.0,True,False
PRIMARY_DELETE__HLO_to_P__primary_5y__M2__ridge__DEU,2000,2004,0.8928571428571429,0.7142857142857143,3,21,0.1428571428571428,LOW,1,1,0,0.0,0.0,True,False
PRIMARY_DELETE__HLO_to_P__primary_5y__M2__ridge__DEU,2000,2004,0.8928571428571429,0.7142857142857143,3,21,0.1428571428571428,HIGH,1,1,1,1.0,1.0,True,False
PRIMARY_DELETE__HLO_to_P__primary_5y__M2__ridge__DEU,2005,2009,0.8029411764705883,0.6,24,120,0.2,LOW,2,2,2,1.0,1.0,True,False
PRIMARY_DELETE__HLO_to_P__primary_5y__M2__ridge__DEU,2005,2009,0.8029411764705883,0.6,24,120,0.2,HIGH,2,2,0,0.0,0.0,True,False
PRIMARY_DELETE__HLO_to_P__primary_5y__M2__ridge__DEU,2010,2014,0.7421052631578948,0.5672514619883041,37,171,0.2163742690058479,LOW,2,2,1,0.5,0.3333333333333333,True,False
PRIMARY_DELETE__HLO_to_P__primary_5y__M2__ridge__DEU,2010,2014,0.7421052631578948,0.5672514619883041,37,171,0.2163742690058479,HIGH,2,2,1,0.5,0.3333333333333333,True,False
PRIMARY_DELETE__HLO_to_P__primary_5y__M2__ridge__DEU,2015,2017,0.3571428571428572,0.3571428571428571,9,28,0.3214285714285714,LOW,1,1,0,0.0,0.0,True,False
PRIMARY_DELETE__HLO_to_P__primary_5y__M2__ridge__DEU,2015,2017,0.3571428571428572,0.3571428571428571,9,28,0.3214285714285714,HIGH,1,1,1,1.0,1.0,True,False
PRIMARY_DELETE__HLO_to_P__primary_5y__M2__ridge__EGY,2000,2004,0.8928571428571429,0.7142857142857143,3,21,0.1428571428571428,LOW,1,1,0,0.0,0.0,True,False
PRIMARY_DELETE__HLO_to_P__primary_5y__M2__ridge__EGY,2000,2004,0.8928571428571429,0.7142857142857143,3,21,0.1428571428571428,HIGH,1,1,1,1.0,1.0,True,False
PRIMARY_DELETE__HLO_to_P__primary_5y__M2__ridge__EGY,2005,2009,0.7892156862745099,0.6176470588235293,26,136,0.1911764705882352,LOW,2,2,1,0.5,0.3333333333333333,True,False
PRIMARY_DELETE__HLO_to_P__primary_5y__M2__ridge__EGY,2005,2009,0.7892156862745099,0.6176470588235293,26,136,0.1911764705882352,HIGH,2,2,0,0.0,0.0,True,False
PRIMARY_DELETE__HLO_to_P__primary_5y__M2__ridge__EGY,2010,2014,0.7864661654135338,0.6000000000000001,38,190,0.2,LOW,2,2,1,0.5,0.3333333333333333,True,False
PRIMARY_DELETE__HLO_to_P__primary_5y__M2__ridge__EGY,2010,2014,0.7864661654135338,0.6000000000000001,38,190,0.2,HIGH,2,2,1,0.5,0.3333333333333333,True,False
PRIMARY_DELETE__HLO_to_P__primary_5y__M2__ridge__EGY,2015,2017,0.4761904761904762,0.3571428571428571,9,28,0.3214285714285714,LOW,1,1,0,0.0,0.0,True,False
PRIMARY_DELETE__HLO_to_P__primary_5y__M2__ridge__EGY,2015,2017,0.4761904761904762,0.3571428571428571,9,28,0.3214285714285714,HIGH,1,1,0,0.0,0.0,True,False
PRIMARY_DELETE__HLO_to_P__primary_5y__M2__ridge__ESP,2000,2004,0.8214285714285715,0.6190476190476191,4,21,0.1904761904761904,LOW,1,1,0,0.0,0.0,True,False
PRIMARY_DELETE__HLO_to_P__primary_5y__M2__ridge__ESP,2000,2004,0.8214285714285715,0.6190476190476191,4,21,0.1904761904761904,HIGH,1,1,0,0.0,0.0,True,False
PRIMARY_DELETE__HLO_to_P__primary_5y__M2__ridge__ESP,2005,2009,0.8014705882352942,0.6029411764705882,27,136,0.1985294117647058,LOW,2,2,2,1.0,1.0,True,False
PRIMARY_DELETE__HLO_to_P__primary_5y__M2__ridge__ESP,2005,2009,0.8014705882352942,0.6029411764705882,27,136,0.1985294117647058,HIGH,2,2,0,0.0,0.0,True,False
PRIMARY_DELETE__HLO_to_P__primary_5y__M2__ridge__ESP,2010,2014,0.756140350877193,0.5906432748538012,35,171,0.2046783625730994,LOW,2,2,1,0.5,0.3333333333333333,True,False
PRIMARY_DELETE__HLO_to_P__primary_5y__M2__ridge__ESP,2010,2014,0.756140350877193,0.5906432748538012,35,171,0.2046783625730994,HIGH,2,2,1,0.5,0.3333333333333333,True,False
PRIMARY_DELETE__HLO_to_P__primary_5y__M2__ridge__ESP,2015,2017,0.5499999999999999,0.5,9,36,0.25,LOW,1,1,0,0.0,0.0,True,False
PRIMARY_DELETE__HLO_to_P__primary_5y__M2__ridge__ESP,2015,2017,0.5499999999999999,0.5,9,36,0.25,HIGH,1,1,0,0.0,0.0,True,False
PRIMARY_DELETE__HLO_to_P__primary_5y__M2__ridge__FIN,2000,2004,0.8928571428571429,0.7142857142857143,3,21,0.1428571428571428,LOW,1,1,0,0.0,0.0,True,False
PRIMARY_DELETE__HLO_to_P__primary_5y__M2__ridge__FIN,2000,2004,0.8928571428571429,0.7142857142857143,3,21,0.1428571428571428,HIGH,1,1,1,1.0,1.0,True,False
PRIMARY_DELETE__HLO_to_P__primary_5y__M2__ridge__FIN,2005,2009,0.7892156862745099,0.588235294117647,28,136,0.2058823529411764,LOW,2,2,2,1.0,1.0,True,False
PRIMARY_DELETE__HLO_to_P__primary_5y__M2__ridge__FIN,2005,2009,0.7892156862745099,0.588235294117647,28,136,0.2058823529411764,HIGH,2,2,0,0.0,0.0,True,False
PRIMARY_DELETE__HLO_to_P__primary_5y__M2__ridge__FIN,2010,2014,0.7526315789473684,0.5555555555555555,38,171,0.2222222222222222,LOW,2,2,1,0.5,0.3333333333333333,True,False
PRIMARY_DELETE__HLO_to_P__primary_5y__M2__ridge__FIN,2010,2014,0.7526315789473684,0.5555555555555555,38,171,0.2222222222222222,HIGH,2,2,1,0.5,0.3333333333333333,True,False
PRIMARY_DELETE__HLO_to_P__primary_5y__M2__ridge__FIN,2015,2017,0.5499999999999999,0.4444444444444444,10,36,0.2777777777777778,LOW,1,1,0,0.0,0.0,True,False
PRIMARY_DELETE__HLO_to_P__primary_5y__M2__ridge__FIN,2015,2017,0.5499999999999999,0.4444444444444444,10,36,0.2777777777777778,HIGH,1,1,0,0.0,0.0,True,False
PRIMARY_DELETE__HLO_to_P__primary_5y__M2__ridge__GHA,2000,2004,0.9285714285714288,0.8095238095238096,2,21,0.0952380952380952,LOW,1,1,0,0.0,0.0,True,False
PRIMARY_DELETE__HLO_to_P__primary_5y__M2__ridge__GHA,2000,2004,0.9285714285714288,0.8095238095238096,2,21,0.0952380952380952,HIGH,1,1,1,1.0,1.0,True,False
PRIMARY_DELETE__HLO_to_P__primary_5y__M2__ridge__GHA,2005,2009,0.7377450980392158,0.5735294117647058,29,136,0.213235294117647,LOW,2,2,1,0.5,0.3333333333333333,True,False
PRIMARY_DELETE__HLO_to_P__primary_5y__M2__ridge__GHA,2005,2009,0.7377450980392158,0.5735294117647058,29,136,0.213235294117647,HIGH,2,2,1,0.5,0.3333333333333333,True,False
PRIMARY_DELETE__HLO_to_P__primary_5y__M2__ridge__GHA,2010,2014,0.6070175438596491,0.4502923976608187,47,171,0.2748538011695906,LOW,2,2,0,0.0,0.0,True,False
PRIMARY_DELETE__HLO_to_P__primary_5y__M2__ridge__GHA,2010,2014,0.6070175438596491,0.4502923976608187,47,171,0.2748538011695906,HIGH,2,2,0,0.0,0.0,True,False
PRIMARY_DELETE__HLO_to_P__primary_5y__M2__ridge__GHA,2015,2017,0.35,0.2777777777777778,13,36,0.3611111111111111,LOW,1,1,0,0.0,0.0,True,False
PRIMARY_DELETE__HLO_to_P__primary_5y__M2__ridge__GHA,2015,2017,0.35,0.2777777777777778,13,36,0.3611111111111111,HIGH,1,1,0,0.0,0.0,True,False
PRIMARY_DELETE__HLO_to_P__primary_5y__M2__ridge__HRV,2000,2004,0.8214285714285715,0.6190476190476191,4,21,0.1904761904761904,LOW,1,1,0,0.0,0.0,True,False
PRIMARY_DELETE__HLO_to_P__primary_5y__M2__ridge__HRV,2000,2004,0.8214285714285715,0.6190476190476191,4,21,0.1904761904761904,HIGH,1,1,0,0.0,0.0,True,False
PRIMARY_DELETE__HLO_to_P__primary_5y__M2__ridge__HRV,2005,2009,0.7916666666666667,0.6029411764705882,27,136,0.1985294117647058,LOW,2,2,2,1.0,1.0,True,False
PRIMARY_DELETE__HLO_to_P__primary_5y__M2__ridge__HRV,2005,2009,0.7916666666666667,0.6029411764705882,27,136,0.1985294117647058,HIGH,2,2,0,0.0,0.0,True,False
PRIMARY_DELETE__HLO_to_P__primary_5y__M2__ridge__HRV,2010,2014,0.780701754385965,0.5906432748538012,35,171,0.2046783625730994,LOW,2,2,1,0.5,0.3333333333333333,True,False
PRIMARY_DELETE__HLO_to_P__primary_5y__M2__ridge__HRV,2010,2014,0.780701754385965,0.5906432748538012,35,171,0.2046783625730994,HIGH,2,2,1,0.5,0.3333333333333333,True,False
PRIMARY_DELETE__HLO_to_P__primary_5y__M2__ridge__HRV,2015,2017,0.5833333333333334,0.5,9,36,0.25,LOW,1,1,0,0.0,0.0,True,False
PRIMARY_DELETE__HLO_to_P__primary_5y__M2__ridge__HRV,2015,2017,0.5833333333333334,0.5,9,36,0.25,HIGH,1,1,0,0.0,0.0,True,False
PRIMARY_DELETE__HLO_to_P__primary_5y__M2__ridge__IDN,2000,2004,0.8214285714285715,0.6190476190476191,4,21,0.1904761904761904,LOW,1,1,0,0.0,0.0,True,False
PRIMARY_DELETE__HLO_to_P__primary_5y__M2__ridge__IDN,2000,2004,0.8214285714285715,0.6190476190476191,4,21,0.1904761904761904,HIGH,1,1,0,0.0,0.0,True,False
PRIMARY_DELETE__HLO_to_P__primary_5y__M2__ridge__IDN,2005,2009,0.7647058823529411,0.5666666666666667,26,120,0.2166666666666666,LOW,2,2,1,0.5,0.3333333333333333,True,False
PRIMARY_DELETE__HLO_to_P__primary_5y__M2__ridge__IDN,2005,2009,0.7647058823529411,0.5666666666666667,26,120,0.2166666666666666,HIGH,2,2,0,0.0,0.0,True,False
PRIMARY_DELETE__HLO_to_P__primary_5y__M2__ridge__IDN,2010,2014,0.7771929824561404,0.6023391812865496,34,171,0.1988304093567251,LOW,2,2,1,0.5,0.3333333333333333,True,False
PRIMARY_DELETE__HLO_to_P__primary_5y__M2__ridge__IDN,2010,2014,0.7771929824561404,0.6023391812865496,34,171,0.1988304093567251,HIGH,2,2,1,0.5,0.3333333333333333,True,False
PRIMARY_DELETE__HLO_to_P__primary_5y__M2__ridge__IDN,2015,2017,0.5714285714285715,0.4285714285714285,8,28,0.2857142857142857,LOW,1,1,0,0.0,0.0,True,False
PRIMARY_DELETE__HLO_to_P__primary_5y__M2__ridge__IDN,2015,2017,0.5714285714285715,0.4285714285714285,8,28,0.2857142857142857,HIGH,1,1,0,0.0,0.0,True,False
PRIMARY_DELETE__HLO_to_P__primary_5y__M2__ridge__IRN,2000,2004,0.8214285714285715,0.6190476190476191,4,21,0.1904761904761904,LOW,1,1,0,0.0,0.0,True,False
PRIMARY_DELETE__HLO_to_P__primary_5y__M2__ridge__IRN,2000,2004,0.8214285714285715,0.6190476190476191,4,21,0.1904761904761904,HIGH,1,1,0,0.0,0.0,True,False
PRIMARY_DELETE__HLO_to_P__primary_5y__M2__ridge__IRN,2005,2009,0.7470588235294118,0.5499999999999999,27,120,0.225,LOW,2,2,1,0.5,0.3333333333333333,True,False
PRIMARY_DELETE__HLO_to_P__primary_5y__M2__ridge__IRN,2005,2009,0.7470588235294118,0.5499999999999999,27,120,0.225,HIGH,2,2,0,0.0,0.0,True,False
PRIMARY_DELETE__HLO_to_P__primary_5y__M2__ridge__IRN,2010,2014,0.7954887218045112,0.6105263157894737,37,190,0.1947368421052631,LOW,2,2,1,0.5,0.3333333333333333,True,False
PRIMARY_DELETE__HLO_to_P__primary_5y__M2__ridge__IRN,2010,2014,0.7954887218045112,0.6105263157894737,37,190,0.1947368421052631,HIGH,2,2,1,0.5,0.3333333333333333,True,False
PRIMARY_DELETE__HLO_to_P__primary_5y__M2__ridge__IRN,2015,2017,0.6333333333333333,0.5555555555555556,8,36,0.2222222222222222,LOW,1,1,0,0.0,0.0,True,False
PRIMARY_DELETE__HLO_to_P__primary_5y__M2__ridge__IRN,2015,2017,0.6333333333333333,0.5555555555555556,8,36,0.2222222222222222,HIGH,1,1,0,0.0,0.0,True,False
PRIMARY_DELETE__HLO_to_P__primary_5y__M2__ridge__ISL,2000,2004,0.8285714285714287,0.6,3,15,0.2,LOW,1,1,0,0.0,0.0,True,False
PRIMARY_DELETE__HLO_to_P__primary_5y__M2__ridge__ISL,2000,2004,0.8285714285714287,0.6,3,15,0.2,HIGH,1,1,0,0.0,0.0,True,False
PRIMARY_DELETE__HLO_to_P__primary_5y__M2__ridge__ISL,2005,2009,0.8039215686274511,0.6323529411764706,25,136,0.1838235294117647,LOW,2,2,2,1.0,1.0,True,False
PRIMARY_DELETE__HLO_to_P__primary_5y__M2__ridge__ISL,2005,2009,0.8039215686274511,0.6323529411764706,25,136,0.1838235294117647,HIGH,2,2,0,0.0,0.0,True,False
PRIMARY_DELETE__HLO_to_P__primary_5y__M2__ridge__ISL,2010,2014,0.7864661654135338,0.6000000000000001,38,190,0.2,LOW,2,2,1,0.5,0.3333333333333333,True,False
PRIMARY_DELETE__HLO_to_P__primary_5y__M2__ridge__ISL,2010,2014,0.7864661654135338,0.6000000000000001,38,190,0.2,HIGH,2,2,1,0.5,0.3333333333333333,True,False
PRIMARY_DELETE__HLO_to_P__primary_5y__M2__ridge__ISL,2015,2017,0.6333333333333333,0.5555555555555556,8,36,0.2222222222222222,LOW,1,1,0,0.0,0.0,True,False
PRIMARY_DELETE__HLO_to_P__primary_5y__M2__ridge__ISL,2015,2017,0.6333333333333333,0.5555555555555556,8,36,0.2222222222222222,HIGH,1,1,0,0.0,0.0,True,False
PRIMARY_DELETE__HLO_to_P__primary_5y__M2__ridge__ITA,2000,2004,0.8214285714285715,0.6190476190476191,4,21,0.1904761904761904,LOW,1,1,0,0.0,0.0,True,False
PRIMARY_DELETE__HLO_to_P__primary_5y__M2__ridge__ITA,2000,2004,0.8214285714285715,0.6190476190476191,4,21,0.1904761904761904,HIGH,1,1,0,0.0,0.0,True,False
PRIMARY_DELETE__HLO_to_P__primary_5y__M2__ridge__ITA,2005,2009,0.8147058823529412,0.6166666666666666,23,120,0.1916666666666666,LOW,2,2,2,1.0,1.0,True,False
PRIMARY_DELETE__HLO_to_P__primary_5y__M2__ridge__ITA,2005,2009,0.8147058823529412,0.6166666666666666,23,120,0.1916666666666666,HIGH,2,2,0,0.0,0.0,True,False
PRIMARY_DELETE__HLO_to_P__primary_5y__M2__ridge__ITA,2010,2014,0.8,0.6140350877192983,33,171,0.1929824561403508,LOW,2,2,1,0.5,0.3333333333333333,True,False
PRIMARY_DELETE__HLO_to_P__primary_5y__M2__ridge__ITA,2010,2014,0.8,0.6140350877192983,33,171,0.1929824561403508,HIGH,2,2,1,0.5,0.3333333333333333,True,False
PRIMARY_DELETE__HLO_to_P__primary_5y__M2__ridge__ITA,2015,2017,0.6333333333333333,0.5555555555555556,8,36,0.2222222222222222,LOW,1,1,0,0.0,0.0,True,False
PRIMARY_DELETE__HLO_to_P__primary_5y__M2__ridge__ITA,2015,2017,0.6333333333333333,0.5555555555555556,8,36,0.2222222222222222,HIGH,1,1,0,0.0,0.0,True,False
PRIMARY_DELETE__HLO_to_P__primary_5y__M2__ridge__JOR,2000,2004,0.8928571428571429,0.7142857142857143,3,21,0.1428571428571428,LOW,1,1,0,0.0,0.0,True,False
PRIMARY_DELETE__HLO_to_P__primary_5y__M2__ridge__JOR,2000,2004,0.8928571428571429,0.7142857142857143,3,21,0.1428571428571428,HIGH,1,1,0,0.0,0.0,True,False
PRIMARY_DELETE__HLO_to_P__primary_5y__M2__ridge__JOR,2005,2009,0.8088235294117647,0.6323529411764706,25,136,0.1838235294117647,LOW,2,2,2,1.0,1.0,True,False
PRIMARY_DELETE__HLO_to_P__primary_5y__M2__ridge__JOR,2005,2009,0.8088235294117647,0.6323529411764706,25,136,0.1838235294117647,HIGH,2,2,0,0.0,0.0,True,False
PRIMARY_DELETE__HLO_to_P__primary_5y__M2__ridge__JOR,2010,2014,0.7736842105263159,0.6023391812865496,34,171,0.1988304093567251,LOW,2,2,1,0.5,0.3333333333333333,True,False
PRIMARY_DELETE__HLO_to_P__primary_5y__M2__ridge__JOR,2010,2014,0.7736842105263159,0.6023391812865496,34,171,0.1988304093567251,HIGH,2,2,1,0.5,0.3333333333333333,True,False
PRIMARY_DELETE__HLO_to_P__primary_5y__M2__ridge__JOR,2015,2017,0.4666666666666666,0.3888888888888889,11,36,0.3055555555555556,LOW,1,1,0,0.0,0.0,True,False
PRIMARY_DELETE__HLO_to_P__primary_5y__M2__ridge__JOR,2015,2017,0.4666666666666666,0.3888888888888889,11,36,0.3055555555555556,HIGH,1,1,0,0.0,0.0,True,False
PRIMARY_DELETE__HLO_to_P__primary_5y__M2__ridge__JPN,2000,2004,0.9285714285714288,0.8095238095238096,2,21,0.0952380952380952,LOW,1,1,0,0.0,0.0,True,False
PRIMARY_DELETE__HLO_to_P__primary_5y__M2__ridge__JPN,2000,2004,0.9285714285714288,0.8095238095238096,2,21,0.0952380952380952,HIGH,1,1,1,1.0,1.0,True,False
PRIMARY_DELETE__HLO_to_P__primary_5y__M2__ridge__JPN,2005,2009,0.823529411764706,0.6333333333333333,22,120,0.1833333333333333,LOW,2,2,2,1.0,1.0,True,False
PRIMARY_DELETE__HLO_to_P__primary_5y__M2__ridge__JPN,2005,2009,0.823529411764706,0.6333333333333333,22,120,0.1833333333333333,HIGH,2,2,0,0.0,0.0,True,False
PRIMARY_DELETE__HLO_to_P__primary_5y__M2__ridge__JPN,2010,2014,0.7548872180451127,0.5684210526315789,41,190,0.2157894736842105,LOW,2,2,1,0.5,0.3333333333333333,True,False
PRIMARY_DELETE__HLO_to_P__primary_5y__M2__ridge__JPN,2010,2014,0.7548872180451127,0.5684210526315789,41,190,0.2157894736842105,HIGH,2,2,1,0.5,0.3333333333333333,True,False
PRIMARY_DELETE__HLO_to_P__primary_5y__M2__ridge__JPN,2015,2017,0.8095238095238096,0.7142857142857142,4,28,0.1428571428571428,LOW,1,1,0,0.0,0.0,True,False
PRIMARY_DELETE__HLO_to_P__primary_5y__M2__ridge__JPN,2015,2017,0.8095238095238096,0.7142857142857142,4,28,0.1428571428571428,HIGH,1,1,1,1.0,1.0,True,False
PRIMARY_DELETE__HLO_to_P__primary_5y__M2__ridge__KAZ,2000,2004,0.8214285714285715,0.6190476190476191,4,21,0.1904761904761904,LOW,1,1,0,0.0,0.0,True,False
PRIMARY_DELETE__HLO_to_P__primary_5y__M2__ridge__KAZ,2000,2004,0.8214285714285715,0.6190476190476191,4,21,0.1904761904761904,HIGH,1,1,0,0.0,0.0,True,False
PRIMARY_DELETE__HLO_to_P__primary_5y__M2__ridge__KAZ,2005,2009,0.7696078431372549,0.588235294117647,28,136,0.2058823529411764,LOW,2,2,1,0.5,0.3333333333333333,True,False
PRIMARY_DELETE__HLO_to_P__primary_5y__M2__ridge__KAZ,2005,2009,0.7696078431372549,0.588235294117647,28,136,0.2058823529411764,HIGH,2,2,0,0.0,0.0,True,False
PRIMARY_DELETE__HLO_to_P__primary_5y__M2__ridge__KAZ,2010,2014,0.7701754385964912,0.5789473684210525,36,171,0.2105263157894736,LOW,2,2,1,0.5,0.3333333333333333,True,False
PRIMARY_DELETE__HLO_to_P__primary_5y__M2__ridge__KAZ,2010,2014,0.7701754385964912,0.5789473684210525,36,171,0.2105263157894736,HIGH,2,2,1,0.5,0.3333333333333333,True,False
PRIMARY_DELETE__HLO_to_P__primary_5y__M2__ridge__KAZ,2015,2017,0.6166666666666666,0.5,9,36,0.25,LOW,1,1,0,0.0,0.0,True,False
PRIMARY_DELETE__HLO_to_P__primary_5y__M2__ridge__KAZ,2015,2017,0.6166666666666666,0.5,9,36,0.25,HIGH,1,1,0,0.0,0.0,True,False
PRIMARY_DELETE__HLO_to_P__primary_5y__M2__ridge__KOR,2000,2004,0.8928571428571429,0.7142857142857143,3,21,0.1428571428571428,LOW,1,1,0,0.0,0.0,True,False
PRIMARY_DELETE__HLO_to_P__primary_5y__M2__ridge__KOR,2000,2004,0.8928571428571429,0.7142857142857143,3,21,0.1428571428571428,HIGH,1,1,1,1.0,1.0,True,False
PRIMARY_DELETE__HLO_to_P__primary_5y__M2__ridge__KOR,2005,2009,0.7671568627450981,0.5735294117647058,29,136,0.213235294117647,LOW,2,2,1,0.5,0.3333333333333333,True,False
PRIMARY_DELETE__HLO_to_P__primary_5y__M2__ridge__KOR,2005,2009,0.7671568627450981,0.5735294117647058,29,136,0.213235294117647,HIGH,2,2,0,0.0,0.0,True,False
PRIMARY_DELETE__HLO_to_P__primary_5y__M2__ridge__KOR,2010,2014,0.7245614035087719,0.5672514619883041,37,171,0.2163742690058479,LOW,2,2,1,0.5,0.3333333333333333,True,False
PRIMARY_DELETE__HLO_to_P__primary_5y__M2__ridge__KOR,2010,2014,0.7245614035087719,0.5672514619883041,37,171,0.2163742690058479,HIGH,2,2,1,0.5,0.3333333333333333,True,False
PRIMARY_DELETE__HLO_to_P__primary_5y__M2__ridge__KOR,2015,2017,0.5166666666666667,0.3888888888888889,11,36,0.3055555555555556,LOW,1,1,0,0.0,0.0,True,False
PRIMARY_DELETE__HLO_to_P__primary_5y__M2__ridge__KOR,2015,2017,0.5166666666666667,0.3888888888888889,11,36,0.3055555555555556,HIGH,1,1,0,0.0,0.0,True,False
PRIMARY_DELETE__HLO_to_P__primary_5y__M2__ridge__LTU,2000,2004,0.7714285714285715,0.6,3,15,0.2,LOW,1,1,0,0.0,0.0,True,False
PRIMARY_DELETE__HLO_to_P__primary_5y__M2__ridge__LTU,2000,2004,0.7714285714285715,0.6,3,15,0.2,HIGH,1,1,0,0.0,0.0,True,False
PRIMARY_DELETE__HLO_to_P__primary_5y__M2__ridge__LTU,2005,2009,0.8014705882352942,0.6029411764705882,27,136,0.1985294117647058,LOW,2,2,2,1.0,1.0,True,False
PRIMARY_DELETE__HLO_to_P__primary_5y__M2__ridge__LTU,2005,2009,0.8014705882352942,0.6029411764705882,27,136,0.1985294117647058,HIGH,2,2,0,0.0,0.0,True,False
PRIMARY_DELETE__HLO_to_P__primary_5y__M2__ridge__LTU,2010,2014,0.7714285714285714,0.5894736842105264,39,190,0.2052631578947368,LOW,2,2,1,0.5,0.3333333333333333,True,False
PRIMARY_DELETE__HLO_to_P__primary_5y__M2__ridge__LTU,2010,2014,0.7714285714285714,0.5894736842105264,39,190,0.2052631578947368,HIGH,2,2,1,0.5,0.3333333333333333,True,False
PRIMARY_DELETE__HLO_to_P__primary_5y__M2__ridge__LTU,2015,2017,0.6166666666666666,0.5,9,36,0.25,LOW,1,1,0,0.0,0.0,True,False
PRIMARY_DELETE__HLO_to_P__primary_5y__M2__ridge__LTU,2015,2017,0.6166666666666666,0.5,9,36,0.25,HIGH,1,1,0,0.0,0.0,True,False
PRIMARY_DELETE__HLO_to_P__primary_5y__M2__ridge__MAR,2000,2004,0.7142857142857144,0.5238095238095238,5,21,0.238095238095238,LOW,1,1,0,0.0,0.0,True,False
PRIMARY_DELETE__HLO_to_P__primary_5y__M2__ridge__MAR,2000,2004,0.7142857142857144,0.5238095238095238,5,21,0.238095238095238,HIGH,1,1,0,0.0,0.0,True,False
PRIMARY_DELETE__HLO_to_P__primary_5y__M2__ridge__MAR,2005,2009,0.7147058823529412,0.5,30,120,0.25,LOW,2,2,1,0.5,0.3333333333333333,True,False
PRIMARY_DELETE__HLO_to_P__primary_5y__M2__ridge__MAR,2005,2009,0.7147058823529412,0.5,30,120,0.25,HIGH,2,2,0,0.0,0.0,True,False
PRIMARY_DELETE__HLO_to_P__primary_5y__M2__ridge__MAR,2010,2014,0.7649122807017543,0.5906432748538012,35,171,0.2046783625730994,LOW,2,2,1,0.5,0.3333333333333333,True,False
PRIMARY_DELETE__HLO_to_P__primary_5y__M2__ridge__MAR,2010,2014,0.7649122807017543,0.5906432748538012,35,171,0.2046783625730994,HIGH,2,2,1,0.5,0.3333333333333333,True,False
PRIMARY_DELETE__HLO_to_P__primary_5y__M2__ridge__MAR,2015,2017,0.6,0.5,9,36,0.25,LOW,1,1,0,0.0,0.0,True,False
PRIMARY_DELETE__HLO_to_P__primary_5y__M2__ridge__MAR,2015,2017,0.6,0.5,9,36,0.25,HIGH,1,1,1,1.0,1.0,True,False
PRIMARY_DELETE__HLO_to_P__primary_5y__M2__ridge__MEX,2000,2004,0.8214285714285715,0.6190476190476191,4,21,0.1904761904761904,LOW,1,1,0,0.0,0.0,True,False
PRIMARY_DELETE__HLO_to_P__primary_5y__M2__ridge__MEX,2000,2004,0.8214285714285715,0.6190476190476191,4,21,0.1904761904761904,HIGH,1,1,0,0.0,0.0,True,False
PRIMARY_DELETE__HLO_to_P__primary_5y__M2__ridge__MEX,2005,2009,0.7892156862745099,0.588235294117647,28,136,0.2058823529411764,LOW,2,2,2,1.0,1.0,True,False
PRIMARY_DELETE__HLO_to_P__primary_5y__M2__ridge__MEX,2005,2009,0.7892156862745099,0.588235294117647,28,136,0.2058823529411764,HIGH,2,2,0,0.0,0.0,True,False
PRIMARY_DELETE__HLO_to_P__primary_5y__M2__ridge__MEX,2010,2014,0.8368421052631579,0.6608187134502924,29,171,0.1695906432748538,LOW,2,2,1,0.5,0.3333333333333333,True,False
PRIMARY_DELETE__HLO_to_P__primary_5y__M2__ridge__MEX,2010,2014,0.8368421052631579,0.6608187134502924,29,171,0.1695906432748538,HIGH,2,2,1,0.5,0.3333333333333333,True,False
PRIMARY_DELETE__HLO_to_P__primary_5y__M2__ridge__MEX,2015,2017,0.6333333333333333,0.5555555555555556,8,36,0.2222222222222222,LOW,1,1,0,0.0,0.0,True,False
PRIMARY_DELETE__HLO_to_P__primary_5y__M2__ridge__MEX,2015,2017,0.6333333333333333,0.5555555555555556,8,36,0.2222222222222222,HIGH,1,1,0,0.0,0.0,True,False
PRIMARY_DELETE__HLO_to_P__primary_5y__M2__ridge__NLD,2000,2004,0.8857142857142858,0.7333333333333333,2,15,0.1333333333333333,LOW,1,1,0,0.0,0.0,True,False
PRIMARY_DELETE__HLO_to_P__primary_5y__M2__ridge__NLD,2000,2004,0.8857142857142858,0.7333333333333333,2,15,0.1333333333333333,HIGH,1,1,1,1.0,1.0,True,False
PRIMARY_DELETE__HLO_to_P__primary_5y__M2__ridge__NLD,2005,2009,0.7647058823529411,0.5833333333333334,25,120,0.2083333333333333,LOW,2,2,1,0.5,0.3333333333333333,True,False
PRIMARY_DELETE__HLO_to_P__primary_5y__M2__ridge__NLD,2005,2009,0.7647058823529411,0.5833333333333334,25,120,0.2083333333333333,HIGH,2,2,0,0.0,0.0,True,False
PRIMARY_DELETE__HLO_to_P__primary_5y__M2__ridge__NLD,2010,2014,0.7789473684210525,0.5894736842105264,39,190,0.2052631578947368,LOW,2,2,1,0.5,0.3333333333333333,True,False
PRIMARY_DELETE__HLO_to_P__primary_5y__M2__ridge__NLD,2010,2014,0.7789473684210525,0.5894736842105264,39,190,0.2052631578947368,HIGH,2,2,1,0.5,0.3333333333333333,True,False
PRIMARY_DELETE__HLO_to_P__primary_5y__M2__ridge__NLD,2015,2017,0.6166666666666666,0.5,9,36,0.25,LOW,1,1,0,0.0,0.0,True,False
PRIMARY_DELETE__HLO_to_P__primary_5y__M2__ridge__NLD,2015,2017,0.6166666666666666,0.5,9,36,0.25,HIGH,1,1,0,0.0,0.0,True,False
PRIMARY_DELETE__HLO_to_P__primary_5y__M2__ridge__NOR,2000,2004,0.6571428571428573,0.4666666666666666,4,15,0.2666666666666666,LOW,1,1,0,0.0,0.0,True,False
PRIMARY_DELETE__HLO_to_P__primary_5y__M2__ridge__NOR,2000,2004,0.6571428571428573,0.4666666666666666,4,15,0.2666666666666666,HIGH,1,1,0,0.0,0.0,True,False
PRIMARY_DELETE__HLO_to_P__primary_5y__M2__ridge__NOR,2005,2009,0.8117647058823528,0.6333333333333333,22,120,0.1833333333333333,LOW,2,2,2,1.0,1.0,True,False
PRIMARY_DELETE__HLO_to_P__primary_5y__M2__ridge__NOR,2005,2009,0.8117647058823528,0.6333333333333333,22,120,0.1833333333333333,HIGH,2,2,0,0.0,0.0,True,False
PRIMARY_DELETE__HLO_to_P__primary_5y__M2__ridge__NOR,2010,2014,0.7699248120300751,0.5894736842105264,39,190,0.2052631578947368,LOW,2,2,1,0.5,0.3333333333333333,True,False
PRIMARY_DELETE__HLO_to_P__primary_5y__M2__ridge__NOR,2010,2014,0.7699248120300751,0.5894736842105264,39,190,0.2052631578947368,HIGH,2,2,1,0.5,0.3333333333333333,True,False
PRIMARY_DELETE__HLO_to_P__primary_5y__M2__ridge__NOR,2015,2017,0.5499999999999999,0.5,9,36,0.25,LOW,1,1,0,0.0,0.0,True,False
PRIMARY_DELETE__HLO_to_P__primary_5y__M2__ridge__NOR,2015,2017,0.5499999999999999,0.5,9,36,0.25,HIGH,1,1,0,0.0,0.0,True,False
PRIMARY_DELETE__HLO_to_P__primary_5y__M2__ridge__OMN,2000,2004,0.8928571428571429,0.7142857142857143,3,21,0.1428571428571428,LOW,1,1,0,0.0,0.0,True,False
PRIMARY_DELETE__HLO_to_P__primary_5y__M2__ridge__OMN,2000,2004,0.8928571428571429,0.7142857142857143,3,21,0.1428571428571428,HIGH,1,1,1,1.0,1.0,True,False
PRIMARY_DELETE__HLO_to_P__primary_5y__M2__ridge__OMN,2005,2009,0.7794117647058825,0.588235294117647,28,136,0.2058823529411764,LOW,2,2,1,0.5,0.3333333333333333,True,False
PRIMARY_DELETE__HLO_to_P__primary_5y__M2__ridge__OMN,2005,2009,0.7794117647058825,0.588235294117647,28,136,0.2058823529411764,HIGH,2,2,0,0.0,0.0,True,False
PRIMARY_DELETE__HLO_to_P__primary_5y__M2__ridge__OMN,2010,2014,0.7736842105263159,0.5906432748538012,35,171,0.2046783625730994,LOW,2,2,1,0.5,0.3333333333333333,True,False
PRIMARY_DELETE__HLO_to_P__primary_5y__M2__ridge__OMN,2010,2014,0.7736842105263159,0.5906432748538012,35,171,0.2046783625730994,HIGH,2,2,1,0.5,0.3333333333333333,True,False
PRIMARY_DELETE__HLO_to_P__primary_5y__M2__ridge__OMN,2015,2017,0.6166666666666666,0.5,9,36,0.25,LOW,1,1,0,0.0,0.0,True,False
PRIMARY_DELETE__HLO_to_P__primary_5y__M2__ridge__OMN,2015,2017,0.6166666666666666,0.5,9,36,0.25,HIGH,1,1,0,0.0,0.0,True,False
PRIMARY_DELETE__HLO_to_P__primary_5y__M2__ridge__PER,2000,2004,0.8928571428571429,0.7142857142857143,3,21,0.1428571428571428,LOW,1,1,0,0.0,0.0,True,False
PRIMARY_DELETE__HLO_to_P__primary_5y__M2__ridge__PER,2000,2004,0.8928571428571429,0.7142857142857143,3,21,0.1428571428571428,HIGH,1,1,1,1.0,1.0,True,False
PRIMARY_DELETE__HLO_to_P__primary_5y__M2__ridge__PER,2005,2009,0.8441176470588234,0.6833333333333333,19,120,0.1583333333333333,LOW,2,2,2,1.0,1.0,True,False
PRIMARY_DELETE__HLO_to_P__primary_5y__M2__ridge__PER,2005,2009,0.8441176470588234,0.6833333333333333,19,120,0.1583333333333333,HIGH,2,2,0,0.0,0.0,True,False
PRIMARY_DELETE__HLO_to_P__primary_5y__M2__ridge__PER,2010,2014,0.7774436090225564,0.6105263157894737,37,190,0.1947368421052631,LOW,2,2,1,0.5,0.3333333333333333,True,False
PRIMARY_DELETE__HLO_to_P__primary_5y__M2__ridge__PER,2010,2014,0.7774436090225564,0.6105263157894737,37,190,0.1947368421052631,HIGH,2,2,1,0.5,0.3333333333333333,True,False
PRIMARY_DELETE__HLO_to_P__primary_5y__M2__ridge__PER,2015,2017,0.5833333333333334,0.5,9,36,0.25,LOW,1,1,0,0.0,0.0,True,False
PRIMARY_DELETE__HLO_to_P__primary_5y__M2__ridge__PER,2015,2017,0.5833333333333334,0.5,9,36,0.25,HIGH,1,1,0,0.0,0.0,True,False
PRIMARY_DELETE__HLO_to_P__primary_5y__M2__ridge__PHL,2000,2004,0.942857142857143,0.8666666666666666,1,15,0.0666666666666666,LOW,1,1,1,1.0,1.0,True,False
PRIMARY_DELETE__HLO_to_P__primary_5y__M2__ridge__PHL,2000,2004,0.942857142857143,0.8666666666666666,1,15,0.0666666666666666,HIGH,1,1,1,1.0,1.0,True,False
PRIMARY_DELETE__HLO_to_P__primary_5y__M2__ridge__PHL,2005,2009,0.7818627450980392,0.6029411764705882,27,136,0.1985294117647058,LOW,2,2,1,0.5,0.3333333333333333,True,False
PRIMARY_DELETE__HLO_to_P__primary_5y__M2__ridge__PHL,2005,2009,0.7818627450980392,0.6029411764705882,27,136,0.1985294117647058,HIGH,2,2,0,0.0,0.0,True,False
PRIMARY_DELETE__HLO_to_P__primary_5y__M2__ridge__PHL,2010,2014,0.8075187969924811,0.631578947368421,35,190,0.1842105263157894,LOW,2,2,1,0.5,0.3333333333333333,True,False
PRIMARY_DELETE__HLO_to_P__primary_5y__M2__ridge__PHL,2010,2014,0.8075187969924811,0.631578947368421,35,190,0.1842105263157894,HIGH,2,2,1,0.5,0.3333333333333333,True,False
PRIMARY_DELETE__HLO_to_P__primary_5y__M2__ridge__PHL,2015,2017,0.6333333333333333,0.5555555555555556,8,36,0.2222222222222222,LOW,1,1,0,0.0,0.0,True,False
PRIMARY_DELETE__HLO_to_P__primary_5y__M2__ridge__PHL,2015,2017,0.6333333333333333,0.5555555555555556,8,36,0.2222222222222222,HIGH,1,1,0,0.0,0.0,True,False
PRIMARY_DELETE__HLO_to_P__primary_5y__M2__ridge__POL,2000,2004,0.8928571428571429,0.7142857142857143,3,21,0.1428571428571428,LOW,1,1,0,0.0,0.0,True,False
PRIMARY_DELETE__HLO_to_P__primary_5y__M2__ridge__POL,2000,2004,0.8928571428571429,0.7142857142857143,3,21,0.1428571428571428,HIGH,1,1,1,1.0,1.0,True,False
PRIMARY_DELETE__HLO_to_P__primary_5y__M2__ridge__POL,2005,2009,0.788235294117647,0.5833333333333334,25,120,0.2083333333333333,LOW,2,2,2,1.0,1.0,True,False
PRIMARY_DELETE__HLO_to_P__primary_5y__M2__ridge__POL,2005,2009,0.788235294117647,0.5833333333333334,25,120,0.2083333333333333,HIGH,2,2,0,0.0,0.0,True,False
PRIMARY_DELETE__HLO_to_P__primary_5y__M2__ridge__POL,2010,2014,0.7666666666666666,0.5789473684210525,36,171,0.2105263157894736,LOW,2,2,1,0.5,0.3333333333333333,True,False
PRIMARY_DELETE__HLO_to_P__primary_5y__M2__ridge__POL,2010,2014,0.7666666666666666,0.5789473684210525,36,171,0.2105263157894736,HIGH,2,2,1,0.5,0.3333333333333333,True,False
PRIMARY_DELETE__HLO_to_P__primary_5y__M2__ridge__POL,2015,2017,0.4047619047619048,0.3571428571428571,9,28,0.3214285714285714,LOW,1,1,0,0.0,0.0,True,False
PRIMARY_DELETE__HLO_to_P__primary_5y__M2__ridge__POL,2015,2017,0.4047619047619048,0.3571428571428571,9,28,0.3214285714285714,HIGH,1,1,0,0.0,0.0,True,False
PRIMARY_DELETE__HLO_to_P__primary_5y__M2__ridge__QAT,2000,2004,0.8928571428571429,0.7142857142857143,3,21,0.1428571428571428,LOW,1,1,0,0.0,0.0,True,False
PRIMARY_DELETE__HLO_to_P__primary_5y__M2__ridge__QAT,2000,2004,0.8928571428571429,0.7142857142857143,3,21,0.1428571428571428,HIGH,1,1,1,1.0,1.0,True,False
PRIMARY_DELETE__HLO_to_P__primary_5y__M2__ridge__QAT,2005,2009,0.788235294117647,0.5833333333333334,25,120,0.2083333333333333,LOW,2,2,2,1.0,1.0,True,False
PRIMARY_DELETE__HLO_to_P__primary_5y__M2__ridge__QAT,2005,2009,0.788235294117647,0.5833333333333334,25,120,0.2083333333333333,HIGH,2,2,0,0.0,0.0,True,False
PRIMARY_DELETE__HLO_to_P__primary_5y__M2__ridge__QAT,2010,2014,0.7714285714285714,0.5894736842105264,39,190,0.2052631578947368,LOW,2,2,1,0.5,0.3333333333333333,True,False
PRIMARY_DELETE__HLO_to_P__primary_5y__M2__ridge__QAT,2010,2014,0.7714285714285714,0.5894736842105264,39,190,0.2052631578947368,HIGH,2,2,1,0.5,0.3333333333333333,True,False
PRIMARY_DELETE__HLO_to_P__primary_5y__M2__ridge__QAT,2015,2017,0.5499999999999999,0.4444444444444444,10,36,0.2777777777777778,LOW,1,1,0,0.0,0.0,True,False
PRIMARY_DELETE__HLO_to_P__primary_5y__M2__ridge__QAT,2015,2017,0.5499999999999999,0.4444444444444444,10,36,0.2777777777777778,HIGH,1,1,0,0.0,0.0,True,False
PRIMARY_DELETE__HLO_to_P__primary_5y__M2__ridge__RUS,2000,2004,0.8928571428571429,0.7142857142857143,3,21,0.1428571428571428,LOW,1,1,0,0.0,0.0,True,False
PRIMARY_DELETE__HLO_to_P__primary_5y__M2__ridge__RUS,2000,2004,0.8928571428571429,0.7142857142857143,3,21,0.1428571428571428,HIGH,1,1,1,1.0,1.0,True,False
PRIMARY_DELETE__HLO_to_P__primary_5y__M2__ridge__RUS,2005,2009,0.7892156862745099,0.588235294117647,28,136,0.2058823529411764,LOW,2,2,2,1.0,1.0,True,False
PRIMARY_DELETE__HLO_to_P__primary_5y__M2__ridge__RUS,2005,2009,0.7892156862745099,0.588235294117647,28,136,0.2058823529411764,HIGH,2,2,0,0.0,0.0,True,False
PRIMARY_DELETE__HLO_to_P__primary_5y__M2__ridge__RUS,2010,2014,0.7894736842105263,0.6105263157894737,37,190,0.1947368421052631,LOW,2,2,1,0.5,0.3333333333333333,True,False
PRIMARY_DELETE__HLO_to_P__primary_5y__M2__ridge__RUS,2010,2014,0.7894736842105263,0.6105263157894737,37,190,0.1947368421052631,HIGH,2,2,1,0.5,0.3333333333333333,True,False
PRIMARY_DELETE__HLO_to_P__primary_5y__M2__ridge__RUS,2015,2017,0.523809523809524,0.4285714285714285,8,28,0.2857142857142857,LOW,1,1,0,0.0,0.0,True,False
PRIMARY_DELETE__HLO_to_P__primary_5y__M2__ridge__RUS,2015,2017,0.523809523809524,0.4285714285714285,8,28,0.2857142857142857,HIGH,1,1,0,0.0,0.0,True,False
PRIMARY_DELETE__HLO_to_P__primary_5y__M2__ridge__SAU,2000,2004,0.8928571428571429,0.7142857142857143,3,21,0.1428571428571428,LOW,1,1,0,0.0,0.0,True,False
PRIMARY_DELETE__HLO_to_P__primary_5y__M2__ridge__SAU,2000,2004,0.8928571428571429,0.7142857142857143,3,21,0.1428571428571428,HIGH,1,1,1,1.0,1.0,True,False
PRIMARY_DELETE__HLO_to_P__primary_5y__M2__ridge__SAU,2005,2009,0.7794117647058825,0.6029411764705882,27,136,0.1985294117647058,LOW,2,2,2,1.0,1.0,True,False
PRIMARY_DELETE__HLO_to_P__primary_5y__M2__ridge__SAU,2005,2009,0.7794117647058825,0.6029411764705882,27,136,0.1985294117647058,HIGH,2,2,0,0.0,0.0,True,False
PRIMARY_DELETE__HLO_to_P__primary_5y__M2__ridge__SAU,2010,2014,0.8210526315789475,0.6374269005847952,31,171,0.1812865497076023,LOW,2,2,1,0.5,0.3333333333333333,True,False
PRIMARY_DELETE__HLO_to_P__primary_5y__M2__ridge__SAU,2010,2014,0.8210526315789475,0.6374269005847952,31,171,0.1812865497076023,HIGH,2,2,1,0.5,0.3333333333333333,True,False
PRIMARY_DELETE__HLO_to_P__primary_5y__M2__ridge__SAU,2015,2017,0.5952380952380953,0.4999999999999999,7,28,0.25,LOW,1,1,0,0.0,0.0,True,False
PRIMARY_DELETE__HLO_to_P__primary_5y__M2__ridge__SAU,2015,2017,0.5952380952380953,0.4999999999999999,7,28,0.25,HIGH,1,1,0,0.0,0.0,True,False
PRIMARY_DELETE__HLO_to_P__primary_5y__M2__ridge__SRB,2000,2004,0.8928571428571429,0.7142857142857143,3,21,0.1428571428571428,LOW,1,1,0,0.0,0.0,True,False
PRIMARY_DELETE__HLO_to_P__primary_5y__M2__ridge__SRB,2000,2004,0.8928571428571429,0.7142857142857143,3,21,0.1428571428571428,HIGH,1,1,1,1.0,1.0,True,False
PRIMARY_DELETE__HLO_to_P__primary_5y__M2__ridge__SRB,2005,2009,0.7892156862745099,0.588235294117647,28,136,0.2058823529411764,LOW,2,2,2,1.0,1.0,True,False
PRIMARY_DELETE__HLO_to_P__primary_5y__M2__ridge__SRB,2005,2009,0.7892156862745099,0.588235294117647,28,136,0.2058823529411764,HIGH,2,2,0,0.0,0.0,True,False
PRIMARY_DELETE__HLO_to_P__primary_5y__M2__ridge__SRB,2010,2014,0.7771929824561404,0.5906432748538012,35,171,0.2046783625730994,LOW,2,2,1,0.5,0.3333333333333333,True,False
PRIMARY_DELETE__HLO_to_P__primary_5y__M2__ridge__SRB,2010,2014,0.7771929824561404,0.5906432748538012,35,171,0.2046783625730994,HIGH,2,2,1,0.5,0.3333333333333333,True,False
PRIMARY_DELETE__HLO_to_P__primary_5y__M2__ridge__SRB,2015,2017,0.6166666666666666,0.5,9,36,0.25,LOW,1,1,0,0.0,0.0,True,False
PRIMARY_DELETE__HLO_to_P__primary_5y__M2__ridge__SRB,2015,2017,0.6166666666666666,0.5,9,36,0.25,HIGH,1,1,0,0.0,0.0,True,False
PRIMARY_DELETE__HLO_to_P__primary_5y__M2__ridge__SVN,2000,2004,0.8928571428571429,0.7142857142857143,3,21,0.1428571428571428,LOW,1,1,0,0.0,0.0,True,False
PRIMARY_DELETE__HLO_to_P__primary_5y__M2__ridge__SVN,2000,2004,0.8928571428571429,0.7142857142857143,3,21,0.1428571428571428,HIGH,1,1,1,1.0,1.0,True,False
PRIMARY_DELETE__HLO_to_P__primary_5y__M2__ridge__SVN,2005,2009,0.7735294117647058,0.6,24,120,0.2,LOW,2,2,1,0.5,0.3333333333333333,True,False
PRIMARY_DELETE__HLO_to_P__primary_5y__M2__ridge__SVN,2005,2009,0.7735294117647058,0.6,24,120,0.2,HIGH,2,2,0,0.0,0.0,True,False
PRIMARY_DELETE__HLO_to_P__primary_5y__M2__ridge__SVN,2010,2014,0.7563909774436091,0.5789473684210527,40,190,0.2105263157894736,LOW,2,2,1,0.5,0.3333333333333333,True,False
PRIMARY_DELETE__HLO_to_P__primary_5y__M2__ridge__SVN,2010,2014,0.7563909774436091,0.5789473684210527,40,190,0.2105263157894736,HIGH,2,2,1,0.5,0.3333333333333333,True,False
PRIMARY_DELETE__HLO_to_P__primary_5y__M2__ridge__SVN,2015,2017,0.5666666666666667,0.4444444444444444,10,36,0.2777777777777778,LOW,1,1,0,0.0,0.0,True,False
PRIMARY_DELETE__HLO_to_P__primary_5y__M2__ridge__SVN,2015,2017,0.5666666666666667,0.4444444444444444,10,36,0.2777777777777778,HIGH,1,1,0,0.0,0.0,True,False
PRIMARY_DELETE__HLO_to_P__primary_5y__M2__ridge__UKR,2000,2004,0.8928571428571429,0.7142857142857143,3,21,0.1428571428571428,LOW,1,1,0,0.0,0.0,True,False
PRIMARY_DELETE__HLO_to_P__primary_5y__M2__ridge__UKR,2000,2004,0.8928571428571429,0.7142857142857143,3,21,0.1428571428571428,HIGH,1,1,1,1.0,1.0,True,False
PRIMARY_DELETE__HLO_to_P__primary_5y__M2__ridge__UKR,2005,2009,0.7705882352941176,0.5666666666666667,26,120,0.2166666666666666,LOW,2,2,2,1.0,1.0,True,False
PRIMARY_DELETE__HLO_to_P__primary_5y__M2__ridge__UKR,2005,2009,0.7705882352941176,0.5666666666666667,26,120,0.2166666666666666,HIGH,2,2,0,0.0,0.0,True,False
PRIMARY_DELETE__HLO_to_P__primary_5y__M2__ridge__UKR,2010,2014,0.78796992481203,0.6000000000000001,38,190,0.2,LOW,2,2,1,0.5,0.3333333333333333,True,False
PRIMARY_DELETE__HLO_to_P__primary_5y__M2__ridge__UKR,2010,2014,0.78796992481203,0.6000000000000001,38,190,0.2,HIGH,2,2,1,0.5,0.3333333333333333,True,False
PRIMARY_DELETE__HLO_to_P__primary_5y__M2__ridge__UKR,2015,2017,0.5499999999999999,0.4444444444444444,10,36,0.2777777777777778,LOW,1,1,0,0.0,0.0,True,False
PRIMARY_DELETE__HLO_to_P__primary_5y__M2__ridge__UKR,2015,2017,0.5499999999999999,0.4444444444444444,10,36,0.2777777777777778,HIGH,1,1,0,0.0,0.0,True,False
PRIMARY_DELETE__HLO_to_P__primary_5y__M2__ridge__USA,2000,2004,0.8857142857142858,0.7333333333333333,2,15,0.1333333333333333,LOW,1,1,0,0.0,0.0,True,False
PRIMARY_DELETE__HLO_to_P__primary_5y__M2__ridge__USA,2000,2004,0.8857142857142858,0.7333333333333333,2,15,0.1333333333333333,HIGH,1,1,1,1.0,1.0,True,False
PRIMARY_DELETE__HLO_to_P__primary_5y__M2__ridge__USA,2005,2009,0.8014705882352942,0.6029411764705882,27,136,0.1985294117647058,LOW,2,2,2,1.0,1.0,True,False
PRIMARY_DELETE__HLO_to_P__primary_5y__M2__ridge__USA,2005,2009,0.8014705882352942,0.6029411764705882,27,136,0.1985294117647058,HIGH,2,2,0,0.0,0.0,True,False
PRIMARY_DELETE__HLO_to_P__primary_5y__M2__ridge__USA,2010,2014,0.7714285714285714,0.5894736842105264,39,190,0.2052631578947368,LOW,2,2,1,0.5,0.3333333333333333,True,False
PRIMARY_DELETE__HLO_to_P__primary_5y__M2__ridge__USA,2010,2014,0.7714285714285714,0.5894736842105264,39,190,0.2052631578947368,HIGH,2,2,1,0.5,0.3333333333333333,True,False
PRIMARY_DELETE__HLO_to_P__primary_5y__M2__ridge__USA,2015,2017,0.6166666666666666,0.5,9,36,0.25,LOW,1,1,0,0.0,0.0,True,False
PRIMARY_DELETE__HLO_to_P__primary_5y__M2__ridge__USA,2015,2017,0.6166666666666666,0.5,9,36,0.25,HIGH,1,1,0,0.0,0.0,True,False
PRIMARY_DELETE__HLO_to_P__primary_5y__M2__ridge__ZAF,2000,2004,0.8857142857142858,0.7333333333333333,2,15,0.1333333333333333,LOW,1,1,1,1.0,1.0,True,False
PRIMARY_DELETE__HLO_to_P__primary_5y__M2__ridge__ZAF,2000,2004,0.8857142857142858,0.7333333333333333,2,15,0.1333333333333333,HIGH,1,1,1,1.0,1.0,True,False
PRIMARY_DELETE__HLO_to_P__primary_5y__M2__ridge__ZAF,2005,2009,0.7696078431372549,0.588235294117647,28,136,0.2058823529411764,LOW,2,2,2,1.0,1.0,True,False
PRIMARY_DELETE__HLO_to_P__primary_5y__M2__ridge__ZAF,2005,2009,0.7696078431372549,0.588235294117647,28,136,0.2058823529411764,HIGH,2,2,0,0.0,0.0,True,False
PRIMARY_DELETE__HLO_to_P__primary_5y__M2__ridge__ZAF,2010,2014,0.7789473684210525,0.6140350877192983,33,171,0.1929824561403508,LOW,2,2,1,0.5,0.3333333333333333,True,False
PRIMARY_DELETE__HLO_to_P__primary_5y__M2__ridge__ZAF,2010,2014,0.7789473684210525,0.6140350877192983,33,171,0.1929824561403508,HIGH,2,2,1,0.5,0.3333333333333333,True,False
PRIMARY_DELETE__HLO_to_P__primary_5y__M2__ridge__ZAF,2015,2017,0.4333333333333333,0.3888888888888889,11,36,0.3055555555555556,LOW,1,1,0,0.0,0.0,True,False
PRIMARY_DELETE__HLO_to_P__primary_5y__M2__ridge__ZAF,2015,2017,0.4333333333333333,0.3888888888888889,11,36,0.3055555555555556,HIGH,1,1,0,0.0,0.0,True,False
PRIMARY_DELETE__HLO_to_P__primary_5y__M3__ridge__AUS,2000,2004,0.4285714285714286,0.2380952380952381,8,21,0.3809523809523809,LOW,1,1,0,0.0,0.0,True,False
PRIMARY_DELETE__HLO_to_P__primary_5y__M3__ridge__AUS,2000,2004,0.4285714285714286,0.2380952380952381,8,21,0.3809523809523809,HIGH,1,1,0,0.0,0.0,True,False
PRIMARY_DELETE__HLO_to_P__primary_5y__M3__ridge__AUS,2005,2009,0.8308823529411766,0.6617647058823529,23,136,0.1691176470588235,LOW,2,2,2,1.0,1.0,True,False
PRIMARY_DELETE__HLO_to_P__primary_5y__M3__ridge__AUS,2005,2009,0.8308823529411766,0.6617647058823529,23,136,0.1691176470588235,HIGH,2,2,0,0.0,0.0,True,False
PRIMARY_DELETE__HLO_to_P__primary_5y__M3__ridge__AUS,2010,2014,0.7428571428571428,0.5789473684210527,40,190,0.2105263157894736,LOW,2,2,1,0.5,0.3333333333333333,True,False
PRIMARY_DELETE__HLO_to_P__primary_5y__M3__ridge__AUS,2010,2014,0.7428571428571428,0.5789473684210527,40,190,0.2105263157894736,HIGH,2,2,2,1.0,1.0,True,False
PRIMARY_DELETE__HLO_to_P__primary_5y__M3__ridge__AUS,2015,2017,0.7380952380952381,0.5714285714285714,6,28,0.2142857142857142,LOW,1,1,0,0.0,0.0,True,False
PRIMARY_DELETE__HLO_to_P__primary_5y__M3__ridge__AUS,2015,2017,0.7380952380952381,0.5714285714285714,6,28,0.2142857142857142,HIGH,1,1,0,0.0,0.0,True,False
PRIMARY_DELETE__HLO_to_P__primary_5y__M3__ridge__AUT,2000,2004,0.4285714285714286,0.2380952380952381,8,21,0.3809523809523809,LOW,1,1,0,0.0,0.0,True,False
PRIMARY_DELETE__HLO_to_P__primary_5y__M3__ridge__AUT,2000,2004,0.4285714285714286,0.2380952380952381,8,21,0.3809523809523809,HIGH,1,1,0,0.0,0.0,True,False
PRIMARY_DELETE__HLO_to_P__primary_5y__M3__ridge__AUT,2005,2009,0.8470588235294119,0.7,18,120,0.15,LOW,2,2,2,1.0,1.0,True,False
PRIMARY_DELETE__HLO_to_P__primary_5y__M3__ridge__AUT,2005,2009,0.8470588235294119,0.7,18,120,0.15,HIGH,2,2,1,0.5,0.3333333333333333,True,False
PRIMARY_DELETE__HLO_to_P__primary_5y__M3__ridge__AUT,2010,2014,0.7428571428571428,0.5789473684210527,40,190,0.2105263157894736,LOW,2,2,1,0.5,0.3333333333333333,True,False
PRIMARY_DELETE__HLO_to_P__primary_5y__M3__ridge__AUT,2010,2014,0.7428571428571428,0.5789473684210527,40,190,0.2105263157894736,HIGH,2,2,2,1.0,1.0,True,False
PRIMARY_DELETE__HLO_to_P__primary_5y__M3__ridge__AUT,2015,2017,0.8166666666666667,0.6666666666666666,6,36,0.1666666666666666,LOW,1,1,0,0.0,0.0,True,False
PRIMARY_DELETE__HLO_to_P__primary_5y__M3__ridge__AUT,2015,2017,0.8166666666666667,0.6666666666666666,6,36,0.1666666666666666,HIGH,1,1,0,0.0,0.0,True,False
PRIMARY_DELETE__HLO_to_P__primary_5y__M3__ridge__BHR,2000,2004,0.4285714285714286,0.2380952380952381,8,21,0.3809523809523809,LOW,1,1,0,0.0,0.0,True,False
PRIMARY_DELETE__HLO_to_P__primary_5y__M3__ridge__BHR,2000,2004,0.4285714285714286,0.2380952380952381,8,21,0.3809523809523809,HIGH,1,1,0,0.0,0.0,True,False
PRIMARY_DELETE__HLO_to_P__primary_5y__M3__ridge__BHR,2005,2009,0.8308823529411766,0.6617647058823529,23,136,0.1691176470588235,LOW,2,2,2,1.0,1.0,True,False
PRIMARY_DELETE__HLO_to_P__primary_5y__M3__ridge__BHR,2005,2009,0.8308823529411766,0.6617647058823529,23,136,0.1691176470588235,HIGH,2,2,0,0.0,0.0,True,False
PRIMARY_DELETE__HLO_to_P__primary_5y__M3__ridge__BHR,2010,2014,0.7428571428571428,0.5684210526315789,41,190,0.2157894736842105,LOW,2,2,1,0.5,0.3333333333333333,True,False
PRIMARY_DELETE__HLO_to_P__primary_5y__M3__ridge__BHR,2010,2014,0.7428571428571428,0.5684210526315789,41,190,0.2157894736842105,HIGH,2,2,2,1.0,1.0,True,False
PRIMARY_DELETE__HLO_to_P__primary_5y__M3__ridge__BHR,2015,2017,0.880952380952381,0.7857142857142856,3,28,0.1071428571428571,LOW,1,1,1,1.0,1.0,True,False
PRIMARY_DELETE__HLO_to_P__primary_5y__M3__ridge__BHR,2015,2017,0.880952380952381,0.7857142857142856,3,28,0.1071428571428571,HIGH,1,1,0,0.0,0.0,True,False
PRIMARY_DELETE__HLO_to_P__primary_5y__M3__ridge__BRA,2000,2004,0.4285714285714286,0.2380952380952381,8,21,0.3809523809523809,LOW,1,1,0,0.0,0.0,True,False
PRIMARY_DELETE__HLO_to_P__primary_5y__M3__ridge__BRA,2000,2004,0.4285714285714286,0.2380952380952381,8,21,0.3809523809523809,HIGH,1,1,0,0.0,0.0,True,False
PRIMARY_DELETE__HLO_to_P__primary_5y__M3__ridge__BRA,2005,2009,0.8176470588235294,0.65,21,120,0.175,LOW,2,2,2,1.0,1.0,True,False
PRIMARY_DELETE__HLO_to_P__primary_5y__M3__ridge__BRA,2005,2009,0.8176470588235294,0.65,21,120,0.175,HIGH,2,2,0,0.0,0.0,True,False
PRIMARY_DELETE__HLO_to_P__primary_5y__M3__ridge__BRA,2010,2014,0.7754385964912281,0.6140350877192983,33,171,0.1929824561403508,LOW,2,2,1,0.5,0.3333333333333333,True,False
PRIMARY_DELETE__HLO_to_P__primary_5y__M3__ridge__BRA,2010,2014,0.7754385964912281,0.6140350877192983,33,171,0.1929824561403508,HIGH,2,2,2,1.0,1.0,True,False
PRIMARY_DELETE__HLO_to_P__primary_5y__M3__ridge__BRA,2015,2017,0.8166666666666667,0.6666666666666666,6,36,0.1666666666666666,LOW,1,1,0,0.0,0.0,True,False
PRIMARY_DELETE__HLO_to_P__primary_5y__M3__ridge__BRA,2015,2017,0.8166666666666667,0.6666666666666666,6,36,0.1666666666666666,HIGH,1,1,0,0.0,0.0,True,False
PRIMARY_DELETE__HLO_to_P__primary_5y__M3__ridge__CHL,2000,2004,0.4285714285714286,0.2380952380952381,8,21,0.3809523809523809,LOW,1,1,0,0.0,0.0,True,False
PRIMARY_DELETE__HLO_to_P__primary_5y__M3__ridge__CHL,2000,2004,0.4285714285714286,0.2380952380952381,8,21,0.3809523809523809,HIGH,1,1,0,0.0,0.0,True,False
PRIMARY_DELETE__HLO_to_P__primary_5y__M3__ridge__CHL,2005,2009,0.7911764705882354,0.6166666666666666,23,120,0.1916666666666666,LOW,2,2,1,0.5,0.3333333333333333,True,False
PRIMARY_DELETE__HLO_to_P__primary_5y__M3__ridge__CHL,2005,2009,0.7911764705882354,0.6166666666666666,23,120,0.1916666666666666,HIGH,2,2,0,0.0,0.0,True,False
PRIMARY_DELETE__HLO_to_P__primary_5y__M3__ridge__CHL,2010,2014,0.7789473684210525,0.6140350877192983,33,171,0.1929824561403508,LOW,2,2,1,0.5,0.3333333333333333,True,False
PRIMARY_DELETE__HLO_to_P__primary_5y__M3__ridge__CHL,2010,2014,0.7789473684210525,0.6140350877192983,33,171,0.1929824561403508,HIGH,2,2,2,1.0,1.0,True,False
PRIMARY_DELETE__HLO_to_P__primary_5y__M3__ridge__CHL,2015,2017,0.8499999999999999,0.7222222222222222,5,36,0.1388888888888889,LOW,1,1,0,0.0,0.0,True,False
PRIMARY_DELETE__HLO_to_P__primary_5y__M3__ridge__CHL,2015,2017,0.8499999999999999,0.7222222222222222,5,36,0.1388888888888889,HIGH,1,1,0,0.0,0.0,True,False
PRIMARY_DELETE__HLO_to_P__primary_5y__M3__ridge__COL,2000,2004,0.4285714285714286,0.2380952380952381,8,21,0.3809523809523809,LOW,1,1,0,0.0,0.0,True,False
PRIMARY_DELETE__HLO_to_P__primary_5y__M3__ridge__COL,2000,2004,0.4285714285714286,0.2380952380952381,8,21,0.3809523809523809,HIGH,1,1,0,0.0,0.0,True,False
PRIMARY_DELETE__HLO_to_P__primary_5y__M3__ridge__COL,2005,2009,0.7843137254901962,0.6029411764705882,27,136,0.1985294117647058,LOW,2,2,1,0.5,0.3333333333333333,True,False
PRIMARY_DELETE__HLO_to_P__primary_5y__M3__ridge__COL,2005,2009,0.7843137254901962,0.6029411764705882,27,136,0.1985294117647058,HIGH,2,2,0,0.0,0.0,True,False
PRIMARY_DELETE__HLO_to_P__primary_5y__M3__ridge__COL,2010,2014,0.7649122807017543,0.6140350877192983,33,171,0.1929824561403508,LOW,2,2,1,0.5,0.3333333333333333,True,False
PRIMARY_DELETE__HLO_to_P__primary_5y__M3__ridge__COL,2010,2014,0.7649122807017543,0.6140350877192983,33,171,0.1929824561403508,HIGH,2,2,1,0.5,0.3333333333333333,True,False
PRIMARY_DELETE__HLO_to_P__primary_5y__M3__ridge__COL,2015,2017,0.8166666666666667,0.6666666666666666,6,36,0.1666666666666666,LOW,1,1,0,0.0,0.0,True,False
PRIMARY_DELETE__HLO_to_P__primary_5y__M3__ridge__COL,2015,2017,0.8166666666666667,0.6666666666666666,6,36,0.1666666666666666,HIGH,1,1,0,0.0,0.0,True,False
PRIMARY_DELETE__HLO_to_P__primary_5y__M3__ridge__CRI,2000,2004,0.5357142857142858,0.3333333333333333,7,21,0.3333333333333333,LOW,1,1,0,0.0,0.0,True,False
PRIMARY_DELETE__HLO_to_P__primary_5y__M3__ridge__CRI,2000,2004,0.5357142857142858,0.3333333333333333,7,21,0.3333333333333333,HIGH,1,1,0,0.0,0.0,True,False
PRIMARY_DELETE__HLO_to_P__primary_5y__M3__ridge__CRI,2005,2009,0.7823529411764706,0.6,24,120,0.2,LOW,2,2,1,0.5,0.3333333333333333,True,False
PRIMARY_DELETE__HLO_to_P__primary_5y__M3__ridge__CRI,2005,2009,0.7823529411764706,0.6,24,120,0.2,HIGH,2,2,0,0.0,0.0,True,False
PRIMARY_DELETE__HLO_to_P__primary_5y__M3__ridge__CRI,2010,2014,0.7368421052631579,0.5684210526315789,41,190,0.2157894736842105,LOW,2,2,1,0.5,0.3333333333333333,True,False
PRIMARY_DELETE__HLO_to_P__primary_5y__M3__ridge__CRI,2010,2014,0.7368421052631579,0.5684210526315789,41,190,0.2157894736842105,HIGH,2,2,2,1.0,1.0,True,False
PRIMARY_DELETE__HLO_to_P__primary_5y__M3__ridge__CRI,2015,2017,0.8166666666666667,0.6666666666666666,6,36,0.1666666666666666,LOW,1,1,0,0.0,0.0,True,False
PRIMARY_DELETE__HLO_to_P__primary_5y__M3__ridge__CRI,2015,2017,0.8166666666666667,0.6666666666666666,6,36,0.1666666666666666,HIGH,1,1,0,0.0,0.0,True,False
PRIMARY_DELETE__HLO_to_P__primary_5y__M3__ridge__DEU,2000,2004,0.4285714285714286,0.2380952380952381,8,21,0.3809523809523809,LOW,1,1,0,0.0,0.0,True,False
PRIMARY_DELETE__HLO_to_P__primary_5y__M3__ridge__DEU,2000,2004,0.4285714285714286,0.2380952380952381,8,21,0.3809523809523809,HIGH,1,1,0,0.0,0.0,True,False
PRIMARY_DELETE__HLO_to_P__primary_5y__M3__ridge__DEU,2005,2009,0.8294117647058824,0.6666666666666667,20,120,0.1666666666666666,LOW,2,2,2,1.0,1.0,True,False
PRIMARY_DELETE__HLO_to_P__primary_5y__M3__ridge__DEU,2005,2009,0.8294117647058824,0.6666666666666667,20,120,0.1666666666666666,HIGH,2,2,0,0.0,0.0,True,False
PRIMARY_DELETE__HLO_to_P__primary_5y__M3__ridge__DEU,2010,2014,0.7035087719298245,0.5321637426900584,40,171,0.2339181286549707,LOW,2,2,1,0.5,0.3333333333333333,True,False
PRIMARY_DELETE__HLO_to_P__primary_5y__M3__ridge__DEU,2010,2014,0.7035087719298245,0.5321637426900584,40,171,0.2339181286549707,HIGH,2,2,2,1.0,1.0,True,False
PRIMARY_DELETE__HLO_to_P__primary_5y__M3__ridge__DEU,2015,2017,0.7857142857142858,0.6428571428571428,5,28,0.1785714285714285,LOW,1,1,0,0.0,0.0,True,False
PRIMARY_DELETE__HLO_to_P__primary_5y__M3__ridge__DEU,2015,2017,0.7857142857142858,0.6428571428571428,5,28,0.1785714285714285,HIGH,1,1,1,1.0,1.0,True,False
PRIMARY_DELETE__HLO_to_P__primary_5y__M3__ridge__EGY,2000,2004,0.5357142857142858,0.3333333333333333,7,21,0.3333333333333333,LOW,1,1,0,0.0,0.0,True,False
PRIMARY_DELETE__HLO_to_P__primary_5y__M3__ridge__EGY,2000,2004,0.5357142857142858,0.3333333333333333,7,21,0.3333333333333333,HIGH,1,1,0,0.0,0.0,True,False
PRIMARY_DELETE__HLO_to_P__primary_5y__M3__ridge__EGY,2005,2009,0.8357843137254902,0.6470588235294118,24,136,0.1764705882352941,LOW,2,2,1,0.5,0.3333333333333333,True,False
PRIMARY_DELETE__HLO_to_P__primary_5y__M3__ridge__EGY,2005,2009,0.8357843137254902,0.6470588235294118,24,136,0.1764705882352941,HIGH,2,2,0,0.0,0.0,True,False
PRIMARY_DELETE__HLO_to_P__primary_5y__M3__ridge__EGY,2010,2014,0.7443609022556391,0.5789473684210527,40,190,0.2105263157894736,LOW,2,2,1,0.5,0.3333333333333333,True,False
PRIMARY_DELETE__HLO_to_P__primary_5y__M3__ridge__EGY,2010,2014,0.7443609022556391,0.5789473684210527,40,190,0.2105263157894736,HIGH,2,2,2,1.0,1.0,True,False
PRIMARY_DELETE__HLO_to_P__primary_5y__M3__ridge__EGY,2015,2017,0.8571428571428572,0.7142857142857142,4,28,0.1428571428571428,LOW,1,1,0,0.0,0.0,True,False
PRIMARY_DELETE__HLO_to_P__primary_5y__M3__ridge__EGY,2015,2017,0.8571428571428572,0.7142857142857142,4,28,0.1428571428571428,HIGH,1,1,0,0.0,0.0,True,False
PRIMARY_DELETE__HLO_to_P__primary_5y__M3__ridge__ESP,2000,2004,0.5357142857142858,0.3333333333333333,7,21,0.3333333333333333,LOW,1,1,0,0.0,0.0,True,False
PRIMARY_DELETE__HLO_to_P__primary_5y__M3__ridge__ESP,2000,2004,0.5357142857142858,0.3333333333333333,7,21,0.3333333333333333,HIGH,1,1,0,0.0,0.0,True,False
PRIMARY_DELETE__HLO_to_P__primary_5y__M3__ridge__ESP,2005,2009,0.8161764705882354,0.6470588235294118,24,136,0.1764705882352941,LOW,2,2,2,1.0,1.0,True,False
PRIMARY_DELETE__HLO_to_P__primary_5y__M3__ridge__ESP,2005,2009,0.8161764705882354,0.6470588235294118,24,136,0.1764705882352941,HIGH,2,2,0,0.0,0.0,True,False
PRIMARY_DELETE__HLO_to_P__primary_5y__M3__ridge__ESP,2010,2014,0.7175438596491229,0.5672514619883041,37,171,0.2163742690058479,LOW,2,2,1,0.5,0.3333333333333333,True,False
PRIMARY_DELETE__HLO_to_P__primary_5y__M3__ridge__ESP,2010,2014,0.7175438596491229,0.5672514619883041,37,171,0.2163742690058479,HIGH,2,2,2,1.0,1.0,True,False
PRIMARY_DELETE__HLO_to_P__primary_5y__M3__ridge__ESP,2015,2017,0.7666666666666667,0.611111111111111,7,36,0.1944444444444444,LOW,1,1,0,0.0,0.0,True,False
PRIMARY_DELETE__HLO_to_P__primary_5y__M3__ridge__ESP,2015,2017,0.7666666666666667,0.611111111111111,7,36,0.1944444444444444,HIGH,1,1,0,0.0,0.0,True,False
PRIMARY_DELETE__HLO_to_P__primary_5y__M3__ridge__FIN,2000,2004,0.4285714285714286,0.2380952380952381,8,21,0.3809523809523809,LOW,1,1,0,0.0,0.0,True,False
PRIMARY_DELETE__HLO_to_P__primary_5y__M3__ridge__FIN,2000,2004,0.4285714285714286,0.2380952380952381,8,21,0.3809523809523809,HIGH,1,1,0,0.0,0.0,True,False
PRIMARY_DELETE__HLO_to_P__primary_5y__M3__ridge__FIN,2005,2009,0.7916666666666667,0.6029411764705882,27,136,0.1985294117647058,LOW,2,2,1,0.5,0.3333333333333333,True,False
PRIMARY_DELETE__HLO_to_P__primary_5y__M3__ridge__FIN,2005,2009,0.7916666666666667,0.6029411764705882,27,136,0.1985294117647058,HIGH,2,2,0,0.0,0.0,True,False
PRIMARY_DELETE__HLO_to_P__primary_5y__M3__ridge__FIN,2010,2014,0.6929824561403508,0.52046783625731,41,171,0.239766081871345,LOW,2,2,1,0.5,0.3333333333333333,True,False
PRIMARY_DELETE__HLO_to_P__primary_5y__M3__ridge__FIN,2010,2014,0.6929824561403508,0.52046783625731,41,171,0.239766081871345,HIGH,2,2,1,0.5,0.3333333333333333,True,False
PRIMARY_DELETE__HLO_to_P__primary_5y__M3__ridge__FIN,2015,2017,0.8166666666666667,0.6666666666666666,6,36,0.1666666666666666,LOW,1,1,0,0.0,0.0,True,False
PRIMARY_DELETE__HLO_to_P__primary_5y__M3__ridge__FIN,2015,2017,0.8166666666666667,0.6666666666666666,6,36,0.1666666666666666,HIGH,1,1,0,0.0,0.0,True,False
PRIMARY_DELETE__HLO_to_P__primary_5y__M3__ridge__GHA,2000,2004,0.8214285714285715,0.6190476190476191,4,21,0.1904761904761904,LOW,1,1,0,0.0,0.0,True,False
PRIMARY_DELETE__HLO_to_P__primary_5y__M3__ridge__GHA,2000,2004,0.8214285714285715,0.6190476190476191,4,21,0.1904761904761904,HIGH,1,1,0,0.0,0.0,True,False
PRIMARY_DELETE__HLO_to_P__primary_5y__M3__ridge__GHA,2005,2009,0.8112745098039217,0.6029411764705882,27,136,0.1985294117647058,LOW,2,2,1,0.5,0.3333333333333333,True,False
PRIMARY_DELETE__HLO_to_P__primary_5y__M3__ridge__GHA,2005,2009,0.8112745098039217,0.6029411764705882,27,136,0.1985294117647058,HIGH,2,2,0,0.0,0.0,True,False
PRIMARY_DELETE__HLO_to_P__primary_5y__M3__ridge__GHA,2010,2014,0.7350877192982455,0.5672514619883041,37,171,0.2163742690058479,LOW,2,2,1,0.5,0.3333333333333333,True,False
PRIMARY_DELETE__HLO_to_P__primary_5y__M3__ridge__GHA,2010,2014,0.7350877192982455,0.5672514619883041,37,171,0.2163742690058479,HIGH,2,2,2,1.0,1.0,True,False
PRIMARY_DELETE__HLO_to_P__primary_5y__M3__ridge__GHA,2015,2017,0.75,0.5555555555555556,8,36,0.2222222222222222,LOW,1,1,0,0.0,0.0,True,False
PRIMARY_DELETE__HLO_to_P__primary_5y__M3__ridge__GHA,2015,2017,0.75,0.5555555555555556,8,36,0.2222222222222222,HIGH,1,1,0,0.0,0.0,True,False
PRIMARY_DELETE__HLO_to_P__primary_5y__M3__ridge__HRV,2000,2004,0.4285714285714286,0.2380952380952381,8,21,0.3809523809523809,LOW,1,1,0,0.0,0.0,True,False
PRIMARY_DELETE__HLO_to_P__primary_5y__M3__ridge__HRV,2000,2004,0.4285714285714286,0.2380952380952381,8,21,0.3809523809523809,HIGH,1,1,0,0.0,0.0,True,False
PRIMARY_DELETE__HLO_to_P__primary_5y__M3__ridge__HRV,2005,2009,0.7916666666666667,0.6029411764705882,27,136,0.1985294117647058,LOW,2,2,1,0.5,0.3333333333333333,True,False
PRIMARY_DELETE__HLO_to_P__primary_5y__M3__ridge__HRV,2005,2009,0.7916666666666667,0.6029411764705882,27,136,0.1985294117647058,HIGH,2,2,0,0.0,0.0,True,False
PRIMARY_DELETE__HLO_to_P__primary_5y__M3__ridge__HRV,2010,2014,0.719298245614035,0.543859649122807,39,171,0.2280701754385964,LOW,2,2,1,0.5,0.3333333333333333,True,False
PRIMARY_DELETE__HLO_to_P__primary_5y__M3__ridge__HRV,2010,2014,0.719298245614035,0.543859649122807,39,171,0.2280701754385964,HIGH,2,2,2,1.0,1.0,True,False
PRIMARY_DELETE__HLO_to_P__primary_5y__M3__ridge__HRV,2015,2017,0.7999999999999999,0.6666666666666666,6,36,0.1666666666666666,LOW,1,1,0,0.0,0.0,True,False
PRIMARY_DELETE__HLO_to_P__primary_5y__M3__ridge__HRV,2015,2017,0.7999999999999999,0.6666666666666666,6,36,0.1666666666666666,HIGH,1,1,1,1.0,1.0,True,False
PRIMARY_DELETE__HLO_to_P__primary_5y__M3__ridge__IDN,2000,2004,0.4285714285714286,0.2380952380952381,8,21,0.3809523809523809,LOW,1,1,0,0.0,0.0,True,False
PRIMARY_DELETE__HLO_to_P__primary_5y__M3__ridge__IDN,2000,2004,0.4285714285714286,0.2380952380952381,8,21,0.3809523809523809,HIGH,1,1,0,0.0,0.0,True,False
PRIMARY_DELETE__HLO_to_P__primary_5y__M3__ridge__IDN,2005,2009,0.7794117647058825,0.6,24,120,0.2,LOW,2,2,1,0.5,0.3333333333333333,True,False
PRIMARY_DELETE__HLO_to_P__primary_5y__M3__ridge__IDN,2005,2009,0.7794117647058825,0.6,24,120,0.2,HIGH,2,2,0,0.0,0.0,True,False
PRIMARY_DELETE__HLO_to_P__primary_5y__M3__ridge__IDN,2010,2014,0.7666666666666666,0.6140350877192983,33,171,0.1929824561403508,LOW,2,2,1,0.5,0.3333333333333333,True,False
PRIMARY_DELETE__HLO_to_P__primary_5y__M3__ridge__IDN,2010,2014,0.7666666666666666,0.6140350877192983,33,171,0.1929824561403508,HIGH,2,2,2,1.0,1.0,True,False
PRIMARY_DELETE__HLO_to_P__primary_5y__M3__ridge__IDN,2015,2017,0.8095238095238096,0.6428571428571428,5,28,0.1785714285714285,LOW,1,1,0,0.0,0.0,True,False
PRIMARY_DELETE__HLO_to_P__primary_5y__M3__ridge__IDN,2015,2017,0.8095238095238096,0.6428571428571428,5,28,0.1785714285714285,HIGH,1,1,0,0.0,0.0,True,False
PRIMARY_DELETE__HLO_to_P__primary_5y__M3__ridge__IRN,2000,2004,0.4285714285714286,0.2380952380952381,8,21,0.3809523809523809,LOW,1,1,0,0.0,0.0,True,False
PRIMARY_DELETE__HLO_to_P__primary_5y__M3__ridge__IRN,2000,2004,0.4285714285714286,0.2380952380952381,8,21,0.3809523809523809,HIGH,1,1,0,0.0,0.0,True,False
PRIMARY_DELETE__HLO_to_P__primary_5y__M3__ridge__IRN,2005,2009,0.788235294117647,0.6,24,120,0.2,LOW,2,2,1,0.5,0.3333333333333333,True,False
PRIMARY_DELETE__HLO_to_P__primary_5y__M3__ridge__IRN,2005,2009,0.788235294117647,0.6,24,120,0.2,HIGH,2,2,0,0.0,0.0,True,False
PRIMARY_DELETE__HLO_to_P__primary_5y__M3__ridge__IRN,2010,2014,0.724812030075188,0.5684210526315789,41,190,0.2157894736842105,LOW,2,2,1,0.5,0.3333333333333333,True,False
PRIMARY_DELETE__HLO_to_P__primary_5y__M3__ridge__IRN,2010,2014,0.724812030075188,0.5684210526315789,41,190,0.2157894736842105,HIGH,2,2,2,1.0,1.0,True,False
PRIMARY_DELETE__HLO_to_P__primary_5y__M3__ridge__IRN,2015,2017,0.8166666666666667,0.6666666666666666,6,36,0.1666666666666666,LOW,1,1,0,0.0,0.0,True,False
PRIMARY_DELETE__HLO_to_P__primary_5y__M3__ridge__IRN,2015,2017,0.8166666666666667,0.6666666666666666,6,36,0.1666666666666666,HIGH,1,1,0,0.0,0.0,True,False
PRIMARY_DELETE__HLO_to_P__primary_5y__M3__ridge__ISL,2000,2004,0.5428571428571429,0.3333333333333333,5,15,0.3333333333333333,LOW,1,1,0,0.0,0.0,True,False
PRIMARY_DELETE__HLO_to_P__primary_5y__M3__ridge__ISL,2000,2004,0.5428571428571429,0.3333333333333333,5,15,0.3333333333333333,HIGH,1,1,0,0.0,0.0,True,False
PRIMARY_DELETE__HLO_to_P__primary_5y__M3__ridge__ISL,2005,2009,0.7916666666666667,0.6029411764705882,27,136,0.1985294117647058,LOW,2,2,1,0.5,0.3333333333333333,True,False
PRIMARY_DELETE__HLO_to_P__primary_5y__M3__ridge__ISL,2005,2009,0.7916666666666667,0.6029411764705882,27,136,0.1985294117647058,HIGH,2,2,0,0.0,0.0,True,False
PRIMARY_DELETE__HLO_to_P__primary_5y__M3__ridge__ISL,2010,2014,0.7413533834586465,0.5789473684210527,40,190,0.2105263157894736,LOW,2,2,1,0.5,0.3333333333333333,True,False
PRIMARY_DELETE__HLO_to_P__primary_5y__M3__ridge__ISL,2010,2014,0.7413533834586465,0.5789473684210527,40,190,0.2105263157894736,HIGH,2,2,2,1.0,1.0,True,False
PRIMARY_DELETE__HLO_to_P__primary_5y__M3__ridge__ISL,2015,2017,0.8166666666666667,0.6666666666666666,6,36,0.1666666666666666,LOW,1,1,0,0.0,0.0,True,False
PRIMARY_DELETE__HLO_to_P__primary_5y__M3__ridge__ISL,2015,2017,0.8166666666666667,0.6666666666666666,6,36,0.1666666666666666,HIGH,1,1,0,0.0,0.0,True,False
PRIMARY_DELETE__HLO_to_P__primary_5y__M3__ridge__ITA,2000,2004,0.4285714285714286,0.2380952380952381,8,21,0.3809523809523809,LOW,1,1,0,0.0,0.0,True,False
PRIMARY_DELETE__HLO_to_P__primary_5y__M3__ridge__ITA,2000,2004,0.4285714285714286,0.2380952380952381,8,21,0.3809523809523809,HIGH,1,1,0,0.0,0.0,True,False
PRIMARY_DELETE__HLO_to_P__primary_5y__M3__ridge__ITA,2005,2009,0.8352941176470589,0.65,21,120,0.175,LOW,2,2,2,1.0,1.0,True,False
PRIMARY_DELETE__HLO_to_P__primary_5y__M3__ridge__ITA,2005,2009,0.8352941176470589,0.65,21,120,0.175,HIGH,2,2,0,0.0,0.0,True,False
PRIMARY_DELETE__HLO_to_P__primary_5y__M3__ridge__ITA,2010,2014,0.7421052631578948,0.5672514619883041,37,171,0.2163742690058479,LOW,2,2,1,0.5,0.3333333333333333,True,False
PRIMARY_DELETE__HLO_to_P__primary_5y__M3__ridge__ITA,2010,2014,0.7421052631578948,0.5672514619883041,37,171,0.2163742690058479,HIGH,2,2,2,1.0,1.0,True,False
PRIMARY_DELETE__HLO_to_P__primary_5y__M3__ridge__ITA,2015,2017,0.7999999999999999,0.6666666666666666,6,36,0.1666666666666666,LOW,1,1,0,0.0,0.0,True,False
PRIMARY_DELETE__HLO_to_P__primary_5y__M3__ridge__ITA,2015,2017,0.7999999999999999,0.6666666666666666,6,36,0.1666666666666666,HIGH,1,1,1,1.0,1.0,True,False
PRIMARY_DELETE__HLO_to_P__primary_5y__M3__ridge__JOR,2000,2004,0.642857142857143,0.5238095238095238,5,21,0.238095238095238,LOW,1,1,1,1.0,1.0,True,False
PRIMARY_DELETE__HLO_to_P__primary_5y__M3__ridge__JOR,2000,2004,0.642857142857143,0.5238095238095238,5,21,0.238095238095238,HIGH,1,1,0,0.0,0.0,True,False
PRIMARY_DELETE__HLO_to_P__primary_5y__M3__ridge__JOR,2005,2009,0.8088235294117647,0.6176470588235293,26,136,0.1911764705882352,LOW,2,2,2,1.0,1.0,True,False
PRIMARY_DELETE__HLO_to_P__primary_5y__M3__ridge__JOR,2005,2009,0.8088235294117647,0.6176470588235293,26,136,0.1911764705882352,HIGH,2,2,0,0.0,0.0,True,False
PRIMARY_DELETE__HLO_to_P__primary_5y__M3__ridge__JOR,2010,2014,0.6771929824561403,0.543859649122807,39,171,0.2280701754385964,LOW,2,2,1,0.5,0.3333333333333333,True,False
PRIMARY_DELETE__HLO_to_P__primary_5y__M3__ridge__JOR,2010,2014,0.6771929824561403,0.543859649122807,39,171,0.2280701754385964,HIGH,2,2,2,1.0,1.0,True,False
PRIMARY_DELETE__HLO_to_P__primary_5y__M3__ridge__JOR,2015,2017,0.7833333333333333,0.611111111111111,7,36,0.1944444444444444,LOW,1,1,0,0.0,0.0,True,False
PRIMARY_DELETE__HLO_to_P__primary_5y__M3__ridge__JOR,2015,2017,0.7833333333333333,0.611111111111111,7,36,0.1944444444444444,HIGH,1,1,0,0.0,0.0,True,False
PRIMARY_DELETE__HLO_to_P__primary_5y__M3__ridge__JPN,2000,2004,0.642857142857143,0.4285714285714286,6,21,0.2857142857142857,LOW,1,1,0,0.0,0.0,True,False
PRIMARY_DELETE__HLO_to_P__primary_5y__M3__ridge__JPN,2000,2004,0.642857142857143,0.4285714285714286,6,21,0.2857142857142857,HIGH,1,1,0,0.0,0.0,True,False
PRIMARY_DELETE__HLO_to_P__primary_5y__M3__ridge__JPN,2005,2009,0.8941176470588235,0.7666666666666667,14,120,0.1166666666666666,LOW,2,2,2,1.0,1.0,True,False
PRIMARY_DELETE__HLO_to_P__primary_5y__M3__ridge__JPN,2005,2009,0.8941176470588235,0.7666666666666667,14,120,0.1166666666666666,HIGH,2,2,1,0.5,0.3333333333333333,True,False
PRIMARY_DELETE__HLO_to_P__primary_5y__M3__ridge__JPN,2010,2014,0.7699248120300751,0.6210526315789474,36,190,0.1894736842105263,LOW,2,2,1,0.5,0.3333333333333333,True,False
PRIMARY_DELETE__HLO_to_P__primary_5y__M3__ridge__JPN,2010,2014,0.7699248120300751,0.6210526315789474,36,190,0.1894736842105263,HIGH,2,2,2,1.0,1.0,True,False
PRIMARY_DELETE__HLO_to_P__primary_5y__M3__ridge__JPN,2015,2017,0.8571428571428572,0.7857142857142856,3,28,0.1071428571428571,LOW,1,1,0,0.0,0.0,True,False
PRIMARY_DELETE__HLO_to_P__primary_5y__M3__ridge__JPN,2015,2017,0.8571428571428572,0.7857142857142856,3,28,0.1071428571428571,HIGH,1,1,1,1.0,1.0,True,False
PRIMARY_DELETE__HLO_to_P__primary_5y__M3__ridge__KAZ,2000,2004,0.4285714285714286,0.2380952380952381,8,21,0.3809523809523809,LOW,1,1,0,0.0,0.0,True,False
PRIMARY_DELETE__HLO_to_P__primary_5y__M3__ridge__KAZ,2000,2004,0.4285714285714286,0.2380952380952381,8,21,0.3809523809523809,HIGH,1,1,0,0.0,0.0,True,False
PRIMARY_DELETE__HLO_to_P__primary_5y__M3__ridge__KAZ,2005,2009,0.8039215686274511,0.6323529411764706,25,136,0.1838235294117647,LOW,2,2,1,0.5,0.3333333333333333,True,False
PRIMARY_DELETE__HLO_to_P__primary_5y__M3__ridge__KAZ,2005,2009,0.8039215686274511,0.6323529411764706,25,136,0.1838235294117647,HIGH,2,2,0,0.0,0.0,True,False
PRIMARY_DELETE__HLO_to_P__primary_5y__M3__ridge__KAZ,2010,2014,0.7649122807017543,0.6023391812865496,34,171,0.1988304093567251,LOW,2,2,1,0.5,0.3333333333333333,True,False
PRIMARY_DELETE__HLO_to_P__primary_5y__M3__ridge__KAZ,2010,2014,0.7649122807017543,0.6023391812865496,34,171,0.1988304093567251,HIGH,2,2,2,1.0,1.0,True,False
PRIMARY_DELETE__HLO_to_P__primary_5y__M3__ridge__KAZ,2015,2017,0.8166666666666667,0.6666666666666666,6,36,0.1666666666666666,LOW,1,1,0,0.0,0.0,True,False
PRIMARY_DELETE__HLO_to_P__primary_5y__M3__ridge__KAZ,2015,2017,0.8166666666666667,0.6666666666666666,6,36,0.1666666666666666,HIGH,1,1,1,1.0,1.0,True,False
PRIMARY_DELETE__HLO_to_P__primary_5y__M3__ridge__KOR,2000,2004,0.4285714285714286,0.2380952380952381,8,21,0.3809523809523809,LOW,1,1,0,0.0,0.0,True,False
PRIMARY_DELETE__HLO_to_P__primary_5y__M3__ridge__KOR,2000,2004,0.4285714285714286,0.2380952380952381,8,21,0.3809523809523809,HIGH,1,1,0,0.0,0.0,True,False
PRIMARY_DELETE__HLO_to_P__primary_5y__M3__ridge__KOR,2005,2009,0.7916666666666667,0.6029411764705882,27,136,0.1985294117647058,LOW,2,2,1,0.5,0.3333333333333333,True,False
PRIMARY_DELETE__HLO_to_P__primary_5y__M3__ridge__KOR,2005,2009,0.7916666666666667,0.6029411764705882,27,136,0.1985294117647058,HIGH,2,2,0,0.0,0.0,True,False
PRIMARY_DELETE__HLO_to_P__primary_5y__M3__ridge__KOR,2010,2014,0.7,0.543859649122807,39,171,0.2280701754385964,LOW,2,2,1,0.5,0.3333333333333333,True,False
PRIMARY_DELETE__HLO_to_P__primary_5y__M3__ridge__KOR,2010,2014,0.7,0.543859649122807,39,171,0.2280701754385964,HIGH,2,2,2,1.0,1.0,True,False
PRIMARY_DELETE__HLO_to_P__primary_5y__M3__ridge__KOR,2015,2017,0.7666666666666667,0.611111111111111,7,36,0.1944444444444444,LOW,1,1,0,0.0,0.0,True,False
PRIMARY_DELETE__HLO_to_P__primary_5y__M3__ridge__KOR,2015,2017,0.7666666666666667,0.611111111111111,7,36,0.1944444444444444,HIGH,1,1,0,0.0,0.0,True,False
PRIMARY_DELETE__HLO_to_P__primary_5y__M3__ridge__LTU,2000,2004,0.4285714285714286,0.2,6,15,0.4,LOW,1,1,0,0.0,0.0,True,False
PRIMARY_DELETE__HLO_to_P__primary_5y__M3__ridge__LTU,2000,2004,0.4285714285714286,0.2,6,15,0.4,HIGH,1,1,0,0.0,0.0,True,False
PRIMARY_DELETE__HLO_to_P__primary_5y__M3__ridge__LTU,2005,2009,0.7990196078431374,0.6176470588235293,26,136,0.1911764705882352,LOW,2,2,1,0.5,0.3333333333333333,True,False
PRIMARY_DELETE__HLO_to_P__primary_5y__M3__ridge__LTU,2005,2009,0.7990196078431374,0.6176470588235293,26,136,0.1911764705882352,HIGH,2,2,0,0.0,0.0,True,False
PRIMARY_DELETE__HLO_to_P__primary_5y__M3__ridge__LTU,2010,2014,0.7578947368421052,0.6000000000000001,38,190,0.2,LOW,2,2,1,0.5,0.3333333333333333,True,False
PRIMARY_DELETE__HLO_to_P__primary_5y__M3__ridge__LTU,2010,2014,0.7578947368421052,0.6000000000000001,38,190,0.2,HIGH,2,2,2,1.0,1.0,True,False
PRIMARY_DELETE__HLO_to_P__primary_5y__M3__ridge__LTU,2015,2017,0.8166666666666667,0.6666666666666666,6,36,0.1666666666666666,LOW,1,1,0,0.0,0.0,True,False
PRIMARY_DELETE__HLO_to_P__primary_5y__M3__ridge__LTU,2015,2017,0.8166666666666667,0.6666666666666666,6,36,0.1666666666666666,HIGH,1,1,0,0.0,0.0,True,False
PRIMARY_DELETE__HLO_to_P__primary_5y__M3__ridge__MAR,2000,2004,0.5357142857142858,0.3333333333333333,7,21,0.3333333333333333,LOW,1,1,0,0.0,0.0,True,False
PRIMARY_DELETE__HLO_to_P__primary_5y__M3__ridge__MAR,2000,2004,0.5357142857142858,0.3333333333333333,7,21,0.3333333333333333,HIGH,1,1,0,0.0,0.0,True,False
PRIMARY_DELETE__HLO_to_P__primary_5y__M3__ridge__MAR,2005,2009,0.7852941176470588,0.6,24,120,0.2,LOW,2,2,0,0.0,0.0,True,False
PRIMARY_DELETE__HLO_to_P__primary_5y__M3__ridge__MAR,2005,2009,0.7852941176470588,0.6,24,120,0.2,HIGH,2,2,1,0.5,0.3333333333333333,True,False
PRIMARY_DELETE__HLO_to_P__primary_5y__M3__ridge__MAR,2010,2014,0.7894736842105263,0.5906432748538012,35,171,0.2046783625730994,LOW,2,2,1,0.5,0.3333333333333333,True,False
PRIMARY_DELETE__HLO_to_P__primary_5y__M3__ridge__MAR,2010,2014,0.7894736842105263,0.5906432748538012,35,171,0.2046783625730994,HIGH,2,2,1,0.5,0.3333333333333333,True,False
PRIMARY_DELETE__HLO_to_P__primary_5y__M3__ridge__MAR,2015,2017,0.8166666666666667,0.6666666666666666,6,36,0.1666666666666666,LOW,1,1,0,0.0,0.0,True,False
PRIMARY_DELETE__HLO_to_P__primary_5y__M3__ridge__MAR,2015,2017,0.8166666666666667,0.6666666666666666,6,36,0.1666666666666666,HIGH,1,1,0,0.0,0.0,True,False
PRIMARY_DELETE__HLO_to_P__primary_5y__M3__ridge__MEX,2000,2004,0.4285714285714286,0.2380952380952381,8,21,0.3809523809523809,LOW,1,1,0,0.0,0.0,True,False
PRIMARY_DELETE__HLO_to_P__primary_5y__M3__ridge__MEX,2000,2004,0.4285714285714286,0.2380952380952381,8,21,0.3809523809523809,HIGH,1,1,0,0.0,0.0,True,False
PRIMARY_DELETE__HLO_to_P__primary_5y__M3__ridge__MEX,2005,2009,0.7843137254901962,0.6029411764705882,27,136,0.1985294117647058,LOW,2,2,1,0.5,0.3333333333333333,True,False
PRIMARY_DELETE__HLO_to_P__primary_5y__M3__ridge__MEX,2005,2009,0.7843137254901962,0.6029411764705882,27,136,0.1985294117647058,HIGH,2,2,0,0.0,0.0,True,False
PRIMARY_DELETE__HLO_to_P__primary_5y__M3__ridge__MEX,2010,2014,0.7789473684210525,0.6023391812865496,34,171,0.1988304093567251,LOW,2,2,1,0.5,0.3333333333333333,True,False
PRIMARY_DELETE__HLO_to_P__primary_5y__M3__ridge__MEX,2010,2014,0.7789473684210525,0.6023391812865496,34,171,0.1988304093567251,HIGH,2,2,2,1.0,1.0,True,False
PRIMARY_DELETE__HLO_to_P__primary_5y__M3__ridge__MEX,2015,2017,0.8166666666666667,0.6666666666666666,6,36,0.1666666666666666,LOW,1,1,0,0.0,0.0,True,False
PRIMARY_DELETE__HLO_to_P__primary_5y__M3__ridge__MEX,2015,2017,0.8166666666666667,0.6666666666666666,6,36,0.1666666666666666,HIGH,1,1,0,0.0,0.0,True,False
PRIMARY_DELETE__HLO_to_P__primary_5y__M3__ridge__NLD,2000,2004,0.4285714285714286,0.2,6,15,0.4,LOW,1,1,0,0.0,0.0,True,False
PRIMARY_DELETE__HLO_to_P__primary_5y__M3__ridge__NLD,2000,2004,0.4285714285714286,0.2,6,15,0.4,HIGH,1,1,0,0.0,0.0,True,False
PRIMARY_DELETE__HLO_to_P__primary_5y__M3__ridge__NLD,2005,2009,0.8205882352941177,0.6333333333333333,22,120,0.1833333333333333,LOW,2,2,2,1.0,1.0,True,False
PRIMARY_DELETE__HLO_to_P__primary_5y__M3__ridge__NLD,2005,2009,0.8205882352941177,0.6333333333333333,22,120,0.1833333333333333,HIGH,2,2,0,0.0,0.0,True,False
PRIMARY_DELETE__HLO_to_P__primary_5y__M3__ridge__NLD,2010,2014,0.7308270676691728,0.5789473684210527,40,190,0.2105263157894736,LOW,2,2,1,0.5,0.3333333333333333,True,False
PRIMARY_DELETE__HLO_to_P__primary_5y__M3__ridge__NLD,2010,2014,0.7308270676691728,0.5789473684210527,40,190,0.2105263157894736,HIGH,2,2,2,1.0,1.0,True,False
PRIMARY_DELETE__HLO_to_P__primary_5y__M3__ridge__NLD,2015,2017,0.8166666666666667,0.6666666666666666,6,36,0.1666666666666666,LOW,1,1,0,0.0,0.0,True,False
PRIMARY_DELETE__HLO_to_P__primary_5y__M3__ridge__NLD,2015,2017,0.8166666666666667,0.6666666666666666,6,36,0.1666666666666666,HIGH,1,1,0,0.0,0.0,True,False
PRIMARY_DELETE__HLO_to_P__primary_5y__M3__ridge__NOR,2000,2004,0.6571428571428573,0.4666666666666666,4,15,0.2666666666666666,LOW,1,1,0,0.0,0.0,True,False
PRIMARY_DELETE__HLO_to_P__primary_5y__M3__ridge__NOR,2000,2004,0.6571428571428573,0.4666666666666666,4,15,0.2666666666666666,HIGH,1,1,0,0.0,0.0,True,False
PRIMARY_DELETE__HLO_to_P__primary_5y__M3__ridge__NOR,2005,2009,0.7941176470588236,0.6166666666666666,23,120,0.1916666666666666,LOW,2,2,1,0.5,0.3333333333333333,True,False
PRIMARY_DELETE__HLO_to_P__primary_5y__M3__ridge__NOR,2005,2009,0.7941176470588236,0.6166666666666666,23,120,0.1916666666666666,HIGH,2,2,0,0.0,0.0,True,False
PRIMARY_DELETE__HLO_to_P__primary_5y__M3__ridge__NOR,2010,2014,0.7518796992481201,0.5789473684210527,40,190,0.2105263157894736,LOW,2,2,1,0.5,0.3333333333333333,True,False
PRIMARY_DELETE__HLO_to_P__primary_5y__M3__ridge__NOR,2010,2014,0.7518796992481201,0.5789473684210527,40,190,0.2105263157894736,HIGH,2,2,2,1.0,1.0,True,False
PRIMARY_DELETE__HLO_to_P__primary_5y__M3__ridge__NOR,2015,2017,0.8499999999999999,0.7222222222222222,5,36,0.1388888888888889,LOW,1,1,0,0.0,0.0,True,False
PRIMARY_DELETE__HLO_to_P__primary_5y__M3__ridge__NOR,2015,2017,0.8499999999999999,0.7222222222222222,5,36,0.1388888888888889,HIGH,1,1,0,0.0,0.0,True,False
PRIMARY_DELETE__HLO_to_P__primary_5y__M3__ridge__OMN,2000,2004,0.4285714285714286,0.2380952380952381,8,21,0.3809523809523809,LOW,1,1,0,0.0,0.0,True,False
PRIMARY_DELETE__HLO_to_P__primary_5y__M3__ridge__OMN,2000,2004,0.4285714285714286,0.2380952380952381,8,21,0.3809523809523809,HIGH,1,1,0,0.0,0.0,True,False
PRIMARY_DELETE__HLO_to_P__primary_5y__M3__ridge__OMN,2005,2009,0.7990196078431374,0.6176470588235293,26,136,0.1911764705882352,LOW,2,2,1,0.5,0.3333333333333333,True,False
PRIMARY_DELETE__HLO_to_P__primary_5y__M3__ridge__OMN,2005,2009,0.7990196078431374,0.6176470588235293,26,136,0.1911764705882352,HIGH,2,2,0,0.0,0.0,True,False
PRIMARY_DELETE__HLO_to_P__primary_5y__M3__ridge__OMN,2010,2014,0.7526315789473684,0.5906432748538012,35,171,0.2046783625730994,LOW,2,2,1,0.5,0.3333333333333333,True,False
PRIMARY_DELETE__HLO_to_P__primary_5y__M3__ridge__OMN,2010,2014,0.7526315789473684,0.5906432748538012,35,171,0.2046783625730994,HIGH,2,2,2,1.0,1.0,True,False
PRIMARY_DELETE__HLO_to_P__primary_5y__M3__ridge__OMN,2015,2017,0.8166666666666667,0.6666666666666666,6,36,0.1666666666666666,LOW,1,1,0,0.0,0.0,True,False
PRIMARY_DELETE__HLO_to_P__primary_5y__M3__ridge__OMN,2015,2017,0.8166666666666667,0.6666666666666666,6,36,0.1666666666666666,HIGH,1,1,0,0.0,0.0,True,False
PRIMARY_DELETE__HLO_to_P__primary_5y__M3__ridge__PER,2000,2004,0.642857142857143,0.4285714285714286,6,21,0.2857142857142857,LOW,1,1,0,0.0,0.0,True,False
PRIMARY_DELETE__HLO_to_P__primary_5y__M3__ridge__PER,2000,2004,0.642857142857143,0.4285714285714286,6,21,0.2857142857142857,HIGH,1,1,0,0.0,0.0,True,False
PRIMARY_DELETE__HLO_to_P__primary_5y__M3__ridge__PER,2005,2009,0.8647058823529412,0.7166666666666667,17,120,0.1416666666666666,LOW,2,2,2,1.0,1.0,True,False
PRIMARY_DELETE__HLO_to_P__primary_5y__M3__ridge__PER,2005,2009,0.8647058823529412,0.7166666666666667,17,120,0.1416666666666666,HIGH,2,2,0,0.0,0.0,True,False
PRIMARY_DELETE__HLO_to_P__primary_5y__M3__ridge__PER,2010,2014,0.7609022556390977,0.6000000000000001,38,190,0.2,LOW,2,2,1,0.5,0.3333333333333333,True,False
PRIMARY_DELETE__HLO_to_P__primary_5y__M3__ridge__PER,2010,2014,0.7609022556390977,0.6000000000000001,38,190,0.2,HIGH,2,2,2,1.0,1.0,True,False
PRIMARY_DELETE__HLO_to_P__primary_5y__M3__ridge__PER,2015,2017,0.7999999999999999,0.6666666666666666,6,36,0.1666666666666666,LOW,1,1,0,0.0,0.0,True,False
PRIMARY_DELETE__HLO_to_P__primary_5y__M3__ridge__PER,2015,2017,0.7999999999999999,0.6666666666666666,6,36,0.1666666666666666,HIGH,1,1,1,1.0,1.0,True,False
PRIMARY_DELETE__HLO_to_P__primary_5y__M3__ridge__PHL,2000,2004,0.7714285714285715,0.6,3,15,0.2,LOW,1,1,1,1.0,1.0,True,False
PRIMARY_DELETE__HLO_to_P__primary_5y__M3__ridge__PHL,2000,2004,0.7714285714285715,0.6,3,15,0.2,HIGH,1,1,0,0.0,0.0,True,False
PRIMARY_DELETE__HLO_to_P__primary_5y__M3__ridge__PHL,2005,2009,0.7745098039215688,0.5735294117647058,29,136,0.213235294117647,LOW,2,2,1,0.5,0.3333333333333333,True,False
PRIMARY_DELETE__HLO_to_P__primary_5y__M3__ridge__PHL,2005,2009,0.7745098039215688,0.5735294117647058,29,136,0.213235294117647,HIGH,2,2,0,0.0,0.0,True,False
PRIMARY_DELETE__HLO_to_P__primary_5y__M3__ridge__PHL,2010,2014,0.8090225563909773,0.6421052631578947,34,190,0.1789473684210526,LOW,2,2,1,0.5,0.3333333333333333,True,False
PRIMARY_DELETE__HLO_to_P__primary_5y__M3__ridge__PHL,2010,2014,0.8090225563909773,0.6421052631578947,34,190,0.1789473684210526,HIGH,2,2,2,1.0,1.0,True,False
PRIMARY_DELETE__HLO_to_P__primary_5y__M3__ridge__PHL,2015,2017,0.8166666666666667,0.6666666666666666,6,36,0.1666666666666666,LOW,1,1,0,0.0,0.0,True,False
PRIMARY_DELETE__HLO_to_P__primary_5y__M3__ridge__PHL,2015,2017,0.8166666666666667,0.6666666666666666,6,36,0.1666666666666666,HIGH,1,1,0,0.0,0.0,True,False
PRIMARY_DELETE__HLO_to_P__primary_5y__M3__ridge__POL,2000,2004,0.5357142857142858,0.3333333333333333,7,21,0.3333333333333333,LOW,1,1,0,0.0,0.0,True,False
PRIMARY_DELETE__HLO_to_P__primary_5y__M3__ridge__POL,2000,2004,0.5357142857142858,0.3333333333333333,7,21,0.3333333333333333,HIGH,1,1,0,0.0,0.0,True,False
PRIMARY_DELETE__HLO_to_P__primary_5y__M3__ridge__POL,2005,2009,0.8147058823529412,0.6333333333333333,22,120,0.1833333333333333,LOW,2,2,2,1.0,1.0,True,False
PRIMARY_DELETE__HLO_to_P__primary_5y__M3__ridge__POL,2005,2009,0.8147058823529412,0.6333333333333333,22,120,0.1833333333333333,HIGH,2,2,0,0.0,0.0,True,False
PRIMARY_DELETE__HLO_to_P__primary_5y__M3__ridge__POL,2010,2014,0.7210526315789473,0.5672514619883041,37,171,0.2163742690058479,LOW,2,2,1,0.5,0.3333333333333333,True,False
PRIMARY_DELETE__HLO_to_P__primary_5y__M3__ridge__POL,2010,2014,0.7210526315789473,0.5672514619883041,37,171,0.2163742690058479,HIGH,2,2,2,1.0,1.0,True,False
PRIMARY_DELETE__HLO_to_P__primary_5y__M3__ridge__POL,2015,2017,0.7142857142857144,0.5714285714285714,6,28,0.2142857142857142,LOW,1,1,0,0.0,0.0,True,False
PRIMARY_DELETE__HLO_to_P__primary_5y__M3__ridge__POL,2015,2017,0.7142857142857144,0.5714285714285714,6,28,0.2142857142857142,HIGH,1,1,0,0.0,0.0,True,False
PRIMARY_DELETE__HLO_to_P__primary_5y__M3__ridge__QAT,2000,2004,0.4285714285714286,0.2380952380952381,8,21,0.3809523809523809,LOW,1,1,0,0.0,0.0,True,False
PRIMARY_DELETE__HLO_to_P__primary_5y__M3__ridge__QAT,2000,2004,0.4285714285714286,0.2380952380952381,8,21,0.3809523809523809,HIGH,1,1,0,0.0,0.0,True,False
PRIMARY_DELETE__HLO_to_P__primary_5y__M3__ridge__QAT,2005,2009,0.7970588235294117,0.6166666666666666,23,120,0.1916666666666666,LOW,2,2,2,1.0,1.0,True,False
PRIMARY_DELETE__HLO_to_P__primary_5y__M3__ridge__QAT,2005,2009,0.7970588235294117,0.6166666666666666,23,120,0.1916666666666666,HIGH,2,2,0,0.0,0.0,True,False
PRIMARY_DELETE__HLO_to_P__primary_5y__M3__ridge__QAT,2010,2014,0.7473684210526315,0.5894736842105264,39,190,0.2052631578947368,LOW,2,2,1,0.5,0.3333333333333333,True,False
PRIMARY_DELETE__HLO_to_P__primary_5y__M3__ridge__QAT,2010,2014,0.7473684210526315,0.5894736842105264,39,190,0.2052631578947368,HIGH,2,2,2,1.0,1.0,True,False
PRIMARY_DELETE__HLO_to_P__primary_5y__M3__ridge__QAT,2015,2017,0.8499999999999999,0.7222222222222222,5,36,0.1388888888888889,LOW,1,1,0,0.0,0.0,True,False
PRIMARY_DELETE__HLO_to_P__primary_5y__M3__ridge__QAT,2015,2017,0.8499999999999999,0.7222222222222222,5,36,0.1388888888888889,HIGH,1,1,1,1.0,1.0,True,False
PRIMARY_DELETE__HLO_to_P__primary_5y__M3__ridge__RUS,2000,2004,0.4285714285714286,0.2380952380952381,8,21,0.3809523809523809,LOW,1,1,0,0.0,0.0,True,False
PRIMARY_DELETE__HLO_to_P__primary_5y__M3__ridge__RUS,2000,2004,0.4285714285714286,0.2380952380952381,8,21,0.3809523809523809,HIGH,1,1,0,0.0,0.0,True,False
PRIMARY_DELETE__HLO_to_P__primary_5y__M3__ridge__RUS,2005,2009,0.823529411764706,0.6470588235294118,24,136,0.1764705882352941,LOW,2,2,2,1.0,1.0,True,False
PRIMARY_DELETE__HLO_to_P__primary_5y__M3__ridge__RUS,2005,2009,0.823529411764706,0.6470588235294118,24,136,0.1764705882352941,HIGH,2,2,0,0.0,0.0,True,False
PRIMARY_DELETE__HLO_to_P__primary_5y__M3__ridge__RUS,2010,2014,0.7804511278195487,0.6210526315789474,36,190,0.1894736842105263,LOW,2,2,1,0.5,0.3333333333333333,True,False
PRIMARY_DELETE__HLO_to_P__primary_5y__M3__ridge__RUS,2010,2014,0.7804511278195487,0.6210526315789474,36,190,0.1894736842105263,HIGH,2,2,2,1.0,1.0,True,False
PRIMARY_DELETE__HLO_to_P__primary_5y__M3__ridge__RUS,2015,2017,0.7380952380952381,0.5714285714285714,6,28,0.2142857142857142,LOW,1,1,0,0.0,0.0,True,False
PRIMARY_DELETE__HLO_to_P__primary_5y__M3__ridge__RUS,2015,2017,0.7380952380952381,0.5714285714285714,6,28,0.2142857142857142,HIGH,1,1,0,0.0,0.0,True,False
PRIMARY_DELETE__HLO_to_P__primary_5y__M3__ridge__SAU,2000,2004,0.5357142857142858,0.3333333333333333,7,21,0.3333333333333333,LOW,1,1,0,0.0,0.0,True,False
PRIMARY_DELETE__HLO_to_P__primary_5y__M3__ridge__SAU,2000,2004,0.5357142857142858,0.3333333333333333,7,21,0.3333333333333333,HIGH,1,1,0,0.0,0.0,True,False
PRIMARY_DELETE__HLO_to_P__primary_5y__M3__ridge__SAU,2005,2009,0.7941176470588236,0.6029411764705882,27,136,0.1985294117647058,LOW,2,2,1,0.5,0.3333333333333333,True,False
PRIMARY_DELETE__HLO_to_P__primary_5y__M3__ridge__SAU,2005,2009,0.7941176470588236,0.6029411764705882,27,136,0.1985294117647058,HIGH,2,2,0,0.0,0.0,True,False
PRIMARY_DELETE__HLO_to_P__primary_5y__M3__ridge__SAU,2010,2014,0.7842105263157895,0.6140350877192983,33,171,0.1929824561403508,LOW,2,2,1,0.5,0.3333333333333333,True,False
PRIMARY_DELETE__HLO_to_P__primary_5y__M3__ridge__SAU,2010,2014,0.7842105263157895,0.6140350877192983,33,171,0.1929824561403508,HIGH,2,2,2,1.0,1.0,True,False
PRIMARY_DELETE__HLO_to_P__primary_5y__M3__ridge__SAU,2015,2017,0.8095238095238096,0.6428571428571428,5,28,0.1785714285714285,LOW,1,1,0,0.0,0.0,True,False
PRIMARY_DELETE__HLO_to_P__primary_5y__M3__ridge__SAU,2015,2017,0.8095238095238096,0.6428571428571428,5,28,0.1785714285714285,HIGH,1,1,0,0.0,0.0,True,False
PRIMARY_DELETE__HLO_to_P__primary_5y__M3__ridge__SRB,2000,2004,0.4285714285714286,0.2380952380952381,8,21,0.3809523809523809,LOW,1,1,0,0.0,0.0,True,False
PRIMARY_DELETE__HLO_to_P__primary_5y__M3__ridge__SRB,2000,2004,0.4285714285714286,0.2380952380952381,8,21,0.3809523809523809,HIGH,1,1,0,0.0,0.0,True,False
PRIMARY_DELETE__HLO_to_P__primary_5y__M3__ridge__SRB,2005,2009,0.8308823529411766,0.6617647058823529,23,136,0.1691176470588235,LOW,2,2,2,1.0,1.0,True,False
PRIMARY_DELETE__HLO_to_P__primary_5y__M3__ridge__SRB,2005,2009,0.8308823529411766,0.6617647058823529,23,136,0.1691176470588235,HIGH,2,2,0,0.0,0.0,True,False
PRIMARY_DELETE__HLO_to_P__primary_5y__M3__ridge__SRB,2010,2014,0.7263157894736841,0.5789473684210525,36,171,0.2105263157894736,LOW,2,2,1,0.5,0.3333333333333333,True,False
PRIMARY_DELETE__HLO_to_P__primary_5y__M3__ridge__SRB,2010,2014,0.7263157894736841,0.5789473684210525,36,171,0.2105263157894736,HIGH,2,2,2,1.0,1.0,True,False
PRIMARY_DELETE__HLO_to_P__primary_5y__M3__ridge__SRB,2015,2017,0.8166666666666667,0.6666666666666666,6,36,0.1666666666666666,LOW,1,1,0,0.0,0.0,True,False
PRIMARY_DELETE__HLO_to_P__primary_5y__M3__ridge__SRB,2015,2017,0.8166666666666667,0.6666666666666666,6,36,0.1666666666666666,HIGH,1,1,0,0.0,0.0,True,False
PRIMARY_DELETE__HLO_to_P__primary_5y__M3__ridge__SVN,2000,2004,0.5357142857142858,0.3333333333333333,7,21,0.3333333333333333,LOW,1,1,0,0.0,0.0,True,False
PRIMARY_DELETE__HLO_to_P__primary_5y__M3__ridge__SVN,2000,2004,0.5357142857142858,0.3333333333333333,7,21,0.3333333333333333,HIGH,1,1,0,0.0,0.0,True,False
PRIMARY_DELETE__HLO_to_P__primary_5y__M3__ridge__SVN,2005,2009,0.788235294117647,0.6,24,120,0.2,LOW,2,2,1,0.5,0.3333333333333333,True,False
PRIMARY_DELETE__HLO_to_P__primary_5y__M3__ridge__SVN,2005,2009,0.788235294117647,0.6,24,120,0.2,HIGH,2,2,0,0.0,0.0,True,False
PRIMARY_DELETE__HLO_to_P__primary_5y__M3__ridge__SVN,2010,2014,0.7368421052631579,0.5684210526315789,41,190,0.2157894736842105,LOW,2,2,1,0.5,0.3333333333333333,True,False
PRIMARY_DELETE__HLO_to_P__primary_5y__M3__ridge__SVN,2010,2014,0.7368421052631579,0.5684210526315789,41,190,0.2157894736842105,HIGH,2,2,2,1.0,1.0,True,False
PRIMARY_DELETE__HLO_to_P__primary_5y__M3__ridge__SVN,2015,2017,0.7666666666666667,0.611111111111111,7,36,0.1944444444444444,LOW,1,1,0,0.0,0.0,True,False
PRIMARY_DELETE__HLO_to_P__primary_5y__M3__ridge__SVN,2015,2017,0.7666666666666667,0.611111111111111,7,36,0.1944444444444444,HIGH,1,1,0,0.0,0.0,True,False
PRIMARY_DELETE__HLO_to_P__primary_5y__M3__ridge__UKR,2000,2004,0.5357142857142858,0.3333333333333333,7,21,0.3333333333333333,LOW,1,1,0,0.0,0.0,True,False
PRIMARY_DELETE__HLO_to_P__primary_5y__M3__ridge__UKR,2000,2004,0.5357142857142858,0.3333333333333333,7,21,0.3333333333333333,HIGH,1,1,0,0.0,0.0,True,False
PRIMARY_DELETE__HLO_to_P__primary_5y__M3__ridge__UKR,2005,2009,0.8088235294117646,0.6333333333333333,22,120,0.1833333333333333,LOW,2,2,2,1.0,1.0,True,False
PRIMARY_DELETE__HLO_to_P__primary_5y__M3__ridge__UKR,2005,2009,0.8088235294117646,0.6333333333333333,22,120,0.1833333333333333,HIGH,2,2,0,0.0,0.0,True,False
PRIMARY_DELETE__HLO_to_P__primary_5y__M3__ridge__UKR,2010,2014,0.7443609022556391,0.5894736842105264,39,190,0.2052631578947368,LOW,2,2,1,0.5,0.3333333333333333,True,False
PRIMARY_DELETE__HLO_to_P__primary_5y__M3__ridge__UKR,2010,2014,0.7443609022556391,0.5894736842105264,39,190,0.2052631578947368,HIGH,2,2,2,1.0,1.0,True,False
PRIMARY_DELETE__HLO_to_P__primary_5y__M3__ridge__UKR,2015,2017,0.8166666666666667,0.6666666666666666,6,36,0.1666666666666666,LOW,1,1,0,0.0,0.0,True,False
PRIMARY_DELETE__HLO_to_P__primary_5y__M3__ridge__UKR,2015,2017,0.8166666666666667,0.6666666666666666,6,36,0.1666666666666666,HIGH,1,1,0,0.0,0.0,True,False
PRIMARY_DELETE__HLO_to_P__primary_5y__M3__ridge__USA,2000,2004,0.5428571428571429,0.3333333333333333,5,15,0.3333333333333333,LOW,1,1,0,0.0,0.0,True,False
PRIMARY_DELETE__HLO_to_P__primary_5y__M3__ridge__USA,2000,2004,0.5428571428571429,0.3333333333333333,5,15,0.3333333333333333,HIGH,1,1,0,0.0,0.0,True,False
PRIMARY_DELETE__HLO_to_P__primary_5y__M3__ridge__USA,2005,2009,0.8308823529411766,0.6617647058823529,23,136,0.1691176470588235,LOW,2,2,2,1.0,1.0,True,False
PRIMARY_DELETE__HLO_to_P__primary_5y__M3__ridge__USA,2005,2009,0.8308823529411766,0.6617647058823529,23,136,0.1691176470588235,HIGH,2,2,0,0.0,0.0,True,False
PRIMARY_DELETE__HLO_to_P__primary_5y__M3__ridge__USA,2010,2014,0.7308270676691728,0.5789473684210527,40,190,0.2105263157894736,LOW,2,2,1,0.5,0.3333333333333333,True,False
PRIMARY_DELETE__HLO_to_P__primary_5y__M3__ridge__USA,2010,2014,0.7308270676691728,0.5789473684210527,40,190,0.2105263157894736,HIGH,2,2,2,1.0,1.0,True,False
PRIMARY_DELETE__HLO_to_P__primary_5y__M3__ridge__USA,2015,2017,0.8166666666666667,0.6666666666666666,6,36,0.1666666666666666,LOW,1,1,0,0.0,0.0,True,False
PRIMARY_DELETE__HLO_to_P__primary_5y__M3__ridge__USA,2015,2017,0.8166666666666667,0.6666666666666666,6,36,0.1666666666666666,HIGH,1,1,0,0.0,0.0,True,False
PRIMARY_DELETE__HLO_to_P__primary_5y__M3__ridge__ZAF,2000,2004,0.3142857142857143,0.2,6,15,0.4,LOW,1,1,1,1.0,1.0,True,False
PRIMARY_DELETE__HLO_to_P__primary_5y__M3__ridge__ZAF,2000,2004,0.3142857142857143,0.2,6,15,0.4,HIGH,1,1,0,0.0,0.0,True,False
PRIMARY_DELETE__HLO_to_P__primary_5y__M3__ridge__ZAF,2005,2009,0.7843137254901962,0.6029411764705882,27,136,0.1985294117647058,LOW,2,2,1,0.5,0.3333333333333333,True,False
PRIMARY_DELETE__HLO_to_P__primary_5y__M3__ridge__ZAF,2005,2009,0.7843137254901962,0.6029411764705882,27,136,0.1985294117647058,HIGH,2,2,0,0.0,0.0,True,False
PRIMARY_DELETE__HLO_to_P__primary_5y__M3__ridge__ZAF,2010,2014,0.7526315789473684,0.5789473684210525,36,171,0.2105263157894736,LOW,2,2,1,0.5,0.3333333333333333,True,False
PRIMARY_DELETE__HLO_to_P__primary_5y__M3__ridge__ZAF,2010,2014,0.7526315789473684,0.5789473684210525,36,171,0.2105263157894736,HIGH,2,2,2,1.0,1.0,True,False
PRIMARY_DELETE__HLO_to_P__primary_5y__M3__ridge__ZAF,2015,2017,0.7999999999999999,0.6666666666666666,6,36,0.1666666666666666,LOW,1,1,0,0.0,0.0,True,False
PRIMARY_DELETE__HLO_to_P__primary_5y__M3__ridge__ZAF,2015,2017,0.7999999999999999,0.6666666666666666,6,36,0.1666666666666666,HIGH,1,1,1,1.0,1.0,True,False
PRIMARY__HLO_to_P__primary_5y__M1__lasso__none,2000,2004,0.3928571428571429,0.2380952380952381,8,21,0.3809523809523809,LOW,1,1,1,1.0,1.0,True,False
PRIMARY__HLO_to_P__primary_5y__M1__lasso__none,2000,2004,0.3928571428571429,0.2380952380952381,8,21,0.3809523809523809,HIGH,1,1,0,0.0,0.0,True,False
PRIMARY__HLO_to_P__primary_5y__M1__lasso__none,2005,2009,0.8553921568627452,0.7058823529411764,20,136,0.1470588235294117,LOW,2,2,1,0.5,0.3333333333333333,True,False
PRIMARY__HLO_to_P__primary_5y__M1__lasso__none,2005,2009,0.8553921568627452,0.7058823529411764,20,136,0.1470588235294117,HIGH,2,2,1,0.5,0.3333333333333333,True,False
PRIMARY__HLO_to_P__primary_5y__M1__lasso__none,2010,2014,0.8571428571428572,0.6947368421052632,29,190,0.1526315789473684,LOW,2,2,2,1.0,1.0,True,False
PRIMARY__HLO_to_P__primary_5y__M1__lasso__none,2010,2014,0.8571428571428572,0.6947368421052632,29,190,0.1526315789473684,HIGH,2,2,2,1.0,1.0,True,False
PRIMARY__HLO_to_P__primary_5y__M1__lasso__none,2015,2017,0.7333333333333334,0.5,9,36,0.25,LOW,1,1,0,0.0,0.0,True,False
PRIMARY__HLO_to_P__primary_5y__M1__lasso__none,2015,2017,0.7333333333333334,0.5,9,36,0.25,HIGH,1,1,0,0.0,0.0,True,False
PRIMARY__HLO_to_P__primary_5y__M1__ols__none,2000,2004,0.3928571428571429,0.2380952380952381,8,21,0.3809523809523809,LOW,1,1,1,1.0,1.0,True,False
PRIMARY__HLO_to_P__primary_5y__M1__ols__none,2000,2004,0.3928571428571429,0.2380952380952381,8,21,0.3809523809523809,HIGH,1,1,0,0.0,0.0,True,False
PRIMARY__HLO_to_P__primary_5y__M1__ols__none,2005,2009,0.8578431372549021,0.7058823529411764,20,136,0.1470588235294117,LOW,2,2,1,0.5,0.3333333333333333,True,False
PRIMARY__HLO_to_P__primary_5y__M1__ols__none,2005,2009,0.8578431372549021,0.7058823529411764,20,136,0.1470588235294117,HIGH,2,2,1,0.5,0.3333333333333333,True,False
PRIMARY__HLO_to_P__primary_5y__M1__ols__none,2010,2014,0.8511278195488721,0.6842105263157895,30,190,0.1578947368421052,LOW,2,2,2,1.0,1.0,True,False
PRIMARY__HLO_to_P__primary_5y__M1__ols__none,2010,2014,0.8511278195488721,0.6842105263157895,30,190,0.1578947368421052,HIGH,2,2,2,1.0,1.0,True,False
PRIMARY__HLO_to_P__primary_5y__M1__ols__none,2015,2017,0.75,0.5555555555555556,8,36,0.2222222222222222,LOW,1,1,0,0.0,0.0,True,False
PRIMARY__HLO_to_P__primary_5y__M1__ols__none,2015,2017,0.75,0.5555555555555556,8,36,0.2222222222222222,HIGH,1,1,0,0.0,0.0,True,False
PRIMARY__HLO_to_P__primary_5y__M1__ridge__none,2000,2004,0.3928571428571429,0.2380952380952381,8,21,0.3809523809523809,LOW,1,1,1,1.0,1.0,True,False
PRIMARY__HLO_to_P__primary_5y__M1__ridge__none,2000,2004,0.3928571428571429,0.2380952380952381,8,21,0.3809523809523809,HIGH,1,1,0,0.0,0.0,True,False
PRIMARY__HLO_to_P__primary_5y__M1__ridge__none,2005,2009,0.8480392156862745,0.6911764705882353,21,136,0.1544117647058823,LOW,2,2,1,0.5,0.3333333333333333,True,False
PRIMARY__HLO_to_P__primary_5y__M1__ridge__none,2005,2009,0.8480392156862745,0.6911764705882353,21,136,0.1544117647058823,HIGH,2,2,1,0.5,0.3333333333333333,True,False
PRIMARY__HLO_to_P__primary_5y__M1__ridge__none,2010,2014,0.8556390977443609,0.6842105263157895,30,190,0.1578947368421052,LOW,2,2,2,1.0,1.0,True,False
PRIMARY__HLO_to_P__primary_5y__M1__ridge__none,2010,2014,0.8556390977443609,0.6842105263157895,30,190,0.1578947368421052,HIGH,2,2,2,1.0,1.0,True,False
PRIMARY__HLO_to_P__primary_5y__M1__ridge__none,2015,2017,0.7333333333333334,0.5,9,36,0.25,LOW,1,1,0,0.0,0.0,True,False
PRIMARY__HLO_to_P__primary_5y__M1__ridge__none,2015,2017,0.7333333333333334,0.5,9,36,0.25,HIGH,1,1,0,0.0,0.0,True,False
PRIMARY__HLO_to_P__primary_5y__M2__lasso__none,2000,2004,0.7142857142857144,0.5238095238095238,5,21,0.238095238095238,LOW,1,1,0,0.0,0.0,True,False
PRIMARY__HLO_to_P__primary_5y__M2__lasso__none,2000,2004,0.7142857142857144,0.5238095238095238,5,21,0.238095238095238,HIGH,1,1,0,0.0,0.0,True,False
PRIMARY__HLO_to_P__primary_5y__M2__lasso__none,2005,2009,0.7573529411764707,0.5441176470588235,31,136,0.2279411764705882,LOW,2,2,2,1.0,1.0,True,False
PRIMARY__HLO_to_P__primary_5y__M2__lasso__none,2005,2009,0.7573529411764707,0.5441176470588235,31,136,0.2279411764705882,HIGH,2,2,0,0.0,0.0,True,False
PRIMARY__HLO_to_P__primary_5y__M2__lasso__none,2010,2014,0.7473684210526315,0.5789473684210527,40,190,0.2105263157894736,LOW,2,2,1,0.5,0.3333333333333333,True,False
PRIMARY__HLO_to_P__primary_5y__M2__lasso__none,2010,2014,0.7473684210526315,0.5789473684210527,40,190,0.2105263157894736,HIGH,2,2,1,0.5,0.3333333333333333,True,False
PRIMARY__HLO_to_P__primary_5y__M2__lasso__none,2015,2017,0.3999999999999999,0.3888888888888889,11,36,0.3055555555555556,LOW,1,1,0,0.0,0.0,True,False
PRIMARY__HLO_to_P__primary_5y__M2__lasso__none,2015,2017,0.3999999999999999,0.3888888888888889,11,36,0.3055555555555556,HIGH,1,1,0,0.0,0.0,True,False
PRIMARY__HLO_to_P__primary_5y__M2__ols__none,2000,2004,0.7857142857142859,0.6190476190476191,4,21,0.1904761904761904,LOW,1,1,0,0.0,0.0,True,False
PRIMARY__HLO_to_P__primary_5y__M2__ols__none,2000,2004,0.7857142857142859,0.6190476190476191,4,21,0.1904761904761904,HIGH,1,1,1,1.0,1.0,True,False
PRIMARY__HLO_to_P__primary_5y__M2__ols__none,2005,2009,0.7647058823529413,0.588235294117647,28,136,0.2058823529411764,LOW,2,2,1,0.5,0.3333333333333333,True,False
PRIMARY__HLO_to_P__primary_5y__M2__ols__none,2005,2009,0.7647058823529413,0.588235294117647,28,136,0.2058823529411764,HIGH,2,2,0,0.0,0.0,True,False
PRIMARY__HLO_to_P__primary_5y__M2__ols__none,2010,2014,0.7157894736842104,0.5263157894736842,45,190,0.2368421052631578,LOW,2,2,1,0.5,0.3333333333333333,True,False
PRIMARY__HLO_to_P__primary_5y__M2__ols__none,2010,2014,0.7157894736842104,0.5263157894736842,45,190,0.2368421052631578,HIGH,2,2,1,0.5,0.3333333333333333,True,False
PRIMARY__HLO_to_P__primary_5y__M2__ols__none,2015,2017,0.5499999999999999,0.4444444444444444,10,36,0.2777777777777778,LOW,1,1,0,0.0,0.0,True,False
PRIMARY__HLO_to_P__primary_5y__M2__ols__none,2015,2017,0.5499999999999999,0.4444444444444444,10,36,0.2777777777777778,HIGH,1,1,1,1.0,1.0,True,False
PRIMARY__HLO_to_P__primary_5y__M2__ridge__none,2000,2004,0.8928571428571429,0.7142857142857143,3,21,0.1428571428571428,LOW,1,1,0,0.0,0.0,True,False
PRIMARY__HLO_to_P__primary_5y__M2__ridge__none,2000,2004,0.8928571428571429,0.7142857142857143,3,21,0.1428571428571428,HIGH,1,1,1,1.0,1.0,True,False
PRIMARY__HLO_to_P__primary_5y__M2__ridge__none,2005,2009,0.8014705882352942,0.6029411764705882,27,136,0.1985294117647058,LOW,2,2,2,1.0,1.0,True,False
PRIMARY__HLO_to_P__primary_5y__M2__ridge__none,2005,2009,0.8014705882352942,0.6029411764705882,27,136,0.1985294117647058,HIGH,2,2,0,0.0,0.0,True,False
PRIMARY__HLO_to_P__primary_5y__M2__ridge__none,2010,2014,0.78796992481203,0.6000000000000001,38,190,0.2,LOW,2,2,1,0.5,0.3333333333333333,True,False
PRIMARY__HLO_to_P__primary_5y__M2__ridge__none,2010,2014,0.78796992481203,0.6000000000000001,38,190,0.2,HIGH,2,2,1,0.5,0.3333333333333333,True,False
PRIMARY__HLO_to_P__primary_5y__M2__ridge__none,2015,2017,0.6166666666666666,0.5,9,36,0.25,LOW,1,1,0,0.0,0.0,True,False
PRIMARY__HLO_to_P__primary_5y__M2__ridge__none,2015,2017,0.6166666666666666,0.5,9,36,0.25,HIGH,1,1,0,0.0,0.0,True,False
PRIMARY__HLO_to_P__primary_5y__M3__lasso__none,2000,2004,0.5714285714285715,0.4285714285714286,6,21,0.2857142857142857,LOW,1,1,1,1.0,1.0,True,False
PRIMARY__HLO_to_P__primary_5y__M3__lasso__none,2000,2004,0.5714285714285715,0.4285714285714286,6,21,0.2857142857142857,HIGH,1,1,0,0.0,0.0,True,False
PRIMARY__HLO_to_P__primary_5y__M3__lasso__none,2005,2009,0.8676470588235294,0.7205882352941176,19,136,0.1397058823529411,LOW,2,2,2,1.0,1.0,True,False
PRIMARY__HLO_to_P__primary_5y__M3__lasso__none,2005,2009,0.8676470588235294,0.7205882352941176,19,136,0.1397058823529411,HIGH,2,2,1,0.5,0.3333333333333333,True,False
PRIMARY__HLO_to_P__primary_5y__M3__lasso__none,2010,2014,0.7714285714285714,0.5894736842105264,39,190,0.2052631578947368,LOW,2,2,1,0.5,0.3333333333333333,True,False
PRIMARY__HLO_to_P__primary_5y__M3__lasso__none,2010,2014,0.7714285714285714,0.5894736842105264,39,190,0.2052631578947368,HIGH,2,2,2,1.0,1.0,True,False
PRIMARY__HLO_to_P__primary_5y__M3__lasso__none,2015,2017,0.7666666666666667,0.611111111111111,7,36,0.1944444444444444,LOW,1,1,0,0.0,0.0,True,False
PRIMARY__HLO_to_P__primary_5y__M3__lasso__none,2015,2017,0.7666666666666667,0.611111111111111,7,36,0.1944444444444444,HIGH,1,1,0,0.0,0.0,True,False
PRIMARY__HLO_to_P__primary_5y__M3__ols__none,2000,2004,0.4642857142857144,0.3333333333333333,7,21,0.3333333333333333,LOW,1,1,1,1.0,1.0,True,False
PRIMARY__HLO_to_P__primary_5y__M3__ols__none,2000,2004,0.4642857142857144,0.3333333333333333,7,21,0.3333333333333333,HIGH,1,1,0,0.0,0.0,True,False
PRIMARY__HLO_to_P__primary_5y__M3__ols__none,2005,2009,0.8284313725490197,0.6617647058823529,23,136,0.1691176470588235,LOW,2,2,1,0.5,0.3333333333333333,True,False
PRIMARY__HLO_to_P__primary_5y__M3__ols__none,2005,2009,0.8284313725490197,0.6617647058823529,23,136,0.1691176470588235,HIGH,2,2,0,0.0,0.0,True,False
PRIMARY__HLO_to_P__primary_5y__M3__ols__none,2010,2014,0.7127819548872181,0.5473684210526316,43,190,0.2263157894736842,LOW,2,2,1,0.5,0.3333333333333333,True,False
PRIMARY__HLO_to_P__primary_5y__M3__ols__none,2010,2014,0.7127819548872181,0.5473684210526316,43,190,0.2263157894736842,HIGH,2,2,2,1.0,1.0,True,False
PRIMARY__HLO_to_P__primary_5y__M3__ols__none,2015,2017,0.7999999999999999,0.611111111111111,7,36,0.1944444444444444,LOW,1,1,0,0.0,0.0,True,False
PRIMARY__HLO_to_P__primary_5y__M3__ols__none,2015,2017,0.7999999999999999,0.611111111111111,7,36,0.1944444444444444,HIGH,1,1,1,1.0,1.0,True,False
PRIMARY__HLO_to_P__primary_5y__M3__ridge__none,2000,2004,0.4285714285714286,0.2380952380952381,8,21,0.3809523809523809,LOW,1,1,0,0.0,0.0,True,False
PRIMARY__HLO_to_P__primary_5y__M3__ridge__none,2000,2004,0.4285714285714286,0.2380952380952381,8,21,0.3809523809523809,HIGH,1,1,0,0.0,0.0,True,False
PRIMARY__HLO_to_P__primary_5y__M3__ridge__none,2005,2009,0.7990196078431374,0.6176470588235293,26,136,0.1911764705882352,LOW,2,2,1,0.5,0.3333333333333333,True,False
PRIMARY__HLO_to_P__primary_5y__M3__ridge__none,2005,2009,0.7990196078431374,0.6176470588235293,26,136,0.1911764705882352,HIGH,2,2,0,0.0,0.0,True,False
PRIMARY__HLO_to_P__primary_5y__M3__ridge__none,2010,2014,0.7413533834586465,0.5789473684210527,40,190,0.2105263157894736,LOW,2,2,1,0.5,0.3333333333333333,True,False
PRIMARY__HLO_to_P__primary_5y__M3__ridge__none,2010,2014,0.7413533834586465,0.5789473684210527,40,190,0.2105263157894736,HIGH,2,2,2,1.0,1.0,True,False
PRIMARY__HLO_to_P__primary_5y__M3__ridge__none,2015,2017,0.8166666666666667,0.6666666666666666,6,36,0.1666666666666666,LOW,1,1,0,0.0,0.0,True,False
PRIMARY__HLO_to_P__primary_5y__M3__ridge__none,2015,2017,0.8166666666666667,0.6666666666666666,6,36,0.1666666666666666,HIGH,1,1,0,0.0,0.0,True,False
PRIMARY__P_to_HLO__primary_5y__M1__lasso__none,2000,2004,0.25,0.1428571428571428,9,21,0.4285714285714285,LOW,1,1,1,1.0,1.0,True,False
PRIMARY__P_to_HLO__primary_5y__M1__lasso__none,2000,2004,0.25,0.1428571428571428,9,21,0.4285714285714285,HIGH,1,1,0,0.0,0.0,True,False
PRIMARY__P_to_HLO__primary_5y__M1__lasso__none,2005,2009,0.8333333333333335,0.6911764705882353,21,136,0.1544117647058823,LOW,2,2,1,0.5,0.3333333333333333,True,False
PRIMARY__P_to_HLO__primary_5y__M1__lasso__none,2005,2009,0.8333333333333335,0.6911764705882353,21,136,0.1544117647058823,HIGH,2,2,1,0.5,0.3333333333333333,True,False
PRIMARY__P_to_HLO__primary_5y__M1__lasso__none,2010,2014,0.8661654135338346,0.7052631578947369,28,190,0.1473684210526315,LOW,2,2,2,1.0,1.0,True,False
PRIMARY__P_to_HLO__primary_5y__M1__lasso__none,2010,2014,0.8661654135338346,0.7052631578947369,28,190,0.1473684210526315,HIGH,2,2,2,1.0,1.0,True,False
PRIMARY__P_to_HLO__primary_5y__M1__lasso__none,2015,2017,0.75,0.5555555555555556,8,36,0.2222222222222222,LOW,1,1,0,0.0,0.0,True,False
PRIMARY__P_to_HLO__primary_5y__M1__lasso__none,2015,2017,0.75,0.5555555555555556,8,36,0.2222222222222222,HIGH,1,1,0,0.0,0.0,True,False
PRIMARY__P_to_HLO__primary_5y__M1__ols__none,2000,2004,0.25,0.1428571428571428,9,21,0.4285714285714285,LOW,1,1,1,1.0,1.0,True,False
PRIMARY__P_to_HLO__primary_5y__M1__ols__none,2000,2004,0.25,0.1428571428571428,9,21,0.4285714285714285,HIGH,1,1,0,0.0,0.0,True,False
PRIMARY__P_to_HLO__primary_5y__M1__ols__none,2005,2009,0.8333333333333335,0.6911764705882353,21,136,0.1544117647058823,LOW,2,2,1,0.5,0.3333333333333333,True,False
PRIMARY__P_to_HLO__primary_5y__M1__ols__none,2005,2009,0.8333333333333335,0.6911764705882353,21,136,0.1544117647058823,HIGH,2,2,1,0.5,0.3333333333333333,True,False
PRIMARY__P_to_HLO__primary_5y__M1__ols__none,2010,2014,0.8661654135338346,0.7052631578947369,28,190,0.1473684210526315,LOW,2,2,2,1.0,1.0,True,False
PRIMARY__P_to_HLO__primary_5y__M1__ols__none,2010,2014,0.8661654135338346,0.7052631578947369,28,190,0.1473684210526315,HIGH,2,2,2,1.0,1.0,True,False
PRIMARY__P_to_HLO__primary_5y__M1__ols__none,2015,2017,0.75,0.5555555555555556,8,36,0.2222222222222222,LOW,1,1,0,0.0,0.0,True,False
PRIMARY__P_to_HLO__primary_5y__M1__ols__none,2015,2017,0.75,0.5555555555555556,8,36,0.2222222222222222,HIGH,1,1,0,0.0,0.0,True,False
PRIMARY__P_to_HLO__primary_5y__M1__ridge__none,2000,2004,0.25,0.1428571428571428,9,21,0.4285714285714285,LOW,1,1,1,1.0,1.0,True,False
PRIMARY__P_to_HLO__primary_5y__M1__ridge__none,2000,2004,0.25,0.1428571428571428,9,21,0.4285714285714285,HIGH,1,1,0,0.0,0.0,True,False
PRIMARY__P_to_HLO__primary_5y__M1__ridge__none,2005,2009,0.8333333333333335,0.6911764705882353,21,136,0.1544117647058823,LOW,2,2,1,0.5,0.3333333333333333,True,False
PRIMARY__P_to_HLO__primary_5y__M1__ridge__none,2005,2009,0.8333333333333335,0.6911764705882353,21,136,0.1544117647058823,HIGH,2,2,1,0.5,0.3333333333333333,True,False
PRIMARY__P_to_HLO__primary_5y__M1__ridge__none,2010,2014,0.8661654135338346,0.7052631578947369,28,190,0.1473684210526315,LOW,2,2,2,1.0,1.0,True,False
PRIMARY__P_to_HLO__primary_5y__M1__ridge__none,2010,2014,0.8661654135338346,0.7052631578947369,28,190,0.1473684210526315,HIGH,2,2,2,1.0,1.0,True,False
PRIMARY__P_to_HLO__primary_5y__M1__ridge__none,2015,2017,0.75,0.5555555555555556,8,36,0.2222222222222222,LOW,1,1,0,0.0,0.0,True,False
PRIMARY__P_to_HLO__primary_5y__M1__ridge__none,2015,2017,0.75,0.5555555555555556,8,36,0.2222222222222222,HIGH,1,1,0,0.0,0.0,True,False
PRIMARY__P_to_HLO__primary_5y__M2__lasso__none,2000,2004,0.7142857142857144,0.5238095238095238,5,21,0.238095238095238,LOW,1,1,0,0.0,0.0,True,False
PRIMARY__P_to_HLO__primary_5y__M2__lasso__none,2000,2004,0.7142857142857144,0.5238095238095238,5,21,0.238095238095238,HIGH,1,1,1,1.0,1.0,True,False
PRIMARY__P_to_HLO__primary_5y__M2__lasso__none,2005,2009,0.8284313725490197,0.6470588235294118,24,136,0.1764705882352941,LOW,2,2,1,0.5,0.3333333333333333,True,False
PRIMARY__P_to_HLO__primary_5y__M2__lasso__none,2005,2009,0.8284313725490197,0.6470588235294118,24,136,0.1764705882352941,HIGH,2,2,0,0.0,0.0,True,False
PRIMARY__P_to_HLO__primary_5y__M2__lasso__none,2010,2014,0.9112781954887216,0.7578947368421053,23,190,0.1210526315789473,LOW,2,2,1,0.5,0.3333333333333333,True,False
PRIMARY__P_to_HLO__primary_5y__M2__lasso__none,2010,2014,0.9112781954887216,0.7578947368421053,23,190,0.1210526315789473,HIGH,2,2,1,0.5,0.3333333333333333,True,False
PRIMARY__P_to_HLO__primary_5y__M2__lasso__none,2015,2017,0.8666666666666667,0.7222222222222222,5,36,0.1388888888888889,LOW,1,1,1,1.0,1.0,True,False
PRIMARY__P_to_HLO__primary_5y__M2__lasso__none,2015,2017,0.8666666666666667,0.7222222222222222,5,36,0.1388888888888889,HIGH,1,1,0,0.0,0.0,True,False
PRIMARY__P_to_HLO__primary_5y__M2__ols__none,2000,2004,0.7142857142857144,0.5238095238095238,5,21,0.238095238095238,LOW,1,1,0,0.0,0.0,True,False
PRIMARY__P_to_HLO__primary_5y__M2__ols__none,2000,2004,0.7142857142857144,0.5238095238095238,5,21,0.238095238095238,HIGH,1,1,1,1.0,1.0,True,False
PRIMARY__P_to_HLO__primary_5y__M2__ols__none,2005,2009,0.786764705882353,0.5735294117647058,29,136,0.213235294117647,LOW,2,2,1,0.5,0.3333333333333333,True,False
PRIMARY__P_to_HLO__primary_5y__M2__ols__none,2005,2009,0.786764705882353,0.5735294117647058,29,136,0.213235294117647,HIGH,2,2,0,0.0,0.0,True,False
PRIMARY__P_to_HLO__primary_5y__M2__ols__none,2010,2014,0.8902255639097743,0.7368421052631579,25,190,0.131578947368421,LOW,2,2,1,0.5,0.3333333333333333,True,False
PRIMARY__P_to_HLO__primary_5y__M2__ols__none,2010,2014,0.8902255639097743,0.7368421052631579,25,190,0.131578947368421,HIGH,2,2,1,0.5,0.3333333333333333,True,False
PRIMARY__P_to_HLO__primary_5y__M2__ols__none,2015,2017,0.8499999999999999,0.7222222222222222,5,36,0.1388888888888889,LOW,1,1,1,1.0,1.0,True,False
PRIMARY__P_to_HLO__primary_5y__M2__ols__none,2015,2017,0.8499999999999999,0.7222222222222222,5,36,0.1388888888888889,HIGH,1,1,0,0.0,0.0,True,False
PRIMARY__P_to_HLO__primary_5y__M2__ridge__none,2000,2004,0.5,0.3333333333333333,7,21,0.3333333333333333,LOW,1,1,0,0.0,0.0,True,False
PRIMARY__P_to_HLO__primary_5y__M2__ridge__none,2000,2004,0.5,0.3333333333333333,7,21,0.3333333333333333,HIGH,1,1,0,0.0,0.0,True,False
PRIMARY__P_to_HLO__primary_5y__M2__ridge__none,2005,2009,0.8112745098039217,0.6176470588235293,26,136,0.1911764705882352,LOW,2,2,1,0.5,0.3333333333333333,True,False
PRIMARY__P_to_HLO__primary_5y__M2__ridge__none,2005,2009,0.8112745098039217,0.6176470588235293,26,136,0.1911764705882352,HIGH,2,2,0,0.0,0.0,True,False
PRIMARY__P_to_HLO__primary_5y__M2__ridge__none,2010,2014,0.9022556390977444,0.7578947368421053,23,190,0.1210526315789473,LOW,2,2,1,0.5,0.3333333333333333,True,False
PRIMARY__P_to_HLO__primary_5y__M2__ridge__none,2010,2014,0.9022556390977444,0.7578947368421053,23,190,0.1210526315789473,HIGH,2,2,0,0.0,0.0,True,False
PRIMARY__P_to_HLO__primary_5y__M2__ridge__none,2015,2017,0.7166666666666667,0.5555555555555556,8,36,0.2222222222222222,LOW,1,1,1,1.0,1.0,True,False
PRIMARY__P_to_HLO__primary_5y__M2__ridge__none,2015,2017,0.7166666666666667,0.5555555555555556,8,36,0.2222222222222222,HIGH,1,1,0,0.0,0.0,True,False
PRIMARY__P_to_HLO__primary_5y__M3__lasso__none,2000,2004,0.5,0.3333333333333333,7,21,0.3333333333333333,LOW,1,1,0,0.0,0.0,True,False
PRIMARY__P_to_HLO__primary_5y__M3__lasso__none,2000,2004,0.5,0.3333333333333333,7,21,0.3333333333333333,HIGH,1,1,0,0.0,0.0,True,False
PRIMARY__P_to_HLO__primary_5y__M3__lasso__none,2005,2009,0.9509803921568628,0.8382352941176471,11,136,0.0808823529411764,LOW,2,2,1,0.5,0.3333333333333333,True,False
PRIMARY__P_to_HLO__primary_5y__M3__lasso__none,2005,2009,0.9509803921568628,0.8382352941176471,11,136,0.0808823529411764,HIGH,2,2,1,0.5,0.3333333333333333,True,False
PRIMARY__P_to_HLO__primary_5y__M3__lasso__none,2010,2014,0.918796992481203,0.768421052631579,22,190,0.1157894736842105,LOW,2,2,1,0.5,0.3333333333333333,True,False
PRIMARY__P_to_HLO__primary_5y__M3__lasso__none,2010,2014,0.918796992481203,0.768421052631579,22,190,0.1157894736842105,HIGH,2,2,1,0.5,0.3333333333333333,True,False
PRIMARY__P_to_HLO__primary_5y__M3__lasso__none,2015,2017,0.9,0.7777777777777778,4,36,0.1111111111111111,LOW,1,1,1,1.0,1.0,True,False
PRIMARY__P_to_HLO__primary_5y__M3__lasso__none,2015,2017,0.9,0.7777777777777778,4,36,0.1111111111111111,HIGH,1,1,0,0.0,0.0,True,False
PRIMARY__P_to_HLO__primary_5y__M3__ols__none,2000,2004,0.5,0.3333333333333333,7,21,0.3333333333333333,LOW,1,1,0,0.0,0.0,True,False
PRIMARY__P_to_HLO__primary_5y__M3__ols__none,2000,2004,0.5,0.3333333333333333,7,21,0.3333333333333333,HIGH,1,1,0,0.0,0.0,True,False
PRIMARY__P_to_HLO__primary_5y__M3__ols__none,2005,2009,0.8970588235294119,0.7352941176470588,18,136,0.1323529411764706,LOW,2,2,1,0.5,0.3333333333333333,True,False
PRIMARY__P_to_HLO__primary_5y__M3__ols__none,2005,2009,0.8970588235294119,0.7352941176470588,18,136,0.1323529411764706,HIGH,2,2,1,0.5,0.3333333333333333,True,False
PRIMARY__P_to_HLO__primary_5y__M3__ols__none,2010,2014,0.912781954887218,0.7473684210526316,24,190,0.1263157894736842,LOW,2,2,1,0.5,0.3333333333333333,True,False
PRIMARY__P_to_HLO__primary_5y__M3__ols__none,2010,2014,0.912781954887218,0.7473684210526316,24,190,0.1263157894736842,HIGH,2,2,1,0.5,0.3333333333333333,True,False
PRIMARY__P_to_HLO__primary_5y__M3__ols__none,2015,2017,0.9,0.7777777777777778,4,36,0.1111111111111111,LOW,1,1,1,1.0,1.0,True,False
PRIMARY__P_to_HLO__primary_5y__M3__ols__none,2015,2017,0.9,0.7777777777777778,4,36,0.1111111111111111,HIGH,1,1,0,0.0,0.0,True,False
PRIMARY__P_to_HLO__primary_5y__M3__ridge__none,2000,2004,0.5,0.3333333333333333,7,21,0.3333333333333333,LOW,1,1,1,1.0,1.0,True,False
PRIMARY__P_to_HLO__primary_5y__M3__ridge__none,2000,2004,0.5,0.3333333333333333,7,21,0.3333333333333333,HIGH,1,1,0,0.0,0.0,True,False
PRIMARY__P_to_HLO__primary_5y__M3__ridge__none,2005,2009,0.8651960784313727,0.7058823529411764,20,136,0.1470588235294117,LOW,2,2,1,0.5,0.3333333333333333,True,False
PRIMARY__P_to_HLO__primary_5y__M3__ridge__none,2005,2009,0.8651960784313727,0.7058823529411764,20,136,0.1470588235294117,HIGH,2,2,0,0.0,0.0,True,False
PRIMARY__P_to_HLO__primary_5y__M3__ridge__none,2010,2014,0.9458646616541352,0.8210526315789474,17,190,0.0894736842105263,LOW,2,2,1,0.5,0.3333333333333333,True,False
PRIMARY__P_to_HLO__primary_5y__M3__ridge__none,2010,2014,0.9458646616541352,0.8210526315789474,17,190,0.0894736842105263,HIGH,2,2,1,0.5,0.3333333333333333,True,False
PRIMARY__P_to_HLO__primary_5y__M3__ridge__none,2015,2017,0.7999999999999999,0.6666666666666666,6,36,0.1666666666666666,LOW,1,1,1,1.0,1.0,True,False
PRIMARY__P_to_HLO__primary_5y__M3__ridge__none,2015,2017,0.7999999999999999,0.6666666666666666,6,36,0.1666666666666666,HIGH,1,1,0,0.0,0.0,True,False
S10__HLO_to_P__alternative_10y__M1__ridge__none,2000,2004,0.0999999999999999,0.0,5,10,0.5,LOW,1,1,1,1.0,1.0,True,False
S10__HLO_to_P__alternative_10y__M1__ridge__none,2000,2004,0.0999999999999999,0.0,5,10,0.5,HIGH,1,1,0,0.0,0.0,True,False
S10__HLO_to_P__alternative_10y__M1__ridge__none,2005,2009,0.8109890109890111,0.6703296703296704,15,91,0.1648351648351648,LOW,2,2,1,0.5,0.3333333333333333,True,False
S10__HLO_to_P__alternative_10y__M1__ridge__none,2005,2009,0.8109890109890111,0.6703296703296704,15,91,0.1648351648351648,HIGH,2,2,1,0.5,0.3333333333333333,True,False
S10__HLO_to_P__alternative_10y__M1__ridge__none,2010,2014,0.8556390977443609,0.6947368421052632,29,190,0.1526315789473684,LOW,2,2,2,1.0,1.0,True,False
S10__HLO_to_P__alternative_10y__M1__ridge__none,2010,2014,0.8556390977443609,0.6947368421052632,29,190,0.1526315789473684,HIGH,2,2,2,1.0,1.0,True,False
S10__HLO_to_P__alternative_10y__M1__ridge__none,2015,2017,0.75,0.5555555555555556,8,36,0.2222222222222222,LOW,1,1,0,0.0,0.0,True,False
S10__HLO_to_P__alternative_10y__M1__ridge__none,2015,2017,0.75,0.5555555555555556,8,36,0.2222222222222222,HIGH,1,1,0,0.0,0.0,True,False
S10__HLO_to_P__alternative_10y__M2__ridge__none,2000,2004,0.1999999999999999,0.1999999999999999,4,10,0.4,LOW,1,1,1,1.0,1.0,True,False
S10__HLO_to_P__alternative_10y__M2__ridge__none,2000,2004,0.1999999999999999,0.1999999999999999,4,10,0.4,HIGH,1,1,0,0.0,0.0,True,False
S10__HLO_to_P__alternative_10y__M2__ridge__none,2005,2009,0.745054945054945,0.6263736263736264,17,91,0.1868131868131868,LOW,2,2,1,0.5,0.3333333333333333,True,False
S10__HLO_to_P__alternative_10y__M2__ridge__none,2005,2009,0.745054945054945,0.6263736263736264,17,91,0.1868131868131868,HIGH,2,2,1,0.5,0.3333333333333333,True,False
S10__HLO_to_P__alternative_10y__M2__ridge__none,2010,2014,0.793984962406015,0.6105263157894737,37,190,0.1947368421052631,LOW,2,2,1,0.5,0.3333333333333333,True,False
S10__HLO_to_P__alternative_10y__M2__ridge__none,2010,2014,0.793984962406015,0.6105263157894737,37,190,0.1947368421052631,HIGH,2,2,1,0.5,0.3333333333333333,True,False
S10__HLO_to_P__alternative_10y__M2__ridge__none,2015,2017,0.7166666666666667,0.5555555555555556,8,36,0.2222222222222222,LOW,1,1,0,0.0,0.0,True,False
S10__HLO_to_P__alternative_10y__M2__ridge__none,2015,2017,0.7166666666666667,0.5555555555555556,8,36,0.2222222222222222,HIGH,1,1,0,0.0,0.0,True,False
S10__HLO_to_P__alternative_10y__M3__ridge__none,2000,2004,0.0999999999999999,0.0,5,10,0.5,LOW,1,1,1,1.0,1.0,True,False
S10__HLO_to_P__alternative_10y__M3__ridge__none,2000,2004,0.0999999999999999,0.0,5,10,0.5,HIGH,1,1,0,0.0,0.0,True,False
S10__HLO_to_P__alternative_10y__M3__ridge__none,2005,2009,0.7978021978021977,0.6483516483516484,16,91,0.1758241758241758,LOW,2,2,1,0.5,0.3333333333333333,True,False
S10__HLO_to_P__alternative_10y__M3__ridge__none,2005,2009,0.7978021978021977,0.6483516483516484,16,91,0.1758241758241758,HIGH,2,2,1,0.5,0.3333333333333333,True,False
S10__HLO_to_P__alternative_10y__M3__ridge__none,2010,2014,0.8045112781954886,0.6421052631578947,34,190,0.1789473684210526,LOW,2,2,1,0.5,0.3333333333333333,True,False
S10__HLO_to_P__alternative_10y__M3__ridge__none,2010,2014,0.8045112781954886,0.6421052631578947,34,190,0.1789473684210526,HIGH,2,2,2,1.0,1.0,True,False
S10__HLO_to_P__alternative_10y__M3__ridge__none,2015,2017,0.8166666666666667,0.6666666666666666,6,36,0.1666666666666666,LOW,1,1,0,0.0,0.0,True,False
S10__HLO_to_P__alternative_10y__M3__ridge__none,2015,2017,0.8166666666666667,0.6666666666666666,6,36,0.1666666666666666,HIGH,1,1,0,0.0,0.0,True,False
S10__HLO_to_P__primary_5y_matched__M1__ridge__none,2000,2004,0.0999999999999999,0.0,5,10,0.5,LOW,1,1,1,1.0,1.0,True,False
S10__HLO_to_P__primary_5y_matched__M1__ridge__none,2000,2004,0.0999999999999999,0.0,5,10,0.5,HIGH,1,1,0,0.0,0.0,True,False
S10__HLO_to_P__primary_5y_matched__M1__ridge__none,2005,2009,0.8109890109890111,0.6703296703296704,15,91,0.1648351648351648,LOW,2,2,1,0.5,0.3333333333333333,True,False
S10__HLO_to_P__primary_5y_matched__M1__ridge__none,2005,2009,0.8109890109890111,0.6703296703296704,15,91,0.1648351648351648,HIGH,2,2,1,0.5,0.3333333333333333,True,False
S10__HLO_to_P__primary_5y_matched__M1__ridge__none,2010,2014,0.8556390977443609,0.6947368421052632,29,190,0.1526315789473684,LOW,2,2,2,1.0,1.0,True,False
S10__HLO_to_P__primary_5y_matched__M1__ridge__none,2010,2014,0.8556390977443609,0.6947368421052632,29,190,0.1526315789473684,HIGH,2,2,2,1.0,1.0,True,False
S10__HLO_to_P__primary_5y_matched__M1__ridge__none,2015,2017,0.75,0.5555555555555556,8,36,0.2222222222222222,LOW,1,1,0,0.0,0.0,True,False
S10__HLO_to_P__primary_5y_matched__M1__ridge__none,2015,2017,0.75,0.5555555555555556,8,36,0.2222222222222222,HIGH,1,1,0,0.0,0.0,True,False
S10__HLO_to_P__primary_5y_matched__M2__ridge__none,2000,2004,0.7,0.6,2,10,0.2,LOW,1,1,1,1.0,1.0,True,False
S10__HLO_to_P__primary_5y_matched__M2__ridge__none,2000,2004,0.7,0.6,2,10,0.2,HIGH,1,1,0,0.0,0.0,True,False
S10__HLO_to_P__primary_5y_matched__M2__ridge__none,2005,2009,0.767032967032967,0.6043956043956044,18,91,0.1978021978021978,LOW,2,2,2,1.0,1.0,True,False
S10__HLO_to_P__primary_5y_matched__M2__ridge__none,2005,2009,0.767032967032967,0.6043956043956044,18,91,0.1978021978021978,HIGH,2,2,0,0.0,0.0,True,False
S10__HLO_to_P__primary_5y_matched__M2__ridge__none,2010,2014,0.7789473684210525,0.6000000000000001,38,190,0.2,LOW,2,2,1,0.5,0.3333333333333333,True,False
S10__HLO_to_P__primary_5y_matched__M2__ridge__none,2010,2014,0.7789473684210525,0.6000000000000001,38,190,0.2,HIGH,2,2,1,0.5,0.3333333333333333,True,False
S10__HLO_to_P__primary_5y_matched__M2__ridge__none,2015,2017,0.4333333333333333,0.3888888888888889,11,36,0.3055555555555556,LOW,1,1,0,0.0,0.0,True,False
S10__HLO_to_P__primary_5y_matched__M2__ridge__none,2015,2017,0.4333333333333333,0.3888888888888889,11,36,0.3055555555555556,HIGH,1,1,0,0.0,0.0,True,False
S10__HLO_to_P__primary_5y_matched__M3__ridge__none,2000,2004,0.3,0.1999999999999999,4,10,0.4,LOW,1,1,1,1.0,1.0,True,False
S10__HLO_to_P__primary_5y_matched__M3__ridge__none,2000,2004,0.3,0.1999999999999999,4,10,0.4,HIGH,1,1,0,0.0,0.0,True,False
S10__HLO_to_P__primary_5y_matched__M3__ridge__none,2005,2009,0.7714285714285714,0.5824175824175825,19,91,0.2087912087912088,LOW,2,2,1,0.5,0.3333333333333333,True,False
S10__HLO_to_P__primary_5y_matched__M3__ridge__none,2005,2009,0.7714285714285714,0.5824175824175825,19,91,0.2087912087912088,HIGH,2,2,0,0.0,0.0,True,False
S10__HLO_to_P__primary_5y_matched__M3__ridge__none,2010,2014,0.7729323308270677,0.6000000000000001,38,190,0.2,LOW,2,2,1,0.5,0.3333333333333333,True,False
S10__HLO_to_P__primary_5y_matched__M3__ridge__none,2010,2014,0.7729323308270677,0.6000000000000001,38,190,0.2,HIGH,2,2,2,1.0,1.0,True,False
S10__HLO_to_P__primary_5y_matched__M3__ridge__none,2015,2017,0.8166666666666667,0.6666666666666666,6,36,0.1666666666666666,LOW,1,1,0,0.0,0.0,True,False
S10__HLO_to_P__primary_5y_matched__M3__ridge__none,2015,2017,0.8166666666666667,0.6666666666666666,6,36,0.1666666666666666,HIGH,1,1,0,0.0,0.0,True,False
S10__P_to_HLO__alternative_10y__M1__ridge__none,2000,2004,-0.1999999999999999,-0.1999999999999999,6,10,0.6,LOW,1,1,0,0.0,0.0,True,False
S10__P_to_HLO__alternative_10y__M1__ridge__none,2000,2004,-0.1999999999999999,-0.1999999999999999,6,10,0.6,HIGH,1,1,0,0.0,0.0,True,False
S10__P_to_HLO__alternative_10y__M1__ridge__none,2005,2009,0.7890109890109891,0.6483516483516484,16,91,0.1758241758241758,LOW,2,2,1,0.5,0.3333333333333333,True,False
S10__P_to_HLO__alternative_10y__M1__ridge__none,2005,2009,0.7890109890109891,0.6483516483516484,16,91,0.1758241758241758,HIGH,2,2,1,0.5,0.3333333333333333,True,False
S10__P_to_HLO__alternative_10y__M1__ridge__none,2010,2014,0.8661654135338346,0.7052631578947369,28,190,0.1473684210526315,LOW,2,2,2,1.0,1.0,True,False
S10__P_to_HLO__alternative_10y__M1__ridge__none,2010,2014,0.8661654135338346,0.7052631578947369,28,190,0.1473684210526315,HIGH,2,2,2,1.0,1.0,True,False
S10__P_to_HLO__alternative_10y__M1__ridge__none,2015,2017,0.75,0.5555555555555556,8,36,0.2222222222222222,LOW,1,1,0,0.0,0.0,True,False
S10__P_to_HLO__alternative_10y__M1__ridge__none,2015,2017,0.75,0.5555555555555556,8,36,0.2222222222222222,HIGH,1,1,0,0.0,0.0,True,False
S10__P_to_HLO__alternative_10y__M2__ridge__none,2000,2004,0.7,0.6,2,10,0.2,LOW,1,1,1,1.0,1.0,True,False
S10__P_to_HLO__alternative_10y__M2__ridge__none,2000,2004,0.7,0.6,2,10,0.2,HIGH,1,1,1,1.0,1.0,True,False
S10__P_to_HLO__alternative_10y__M2__ridge__none,2005,2009,0.8593406593406594,0.6703296703296704,15,91,0.1648351648351648,LOW,2,2,1,0.5,0.3333333333333333,True,False
S10__P_to_HLO__alternative_10y__M2__ridge__none,2005,2009,0.8593406593406594,0.6703296703296704,15,91,0.1648351648351648,HIGH,2,2,0,0.0,0.0,True,False
S10__P_to_HLO__alternative_10y__M2__ridge__none,2010,2014,0.9172932330827066,0.768421052631579,22,190,0.1157894736842105,LOW,2,2,1,0.5,0.3333333333333333,True,False
S10__P_to_HLO__alternative_10y__M2__ridge__none,2010,2014,0.9172932330827066,0.768421052631579,22,190,0.1157894736842105,HIGH,2,2,1,0.5,0.3333333333333333,True,False
S10__P_to_HLO__alternative_10y__M2__ridge__none,2015,2017,0.7999999999999999,0.611111111111111,7,36,0.1944444444444444,LOW,1,1,0,0.0,0.0,True,False
S10__P_to_HLO__alternative_10y__M2__ridge__none,2015,2017,0.7999999999999999,0.611111111111111,7,36,0.1944444444444444,HIGH,1,1,0,0.0,0.0,True,False
S10__P_to_HLO__alternative_10y__M3__ridge__none,2000,2004,0.3,0.1999999999999999,4,10,0.4,LOW,1,1,1,1.0,1.0,True,False
S10__P_to_HLO__alternative_10y__M3__ridge__none,2000,2004,0.3,0.1999999999999999,4,10,0.4,HIGH,1,1,0,0.0,0.0,True,False
S10__P_to_HLO__alternative_10y__M3__ridge__none,2005,2009,0.912087912087912,0.7802197802197802,10,91,0.1098901098901098,LOW,2,2,1,0.5,0.3333333333333333,True,False
S10__P_to_HLO__alternative_10y__M3__ridge__none,2005,2009,0.912087912087912,0.7802197802197802,10,91,0.1098901098901098,HIGH,2,2,1,0.5,0.3333333333333333,True,False
S10__P_to_HLO__alternative_10y__M3__ridge__none,2010,2014,0.950375939849624,0.8210526315789474,17,190,0.0894736842105263,LOW,2,2,1,0.5,0.3333333333333333,True,False
S10__P_to_HLO__alternative_10y__M3__ridge__none,2010,2014,0.950375939849624,0.8210526315789474,17,190,0.0894736842105263,HIGH,2,2,1,0.5,0.3333333333333333,True,False
S10__P_to_HLO__alternative_10y__M3__ridge__none,2015,2017,0.8666666666666667,0.7222222222222222,5,36,0.1388888888888889,LOW,1,1,0,0.0,0.0,True,False
S10__P_to_HLO__alternative_10y__M3__ridge__none,2015,2017,0.8666666666666667,0.7222222222222222,5,36,0.1388888888888889,HIGH,1,1,0,0.0,0.0,True,False
S10__P_to_HLO__primary_5y_matched__M1__ridge__none,2000,2004,-0.1999999999999999,-0.1999999999999999,6,10,0.6,LOW,1,1,0,0.0,0.0,True,False
S10__P_to_HLO__primary_5y_matched__M1__ridge__none,2000,2004,-0.1999999999999999,-0.1999999999999999,6,10,0.6,HIGH,1,1,0,0.0,0.0,True,False
S10__P_to_HLO__primary_5y_matched__M1__ridge__none,2005,2009,0.7890109890109891,0.6483516483516484,16,91,0.1758241758241758,LOW,2,2,1,0.5,0.3333333333333333,True,False
S10__P_to_HLO__primary_5y_matched__M1__ridge__none,2005,2009,0.7890109890109891,0.6483516483516484,16,91,0.1758241758241758,HIGH,2,2,1,0.5,0.3333333333333333,True,False
S10__P_to_HLO__primary_5y_matched__M1__ridge__none,2010,2014,0.8661654135338346,0.7052631578947369,28,190,0.1473684210526315,LOW,2,2,2,1.0,1.0,True,False
S10__P_to_HLO__primary_5y_matched__M1__ridge__none,2010,2014,0.8661654135338346,0.7052631578947369,28,190,0.1473684210526315,HIGH,2,2,2,1.0,1.0,True,False
S10__P_to_HLO__primary_5y_matched__M1__ridge__none,2015,2017,0.75,0.5555555555555556,8,36,0.2222222222222222,LOW,1,1,0,0.0,0.0,True,False
S10__P_to_HLO__primary_5y_matched__M1__ridge__none,2015,2017,0.75,0.5555555555555556,8,36,0.2222222222222222,HIGH,1,1,0,0.0,0.0,True,False
S10__P_to_HLO__primary_5y_matched__M2__ridge__none,2000,2004,0.6,0.3999999999999999,3,10,0.3,LOW,1,1,1,1.0,1.0,True,False
S10__P_to_HLO__primary_5y_matched__M2__ridge__none,2000,2004,0.6,0.3999999999999999,3,10,0.3,HIGH,1,1,1,1.0,1.0,True,False
S10__P_to_HLO__primary_5y_matched__M2__ridge__none,2005,2009,0.8417582417582418,0.6923076923076924,14,91,0.1538461538461538,LOW,2,2,1,0.5,0.3333333333333333,True,False
S10__P_to_HLO__primary_5y_matched__M2__ridge__none,2005,2009,0.8417582417582418,0.6923076923076924,14,91,0.1538461538461538,HIGH,2,2,1,0.5,0.3333333333333333,True,False
S10__P_to_HLO__primary_5y_matched__M2__ridge__none,2010,2014,0.8977443609022555,0.7263157894736842,26,190,0.1368421052631579,LOW,2,2,1,0.5,0.3333333333333333,True,False
S10__P_to_HLO__primary_5y_matched__M2__ridge__none,2010,2014,0.8977443609022555,0.7263157894736842,26,190,0.1368421052631579,HIGH,2,2,0,0.0,0.0,True,False
S10__P_to_HLO__primary_5y_matched__M2__ridge__none,2015,2017,0.8333333333333333,0.6666666666666666,6,36,0.1666666666666666,LOW,1,1,1,1.0,1.0,True,False
S10__P_to_HLO__primary_5y_matched__M2__ridge__none,2015,2017,0.8333333333333333,0.6666666666666666,6,36,0.1666666666666666,HIGH,1,1,0,0.0,0.0,True,False
S10__P_to_HLO__primary_5y_matched__M3__ridge__none,2000,2004,0.3,0.1999999999999999,4,10,0.4,LOW,1,1,1,1.0,1.0,True,False
S10__P_to_HLO__primary_5y_matched__M3__ridge__none,2000,2004,0.3,0.1999999999999999,4,10,0.4,HIGH,1,1,0,0.0,0.0,True,False
S10__P_to_HLO__primary_5y_matched__M3__ridge__none,2005,2009,0.8593406593406594,0.6923076923076924,14,91,0.1538461538461538,LOW,2,2,1,0.5,0.3333333333333333,True,False
S10__P_to_HLO__primary_5y_matched__M3__ridge__none,2005,2009,0.8593406593406594,0.6923076923076924,14,91,0.1538461538461538,HIGH,2,2,1,0.5,0.3333333333333333,True,False
S10__P_to_HLO__primary_5y_matched__M3__ridge__none,2010,2014,0.938345864661654,0.8105263157894737,18,190,0.0947368421052631,LOW,2,2,1,0.5,0.3333333333333333,True,False
S10__P_to_HLO__primary_5y_matched__M3__ridge__none,2010,2014,0.938345864661654,0.8105263157894737,18,190,0.0947368421052631,HIGH,2,2,1,0.5,0.3333333333333333,True,False
S10__P_to_HLO__primary_5y_matched__M3__ridge__none,2015,2017,0.8499999999999999,0.7222222222222222,5,36,0.1388888888888889,LOW,1,1,1,1.0,1.0,True,False
S10__P_to_HLO__primary_5y_matched__M3__ridge__none,2015,2017,0.8499999999999999,0.7222222222222222,5,36,0.1388888888888889,HIGH,1,1,0,0.0,0.0,True,False
S12__HLO_to_P__alternative_12y__M1__ridge__none,2000,2004,0.5,0.3333333333333333,1,3,0.3333333333333333,LOW,1,1,1,1.0,1.0,True,False
S12__HLO_to_P__alternative_12y__M1__ridge__none,2000,2004,0.5,0.3333333333333333,1,3,0.3333333333333333,HIGH,1,1,0,0.0,0.0,True,False
S12__HLO_to_P__alternative_12y__M1__ridge__none,2005,2009,0.8021978021978022,0.6666666666666665,13,78,0.1666666666666666,LOW,2,2,1,0.5,0.3333333333333333,True,False
S12__HLO_to_P__alternative_12y__M1__ridge__none,2005,2009,0.8021978021978022,0.6666666666666665,13,78,0.1666666666666666,HIGH,2,2,1,0.5,0.3333333333333333,True,False
S12__HLO_to_P__alternative_12y__M1__ridge__none,2010,2014,0.8204334365325078,0.6601307189542485,26,153,0.1699346405228758,LOW,2,2,2,1.0,1.0,True,False
S12__HLO_to_P__alternative_12y__M1__ridge__none,2010,2014,0.8204334365325078,0.6601307189542485,26,153,0.1699346405228758,HIGH,2,2,2,1.0,1.0,True,False
S12__HLO_to_P__alternative_12y__M1__ridge__none,2015,2017,0.7380952380952381,0.5714285714285714,6,28,0.2142857142857142,LOW,1,1,0,0.0,0.0,True,False
S12__HLO_to_P__alternative_12y__M1__ridge__none,2015,2017,0.7380952380952381,0.5714285714285714,6,28,0.2142857142857142,HIGH,1,1,0,0.0,0.0,True,False
S12__HLO_to_P__alternative_12y__M2__ridge__none,2000,2004,0.5,0.3333333333333333,1,3,0.3333333333333333,LOW,1,1,1,1.0,1.0,True,False
S12__HLO_to_P__alternative_12y__M2__ridge__none,2000,2004,0.5,0.3333333333333333,1,3,0.3333333333333333,HIGH,1,1,0,0.0,0.0,True,False
S12__HLO_to_P__alternative_12y__M2__ridge__none,2005,2009,0.5714285714285714,0.4358974358974358,22,78,0.282051282051282,LOW,2,2,1,0.5,0.3333333333333333,True,False
S12__HLO_to_P__alternative_12y__M2__ridge__none,2005,2009,0.5714285714285714,0.4358974358974358,22,78,0.282051282051282,HIGH,2,2,0,0.0,0.0,True,False
S12__HLO_to_P__alternative_12y__M2__ridge__none,2010,2014,0.7915376676986584,0.6209150326797386,29,153,0.1895424836601307,LOW,2,2,2,1.0,1.0,True,False
S12__HLO_to_P__alternative_12y__M2__ridge__none,2010,2014,0.7915376676986584,0.6209150326797386,29,153,0.1895424836601307,HIGH,2,2,2,1.0,1.0,True,False
S12__HLO_to_P__alternative_12y__M2__ridge__none,2015,2017,0.5952380952380953,0.4999999999999999,7,28,0.25,LOW,1,1,0,0.0,0.0,True,False
S12__HLO_to_P__alternative_12y__M2__ridge__none,2015,2017,0.5952380952380953,0.4999999999999999,7,28,0.25,HIGH,1,1,0,0.0,0.0,True,False
S12__HLO_to_P__alternative_12y__M3__ridge__none,2000,2004,0.5,0.3333333333333333,1,3,0.3333333333333333,LOW,1,1,1,1.0,1.0,True,False
S12__HLO_to_P__alternative_12y__M3__ridge__none,2000,2004,0.5,0.3333333333333333,1,3,0.3333333333333333,HIGH,1,1,0,0.0,0.0,True,False
S12__HLO_to_P__alternative_12y__M3__ridge__none,2005,2009,0.6758241758241759,0.5128205128205127,19,78,0.2435897435897435,LOW,2,2,1,0.5,0.3333333333333333,True,False
S12__HLO_to_P__alternative_12y__M3__ridge__none,2005,2009,0.6758241758241759,0.5128205128205127,19,78,0.2435897435897435,HIGH,2,2,0,0.0,0.0,True,False
S12__HLO_to_P__alternative_12y__M3__ridge__none,2010,2014,0.7750257997936018,0.5947712418300655,31,153,0.2026143790849673,LOW,2,2,2,1.0,1.0,True,False
S12__HLO_to_P__alternative_12y__M3__ridge__none,2010,2014,0.7750257997936018,0.5947712418300655,31,153,0.2026143790849673,HIGH,2,2,2,1.0,1.0,True,False
S12__HLO_to_P__alternative_12y__M3__ridge__none,2015,2017,0.7380952380952381,0.5714285714285714,6,28,0.2142857142857142,LOW,1,1,0,0.0,0.0,True,False
S12__HLO_to_P__alternative_12y__M3__ridge__none,2015,2017,0.7380952380952381,0.5714285714285714,6,28,0.2142857142857142,HIGH,1,1,0,0.0,0.0,True,False
S12__HLO_to_P__primary_5y_matched__M1__ridge__none,2000,2004,0.5,0.3333333333333333,1,3,0.3333333333333333,LOW,1,1,1,1.0,1.0,True,False
S12__HLO_to_P__primary_5y_matched__M1__ridge__none,2000,2004,0.5,0.3333333333333333,1,3,0.3333333333333333,HIGH,1,1,0,0.0,0.0,True,False
S12__HLO_to_P__primary_5y_matched__M1__ridge__none,2005,2009,0.8021978021978022,0.6666666666666665,13,78,0.1666666666666666,LOW,2,2,1,0.5,0.3333333333333333,True,False
S12__HLO_to_P__primary_5y_matched__M1__ridge__none,2005,2009,0.8021978021978022,0.6666666666666665,13,78,0.1666666666666666,HIGH,2,2,1,0.5,0.3333333333333333,True,False
S12__HLO_to_P__primary_5y_matched__M1__ridge__none,2010,2014,0.8204334365325078,0.6601307189542485,26,153,0.1699346405228758,LOW,2,2,2,1.0,1.0,True,False
S12__HLO_to_P__primary_5y_matched__M1__ridge__none,2010,2014,0.8204334365325078,0.6601307189542485,26,153,0.1699346405228758,HIGH,2,2,2,1.0,1.0,True,False
S12__HLO_to_P__primary_5y_matched__M1__ridge__none,2015,2017,0.7380952380952381,0.5714285714285714,6,28,0.2142857142857142,LOW,1,1,0,0.0,0.0,True,False
S12__HLO_to_P__primary_5y_matched__M1__ridge__none,2015,2017,0.7380952380952381,0.5714285714285714,6,28,0.2142857142857142,HIGH,1,1,0,0.0,0.0,True,False
S12__HLO_to_P__primary_5y_matched__M2__ridge__none,2000,2004,0.5,0.3333333333333333,1,3,0.3333333333333333,LOW,1,1,1,1.0,1.0,True,False
S12__HLO_to_P__primary_5y_matched__M2__ridge__none,2000,2004,0.5,0.3333333333333333,1,3,0.3333333333333333,HIGH,1,1,0,0.0,0.0,True,False
S12__HLO_to_P__primary_5y_matched__M2__ridge__none,2005,2009,0.7087912087912087,0.5384615384615383,18,78,0.2307692307692307,LOW,2,2,1,0.5,0.3333333333333333,True,False
S12__HLO_to_P__primary_5y_matched__M2__ridge__none,2005,2009,0.7087912087912087,0.5384615384615383,18,78,0.2307692307692307,HIGH,2,2,0,0.0,0.0,True,False
S12__HLO_to_P__primary_5y_matched__M2__ridge__none,2010,2014,0.7358101135190918,0.5686274509803922,33,153,0.2156862745098039,LOW,2,2,1,0.5,0.3333333333333333,True,False
S12__HLO_to_P__primary_5y_matched__M2__ridge__none,2010,2014,0.7358101135190918,0.5686274509803922,33,153,0.2156862745098039,HIGH,2,2,1,0.5,0.3333333333333333,True,False
S12__HLO_to_P__primary_5y_matched__M2__ridge__none,2015,2017,0.4523809523809524,0.3571428571428571,9,28,0.3214285714285714,LOW,1,1,0,0.0,0.0,True,False
S12__HLO_to_P__primary_5y_matched__M2__ridge__none,2015,2017,0.4523809523809524,0.3571428571428571,9,28,0.3214285714285714,HIGH,1,1,1,1.0,1.0,True,False
S12__HLO_to_P__primary_5y_matched__M3__ridge__none,2000,2004,0.5,0.3333333333333333,1,3,0.3333333333333333,LOW,1,1,1,1.0,1.0,True,False
S12__HLO_to_P__primary_5y_matched__M3__ridge__none,2000,2004,0.5,0.3333333333333333,1,3,0.3333333333333333,HIGH,1,1,0,0.0,0.0,True,False
S12__HLO_to_P__primary_5y_matched__M3__ridge__none,2005,2009,0.6923076923076923,0.5128205128205127,19,78,0.2435897435897435,LOW,2,2,1,0.5,0.3333333333333333,True,False
S12__HLO_to_P__primary_5y_matched__M3__ridge__none,2005,2009,0.6923076923076923,0.5128205128205127,19,78,0.2435897435897435,HIGH,2,2,1,0.5,0.3333333333333333,True,False
S12__HLO_to_P__primary_5y_matched__M3__ridge__none,2010,2014,0.7585139318885449,0.5686274509803922,33,153,0.2156862745098039,LOW,2,2,1,0.5,0.3333333333333333,True,False
S12__HLO_to_P__primary_5y_matched__M3__ridge__none,2010,2014,0.7585139318885449,0.5686274509803922,33,153,0.2156862745098039,HIGH,2,2,2,1.0,1.0,True,False
S12__HLO_to_P__primary_5y_matched__M3__ridge__none,2015,2017,0.8095238095238096,0.6428571428571428,5,28,0.1785714285714285,LOW,1,1,0,0.0,0.0,True,False
S12__HLO_to_P__primary_5y_matched__M3__ridge__none,2015,2017,0.8095238095238096,0.6428571428571428,5,28,0.1785714285714285,HIGH,1,1,1,1.0,1.0,True,False
S12__P_to_HLO__alternative_12y__M1__ridge__none,2000,2004,0.5,0.3333333333333333,1,3,0.3333333333333333,LOW,1,1,1,1.0,1.0,True,False
S12__P_to_HLO__alternative_12y__M1__ridge__none,2000,2004,0.5,0.3333333333333333,1,3,0.3333333333333333,HIGH,1,1,0,0.0,0.0,True,False
S12__P_to_HLO__alternative_12y__M1__ridge__none,2005,2009,0.7802197802197801,0.6410256410256409,14,78,0.1794871794871795,LOW,2,2,1,0.5,0.3333333333333333,True,False
S12__P_to_HLO__alternative_12y__M1__ridge__none,2005,2009,0.7802197802197801,0.6410256410256409,14,78,0.1794871794871795,HIGH,2,2,1,0.5,0.3333333333333333,True,False
S12__P_to_HLO__alternative_12y__M1__ridge__none,2010,2014,0.8431372549019607,0.6862745098039217,24,153,0.1568627450980392,LOW,2,2,2,1.0,1.0,True,False
S12__P_to_HLO__alternative_12y__M1__ridge__none,2010,2014,0.8431372549019607,0.6862745098039217,24,153,0.1568627450980392,HIGH,2,2,2,1.0,1.0,True,False
S12__P_to_HLO__alternative_12y__M1__ridge__none,2015,2017,0.7380952380952381,0.5714285714285714,6,28,0.2142857142857142,LOW,1,1,0,0.0,0.0,True,False
S12__P_to_HLO__alternative_12y__M1__ridge__none,2015,2017,0.7380952380952381,0.5714285714285714,6,28,0.2142857142857142,HIGH,1,1,0,0.0,0.0,True,False
S12__P_to_HLO__alternative_12y__M2__ridge__none,2000,2004,0.5,0.3333333333333333,1,3,0.3333333333333333,LOW,1,1,1,1.0,1.0,True,False
S12__P_to_HLO__alternative_12y__M2__ridge__none,2000,2004,0.5,0.3333333333333333,1,3,0.3333333333333333,HIGH,1,1,0,0.0,0.0,True,False
S12__P_to_HLO__alternative_12y__M2__ridge__none,2005,2009,0.7582417582417583,0.5384615384615383,18,78,0.2307692307692307,LOW,2,2,1,0.5,0.3333333333333333,True,False
S12__P_to_HLO__alternative_12y__M2__ridge__none,2005,2009,0.7582417582417583,0.5384615384615383,18,78,0.2307692307692307,HIGH,2,2,0,0.0,0.0,True,False
S12__P_to_HLO__alternative_12y__M2__ridge__none,2010,2014,0.9442724458204332,0.8431372549019609,12,153,0.0784313725490196,LOW,2,2,1,0.5,0.3333333333333333,True,False
S12__P_to_HLO__alternative_12y__M2__ridge__none,2010,2014,0.9442724458204332,0.8431372549019609,12,153,0.0784313725490196,HIGH,2,2,2,1.0,1.0,True,False
S12__P_to_HLO__alternative_12y__M2__ridge__none,2015,2017,0.7142857142857144,0.5714285714285714,6,28,0.2142857142857142,LOW,1,1,1,1.0,1.0,True,False
S12__P_to_HLO__alternative_12y__M2__ridge__none,2015,2017,0.7142857142857144,0.5714285714285714,6,28,0.2142857142857142,HIGH,1,1,0,0.0,0.0,True,False
S12__P_to_HLO__alternative_12y__M3__ridge__none,2000,2004,0.5,0.3333333333333333,1,3,0.3333333333333333,LOW,1,1,1,1.0,1.0,True,False
S12__P_to_HLO__alternative_12y__M3__ridge__none,2000,2004,0.5,0.3333333333333333,1,3,0.3333333333333333,HIGH,1,1,0,0.0,0.0,True,False
S12__P_to_HLO__alternative_12y__M3__ridge__none,2005,2009,0.8131868131868131,0.6410256410256409,14,78,0.1794871794871795,LOW,2,2,1,0.5,0.3333333333333333,True,False
S12__P_to_HLO__alternative_12y__M3__ridge__none,2005,2009,0.8131868131868131,0.6410256410256409,14,78,0.1794871794871795,HIGH,2,2,0,0.0,0.0,True,False
S12__P_to_HLO__alternative_12y__M3__ridge__none,2010,2014,0.933952528379773,0.803921568627451,15,153,0.0980392156862745,LOW,2,2,1,0.5,0.3333333333333333,True,False
S12__P_to_HLO__alternative_12y__M3__ridge__none,2010,2014,0.933952528379773,0.803921568627451,15,153,0.0980392156862745,HIGH,2,2,2,1.0,1.0,True,False
S12__P_to_HLO__alternative_12y__M3__ridge__none,2015,2017,0.7142857142857144,0.5714285714285714,6,28,0.2142857142857142,LOW,1,1,1,1.0,1.0,True,False
S12__P_to_HLO__alternative_12y__M3__ridge__none,2015,2017,0.7142857142857144,0.5714285714285714,6,28,0.2142857142857142,HIGH,1,1,0,0.0,0.0,True,False
S12__P_to_HLO__primary_5y_matched__M1__ridge__none,2000,2004,0.5,0.3333333333333333,1,3,0.3333333333333333,LOW,1,1,1,1.0,1.0,True,False
S12__P_to_HLO__primary_5y_matched__M1__ridge__none,2000,2004,0.5,0.3333333333333333,1,3,0.3333333333333333,HIGH,1,1,0,0.0,0.0,True,False
S12__P_to_HLO__primary_5y_matched__M1__ridge__none,2005,2009,0.7802197802197801,0.6410256410256409,14,78,0.1794871794871795,LOW,2,2,1,0.5,0.3333333333333333,True,False
S12__P_to_HLO__primary_5y_matched__M1__ridge__none,2005,2009,0.7802197802197801,0.6410256410256409,14,78,0.1794871794871795,HIGH,2,2,1,0.5,0.3333333333333333,True,False
S12__P_to_HLO__primary_5y_matched__M1__ridge__none,2010,2014,0.8431372549019607,0.6862745098039217,24,153,0.1568627450980392,LOW,2,2,2,1.0,1.0,True,False
S12__P_to_HLO__primary_5y_matched__M1__ridge__none,2010,2014,0.8431372549019607,0.6862745098039217,24,153,0.1568627450980392,HIGH,2,2,2,1.0,1.0,True,False
S12__P_to_HLO__primary_5y_matched__M1__ridge__none,2015,2017,0.7380952380952381,0.5714285714285714,6,28,0.2142857142857142,LOW,1,1,0,0.0,0.0,True,False
S12__P_to_HLO__primary_5y_matched__M1__ridge__none,2015,2017,0.7380952380952381,0.5714285714285714,6,28,0.2142857142857142,HIGH,1,1,0,0.0,0.0,True,False
S12__P_to_HLO__primary_5y_matched__M2__ridge__none,2000,2004,0.5,0.3333333333333333,1,3,0.3333333333333333,LOW,1,1,1,1.0,1.0,True,False
S12__P_to_HLO__primary_5y_matched__M2__ridge__none,2000,2004,0.5,0.3333333333333333,1,3,0.3333333333333333,HIGH,1,1,0,0.0,0.0,True,False
S12__P_to_HLO__primary_5y_matched__M2__ridge__none,2005,2009,0.7967032967032966,0.6153846153846153,15,78,0.1923076923076923,LOW,2,2,1,0.5,0.3333333333333333,True,False
S12__P_to_HLO__primary_5y_matched__M2__ridge__none,2005,2009,0.7967032967032966,0.6153846153846153,15,78,0.1923076923076923,HIGH,2,2,1,0.5,0.3333333333333333,True,False
S12__P_to_HLO__primary_5y_matched__M2__ridge__none,2010,2014,0.8885448916408669,0.7124183006535948,22,153,0.1437908496732026,LOW,2,2,1,0.5,0.3333333333333333,True,False
S12__P_to_HLO__primary_5y_matched__M2__ridge__none,2010,2014,0.8885448916408669,0.7124183006535948,22,153,0.1437908496732026,HIGH,2,2,0,0.0,0.0,True,False
S12__P_to_HLO__primary_5y_matched__M2__ridge__none,2015,2017,0.6904761904761906,0.5714285714285714,6,28,0.2142857142857142,LOW,1,1,1,1.0,1.0,True,False
S12__P_to_HLO__primary_5y_matched__M2__ridge__none,2015,2017,0.6904761904761906,0.5714285714285714,6,28,0.2142857142857142,HIGH,1,1,0,0.0,0.0,True,False
S12__P_to_HLO__primary_5y_matched__M3__ridge__none,2000,2004,0.5,0.3333333333333333,1,3,0.3333333333333333,LOW,1,1,1,1.0,1.0,True,False
S12__P_to_HLO__primary_5y_matched__M3__ridge__none,2000,2004,0.5,0.3333333333333333,1,3,0.3333333333333333,HIGH,1,1,0,0.0,0.0,True,False
S12__P_to_HLO__primary_5y_matched__M3__ridge__none,2005,2009,0.8186813186813187,0.6410256410256409,14,78,0.1794871794871795,LOW,2,2,1,0.5,0.3333333333333333,True,False
S12__P_to_HLO__primary_5y_matched__M3__ridge__none,2005,2009,0.8186813186813187,0.6410256410256409,14,78,0.1794871794871795,HIGH,2,2,1,0.5,0.3333333333333333,True,False
S12__P_to_HLO__primary_5y_matched__M3__ridge__none,2010,2014,0.9277605779153768,0.7908496732026145,16,153,0.1045751633986928,LOW,2,2,1,0.5,0.3333333333333333,True,False
S12__P_to_HLO__primary_5y_matched__M3__ridge__none,2010,2014,0.9277605779153768,0.7908496732026145,16,153,0.1045751633986928,HIGH,2,2,2,1.0,1.0,True,False
S12__P_to_HLO__primary_5y_matched__M3__ridge__none,2015,2017,0.7380952380952381,0.6428571428571428,5,28,0.1785714285714285,LOW,1,1,1,1.0,1.0,True,False
S12__P_to_HLO__primary_5y_matched__M3__ridge__none,2015,2017,0.7380952380952381,0.6428571428571428,5,28,0.1785714285714285,HIGH,1,1,0,0.0,0.0,True,False
S4__HLO_to_P__four_year_preceding_5y__M1__ridge__none,2000,2003,0.1428571428571428,0.0476190476190476,10,21,0.4761904761904761,LOW,1,1,1,1.0,1.0,True,False
S4__HLO_to_P__four_year_preceding_5y__M1__ridge__none,2000,2003,0.1428571428571428,0.0476190476190476,10,21,0.4761904761904761,HIGH,1,1,0,0.0,0.0,True,False
S4__HLO_to_P__four_year_preceding_5y__M1__ridge__none,2004,2007,1.0,1.0,0,10,0.0,LOW,1,1,1,1.0,1.0,True,False
S4__HLO_to_P__four_year_preceding_5y__M1__ridge__none,2004,2007,1.0,1.0,0,10,0.0,HIGH,1,1,1,1.0,1.0,True,False
S4__HLO_to_P__four_year_preceding_5y__M1__ridge__none,2008,2011,0.8350877192982457,0.6374269005847952,31,171,0.1812865497076023,LOW,2,2,1,0.5,0.3333333333333333,True,False
S4__HLO_to_P__four_year_preceding_5y__M1__ridge__none,2008,2011,0.8350877192982457,0.6374269005847952,31,171,0.1812865497076023,HIGH,2,2,0,0.0,0.0,True,False
S4__HLO_to_P__four_year_preceding_5y__M1__ridge__none,2012,2015,0.8121775025799793,0.6339869281045752,28,153,0.1830065359477124,LOW,2,2,0,0.0,0.0,True,False
S4__HLO_to_P__four_year_preceding_5y__M1__ridge__none,2012,2015,0.8121775025799793,0.6339869281045752,28,153,0.1830065359477124,HIGH,2,2,1,0.5,0.3333333333333333,True,False
S4__HLO_to_P__four_year_preceding_5y__M2__ridge__none,2000,2003,0.3571428571428572,0.2380952380952381,8,21,0.3809523809523809,LOW,1,1,0,0.0,0.0,True,False
S4__HLO_to_P__four_year_preceding_5y__M2__ridge__none,2000,2003,0.3571428571428572,0.2380952380952381,8,21,0.3809523809523809,HIGH,1,1,0,0.0,0.0,True,False
S4__HLO_to_P__four_year_preceding_5y__M2__ridge__none,2004,2007,0.8999999999999998,0.7999999999999999,1,10,0.1,LOW,1,1,1,1.0,1.0,True,False
S4__HLO_to_P__four_year_preceding_5y__M2__ridge__none,2004,2007,0.8999999999999998,0.7999999999999999,1,10,0.1,HIGH,1,1,0,0.0,0.0,True,False
S4__HLO_to_P__four_year_preceding_5y__M2__ridge__none,2008,2011,0.7421052631578948,0.4853801169590642,44,171,0.2573099415204678,LOW,2,2,1,0.5,0.3333333333333333,True,False
S4__HLO_to_P__four_year_preceding_5y__M2__ridge__none,2008,2011,0.7421052631578948,0.4853801169590642,44,171,0.2573099415204678,HIGH,2,2,0,0.0,0.0,True,False
S4__HLO_to_P__four_year_preceding_5y__M2__ridge__none,2012,2015,0.6078431372549019,0.3594771241830065,49,153,0.3202614379084967,LOW,2,2,0,0.0,0.0,True,False
S4__HLO_to_P__four_year_preceding_5y__M2__ridge__none,2012,2015,0.6078431372549019,0.3594771241830065,49,153,0.3202614379084967,HIGH,2,2,0,0.0,0.0,True,False
S4__HLO_to_P__four_year_preceding_5y__M3__ridge__none,2000,2003,0.0357142857142857,-0.0476190476190476,11,21,0.5238095238095238,LOW,1,1,0,0.0,0.0,True,False
S4__HLO_to_P__four_year_preceding_5y__M3__ridge__none,2000,2003,0.0357142857142857,-0.0476190476190476,11,21,0.5238095238095238,HIGH,1,1,0,0.0,0.0,True,False
S4__HLO_to_P__four_year_preceding_5y__M3__ridge__none,2004,2007,0.8999999999999998,0.7999999999999999,1,10,0.1,LOW,1,1,1,1.0,1.0,True,False
S4__HLO_to_P__four_year_preceding_5y__M3__ridge__none,2004,2007,0.8999999999999998,0.7999999999999999,1,10,0.1,HIGH,1,1,0,0.0,0.0,True,False
S4__HLO_to_P__four_year_preceding_5y__M3__ridge__none,2008,2011,0.7859649122807018,0.543859649122807,39,171,0.2280701754385964,LOW,2,2,1,0.5,0.3333333333333333,True,False
S4__HLO_to_P__four_year_preceding_5y__M3__ridge__none,2008,2011,0.7859649122807018,0.543859649122807,39,171,0.2280701754385964,HIGH,2,2,0,0.0,0.0,True,False
S4__HLO_to_P__four_year_preceding_5y__M3__ridge__none,2012,2015,0.6367389060887513,0.3986928104575163,46,153,0.3006535947712418,LOW,2,2,0,0.0,0.0,True,False
S4__HLO_to_P__four_year_preceding_5y__M3__ridge__none,2012,2015,0.6367389060887513,0.3986928104575163,46,153,0.3006535947712418,HIGH,2,2,0,0.0,0.0,True,False
S4__P_to_HLO__four_year_preceding_5y__M1__ridge__none,2000,2003,0.1428571428571428,0.0476190476190476,10,21,0.4761904761904761,LOW,1,1,1,1.0,1.0,True,False
S4__P_to_HLO__four_year_preceding_5y__M1__ridge__none,2000,2003,0.1428571428571428,0.0476190476190476,10,21,0.4761904761904761,HIGH,1,1,0,0.0,0.0,True,False
S4__P_to_HLO__four_year_preceding_5y__M1__ridge__none,2004,2007,1.0,1.0,0,10,0.0,LOW,1,1,1,1.0,1.0,True,False
S4__P_to_HLO__four_year_preceding_5y__M1__ridge__none,2004,2007,1.0,1.0,0,10,0.0,HIGH,1,1,1,1.0,1.0,True,False
S4__P_to_HLO__four_year_preceding_5y__M1__ridge__none,2008,2011,0.8666666666666666,0.6608187134502924,29,171,0.1695906432748538,LOW,2,2,1,0.5,0.3333333333333333,True,False
S4__P_to_HLO__four_year_preceding_5y__M1__ridge__none,2008,2011,0.8666666666666666,0.6608187134502924,29,171,0.1695906432748538,HIGH,2,2,0,0.0,0.0,True,False
S4__P_to_HLO__four_year_preceding_5y__M1__ridge__none,2012,2015,0.7853457172342622,0.607843137254902,30,153,0.196078431372549,LOW,2,2,0,0.0,0.0,True,False
S4__P_to_HLO__four_year_preceding_5y__M1__ridge__none,2012,2015,0.7853457172342622,0.607843137254902,30,153,0.196078431372549,HIGH,2,2,1,0.5,0.3333333333333333,True,False
S4__P_to_HLO__four_year_preceding_5y__M2__ridge__none,2000,2003,0.6071428571428572,0.3333333333333333,7,21,0.3333333333333333,LOW,1,1,0,0.0,0.0,True,False
S4__P_to_HLO__four_year_preceding_5y__M2__ridge__none,2000,2003,0.6071428571428572,0.3333333333333333,7,21,0.3333333333333333,HIGH,1,1,1,1.0,1.0,True,False
S4__P_to_HLO__four_year_preceding_5y__M2__ridge__none,2004,2007,1.0,1.0,0,10,0.0,LOW,1,1,1,1.0,1.0,True,False
S4__P_to_HLO__four_year_preceding_5y__M2__ridge__none,2004,2007,1.0,1.0,0,10,0.0,HIGH,1,1,1,1.0,1.0,True,False
S4__P_to_HLO__four_year_preceding_5y__M2__ridge__none,2008,2011,0.780701754385965,0.5906432748538012,35,171,0.2046783625730994,LOW,2,2,1,0.5,0.3333333333333333,True,False
S4__P_to_HLO__four_year_preceding_5y__M2__ridge__none,2008,2011,0.780701754385965,0.5906432748538012,35,171,0.2046783625730994,HIGH,2,2,0,0.0,0.0,True,False
S4__P_to_HLO__four_year_preceding_5y__M2__ridge__none,2012,2015,0.8204334365325078,0.607843137254902,30,153,0.196078431372549,LOW,2,2,0,0.0,0.0,True,False
S4__P_to_HLO__four_year_preceding_5y__M2__ridge__none,2012,2015,0.8204334365325078,0.607843137254902,30,153,0.196078431372549,HIGH,2,2,0,0.0,0.0,True,False
S4__P_to_HLO__four_year_preceding_5y__M3__ridge__none,2000,2003,0.5,0.3333333333333333,7,21,0.3333333333333333,LOW,1,1,1,1.0,1.0,True,False
S4__P_to_HLO__four_year_preceding_5y__M3__ridge__none,2000,2003,0.5,0.3333333333333333,7,21,0.3333333333333333,HIGH,1,1,0,0.0,0.0,True,False
S4__P_to_HLO__four_year_preceding_5y__M3__ridge__none,2004,2007,1.0,1.0,0,10,0.0,LOW,1,1,1,1.0,1.0,True,False
S4__P_to_HLO__four_year_preceding_5y__M3__ridge__none,2004,2007,1.0,1.0,0,10,0.0,HIGH,1,1,1,1.0,1.0,True,False
S4__P_to_HLO__four_year_preceding_5y__M3__ridge__none,2008,2011,0.8245614035087718,0.6374269005847952,31,171,0.1812865497076023,LOW,2,2,1,0.5,0.3333333333333333,True,False
S4__P_to_HLO__four_year_preceding_5y__M3__ridge__none,2008,2011,0.8245614035087718,0.6374269005847952,31,171,0.1812865497076023,HIGH,2,2,1,0.5,0.3333333333333333,True,False
S4__P_to_HLO__four_year_preceding_5y__M3__ridge__none,2012,2015,0.8844169246646028,0.7254901960784316,21,153,0.1372549019607843,LOW,2,2,1,0.5,0.3333333333333333,True,False
S4__P_to_HLO__four_year_preceding_5y__M3__ridge__none,2012,2015,0.8844169246646028,0.7254901960784316,21,153,0.1372549019607843,HIGH,2,2,1,0.5,0.3333333333333333,True,False
SA5__HLO_to_P__assessment_specific_5y_fixed__M1__ridge__none,2000,2004,0.6,0.3999999999999999,3,10,0.3,LOW,1,1,1,1.0,1.0,True,False
SA5__HLO_to_P__assessment_specific_5y_fixed__M1__ridge__none,2000,2004,0.6,0.3999999999999999,3,10,0.3,HIGH,1,1,0,0.0,0.0,True,False
SA5__HLO_to_P__assessment_specific_5y_fixed__M1__ridge__none,2005,2009,0.8651960784313727,0.7205882352941176,19,136,0.1397058823529411,LOW,2,2,1,0.5,0.3333333333333333,True,False
SA5__HLO_to_P__assessment_specific_5y_fixed__M1__ridge__none,2005,2009,0.8651960784313727,0.7205882352941176,19,136,0.1397058823529411,HIGH,2,2,1,0.5,0.3333333333333333,True,False
SA5__HLO_to_P__assessment_specific_5y_fixed__M1__ridge__none,2010,2014,0.8511278195488721,0.6842105263157895,30,190,0.1578947368421052,LOW,2,2,2,1.0,1.0,True,False
SA5__HLO_to_P__assessment_specific_5y_fixed__M1__ridge__none,2010,2014,0.8511278195488721,0.6842105263157895,30,190,0.1578947368421052,HIGH,2,2,2,1.0,1.0,True,False
SA5__HLO_to_P__assessment_specific_5y_fixed__M1__ridge__none,2015,2017,0.75,0.5555555555555556,8,36,0.2222222222222222,LOW,1,1,0,0.0,0.0,True,False
SA5__HLO_to_P__assessment_specific_5y_fixed__M1__ridge__none,2015,2017,0.75,0.5555555555555556,8,36,0.2222222222222222,HIGH,1,1,0,0.0,0.0,True,False
SA5__HLO_to_P__assessment_specific_5y_fixed__M2__ridge__none,2000,2004,0.6,0.3999999999999999,3,10,0.3,LOW,1,1,0,0.0,0.0,True,False
SA5__HLO_to_P__assessment_specific_5y_fixed__M2__ridge__none,2000,2004,0.6,0.3999999999999999,3,10,0.3,HIGH,1,1,0,0.0,0.0,True,False
SA5__HLO_to_P__assessment_specific_5y_fixed__M2__ridge__none,2005,2009,0.7916666666666667,0.6029411764705882,27,136,0.1985294117647058,LOW,2,2,2,1.0,1.0,True,False
SA5__HLO_to_P__assessment_specific_5y_fixed__M2__ridge__none,2005,2009,0.7916666666666667,0.6029411764705882,27,136,0.1985294117647058,HIGH,2,2,0,0.0,0.0,True,False
SA5__HLO_to_P__assessment_specific_5y_fixed__M2__ridge__none,2010,2014,0.7909774436090224,0.6000000000000001,38,190,0.2,LOW,2,2,1,0.5,0.3333333333333333,True,False
SA5__HLO_to_P__assessment_specific_5y_fixed__M2__ridge__none,2010,2014,0.7909774436090224,0.6000000000000001,38,190,0.2,HIGH,2,2,1,0.5,0.3333333333333333,True,False
SA5__HLO_to_P__assessment_specific_5y_fixed__M2__ridge__none,2015,2017,0.75,0.611111111111111,7,36,0.1944444444444444,LOW,1,1,0,0.0,0.0,True,False
SA5__HLO_to_P__assessment_specific_5y_fixed__M2__ridge__none,2015,2017,0.75,0.611111111111111,7,36,0.1944444444444444,HIGH,1,1,0,0.0,0.0,True,False
SA5__HLO_to_P__assessment_specific_5y_fixed__M3__ridge__none,2000,2004,0.4999999999999999,0.1999999999999999,4,10,0.4,LOW,1,1,0,0.0,0.0,True,False
SA5__HLO_to_P__assessment_specific_5y_fixed__M3__ridge__none,2000,2004,0.4999999999999999,0.1999999999999999,4,10,0.4,HIGH,1,1,0,0.0,0.0,True,False
SA5__HLO_to_P__assessment_specific_5y_fixed__M3__ridge__none,2005,2009,0.8259803921568629,0.6470588235294118,24,136,0.1764705882352941,LOW,2,2,2,1.0,1.0,True,False
SA5__HLO_to_P__assessment_specific_5y_fixed__M3__ridge__none,2005,2009,0.8259803921568629,0.6470588235294118,24,136,0.1764705882352941,HIGH,2,2,0,0.0,0.0,True,False
SA5__HLO_to_P__assessment_specific_5y_fixed__M3__ridge__none,2010,2014,0.7924812030075187,0.6105263157894737,37,190,0.1947368421052631,LOW,2,2,1,0.5,0.3333333333333333,True,False
SA5__HLO_to_P__assessment_specific_5y_fixed__M3__ridge__none,2010,2014,0.7924812030075187,0.6105263157894737,37,190,0.1947368421052631,HIGH,2,2,2,1.0,1.0,True,False
SA5__HLO_to_P__assessment_specific_5y_fixed__M3__ridge__none,2015,2017,0.8833333333333333,0.7777777777777778,4,36,0.1111111111111111,LOW,1,1,0,0.0,0.0,True,False
SA5__HLO_to_P__assessment_specific_5y_fixed__M3__ridge__none,2015,2017,0.8833333333333333,0.7777777777777778,4,36,0.1111111111111111,HIGH,1,1,1,1.0,1.0,True,False
SA5__HLO_to_P__primary_5y_matched__M1__ridge__none,2000,2004,0.6,0.3999999999999999,3,10,0.3,LOW,1,1,1,1.0,1.0,True,False
SA5__HLO_to_P__primary_5y_matched__M1__ridge__none,2000,2004,0.6,0.3999999999999999,3,10,0.3,HIGH,1,1,0,0.0,0.0,True,False
SA5__HLO_to_P__primary_5y_matched__M1__ridge__none,2005,2009,0.8651960784313727,0.7205882352941176,19,136,0.1397058823529411,LOW,2,2,1,0.5,0.3333333333333333,True,False
SA5__HLO_to_P__primary_5y_matched__M1__ridge__none,2005,2009,0.8651960784313727,0.7205882352941176,19,136,0.1397058823529411,HIGH,2,2,1,0.5,0.3333333333333333,True,False
SA5__HLO_to_P__primary_5y_matched__M1__ridge__none,2010,2014,0.8511278195488721,0.6842105263157895,30,190,0.1578947368421052,LOW,2,2,2,1.0,1.0,True,False
SA5__HLO_to_P__primary_5y_matched__M1__ridge__none,2010,2014,0.8511278195488721,0.6842105263157895,30,190,0.1578947368421052,HIGH,2,2,2,1.0,1.0,True,False
SA5__HLO_to_P__primary_5y_matched__M1__ridge__none,2015,2017,0.75,0.5555555555555556,8,36,0.2222222222222222,LOW,1,1,0,0.0,0.0,True,False
SA5__HLO_to_P__primary_5y_matched__M1__ridge__none,2015,2017,0.75,0.5555555555555556,8,36,0.2222222222222222,HIGH,1,1,0,0.0,0.0,True,False
SA5__HLO_to_P__primary_5y_matched__M2__ridge__none,2000,2004,0.6,0.3999999999999999,3,10,0.3,LOW,1,1,0,0.0,0.0,True,False
SA5__HLO_to_P__primary_5y_matched__M2__ridge__none,2000,2004,0.6,0.3999999999999999,3,10,0.3,HIGH,1,1,0,0.0,0.0,True,False
SA5__HLO_to_P__primary_5y_matched__M2__ridge__none,2005,2009,0.7794117647058825,0.588235294117647,28,136,0.2058823529411764,LOW,2,2,1,0.5,0.3333333333333333,True,False
SA5__HLO_to_P__primary_5y_matched__M2__ridge__none,2005,2009,0.7794117647058825,0.588235294117647,28,136,0.2058823529411764,HIGH,2,2,0,0.0,0.0,True,False
SA5__HLO_to_P__primary_5y_matched__M2__ridge__none,2010,2014,0.7744360902255639,0.6105263157894737,37,190,0.1947368421052631,LOW,2,2,1,0.5,0.3333333333333333,True,False
SA5__HLO_to_P__primary_5y_matched__M2__ridge__none,2010,2014,0.7744360902255639,0.6105263157894737,37,190,0.1947368421052631,HIGH,2,2,1,0.5,0.3333333333333333,True,False
SA5__HLO_to_P__primary_5y_matched__M2__ridge__none,2015,2017,0.6166666666666666,0.5,9,36,0.25,LOW,1,1,0,0.0,0.0,True,False
SA5__HLO_to_P__primary_5y_matched__M2__ridge__none,2015,2017,0.6166666666666666,0.5,9,36,0.25,HIGH,1,1,0,0.0,0.0,True,False
SA5__HLO_to_P__primary_5y_matched__M3__ridge__none,2000,2004,0.4999999999999999,0.1999999999999999,4,10,0.4,LOW,1,1,0,0.0,0.0,True,False
SA5__HLO_to_P__primary_5y_matched__M3__ridge__none,2000,2004,0.4999999999999999,0.1999999999999999,4,10,0.4,HIGH,1,1,0,0.0,0.0,True,False
SA5__HLO_to_P__primary_5y_matched__M3__ridge__none,2005,2009,0.7990196078431374,0.6176470588235293,26,136,0.1911764705882352,LOW,2,2,1,0.5,0.3333333333333333,True,False
SA5__HLO_to_P__primary_5y_matched__M3__ridge__none,2005,2009,0.7990196078431374,0.6176470588235293,26,136,0.1911764705882352,HIGH,2,2,0,0.0,0.0,True,False
SA5__HLO_to_P__primary_5y_matched__M3__ridge__none,2010,2014,0.7518796992481201,0.5894736842105264,39,190,0.2052631578947368,LOW,2,2,1,0.5,0.3333333333333333,True,False
SA5__HLO_to_P__primary_5y_matched__M3__ridge__none,2010,2014,0.7518796992481201,0.5894736842105264,39,190,0.2052631578947368,HIGH,2,2,1,0.5,0.3333333333333333,True,False
SA5__HLO_to_P__primary_5y_matched__M3__ridge__none,2015,2017,0.8166666666666667,0.6666666666666666,6,36,0.1666666666666666,LOW,1,1,0,0.0,0.0,True,False
SA5__HLO_to_P__primary_5y_matched__M3__ridge__none,2015,2017,0.8166666666666667,0.6666666666666666,6,36,0.1666666666666666,HIGH,1,1,0,0.0,0.0,True,False
SA5__P_to_HLO__assessment_specific_5y_fixed__M1__ridge__none,2000,2004,0.6,0.3999999999999999,3,10,0.3,LOW,1,1,1,1.0,1.0,True,False
SA5__P_to_HLO__assessment_specific_5y_fixed__M1__ridge__none,2000,2004,0.6,0.3999999999999999,3,10,0.3,HIGH,1,1,0,0.0,0.0,True,False
SA5__P_to_HLO__assessment_specific_5y_fixed__M1__ridge__none,2005,2009,0.8333333333333335,0.6911764705882353,21,136,0.1544117647058823,LOW,2,2,1,0.5,0.3333333333333333,True,False
SA5__P_to_HLO__assessment_specific_5y_fixed__M1__ridge__none,2005,2009,0.8333333333333335,0.6911764705882353,21,136,0.1544117647058823,HIGH,2,2,1,0.5,0.3333333333333333,True,False
SA5__P_to_HLO__assessment_specific_5y_fixed__M1__ridge__none,2010,2014,0.8661654135338346,0.7052631578947369,28,190,0.1473684210526315,LOW,2,2,2,1.0,1.0,True,False
SA5__P_to_HLO__assessment_specific_5y_fixed__M1__ridge__none,2010,2014,0.8661654135338346,0.7052631578947369,28,190,0.1473684210526315,HIGH,2,2,2,1.0,1.0,True,False
SA5__P_to_HLO__assessment_specific_5y_fixed__M1__ridge__none,2015,2017,0.75,0.5555555555555556,8,36,0.2222222222222222,LOW,1,1,0,0.0,0.0,True,False
SA5__P_to_HLO__assessment_specific_5y_fixed__M1__ridge__none,2015,2017,0.75,0.5555555555555556,8,36,0.2222222222222222,HIGH,1,1,0,0.0,0.0,True,False
SA5__P_to_HLO__assessment_specific_5y_fixed__M2__ridge__none,2000,2004,0.6,0.3999999999999999,3,10,0.3,LOW,1,1,0,0.0,0.0,True,False
SA5__P_to_HLO__assessment_specific_5y_fixed__M2__ridge__none,2000,2004,0.6,0.3999999999999999,3,10,0.3,HIGH,1,1,0,0.0,0.0,True,False
SA5__P_to_HLO__assessment_specific_5y_fixed__M2__ridge__none,2005,2009,0.8333333333333335,0.6617647058823529,23,136,0.1691176470588235,LOW,2,2,1,0.5,0.3333333333333333,True,False
SA5__P_to_HLO__assessment_specific_5y_fixed__M2__ridge__none,2005,2009,0.8333333333333335,0.6617647058823529,23,136,0.1691176470588235,HIGH,2,2,0,0.0,0.0,True,False
SA5__P_to_HLO__assessment_specific_5y_fixed__M2__ridge__none,2010,2014,0.9082706766917292,0.7578947368421053,23,190,0.1210526315789473,LOW,2,2,1,0.5,0.3333333333333333,True,False
SA5__P_to_HLO__assessment_specific_5y_fixed__M2__ridge__none,2010,2014,0.9082706766917292,0.7578947368421053,23,190,0.1210526315789473,HIGH,2,2,0,0.0,0.0,True,False
SA5__P_to_HLO__assessment_specific_5y_fixed__M2__ridge__none,2015,2017,0.7,0.5,9,36,0.25,LOW,1,1,1,1.0,1.0,True,False
SA5__P_to_HLO__assessment_specific_5y_fixed__M2__ridge__none,2015,2017,0.7,0.5,9,36,0.25,HIGH,1,1,0,0.0,0.0,True,False
SA5__P_to_HLO__assessment_specific_5y_fixed__M3__ridge__none,2000,2004,0.7,0.6,2,10,0.2,LOW,1,1,1,1.0,1.0,True,False
SA5__P_to_HLO__assessment_specific_5y_fixed__M3__ridge__none,2000,2004,0.7,0.6,2,10,0.2,HIGH,1,1,0,0.0,0.0,True,False
SA5__P_to_HLO__assessment_specific_5y_fixed__M3__ridge__none,2005,2009,0.931372549019608,0.8088235294117646,13,136,0.0955882352941176,LOW,2,2,1,0.5,0.3333333333333333,True,False
SA5__P_to_HLO__assessment_specific_5y_fixed__M3__ridge__none,2005,2009,0.931372549019608,0.8088235294117646,13,136,0.0955882352941176,HIGH,2,2,2,1.0,1.0,True,False
SA5__P_to_HLO__assessment_specific_5y_fixed__M3__ridge__none,2010,2014,0.9338345864661652,0.7999999999999999,19,190,0.1,LOW,2,2,1,0.5,0.3333333333333333,True,False
SA5__P_to_HLO__assessment_specific_5y_fixed__M3__ridge__none,2010,2014,0.9338345864661652,0.7999999999999999,19,190,0.1,HIGH,2,2,1,0.5,0.3333333333333333,True,False
SA5__P_to_HLO__assessment_specific_5y_fixed__M3__ridge__none,2015,2017,0.7999999999999999,0.6666666666666666,6,36,0.1666666666666666,LOW,1,1,1,1.0,1.0,True,False
SA5__P_to_HLO__assessment_specific_5y_fixed__M3__ridge__none,2015,2017,0.7999999999999999,0.6666666666666666,6,36,0.1666666666666666,HIGH,1,1,0,0.0,0.0,True,False
SA5__P_to_HLO__primary_5y_matched__M1__ridge__none,2000,2004,0.6,0.3999999999999999,3,10,0.3,LOW,1,1,1,1.0,1.0,True,False
SA5__P_to_HLO__primary_5y_matched__M1__ridge__none,2000,2004,0.6,0.3999999999999999,3,10,0.3,HIGH,1,1,0,0.0,0.0,True,False
SA5__P_to_HLO__primary_5y_matched__M1__ridge__none,2005,2009,0.8333333333333335,0.6911764705882353,21,136,0.1544117647058823,LOW,2,2,1,0.5,0.3333333333333333,True,False
SA5__P_to_HLO__primary_5y_matched__M1__ridge__none,2005,2009,0.8333333333333335,0.6911764705882353,21,136,0.1544117647058823,HIGH,2,2,1,0.5,0.3333333333333333,True,False
SA5__P_to_HLO__primary_5y_matched__M1__ridge__none,2010,2014,0.8661654135338346,0.7052631578947369,28,190,0.1473684210526315,LOW,2,2,2,1.0,1.0,True,False
SA5__P_to_HLO__primary_5y_matched__M1__ridge__none,2010,2014,0.8661654135338346,0.7052631578947369,28,190,0.1473684210526315,HIGH,2,2,2,1.0,1.0,True,False
SA5__P_to_HLO__primary_5y_matched__M1__ridge__none,2015,2017,0.75,0.5555555555555556,8,36,0.2222222222222222,LOW,1,1,0,0.0,0.0,True,False
SA5__P_to_HLO__primary_5y_matched__M1__ridge__none,2015,2017,0.75,0.5555555555555556,8,36,0.2222222222222222,HIGH,1,1,0,0.0,0.0,True,False
SA5__P_to_HLO__primary_5y_matched__M2__ridge__none,2000,2004,0.6,0.3999999999999999,3,10,0.3,LOW,1,1,0,0.0,0.0,True,False
SA5__P_to_HLO__primary_5y_matched__M2__ridge__none,2000,2004,0.6,0.3999999999999999,3,10,0.3,HIGH,1,1,0,0.0,0.0,True,False
SA5__P_to_HLO__primary_5y_matched__M2__ridge__none,2005,2009,0.8137254901960784,0.6176470588235293,26,136,0.1911764705882352,LOW,2,2,1,0.5,0.3333333333333333,True,False
SA5__P_to_HLO__primary_5y_matched__M2__ridge__none,2005,2009,0.8137254901960784,0.6176470588235293,26,136,0.1911764705882352,HIGH,2,2,0,0.0,0.0,True,False
SA5__P_to_HLO__primary_5y_matched__M2__ridge__none,2010,2014,0.900751879699248,0.7473684210526316,24,190,0.1263157894736842,LOW,2,2,1,0.5,0.3333333333333333,True,False
SA5__P_to_HLO__primary_5y_matched__M2__ridge__none,2010,2014,0.900751879699248,0.7473684210526316,24,190,0.1263157894736842,HIGH,2,2,0,0.0,0.0,True,False
SA5__P_to_HLO__primary_5y_matched__M2__ridge__none,2015,2017,0.7166666666666667,0.5555555555555556,8,36,0.2222222222222222,LOW,1,1,1,1.0,1.0,True,False
SA5__P_to_HLO__primary_5y_matched__M2__ridge__none,2015,2017,0.7166666666666667,0.5555555555555556,8,36,0.2222222222222222,HIGH,1,1,0,0.0,0.0,True,False
SA5__P_to_HLO__primary_5y_matched__M3__ridge__none,2000,2004,0.6,0.3999999999999999,3,10,0.3,LOW,1,1,0,0.0,0.0,True,False
SA5__P_to_HLO__primary_5y_matched__M3__ridge__none,2000,2004,0.6,0.3999999999999999,3,10,0.3,HIGH,1,1,0,0.0,0.0,True,False
SA5__P_to_HLO__primary_5y_matched__M3__ridge__none,2005,2009,0.8529411764705884,0.6911764705882353,21,136,0.1544117647058823,LOW,2,2,1,0.5,0.3333333333333333,True,False
SA5__P_to_HLO__primary_5y_matched__M3__ridge__none,2005,2009,0.8529411764705884,0.6911764705882353,21,136,0.1544117647058823,HIGH,2,2,0,0.0,0.0,True,False
SA5__P_to_HLO__primary_5y_matched__M3__ridge__none,2010,2014,0.9458646616541352,0.8210526315789474,17,190,0.0894736842105263,LOW,2,2,1,0.5,0.3333333333333333,True,False
SA5__P_to_HLO__primary_5y_matched__M3__ridge__none,2010,2014,0.9458646616541352,0.8210526315789474,17,190,0.0894736842105263,HIGH,2,2,1,0.5,0.3333333333333333,True,False
SA5__P_to_HLO__primary_5y_matched__M3__ridge__none,2015,2017,0.7999999999999999,0.6666666666666666,6,36,0.1666666666666666,LOW,1,1,1,1.0,1.0,True,False
SA5__P_to_HLO__primary_5y_matched__M3__ridge__none,2015,2017,0.7999999999999999,0.6666666666666666,6,36,0.1666666666666666,HIGH,1,1,0,0.0,0.0,True,False
SCC__HLO_to_P__restricted_primary_5y__M1__ridge__none,2000,2004,1.0,1.0,0,1,0.0,LOW,1,1,1,1.0,1.0,True,False
SCC__HLO_to_P__restricted_primary_5y__M1__ridge__none,2000,2004,1.0,1.0,0,1,0.0,HIGH,1,1,1,1.0,1.0,True,False
SCC__HLO_to_P__restricted_primary_5y__M1__ridge__none,2005,2009,0.6993006993006995,0.5454545454545454,15,66,0.2272727272727272,LOW,2,2,0,0.0,0.0,True,False
SCC__HLO_to_P__restricted_primary_5y__M1__ridge__none,2005,2009,0.6993006993006995,0.5454545454545454,15,66,0.2272727272727272,HIGH,2,2,1,0.5,0.3333333333333333,True,False
SCC__HLO_to_P__restricted_primary_5y__M1__ridge__none,2010,2014,0.7818181818181817,0.6444444444444444,8,45,0.1777777777777777,LOW,1,1,1,1.0,1.0,True,False
SCC__HLO_to_P__restricted_primary_5y__M1__ridge__none,2010,2014,0.7818181818181817,0.6444444444444444,8,45,0.1777777777777777,HIGH,1,1,1,1.0,1.0,True,False
SCC__HLO_to_P__restricted_primary_5y__M1__ridge__none,2015,2017,0.6,0.3999999999999999,3,10,0.3,LOW,1,1,0,0.0,0.0,True,False
SCC__HLO_to_P__restricted_primary_5y__M1__ridge__none,2015,2017,0.6,0.3999999999999999,3,10,0.3,HIGH,1,1,0,0.0,0.0,True,False
SCC__HLO_to_P__restricted_primary_5y__M2__ridge__none,2000,2004,1.0,1.0,0,1,0.0,LOW,1,1,1,1.0,1.0,True,False
SCC__HLO_to_P__restricted_primary_5y__M2__ridge__none,2000,2004,1.0,1.0,0,1,0.0,HIGH,1,1,1,1.0,1.0,True,False
SCC__HLO_to_P__restricted_primary_5y__M2__ridge__none,2005,2009,0.7762237762237763,0.6363636363636362,12,66,0.1818181818181818,LOW,2,2,1,0.5,0.3333333333333333,True,False
SCC__HLO_to_P__restricted_primary_5y__M2__ridge__none,2005,2009,0.7762237762237763,0.6363636363636362,12,66,0.1818181818181818,HIGH,2,2,1,0.5,0.3333333333333333,True,False
SCC__HLO_to_P__restricted_primary_5y__M2__ridge__none,2010,2014,0.7333333333333332,0.5555555555555555,10,45,0.2222222222222222,LOW,1,1,0,0.0,0.0,True,False
SCC__HLO_to_P__restricted_primary_5y__M2__ridge__none,2010,2014,0.7333333333333332,0.5555555555555555,10,45,0.2222222222222222,HIGH,1,1,1,1.0,1.0,True,False
SCC__HLO_to_P__restricted_primary_5y__M2__ridge__none,2015,2017,0.7,0.6,2,10,0.2,LOW,1,1,0,0.0,0.0,True,False
SCC__HLO_to_P__restricted_primary_5y__M2__ridge__none,2015,2017,0.7,0.6,2,10,0.2,HIGH,1,1,1,1.0,1.0,True,False
SCC__HLO_to_P__restricted_primary_5y__M3__ridge__none,2000,2004,1.0,1.0,0,1,0.0,LOW,1,1,1,1.0,1.0,True,False
SCC__HLO_to_P__restricted_primary_5y__M3__ridge__none,2000,2004,1.0,1.0,0,1,0.0,HIGH,1,1,1,1.0,1.0,True,False
SCC__HLO_to_P__restricted_primary_5y__M3__ridge__none,2005,2009,0.8391608391608393,0.7272727272727272,9,66,0.1363636363636363,LOW,2,2,2,1.0,1.0,True,False
SCC__HLO_to_P__restricted_primary_5y__M3__ridge__none,2005,2009,0.8391608391608393,0.7272727272727272,9,66,0.1363636363636363,HIGH,2,2,1,0.5,0.3333333333333333,True,False
SCC__HLO_to_P__restricted_primary_5y__M3__ridge__none,2010,2014,0.7696969696969697,0.6444444444444444,8,45,0.1777777777777777,LOW,1,1,1,1.0,1.0,True,False
SCC__HLO_to_P__restricted_primary_5y__M3__ridge__none,2010,2014,0.7696969696969697,0.6444444444444444,8,45,0.1777777777777777,HIGH,1,1,1,1.0,1.0,True,False
SCC__HLO_to_P__restricted_primary_5y__M3__ridge__none,2015,2017,0.6,0.3999999999999999,3,10,0.3,LOW,1,1,0,0.0,0.0,True,False
SCC__HLO_to_P__restricted_primary_5y__M3__ridge__none,2015,2017,0.6,0.3999999999999999,3,10,0.3,HIGH,1,1,0,0.0,0.0,True,False
SCC__P_to_HLO__restricted_primary_5y__M1__ridge__none,2000,2004,1.0,1.0,0,1,0.0,LOW,1,1,1,1.0,1.0,True,False
SCC__P_to_HLO__restricted_primary_5y__M1__ridge__none,2000,2004,1.0,1.0,0,1,0.0,HIGH,1,1,1,1.0,1.0,True,False
SCC__P_to_HLO__restricted_primary_5y__M1__ridge__none,2005,2009,0.7132867132867133,0.5757575757575757,14,66,0.2121212121212121,LOW,2,2,0,0.0,0.0,True,False
SCC__P_to_HLO__restricted_primary_5y__M1__ridge__none,2005,2009,0.7132867132867133,0.5757575757575757,14,66,0.2121212121212121,HIGH,2,2,1,0.5,0.3333333333333333,True,False
SCC__P_to_HLO__restricted_primary_5y__M1__ridge__none,2010,2014,0.8181818181818182,0.6888888888888888,7,45,0.1555555555555555,LOW,1,1,1,1.0,1.0,True,False
SCC__P_to_HLO__restricted_primary_5y__M1__ridge__none,2010,2014,0.8181818181818182,0.6888888888888888,7,45,0.1555555555555555,HIGH,1,1,1,1.0,1.0,True,False
SCC__P_to_HLO__restricted_primary_5y__M1__ridge__none,2015,2017,0.6,0.3999999999999999,3,10,0.3,LOW,1,1,0,0.0,0.0,True,False
SCC__P_to_HLO__restricted_primary_5y__M1__ridge__none,2015,2017,0.6,0.3999999999999999,3,10,0.3,HIGH,1,1,0,0.0,0.0,True,False
SCC__P_to_HLO__restricted_primary_5y__M2__ridge__none,2000,2004,1.0,1.0,0,1,0.0,LOW,1,1,1,1.0,1.0,True,False
SCC__P_to_HLO__restricted_primary_5y__M2__ridge__none,2000,2004,1.0,1.0,0,1,0.0,HIGH,1,1,1,1.0,1.0,True,False
SCC__P_to_HLO__restricted_primary_5y__M2__ridge__none,2005,2009,0.7972027972027973,0.606060606060606,13,66,0.1969696969696969,LOW,2,2,1,0.5,0.3333333333333333,True,False
SCC__P_to_HLO__restricted_primary_5y__M2__ridge__none,2005,2009,0.7972027972027973,0.606060606060606,13,66,0.1969696969696969,HIGH,2,2,0,0.0,0.0,True,False
SCC__P_to_HLO__restricted_primary_5y__M2__ridge__none,2010,2014,0.9151515151515152,0.8222222222222221,4,45,0.0888888888888888,LOW,1,1,1,1.0,1.0,True,False
SCC__P_to_HLO__restricted_primary_5y__M2__ridge__none,2010,2014,0.9151515151515152,0.8222222222222221,4,45,0.0888888888888888,HIGH,1,1,0,0.0,0.0,True,False
SCC__P_to_HLO__restricted_primary_5y__M2__ridge__none,2015,2017,0.3,0.1999999999999999,4,10,0.4,LOW,1,1,1,1.0,1.0,True,False
SCC__P_to_HLO__restricted_primary_5y__M2__ridge__none,2015,2017,0.3,0.1999999999999999,4,10,0.4,HIGH,1,1,0,0.0,0.0,True,False
SCC__P_to_HLO__restricted_primary_5y__M3__ridge__none,2000,2004,1.0,1.0,0,1,0.0,LOW,1,1,1,1.0,1.0,True,False
SCC__P_to_HLO__restricted_primary_5y__M3__ridge__none,2000,2004,1.0,1.0,0,1,0.0,HIGH,1,1,1,1.0,1.0,True,False
SCC__P_to_HLO__restricted_primary_5y__M3__ridge__none,2005,2009,0.7692307692307694,0.5454545454545454,15,66,0.2272727272727272,LOW,2,2,0,0.0,0.0,True,False
SCC__P_to_HLO__restricted_primary_5y__M3__ridge__none,2005,2009,0.7692307692307694,0.5454545454545454,15,66,0.2272727272727272,HIGH,2,2,0,0.0,0.0,True,False
SCC__P_to_HLO__restricted_primary_5y__M3__ridge__none,2010,2014,0.9272727272727272,0.8222222222222221,4,45,0.0888888888888888,LOW,1,1,1,1.0,1.0,True,False
SCC__P_to_HLO__restricted_primary_5y__M3__ridge__none,2010,2014,0.9272727272727272,0.8222222222222221,4,45,0.0888888888888888,HIGH,1,1,1,1.0,1.0,True,False
SCC__P_to_HLO__restricted_primary_5y__M3__ridge__none,2015,2017,0.7,0.6,2,10,0.2,LOW,1,1,1,1.0,1.0,True,False
SCC__P_to_HLO__restricted_primary_5y__M3__ridge__none,2015,2017,0.7,0.6,2,10,0.2,HIGH,1,1,0,0.0,0.0,True,False
SCOMP__HLO_to_P__restricted_primary_5y__M1__ridge__none,2000,2004,0.0999999999999999,0.0,5,10,0.5,LOW,1,1,1,1.0,1.0,True,False
SCOMP__HLO_to_P__restricted_primary_5y__M1__ridge__none,2000,2004,0.0999999999999999,0.0,5,10,0.5,HIGH,1,1,0,0.0,0.0,True,False
SCOMP__HLO_to_P__restricted_primary_5y__M1__ridge__none,2005,2009,0.8294117647058824,0.6833333333333333,19,120,0.1583333333333333,LOW,2,2,1,0.5,0.3333333333333333,True,False
SCOMP__HLO_to_P__restricted_primary_5y__M1__ridge__none,2005,2009,0.8294117647058824,0.6833333333333333,19,120,0.1583333333333333,HIGH,2,2,1,0.5,0.3333333333333333,True,False
SCOMP__HLO_to_P__restricted_primary_5y__M1__ridge__none,2010,2014,0.9035714285714284,0.7523809523809525,13,105,0.1238095238095238,LOW,2,2,2,1.0,1.0,True,False
SCOMP__HLO_to_P__restricted_primary_5y__M1__ridge__none,2010,2014,0.9035714285714284,0.7523809523809525,13,105,0.1238095238095238,HIGH,2,2,2,1.0,1.0,True,False
SCOMP__HLO_to_P__restricted_primary_5y__M1__ridge__none,2015,2017,0.75,0.5555555555555556,8,36,0.2222222222222222,LOW,1,1,0,0.0,0.0,True,False
SCOMP__HLO_to_P__restricted_primary_5y__M1__ridge__none,2015,2017,0.75,0.5555555555555556,8,36,0.2222222222222222,HIGH,1,1,0,0.0,0.0,True,False
SCOMP__HLO_to_P__restricted_primary_5y__M2__ridge__none,2000,2004,0.7,0.6,2,10,0.2,LOW,1,1,1,1.0,1.0,True,False
SCOMP__HLO_to_P__restricted_primary_5y__M2__ridge__none,2000,2004,0.7,0.6,2,10,0.2,HIGH,1,1,0,0.0,0.0,True,False
SCOMP__HLO_to_P__restricted_primary_5y__M2__ridge__none,2005,2009,0.7647058823529411,0.6,24,120,0.2,LOW,2,2,1,0.5,0.3333333333333333,True,False
SCOMP__HLO_to_P__restricted_primary_5y__M2__ridge__none,2005,2009,0.7647058823529411,0.6,24,120,0.2,HIGH,2,2,0,0.0,0.0,True,False
SCOMP__HLO_to_P__restricted_primary_5y__M2__ridge__none,2010,2014,0.8464285714285712,0.6571428571428571,18,105,0.1714285714285714,LOW,2,2,1,0.5,0.3333333333333333,True,False
SCOMP__HLO_to_P__restricted_primary_5y__M2__ridge__none,2010,2014,0.8464285714285712,0.6571428571428571,18,105,0.1714285714285714,HIGH,2,2,1,0.5,0.3333333333333333,True,False
SCOMP__HLO_to_P__restricted_primary_5y__M2__ridge__none,2015,2017,0.5333333333333333,0.5,9,36,0.25,LOW,1,1,0,0.0,0.0,True,False
SCOMP__HLO_to_P__restricted_primary_5y__M2__ridge__none,2015,2017,0.5333333333333333,0.5,9,36,0.25,HIGH,1,1,1,1.0,1.0,True,False
SCOMP__HLO_to_P__restricted_primary_5y__M3__ridge__none,2000,2004,0.0999999999999999,0.0,5,10,0.5,LOW,1,1,1,1.0,1.0,True,False
SCOMP__HLO_to_P__restricted_primary_5y__M3__ridge__none,2000,2004,0.0999999999999999,0.0,5,10,0.5,HIGH,1,1,0,0.0,0.0,True,False
SCOMP__HLO_to_P__restricted_primary_5y__M3__ridge__none,2005,2009,0.7647058823529411,0.6,24,120,0.2,LOW,2,2,1,0.5,0.3333333333333333,True,False
SCOMP__HLO_to_P__restricted_primary_5y__M3__ridge__none,2005,2009,0.7647058823529411,0.6,24,120,0.2,HIGH,2,2,0,0.0,0.0,True,False
SCOMP__HLO_to_P__restricted_primary_5y__M3__ridge__none,2010,2014,0.8464285714285712,0.6952380952380953,16,105,0.1523809523809524,LOW,2,2,1,0.5,0.3333333333333333,True,False
SCOMP__HLO_to_P__restricted_primary_5y__M3__ridge__none,2010,2014,0.8464285714285712,0.6952380952380953,16,105,0.1523809523809524,HIGH,2,2,1,0.5,0.3333333333333333,True,False
SCOMP__HLO_to_P__restricted_primary_5y__M3__ridge__none,2015,2017,0.7833333333333333,0.611111111111111,7,36,0.1944444444444444,LOW,1,1,0,0.0,0.0,True,False
SCOMP__HLO_to_P__restricted_primary_5y__M3__ridge__none,2015,2017,0.7833333333333333,0.611111111111111,7,36,0.1944444444444444,HIGH,1,1,1,1.0,1.0,True,False
SCOMP__P_to_HLO__restricted_primary_5y__M1__ridge__none,2000,2004,0.0999999999999999,0.0,5,10,0.5,LOW,1,1,1,1.0,1.0,True,False
SCOMP__P_to_HLO__restricted_primary_5y__M1__ridge__none,2000,2004,0.0999999999999999,0.0,5,10,0.5,HIGH,1,1,0,0.0,0.0,True,False
SCOMP__P_to_HLO__restricted_primary_5y__M1__ridge__none,2005,2009,0.8382352941176471,0.7,18,120,0.15,LOW,2,2,1,0.5,0.3333333333333333,True,False
SCOMP__P_to_HLO__restricted_primary_5y__M1__ridge__none,2005,2009,0.8382352941176471,0.7,18,120,0.15,HIGH,2,2,1,0.5,0.3333333333333333,True,False
SCOMP__P_to_HLO__restricted_primary_5y__M1__ridge__none,2010,2014,0.8964285714285712,0.7523809523809525,13,105,0.1238095238095238,LOW,2,2,2,1.0,1.0,True,False
SCOMP__P_to_HLO__restricted_primary_5y__M1__ridge__none,2010,2014,0.8964285714285712,0.7523809523809525,13,105,0.1238095238095238,HIGH,2,2,2,1.0,1.0,True,False
SCOMP__P_to_HLO__restricted_primary_5y__M1__ridge__none,2015,2017,0.75,0.5555555555555556,8,36,0.2222222222222222,LOW,1,1,0,0.0,0.0,True,False
SCOMP__P_to_HLO__restricted_primary_5y__M1__ridge__none,2015,2017,0.75,0.5555555555555556,8,36,0.2222222222222222,HIGH,1,1,0,0.0,0.0,True,False
SCOMP__P_to_HLO__restricted_primary_5y__M2__ridge__none,2000,2004,0.3999999999999999,0.3999999999999999,3,10,0.3,LOW,1,1,1,1.0,1.0,True,False
SCOMP__P_to_HLO__restricted_primary_5y__M2__ridge__none,2000,2004,0.3999999999999999,0.3999999999999999,3,10,0.3,HIGH,1,1,0,0.0,0.0,True,False
SCOMP__P_to_HLO__restricted_primary_5y__M2__ridge__none,2005,2009,0.7852941176470588,0.5833333333333334,25,120,0.2083333333333333,LOW,2,2,1,0.5,0.3333333333333333,True,False
SCOMP__P_to_HLO__restricted_primary_5y__M2__ridge__none,2005,2009,0.7852941176470588,0.5833333333333334,25,120,0.2083333333333333,HIGH,2,2,0,0.0,0.0,True,False
SCOMP__P_to_HLO__restricted_primary_5y__M2__ridge__none,2010,2014,0.8892857142857141,0.7714285714285715,12,105,0.1142857142857142,LOW,2,2,1,0.5,0.3333333333333333,True,False
SCOMP__P_to_HLO__restricted_primary_5y__M2__ridge__none,2010,2014,0.8892857142857141,0.7714285714285715,12,105,0.1142857142857142,HIGH,2,2,0,0.0,0.0,True,False
SCOMP__P_to_HLO__restricted_primary_5y__M2__ridge__none,2015,2017,0.7833333333333333,0.611111111111111,7,36,0.1944444444444444,LOW,1,1,1,1.0,1.0,True,False
SCOMP__P_to_HLO__restricted_primary_5y__M2__ridge__none,2015,2017,0.7833333333333333,0.611111111111111,7,36,0.1944444444444444,HIGH,1,1,0,0.0,0.0,True,False
SCOMP__P_to_HLO__restricted_primary_5y__M3__ridge__none,2000,2004,0.3,0.1999999999999999,4,10,0.4,LOW,1,1,1,1.0,1.0,True,False
SCOMP__P_to_HLO__restricted_primary_5y__M3__ridge__none,2000,2004,0.3,0.1999999999999999,4,10,0.4,HIGH,1,1,0,0.0,0.0,True,False
SCOMP__P_to_HLO__restricted_primary_5y__M3__ridge__none,2005,2009,0.8088235294117646,0.6333333333333333,22,120,0.1833333333333333,LOW,2,2,1,0.5,0.3333333333333333,True,False
SCOMP__P_to_HLO__restricted_primary_5y__M3__ridge__none,2005,2009,0.8088235294117646,0.6333333333333333,22,120,0.1833333333333333,HIGH,2,2,0,0.0,0.0,True,False
SCOMP__P_to_HLO__restricted_primary_5y__M3__ridge__none,2010,2014,0.9464285714285712,0.8285714285714286,9,105,0.0857142857142857,LOW,2,2,1,0.5,0.3333333333333333,True,False
SCOMP__P_to_HLO__restricted_primary_5y__M3__ridge__none,2010,2014,0.9464285714285712,0.8285714285714286,9,105,0.0857142857142857,HIGH,2,2,1,0.5,0.3333333333333333,True,False
SCOMP__P_to_HLO__restricted_primary_5y__M3__ridge__none,2015,2017,0.7999999999999999,0.6666666666666666,6,36,0.1666666666666666,LOW,1,1,1,1.0,1.0,True,False
SCOMP__P_to_HLO__restricted_primary_5y__M3__ridge__none,2015,2017,0.7999999999999999,0.6666666666666666,6,36,0.1666666666666666,HIGH,1,1,0,0.0,0.0,True,False
STERM__HLO_to_P__restricted_primary_5y__M1__ridge__none,2000,2004,0.3928571428571429,0.2380952380952381,8,21,0.3809523809523809,LOW,1,1,1,1.0,1.0,True,False
STERM__HLO_to_P__restricted_primary_5y__M1__ridge__none,2000,2004,0.3928571428571429,0.2380952380952381,8,21,0.3809523809523809,HIGH,1,1,0,0.0,0.0,True,False
STERM__HLO_to_P__restricted_primary_5y__M1__ridge__none,2005,2009,0.8651960784313727,0.7205882352941176,19,136,0.1397058823529411,LOW,2,2,1,0.5,0.3333333333333333,True,False
STERM__HLO_to_P__restricted_primary_5y__M1__ridge__none,2005,2009,0.8651960784313727,0.7205882352941176,19,136,0.1397058823529411,HIGH,2,2,1,0.5,0.3333333333333333,True,False
STERM__HLO_to_P__restricted_primary_5y__M1__ridge__none,2010,2014,0.8451127819548873,0.6736842105263158,31,190,0.1631578947368421,LOW,2,2,2,1.0,1.0,True,False
STERM__HLO_to_P__restricted_primary_5y__M1__ridge__none,2010,2014,0.8451127819548873,0.6736842105263158,31,190,0.1631578947368421,HIGH,2,2,2,1.0,1.0,True,False
STERM__HLO_to_P__restricted_primary_5y__M2__ridge__none,2000,2004,0.642857142857143,0.4285714285714286,6,21,0.2857142857142857,LOW,1,1,0,0.0,0.0,True,False
STERM__HLO_to_P__restricted_primary_5y__M2__ridge__none,2000,2004,0.642857142857143,0.4285714285714286,6,21,0.2857142857142857,HIGH,1,1,0,0.0,0.0,True,False
STERM__HLO_to_P__restricted_primary_5y__M2__ridge__none,2005,2009,0.7401960784313727,0.5735294117647058,29,136,0.213235294117647,LOW,2,2,1,0.5,0.3333333333333333,True,False
STERM__HLO_to_P__restricted_primary_5y__M2__ridge__none,2005,2009,0.7401960784313727,0.5735294117647058,29,136,0.213235294117647,HIGH,2,2,0,0.0,0.0,True,False
STERM__HLO_to_P__restricted_primary_5y__M2__ridge__none,2010,2014,0.7699248120300751,0.5894736842105264,39,190,0.2052631578947368,LOW,2,2,1,0.5,0.3333333333333333,True,False
STERM__HLO_to_P__restricted_primary_5y__M2__ridge__none,2010,2014,0.7699248120300751,0.5894736842105264,39,190,0.2052631578947368,HIGH,2,2,1,0.5,0.3333333333333333,True,False
STERM__HLO_to_P__restricted_primary_5y__M3__ridge__none,2000,2004,0.5357142857142858,0.3333333333333333,7,21,0.3333333333333333,LOW,1,1,0,0.0,0.0,True,False
STERM__HLO_to_P__restricted_primary_5y__M3__ridge__none,2000,2004,0.5357142857142858,0.3333333333333333,7,21,0.3333333333333333,HIGH,1,1,0,0.0,0.0,True,False
STERM__HLO_to_P__restricted_primary_5y__M3__ridge__none,2005,2009,0.7549019607843138,0.5735294117647058,29,136,0.213235294117647,LOW,2,2,1,0.5,0.3333333333333333,True,False
STERM__HLO_to_P__restricted_primary_5y__M3__ridge__none,2005,2009,0.7549019607843138,0.5735294117647058,29,136,0.213235294117647,HIGH,2,2,0,0.0,0.0,True,False
STERM__HLO_to_P__restricted_primary_5y__M3__ridge__none,2010,2014,0.7819548872180451,0.5894736842105264,39,190,0.2052631578947368,LOW,2,2,1,0.5,0.3333333333333333,True,False
STERM__HLO_to_P__restricted_primary_5y__M3__ridge__none,2010,2014,0.7819548872180451,0.5894736842105264,39,190,0.2052631578947368,HIGH,2,2,2,1.0,1.0,True,False
STERM__P_to_HLO__restricted_primary_5y__M1__ridge__none,2000,2004,0.25,0.1428571428571428,9,21,0.4285714285714285,LOW,1,1,1,1.0,1.0,True,False
STERM__P_to_HLO__restricted_primary_5y__M1__ridge__none,2000,2004,0.25,0.1428571428571428,9,21,0.4285714285714285,HIGH,1,1,0,0.0,0.0,True,False
STERM__P_to_HLO__restricted_primary_5y__M1__ridge__none,2005,2009,0.8382352941176472,0.7058823529411764,20,136,0.1470588235294117,LOW,2,2,1,0.5,0.3333333333333333,True,False
STERM__P_to_HLO__restricted_primary_5y__M1__ridge__none,2005,2009,0.8382352941176472,0.7058823529411764,20,136,0.1470588235294117,HIGH,2,2,1,0.5,0.3333333333333333,True,False
STERM__P_to_HLO__restricted_primary_5y__M1__ridge__none,2010,2014,0.8661654135338346,0.7052631578947369,28,190,0.1473684210526315,LOW,2,2,2,1.0,1.0,True,False
STERM__P_to_HLO__restricted_primary_5y__M1__ridge__none,2010,2014,0.8661654135338346,0.7052631578947369,28,190,0.1473684210526315,HIGH,2,2,2,1.0,1.0,True,False
STERM__P_to_HLO__restricted_primary_5y__M2__ridge__none,2000,2004,0.4642857142857144,0.2380952380952381,8,21,0.3809523809523809,LOW,1,1,0,0.0,0.0,True,False
STERM__P_to_HLO__restricted_primary_5y__M2__ridge__none,2000,2004,0.4642857142857144,0.2380952380952381,8,21,0.3809523809523809,HIGH,1,1,0,0.0,0.0,True,False
STERM__P_to_HLO__restricted_primary_5y__M2__ridge__none,2005,2009,0.7965686274509804,0.588235294117647,28,136,0.2058823529411764,LOW,2,2,1,0.5,0.3333333333333333,True,False
STERM__P_to_HLO__restricted_primary_5y__M2__ridge__none,2005,2009,0.7965686274509804,0.588235294117647,28,136,0.2058823529411764,HIGH,2,2,0,0.0,0.0,True,False
STERM__P_to_HLO__restricted_primary_5y__M2__ridge__none,2010,2014,0.900751879699248,0.7473684210526316,24,190,0.1263157894736842,LOW,2,2,1,0.5,0.3333333333333333,True,False
STERM__P_to_HLO__restricted_primary_5y__M2__ridge__none,2010,2014,0.900751879699248,0.7473684210526316,24,190,0.1263157894736842,HIGH,2,2,0,0.0,0.0,True,False
STERM__P_to_HLO__restricted_primary_5y__M3__ridge__none,2000,2004,0.5,0.3333333333333333,7,21,0.3333333333333333,LOW,1,1,1,1.0,1.0,True,False
STERM__P_to_HLO__restricted_primary_5y__M3__ridge__none,2000,2004,0.5,0.3333333333333333,7,21,0.3333333333333333,HIGH,1,1,0,0.0,0.0,True,False
STERM__P_to_HLO__restricted_primary_5y__M3__ridge__none,2005,2009,0.823529411764706,0.6470588235294118,24,136,0.1764705882352941,LOW,2,2,1,0.5,0.3333333333333333,True,False
STERM__P_to_HLO__restricted_primary_5y__M3__ridge__none,2005,2009,0.823529411764706,0.6470588235294118,24,136,0.1764705882352941,HIGH,2,2,0,0.0,0.0,True,False
STERM__P_to_HLO__restricted_primary_5y__M3__ridge__none,2010,2014,0.9353383458646616,0.7789473684210527,21,190,0.1105263157894736,LOW,2,2,1,0.5,0.3333333333333333,True,False
STERM__P_to_HLO__restricted_primary_5y__M3__ridge__none,2010,2014,0.9353383458646616,0.7789473684210527,21,190,0.1105263157894736,HIGH,2,2,1,0.5,0.3333333333333333,True,False
RAW_SOURCE|PRIMARY|HLO_to_P|primary_5y,2000,2004,0.3928571428571429,0.2380952380952381,8,21,0.3809523809523809,LOW,1,1,1,1.0,1.0,True,False
RAW_SOURCE|PRIMARY|HLO_to_P|primary_5y,2000,2004,0.3928571428571429,0.2380952380952381,8,21,0.3809523809523809,HIGH,1,1,0,0.0,0.0,True,False
RAW_SOURCE|PRIMARY|HLO_to_P|primary_5y,2005,2009,0.8651960784313727,0.7205882352941176,19,136,0.1397058823529411,LOW,2,2,1,0.5,0.3333333333333333,True,False
RAW_SOURCE|PRIMARY|HLO_to_P|primary_5y,2005,2009,0.8651960784313727,0.7205882352941176,19,136,0.1397058823529411,HIGH,2,2,1,0.5,0.3333333333333333,True,False
RAW_SOURCE|PRIMARY|HLO_to_P|primary_5y,2010,2014,0.8661654135338346,0.7052631578947369,28,190,0.1473684210526315,LOW,2,2,2,1.0,1.0,True,False
RAW_SOURCE|PRIMARY|HLO_to_P|primary_5y,2010,2014,0.8661654135338346,0.7052631578947369,28,190,0.1473684210526315,HIGH,2,2,2,1.0,1.0,True,False
RAW_SOURCE|PRIMARY|HLO_to_P|primary_5y,2015,2017,0.75,0.5555555555555556,8,36,0.2222222222222222,LOW,1,1,0,0.0,0.0,True,False
RAW_SOURCE|PRIMARY|HLO_to_P|primary_5y,2015,2017,0.75,0.5555555555555556,8,36,0.2222222222222222,HIGH,1,1,0,0.0,0.0,True,False
RAW_SOURCE|PRIMARY|P_to_HLO|primary_5y,2000,2004,0.3928571428571429,0.2380952380952381,8,21,0.3809523809523809,LOW,1,1,1,1.0,1.0,True,False
RAW_SOURCE|PRIMARY|P_to_HLO|primary_5y,2000,2004,0.3928571428571429,0.2380952380952381,8,21,0.3809523809523809,HIGH,1,1,0,0.0,0.0,True,False
RAW_SOURCE|PRIMARY|P_to_HLO|primary_5y,2005,2009,0.8651960784313727,0.7205882352941176,19,136,0.1397058823529411,LOW,2,2,1,0.5,0.3333333333333333,True,False
RAW_SOURCE|PRIMARY|P_to_HLO|primary_5y,2005,2009,0.8651960784313727,0.7205882352941176,19,136,0.1397058823529411,HIGH,2,2,1,0.5,0.3333333333333333,True,False
RAW_SOURCE|PRIMARY|P_to_HLO|primary_5y,2010,2014,0.8661654135338346,0.7052631578947369,28,190,0.1473684210526315,LOW,2,2,2,1.0,1.0,True,False
RAW_SOURCE|PRIMARY|P_to_HLO|primary_5y,2010,2014,0.8661654135338346,0.7052631578947369,28,190,0.1473684210526315,HIGH,2,2,2,1.0,1.0,True,False
RAW_SOURCE|PRIMARY|P_to_HLO|primary_5y,2015,2017,0.75,0.5555555555555556,8,36,0.2222222222222222,LOW,1,1,0,0.0,0.0,True,False
RAW_SOURCE|PRIMARY|P_to_HLO|primary_5y,2015,2017,0.75,0.5555555555555556,8,36,0.2222222222222222,HIGH,1,1,0,0.0,0.0,True,False
RAW_SOURCE|S10|HLO_to_P|alternative_10y,2000,2004,0.0999999999999999,0.0,5,10,0.5,LOW,1,1,1,1.0,1.0,True,False
RAW_SOURCE|S10|HLO_to_P|alternative_10y,2000,2004,0.0999999999999999,0.0,5,10,0.5,HIGH,1,1,0,0.0,0.0,True,False
RAW_SOURCE|S10|HLO_to_P|alternative_10y,2005,2009,0.832967032967033,0.6923076923076924,14,91,0.1538461538461538,LOW,2,2,1,0.5,0.3333333333333333,True,False
RAW_SOURCE|S10|HLO_to_P|alternative_10y,2005,2009,0.832967032967033,0.6923076923076924,14,91,0.1538461538461538,HIGH,2,2,1,0.5,0.3333333333333333,True,False
RAW_SOURCE|S10|HLO_to_P|alternative_10y,2010,2014,0.8661654135338346,0.7052631578947369,28,190,0.1473684210526315,LOW,2,2,2,1.0,1.0,True,False
RAW_SOURCE|S10|HLO_to_P|alternative_10y,2010,2014,0.8661654135338346,0.7052631578947369,28,190,0.1473684210526315,HIGH,2,2,2,1.0,1.0,True,False
RAW_SOURCE|S10|HLO_to_P|alternative_10y,2015,2017,0.75,0.5555555555555556,8,36,0.2222222222222222,LOW,1,1,0,0.0,0.0,True,False
RAW_SOURCE|S10|HLO_to_P|alternative_10y,2015,2017,0.75,0.5555555555555556,8,36,0.2222222222222222,HIGH,1,1,0,0.0,0.0,True,False
RAW_SOURCE|S10|HLO_to_P|primary_5y_matched,2000,2004,0.0999999999999999,0.0,5,10,0.5,LOW,1,1,1,1.0,1.0,True,False
RAW_SOURCE|S10|HLO_to_P|primary_5y_matched,2000,2004,0.0999999999999999,0.0,5,10,0.5,HIGH,1,1,0,0.0,0.0,True,False
RAW_SOURCE|S10|HLO_to_P|primary_5y_matched,2005,2009,0.832967032967033,0.6923076923076924,14,91,0.1538461538461538,LOW,2,2,1,0.5,0.3333333333333333,True,False
RAW_SOURCE|S10|HLO_to_P|primary_5y_matched,2005,2009,0.832967032967033,0.6923076923076924,14,91,0.1538461538461538,HIGH,2,2,1,0.5,0.3333333333333333,True,False
RAW_SOURCE|S10|HLO_to_P|primary_5y_matched,2010,2014,0.8661654135338346,0.7052631578947369,28,190,0.1473684210526315,LOW,2,2,2,1.0,1.0,True,False
RAW_SOURCE|S10|HLO_to_P|primary_5y_matched,2010,2014,0.8661654135338346,0.7052631578947369,28,190,0.1473684210526315,HIGH,2,2,2,1.0,1.0,True,False
RAW_SOURCE|S10|HLO_to_P|primary_5y_matched,2015,2017,0.75,0.5555555555555556,8,36,0.2222222222222222,LOW,1,1,0,0.0,0.0,True,False
RAW_SOURCE|S10|HLO_to_P|primary_5y_matched,2015,2017,0.75,0.5555555555555556,8,36,0.2222222222222222,HIGH,1,1,0,0.0,0.0,True,False
RAW_SOURCE|S10|P_to_HLO|alternative_10y,2000,2004,0.0999999999999999,0.0,5,10,0.5,LOW,1,1,1,1.0,1.0,True,False
RAW_SOURCE|S10|P_to_HLO|alternative_10y,2000,2004,0.0999999999999999,0.0,5,10,0.5,HIGH,1,1,0,0.0,0.0,True,False
RAW_SOURCE|S10|P_to_HLO|alternative_10y,2005,2009,0.832967032967033,0.6923076923076924,14,91,0.1538461538461538,LOW,2,2,1,0.5,0.3333333333333333,True,False
RAW_SOURCE|S10|P_to_HLO|alternative_10y,2005,2009,0.832967032967033,0.6923076923076924,14,91,0.1538461538461538,HIGH,2,2,1,0.5,0.3333333333333333,True,False
RAW_SOURCE|S10|P_to_HLO|alternative_10y,2010,2014,0.8661654135338346,0.7052631578947369,28,190,0.1473684210526315,LOW,2,2,2,1.0,1.0,True,False
RAW_SOURCE|S10|P_to_HLO|alternative_10y,2010,2014,0.8661654135338346,0.7052631578947369,28,190,0.1473684210526315,HIGH,2,2,2,1.0,1.0,True,False
RAW_SOURCE|S10|P_to_HLO|alternative_10y,2015,2017,0.75,0.5555555555555556,8,36,0.2222222222222222,LOW,1,1,0,0.0,0.0,True,False
RAW_SOURCE|S10|P_to_HLO|alternative_10y,2015,2017,0.75,0.5555555555555556,8,36,0.2222222222222222,HIGH,1,1,0,0.0,0.0,True,False
RAW_SOURCE|S10|P_to_HLO|primary_5y_matched,2000,2004,0.0999999999999999,0.0,5,10,0.5,LOW,1,1,1,1.0,1.0,True,False
RAW_SOURCE|S10|P_to_HLO|primary_5y_matched,2000,2004,0.0999999999999999,0.0,5,10,0.5,HIGH,1,1,0,0.0,0.0,True,False
RAW_SOURCE|S10|P_to_HLO|primary_5y_matched,2005,2009,0.832967032967033,0.6923076923076924,14,91,0.1538461538461538,LOW,2,2,1,0.5,0.3333333333333333,True,False
RAW_SOURCE|S10|P_to_HLO|primary_5y_matched,2005,2009,0.832967032967033,0.6923076923076924,14,91,0.1538461538461538,HIGH,2,2,1,0.5,0.3333333333333333,True,False
RAW_SOURCE|S10|P_to_HLO|primary_5y_matched,2010,2014,0.8661654135338346,0.7052631578947369,28,190,0.1473684210526315,LOW,2,2,2,1.0,1.0,True,False
RAW_SOURCE|S10|P_to_HLO|primary_5y_matched,2010,2014,0.8661654135338346,0.7052631578947369,28,190,0.1473684210526315,HIGH,2,2,2,1.0,1.0,True,False
RAW_SOURCE|S10|P_to_HLO|primary_5y_matched,2015,2017,0.75,0.5555555555555556,8,36,0.2222222222222222,LOW,1,1,0,0.0,0.0,True,False
RAW_SOURCE|S10|P_to_HLO|primary_5y_matched,2015,2017,0.75,0.5555555555555556,8,36,0.2222222222222222,HIGH,1,1,0,0.0,0.0,True,False
RAW_SOURCE|S12|HLO_to_P|alternative_12y,2000,2004,0.5,0.3333333333333333,1,3,0.3333333333333333,LOW,1,1,1,1.0,1.0,True,False
RAW_SOURCE|S12|HLO_to_P|alternative_12y,2000,2004,0.5,0.3333333333333333,1,3,0.3333333333333333,HIGH,1,1,0,0.0,0.0,True,False
RAW_SOURCE|S12|HLO_to_P|alternative_12y,2005,2009,0.8296703296703297,0.6923076923076922,12,78,0.1538461538461538,LOW,2,2,1,0.5,0.3333333333333333,True,False
RAW_SOURCE|S12|HLO_to_P|alternative_12y,2005,2009,0.8296703296703297,0.6923076923076922,12,78,0.1538461538461538,HIGH,2,2,1,0.5,0.3333333333333333,True,False
RAW_SOURCE|S12|HLO_to_P|alternative_12y,2010,2014,0.8431372549019607,0.6862745098039217,24,153,0.1568627450980392,LOW,2,2,2,1.0,1.0,True,False
RAW_SOURCE|S12|HLO_to_P|alternative_12y,2010,2014,0.8431372549019607,0.6862745098039217,24,153,0.1568627450980392,HIGH,2,2,2,1.0,1.0,True,False
RAW_SOURCE|S12|HLO_to_P|alternative_12y,2015,2017,0.7380952380952381,0.5714285714285714,6,28,0.2142857142857142,LOW,1,1,0,0.0,0.0,True,False
RAW_SOURCE|S12|HLO_to_P|alternative_12y,2015,2017,0.7380952380952381,0.5714285714285714,6,28,0.2142857142857142,HIGH,1,1,0,0.0,0.0,True,False
RAW_SOURCE|S12|HLO_to_P|primary_5y_matched,2000,2004,0.5,0.3333333333333333,1,3,0.3333333333333333,LOW,1,1,1,1.0,1.0,True,False
RAW_SOURCE|S12|HLO_to_P|primary_5y_matched,2000,2004,0.5,0.3333333333333333,1,3,0.3333333333333333,HIGH,1,1,0,0.0,0.0,True,False
RAW_SOURCE|S12|HLO_to_P|primary_5y_matched,2005,2009,0.8296703296703297,0.6923076923076922,12,78,0.1538461538461538,LOW,2,2,1,0.5,0.3333333333333333,True,False
RAW_SOURCE|S12|HLO_to_P|primary_5y_matched,2005,2009,0.8296703296703297,0.6923076923076922,12,78,0.1538461538461538,HIGH,2,2,1,0.5,0.3333333333333333,True,False
RAW_SOURCE|S12|HLO_to_P|primary_5y_matched,2010,2014,0.8431372549019607,0.6862745098039217,24,153,0.1568627450980392,LOW,2,2,2,1.0,1.0,True,False
RAW_SOURCE|S12|HLO_to_P|primary_5y_matched,2010,2014,0.8431372549019607,0.6862745098039217,24,153,0.1568627450980392,HIGH,2,2,2,1.0,1.0,True,False
RAW_SOURCE|S12|HLO_to_P|primary_5y_matched,2015,2017,0.7380952380952381,0.5714285714285714,6,28,0.2142857142857142,LOW,1,1,0,0.0,0.0,True,False
RAW_SOURCE|S12|HLO_to_P|primary_5y_matched,2015,2017,0.7380952380952381,0.5714285714285714,6,28,0.2142857142857142,HIGH,1,1,0,0.0,0.0,True,False
RAW_SOURCE|S12|P_to_HLO|alternative_12y,2000,2004,0.5,0.3333333333333333,1,3,0.3333333333333333,LOW,1,1,1,1.0,1.0,True,False
RAW_SOURCE|S12|P_to_HLO|alternative_12y,2000,2004,0.5,0.3333333333333333,1,3,0.3333333333333333,HIGH,1,1,0,0.0,0.0,True,False
RAW_SOURCE|S12|P_to_HLO|alternative_12y,2005,2009,0.8296703296703297,0.6923076923076922,12,78,0.1538461538461538,LOW,2,2,1,0.5,0.3333333333333333,True,False
RAW_SOURCE|S12|P_to_HLO|alternative_12y,2005,2009,0.8296703296703297,0.6923076923076922,12,78,0.1538461538461538,HIGH,2,2,1,0.5,0.3333333333333333,True,False
RAW_SOURCE|S12|P_to_HLO|alternative_12y,2010,2014,0.8431372549019607,0.6862745098039217,24,153,0.1568627450980392,LOW,2,2,2,1.0,1.0,True,False
RAW_SOURCE|S12|P_to_HLO|alternative_12y,2010,2014,0.8431372549019607,0.6862745098039217,24,153,0.1568627450980392,HIGH,2,2,2,1.0,1.0,True,False
RAW_SOURCE|S12|P_to_HLO|alternative_12y,2015,2017,0.7380952380952381,0.5714285714285714,6,28,0.2142857142857142,LOW,1,1,0,0.0,0.0,True,False
RAW_SOURCE|S12|P_to_HLO|alternative_12y,2015,2017,0.7380952380952381,0.5714285714285714,6,28,0.2142857142857142,HIGH,1,1,0,0.0,0.0,True,False
RAW_SOURCE|S12|P_to_HLO|primary_5y_matched,2000,2004,0.5,0.3333333333333333,1,3,0.3333333333333333,LOW,1,1,1,1.0,1.0,True,False
RAW_SOURCE|S12|P_to_HLO|primary_5y_matched,2000,2004,0.5,0.3333333333333333,1,3,0.3333333333333333,HIGH,1,1,0,0.0,0.0,True,False
RAW_SOURCE|S12|P_to_HLO|primary_5y_matched,2005,2009,0.8296703296703297,0.6923076923076922,12,78,0.1538461538461538,LOW,2,2,1,0.5,0.3333333333333333,True,False
RAW_SOURCE|S12|P_to_HLO|primary_5y_matched,2005,2009,0.8296703296703297,0.6923076923076922,12,78,0.1538461538461538,HIGH,2,2,1,0.5,0.3333333333333333,True,False
RAW_SOURCE|S12|P_to_HLO|primary_5y_matched,2010,2014,0.8431372549019607,0.6862745098039217,24,153,0.1568627450980392,LOW,2,2,2,1.0,1.0,True,False
RAW_SOURCE|S12|P_to_HLO|primary_5y_matched,2010,2014,0.8431372549019607,0.6862745098039217,24,153,0.1568627450980392,HIGH,2,2,2,1.0,1.0,True,False
RAW_SOURCE|S12|P_to_HLO|primary_5y_matched,2015,2017,0.7380952380952381,0.5714285714285714,6,28,0.2142857142857142,LOW,1,1,0,0.0,0.0,True,False
RAW_SOURCE|S12|P_to_HLO|primary_5y_matched,2015,2017,0.7380952380952381,0.5714285714285714,6,28,0.2142857142857142,HIGH,1,1,0,0.0,0.0,True,False
RAW_SOURCE|S4|HLO_to_P|four_year_preceding_5y,2000,2003,0.1428571428571428,0.0476190476190476,10,21,0.4761904761904761,LOW,1,1,1,1.0,1.0,True,False
RAW_SOURCE|S4|HLO_to_P|four_year_preceding_5y,2000,2003,0.1428571428571428,0.0476190476190476,10,21,0.4761904761904761,HIGH,1,1,0,0.0,0.0,True,False
RAW_SOURCE|S4|HLO_to_P|four_year_preceding_5y,2004,2007,1.0,1.0,0,10,0.0,LOW,1,1,1,1.0,1.0,True,False
RAW_SOURCE|S4|HLO_to_P|four_year_preceding_5y,2004,2007,1.0,1.0,0,10,0.0,HIGH,1,1,1,1.0,1.0,True,False
RAW_SOURCE|S4|HLO_to_P|four_year_preceding_5y,2008,2011,0.8719298245614034,0.6725146198830408,28,171,0.1637426900584795,LOW,2,2,1,0.5,0.3333333333333333,True,False
RAW_SOURCE|S4|HLO_to_P|four_year_preceding_5y,2008,2011,0.8719298245614034,0.6725146198830408,28,171,0.1637426900584795,HIGH,2,2,0,0.0,0.0,True,False
RAW_SOURCE|S4|HLO_to_P|four_year_preceding_5y,2012,2015,0.8121775025799793,0.6339869281045752,28,153,0.1830065359477124,LOW,2,2,0,0.0,0.0,True,False
RAW_SOURCE|S4|HLO_to_P|four_year_preceding_5y,2012,2015,0.8121775025799793,0.6339869281045752,28,153,0.1830065359477124,HIGH,2,2,1,0.5,0.3333333333333333,True,False
RAW_SOURCE|S4|P_to_HLO|four_year_preceding_5y,2000,2003,0.1428571428571428,0.0476190476190476,10,21,0.4761904761904761,LOW,1,1,1,1.0,1.0,True,False
RAW_SOURCE|S4|P_to_HLO|four_year_preceding_5y,2000,2003,0.1428571428571428,0.0476190476190476,10,21,0.4761904761904761,HIGH,1,1,0,0.0,0.0,True,False
RAW_SOURCE|S4|P_to_HLO|four_year_preceding_5y,2004,2007,1.0,1.0,0,10,0.0,LOW,1,1,1,1.0,1.0,True,False
RAW_SOURCE|S4|P_to_HLO|four_year_preceding_5y,2004,2007,1.0,1.0,0,10,0.0,HIGH,1,1,1,1.0,1.0,True,False
RAW_SOURCE|S4|P_to_HLO|four_year_preceding_5y,2008,2011,0.8719298245614034,0.6725146198830408,28,171,0.1637426900584795,LOW,2,2,1,0.5,0.3333333333333333,True,False
RAW_SOURCE|S4|P_to_HLO|four_year_preceding_5y,2008,2011,0.8719298245614034,0.6725146198830408,28,171,0.1637426900584795,HIGH,2,2,0,0.0,0.0,True,False
RAW_SOURCE|S4|P_to_HLO|four_year_preceding_5y,2012,2015,0.8121775025799793,0.6339869281045752,28,153,0.1830065359477124,LOW,2,2,0,0.0,0.0,True,False
RAW_SOURCE|S4|P_to_HLO|four_year_preceding_5y,2012,2015,0.8121775025799793,0.6339869281045752,28,153,0.1830065359477124,HIGH,2,2,1,0.5,0.3333333333333333,True,False
RAW_SOURCE|SA5|HLO_to_P|assessment_specific_5y_fixed,2000,2004,0.6,0.3999999999999999,3,10,0.3,LOW,1,1,1,1.0,1.0,True,False
RAW_SOURCE|SA5|HLO_to_P|assessment_specific_5y_fixed,2000,2004,0.6,0.3999999999999999,3,10,0.3,HIGH,1,1,0,0.0,0.0,True,False
RAW_SOURCE|SA5|HLO_to_P|assessment_specific_5y_fixed,2005,2009,0.8651960784313727,0.7205882352941176,19,136,0.1397058823529411,LOW,2,2,1,0.5,0.3333333333333333,True,False
RAW_SOURCE|SA5|HLO_to_P|assessment_specific_5y_fixed,2005,2009,0.8651960784313727,0.7205882352941176,19,136,0.1397058823529411,HIGH,2,2,1,0.5,0.3333333333333333,True,False
RAW_SOURCE|SA5|HLO_to_P|assessment_specific_5y_fixed,2010,2014,0.8661654135338346,0.7052631578947369,28,190,0.1473684210526315,LOW,2,2,2,1.0,1.0,True,False
RAW_SOURCE|SA5|HLO_to_P|assessment_specific_5y_fixed,2010,2014,0.8661654135338346,0.7052631578947369,28,190,0.1473684210526315,HIGH,2,2,2,1.0,1.0,True,False
RAW_SOURCE|SA5|HLO_to_P|assessment_specific_5y_fixed,2015,2017,0.75,0.5555555555555556,8,36,0.2222222222222222,LOW,1,1,0,0.0,0.0,True,False
RAW_SOURCE|SA5|HLO_to_P|assessment_specific_5y_fixed,2015,2017,0.75,0.5555555555555556,8,36,0.2222222222222222,HIGH,1,1,0,0.0,0.0,True,False
RAW_SOURCE|SA5|HLO_to_P|primary_5y_matched,2000,2004,0.6,0.3999999999999999,3,10,0.3,LOW,1,1,1,1.0,1.0,True,False
RAW_SOURCE|SA5|HLO_to_P|primary_5y_matched,2000,2004,0.6,0.3999999999999999,3,10,0.3,HIGH,1,1,0,0.0,0.0,True,False
RAW_SOURCE|SA5|HLO_to_P|primary_5y_matched,2005,2009,0.8651960784313727,0.7205882352941176,19,136,0.1397058823529411,LOW,2,2,1,0.5,0.3333333333333333,True,False
RAW_SOURCE|SA5|HLO_to_P|primary_5y_matched,2005,2009,0.8651960784313727,0.7205882352941176,19,136,0.1397058823529411,HIGH,2,2,1,0.5,0.3333333333333333,True,False
RAW_SOURCE|SA5|HLO_to_P|primary_5y_matched,2010,2014,0.8661654135338346,0.7052631578947369,28,190,0.1473684210526315,LOW,2,2,2,1.0,1.0,True,False
RAW_SOURCE|SA5|HLO_to_P|primary_5y_matched,2010,2014,0.8661654135338346,0.7052631578947369,28,190,0.1473684210526315,HIGH,2,2,2,1.0,1.0,True,False
RAW_SOURCE|SA5|HLO_to_P|primary_5y_matched,2015,2017,0.75,0.5555555555555556,8,36,0.2222222222222222,LOW,1,1,0,0.0,0.0,True,False
RAW_SOURCE|SA5|HLO_to_P|primary_5y_matched,2015,2017,0.75,0.5555555555555556,8,36,0.2222222222222222,HIGH,1,1,0,0.0,0.0,True,False
RAW_SOURCE|SA5|P_to_HLO|assessment_specific_5y_fixed,2000,2004,0.6,0.3999999999999999,3,10,0.3,LOW,1,1,1,1.0,1.0,True,False
RAW_SOURCE|SA5|P_to_HLO|assessment_specific_5y_fixed,2000,2004,0.6,0.3999999999999999,3,10,0.3,HIGH,1,1,0,0.0,0.0,True,False
RAW_SOURCE|SA5|P_to_HLO|assessment_specific_5y_fixed,2005,2009,0.8651960784313727,0.7205882352941176,19,136,0.1397058823529411,LOW,2,2,1,0.5,0.3333333333333333,True,False
RAW_SOURCE|SA5|P_to_HLO|assessment_specific_5y_fixed,2005,2009,0.8651960784313727,0.7205882352941176,19,136,0.1397058823529411,HIGH,2,2,1,0.5,0.3333333333333333,True,False
RAW_SOURCE|SA5|P_to_HLO|assessment_specific_5y_fixed,2010,2014,0.8661654135338346,0.7052631578947369,28,190,0.1473684210526315,LOW,2,2,2,1.0,1.0,True,False
RAW_SOURCE|SA5|P_to_HLO|assessment_specific_5y_fixed,2010,2014,0.8661654135338346,0.7052631578947369,28,190,0.1473684210526315,HIGH,2,2,2,1.0,1.0,True,False
RAW_SOURCE|SA5|P_to_HLO|assessment_specific_5y_fixed,2015,2017,0.75,0.5555555555555556,8,36,0.2222222222222222,LOW,1,1,0,0.0,0.0,True,False
RAW_SOURCE|SA5|P_to_HLO|assessment_specific_5y_fixed,2015,2017,0.75,0.5555555555555556,8,36,0.2222222222222222,HIGH,1,1,0,0.0,0.0,True,False
RAW_SOURCE|SA5|P_to_HLO|primary_5y_matched,2000,2004,0.6,0.3999999999999999,3,10,0.3,LOW,1,1,1,1.0,1.0,True,False
RAW_SOURCE|SA5|P_to_HLO|primary_5y_matched,2000,2004,0.6,0.3999999999999999,3,10,0.3,HIGH,1,1,0,0.0,0.0,True,False
RAW_SOURCE|SA5|P_to_HLO|primary_5y_matched,2005,2009,0.8651960784313727,0.7205882352941176,19,136,0.1397058823529411,LOW,2,2,1,0.5,0.3333333333333333,True,False
RAW_SOURCE|SA5|P_to_HLO|primary_5y_matched,2005,2009,0.8651960784313727,0.7205882352941176,19,136,0.1397058823529411,HIGH,2,2,1,0.5,0.3333333333333333,True,False
RAW_SOURCE|SA5|P_to_HLO|primary_5y_matched,2010,2014,0.8661654135338346,0.7052631578947369,28,190,0.1473684210526315,LOW,2,2,2,1.0,1.0,True,False
RAW_SOURCE|SA5|P_to_HLO|primary_5y_matched,2010,2014,0.8661654135338346,0.7052631578947369,28,190,0.1473684210526315,HIGH,2,2,2,1.0,1.0,True,False
RAW_SOURCE|SA5|P_to_HLO|primary_5y_matched,2015,2017,0.75,0.5555555555555556,8,36,0.2222222222222222,LOW,1,1,0,0.0,0.0,True,False
RAW_SOURCE|SA5|P_to_HLO|primary_5y_matched,2015,2017,0.75,0.5555555555555556,8,36,0.2222222222222222,HIGH,1,1,0,0.0,0.0,True,False
RAW_SOURCE|SCC|HLO_to_P|restricted_primary_5y,2000,2004,1.0,1.0,0,1,0.0,LOW,1,1,1,1.0,1.0,True,False
RAW_SOURCE|SCC|HLO_to_P|restricted_primary_5y,2000,2004,1.0,1.0,0,1,0.0,HIGH,1,1,1,1.0,1.0,True,False
RAW_SOURCE|SCC|HLO_to_P|restricted_primary_5y,2005,2009,0.7832167832167832,0.6363636363636362,12,66,0.1818181818181818,LOW,2,2,0,0.0,0.0,True,False
RAW_SOURCE|SCC|HLO_to_P|restricted_primary_5y,2005,2009,0.7832167832167832,0.6363636363636362,12,66,0.1818181818181818,HIGH,2,2,1,0.5,0.3333333333333333,True,False
RAW_SOURCE|SCC|HLO_to_P|restricted_primary_5y,2010,2014,0.8181818181818182,0.6888888888888888,7,45,0.1555555555555555,LOW,1,1,1,1.0,1.0,True,False
RAW_SOURCE|SCC|HLO_to_P|restricted_primary_5y,2010,2014,0.8181818181818182,0.6888888888888888,7,45,0.1555555555555555,HIGH,1,1,1,1.0,1.0,True,False
RAW_SOURCE|SCC|HLO_to_P|restricted_primary_5y,2015,2017,0.6,0.3999999999999999,3,10,0.3,LOW,1,1,0,0.0,0.0,True,False
RAW_SOURCE|SCC|HLO_to_P|restricted_primary_5y,2015,2017,0.6,0.3999999999999999,3,10,0.3,HIGH,1,1,0,0.0,0.0,True,False
RAW_SOURCE|SCC|P_to_HLO|restricted_primary_5y,2000,2004,1.0,1.0,0,1,0.0,LOW,1,1,1,1.0,1.0,True,False
RAW_SOURCE|SCC|P_to_HLO|restricted_primary_5y,2000,2004,1.0,1.0,0,1,0.0,HIGH,1,1,1,1.0,1.0,True,False
RAW_SOURCE|SCC|P_to_HLO|restricted_primary_5y,2005,2009,0.7832167832167832,0.6363636363636362,12,66,0.1818181818181818,LOW,2,2,0,0.0,0.0,True,False
RAW_SOURCE|SCC|P_to_HLO|restricted_primary_5y,2005,2009,0.7832167832167832,0.6363636363636362,12,66,0.1818181818181818,HIGH,2,2,1,0.5,0.3333333333333333,True,False
RAW_SOURCE|SCC|P_to_HLO|restricted_primary_5y,2010,2014,0.8181818181818182,0.6888888888888888,7,45,0.1555555555555555,LOW,1,1,1,1.0,1.0,True,False
RAW_SOURCE|SCC|P_to_HLO|restricted_primary_5y,2010,2014,0.8181818181818182,0.6888888888888888,7,45,0.1555555555555555,HIGH,1,1,1,1.0,1.0,True,False
RAW_SOURCE|SCC|P_to_HLO|restricted_primary_5y,2015,2017,0.6,0.3999999999999999,3,10,0.3,LOW,1,1,0,0.0,0.0,True,False
RAW_SOURCE|SCC|P_to_HLO|restricted_primary_5y,2015,2017,0.6,0.3999999999999999,3,10,0.3,HIGH,1,1,0,0.0,0.0,True,False
RAW_SOURCE|SCOMP|HLO_to_P|restricted_primary_5y,2000,2004,0.0999999999999999,0.0,5,10,0.5,LOW,1,1,1,1.0,1.0,True,False
RAW_SOURCE|SCOMP|HLO_to_P|restricted_primary_5y,2000,2004,0.0999999999999999,0.0,5,10,0.5,HIGH,1,1,0,0.0,0.0,True,False
RAW_SOURCE|SCOMP|HLO_to_P|restricted_primary_5y,2005,2009,0.8705882352941177,0.7333333333333334,16,120,0.1333333333333333,LOW,2,2,1,0.5,0.3333333333333333,True,False
RAW_SOURCE|SCOMP|HLO_to_P|restricted_primary_5y,2005,2009,0.8705882352941177,0.7333333333333334,16,120,0.1333333333333333,HIGH,2,2,1,0.5,0.3333333333333333,True,False
RAW_SOURCE|SCOMP|HLO_to_P|restricted_primary_5y,2010,2014,0.9214285714285712,0.7714285714285715,12,105,0.1142857142857142,LOW,2,2,2,1.0,1.0,True,False
RAW_SOURCE|SCOMP|HLO_to_P|restricted_primary_5y,2010,2014,0.9214285714285712,0.7714285714285715,12,105,0.1142857142857142,HIGH,2,2,2,1.0,1.0,True,False
RAW_SOURCE|SCOMP|HLO_to_P|restricted_primary_5y,2015,2017,0.75,0.5555555555555556,8,36,0.2222222222222222,LOW,1,1,0,0.0,0.0,True,False
RAW_SOURCE|SCOMP|HLO_to_P|restricted_primary_5y,2015,2017,0.75,0.5555555555555556,8,36,0.2222222222222222,HIGH,1,1,0,0.0,0.0,True,False
RAW_SOURCE|SCOMP|P_to_HLO|restricted_primary_5y,2000,2004,0.0999999999999999,0.0,5,10,0.5,LOW,1,1,1,1.0,1.0,True,False
RAW_SOURCE|SCOMP|P_to_HLO|restricted_primary_5y,2000,2004,0.0999999999999999,0.0,5,10,0.5,HIGH,1,1,0,0.0,0.0,True,False
RAW_SOURCE|SCOMP|P_to_HLO|restricted_primary_5y,2005,2009,0.8705882352941177,0.7333333333333334,16,120,0.1333333333333333,LOW,2,2,1,0.5,0.3333333333333333,True,False
RAW_SOURCE|SCOMP|P_to_HLO|restricted_primary_5y,2005,2009,0.8705882352941177,0.7333333333333334,16,120,0.1333333333333333,HIGH,2,2,1,0.5,0.3333333333333333,True,False
RAW_SOURCE|SCOMP|P_to_HLO|restricted_primary_5y,2010,2014,0.9214285714285712,0.7714285714285715,12,105,0.1142857142857142,LOW,2,2,2,1.0,1.0,True,False
RAW_SOURCE|SCOMP|P_to_HLO|restricted_primary_5y,2010,2014,0.9214285714285712,0.7714285714285715,12,105,0.1142857142857142,HIGH,2,2,2,1.0,1.0,True,False
RAW_SOURCE|SCOMP|P_to_HLO|restricted_primary_5y,2015,2017,0.75,0.5555555555555556,8,36,0.2222222222222222,LOW,1,1,0,0.0,0.0,True,False
RAW_SOURCE|SCOMP|P_to_HLO|restricted_primary_5y,2015,2017,0.75,0.5555555555555556,8,36,0.2222222222222222,HIGH,1,1,0,0.0,0.0,True,False
RAW_SOURCE|STERM|HLO_to_P|restricted_primary_5y,2000,2004,0.3928571428571429,0.2380952380952381,8,21,0.3809523809523809,LOW,1,1,1,1.0,1.0,True,False
RAW_SOURCE|STERM|HLO_to_P|restricted_primary_5y,2000,2004,0.3928571428571429,0.2380952380952381,8,21,0.3809523809523809,HIGH,1,1,0,0.0,0.0,True,False
RAW_SOURCE|STERM|HLO_to_P|restricted_primary_5y,2005,2009,0.8651960784313727,0.7205882352941176,19,136,0.1397058823529411,LOW,2,2,1,0.5,0.3333333333333333,True,False
RAW_SOURCE|STERM|HLO_to_P|restricted_primary_5y,2005,2009,0.8651960784313727,0.7205882352941176,19,136,0.1397058823529411,HIGH,2,2,1,0.5,0.3333333333333333,True,False
RAW_SOURCE|STERM|HLO_to_P|restricted_primary_5y,2010,2014,0.8661654135338346,0.7052631578947369,28,190,0.1473684210526315,LOW,2,2,2,1.0,1.0,True,False
RAW_SOURCE|STERM|HLO_to_P|restricted_primary_5y,2010,2014,0.8661654135338346,0.7052631578947369,28,190,0.1473684210526315,HIGH,2,2,2,1.0,1.0,True,False
RAW_SOURCE|STERM|P_to_HLO|restricted_primary_5y,2000,2004,0.3928571428571429,0.2380952380952381,8,21,0.3809523809523809,LOW,1,1,1,1.0,1.0,True,False
RAW_SOURCE|STERM|P_to_HLO|restricted_primary_5y,2000,2004,0.3928571428571429,0.2380952380952381,8,21,0.3809523809523809,HIGH,1,1,0,0.0,0.0,True,False
RAW_SOURCE|STERM|P_to_HLO|restricted_primary_5y,2005,2009,0.8651960784313727,0.7205882352941176,19,136,0.1397058823529411,LOW,2,2,1,0.5,0.3333333333333333,True,False
RAW_SOURCE|STERM|P_to_HLO|restricted_primary_5y,2005,2009,0.8651960784313727,0.7205882352941176,19,136,0.1397058823529411,HIGH,2,2,1,0.5,0.3333333333333333,True,False
RAW_SOURCE|STERM|P_to_HLO|restricted_primary_5y,2010,2014,0.8661654135338346,0.7052631578947369,28,190,0.1473684210526315,LOW,2,2,2,1.0,1.0,True,False
RAW_SOURCE|STERM|P_to_HLO|restricted_primary_5y,2010,2014,0.8661654135338346,0.7052631578947369,28,190,0.1473684210526315,HIGH,2,2,2,1.0,1.0,True,False
