job_id,scenario_id,direction,construction_role,model_id,estimator,deleted_country,scope,country_count,bias_pred_minus_observed,intercept,slope,undefined_reason
PRIMARY__HLO_to_P__primary_5y__M0__reference__none,PRIMARY,HLO_to_P,primary_5y,M0,reference,,pooled_mixing_periods,38,2.0539125955565396e-15,3419.200407237848,-37.00000000000043,
PRIMARY__HLO_to_P__primary_5y__M0__reference__none,PRIMARY,HLO_to_P,primary_5y,M0,reference,,period_2000,7,-2.015420166956372,4359.530679244741,-47.467980145440066,
PRIMARY__HLO_to_P__primary_5y__M0__reference__none,PRIMARY,HLO_to_P,primary_5y,M0,reference,,period_2005,17,-0.6300397405216189,3222.0391016524422,-34.81438093846962,
PRIMARY__HLO_to_P__primary_5y__M0__reference__none,PRIMARY,HLO_to_P,primary_5y,M0,reference,,period_2010,20,4.664957539166497,3124.5696984900005,-33.73969730770984,
PRIMARY__HLO_to_P__primary_5y__M0__reference__none,PRIMARY,HLO_to_P,primary_5y,M0,reference,,period_2015,9,-7.8754124913730035,2988.6731051786523,-32.16711149874918,
PRIMARY__HLO_to_P__primary_5y__M1__ridge__none,PRIMARY,HLO_to_P,primary_5y,M1,ridge,,pooled_mixing_periods,38,0.11969767690597222,0.7091396081922029,0.9908007807876007,
PRIMARY__HLO_to_P__primary_5y__M1__ridge__none,PRIMARY,HLO_to_P,primary_5y,M1,ridge,,period_2000,7,-0.9984137029962219,-3.368959050527675,1.0480342596114252,
PRIMARY__HLO_to_P__primary_5y__M1__ridge__none,PRIMARY,HLO_to_P,primary_5y,M1,ridge,,period_2005,17,-0.29735633277520546,-14.938020084448219,1.1687568550392022,
PRIMARY__HLO_to_P__primary_5y__M1__ridge__none,PRIMARY,HLO_to_P,primary_5y,M1,ridge,,period_2010,20,4.079007588882586,-25.625872612259236,1.2407721835382077,
PRIMARY__HLO_to_P__primary_5y__M1__ridge__none,PRIMARY,HLO_to_P,primary_5y,M1,ridge,,period_2015,9,-6.025233257302155,24.91599594006976,0.7940438843357139,
PRIMARY__HLO_to_P__primary_5y__M2__ridge__none,PRIMARY,HLO_to_P,primary_5y,M2,ridge,,pooled_mixing_periods,38,0.35691874804344126,3.225872214774459,0.9603392241442303,
PRIMARY__HLO_to_P__primary_5y__M2__ridge__none,PRIMARY,HLO_to_P,primary_5y,M2,ridge,,period_2000,7,-4.275184649136266,3.140930908787014,1.0129414146934315,
PRIMARY__HLO_to_P__primary_5y__M2__ridge__none,PRIMARY,HLO_to_P,primary_5y,M2,ridge,,period_2005,17,-0.3110574064226239,-9.297870813689581,1.1064508412941736,
PRIMARY__HLO_to_P__primary_5y__M2__ridge__none,PRIMARY,HLO_to_P,primary_5y,M2,ridge,,period_2010,20,5.041365170535312,-23.901784670064227,1.2085106395744913,
PRIMARY__HLO_to_P__primary_5y__M2__ridge__none,PRIMARY,HLO_to_P,primary_5y,M2,ridge,,period_2015,9,-4.610806422012879,18.988856210686986,0.84562422651769,
PRIMARY__HLO_to_P__primary_5y__M3__ridge__none,PRIMARY,HLO_to_P,primary_5y,M3,ridge,,pooled_mixing_periods,38,0.4081651738523721,4.846084456962985,0.9418694893546267,
PRIMARY__HLO_to_P__primary_5y__M3__ridge__none,PRIMARY,HLO_to_P,primary_5y,M3,ridge,,period_2000,7,-3.222977965034581,-1.9303444464796544,1.0580999911674045,
PRIMARY__HLO_to_P__primary_5y__M3__ridge__none,PRIMARY,HLO_to_P,primary_5y,M3,ridge,,period_2005,17,-0.5164370072145597,-7.837039731202455,1.0927535789598852,
PRIMARY__HLO_to_P__primary_5y__M3__ridge__none,PRIMARY,HLO_to_P,primary_5y,M3,ridge,,period_2010,20,5.082575504946507,-18.948745247629866,1.1532270940653193,
PRIMARY__HLO_to_P__primary_5y__M3__ridge__none,PRIMARY,HLO_to_P,primary_5y,M3,ridge,,period_2015,9,-4.981462261316494,15.211920424450142,0.8897176388236583,
PRIMARY__HLO_to_P__primary_5y__M1__ols__none,PRIMARY,HLO_to_P,primary_5y,M1,ols,,pooled_mixing_periods,38,0.009066008738942519,3.2382629739838658,0.963913765021302,
PRIMARY__HLO_to_P__primary_5y__M1__ols__none,PRIMARY,HLO_to_P,primary_5y,M1,ols,,period_2000,7,-1.3927946417772907,-1.8450505897063894,1.0357663652698927,
PRIMARY__HLO_to_P__primary_5y__M1__ols__none,PRIMARY,HLO_to_P,primary_5y,M1,ols,,period_2005,17,-0.309376388198105,-12.20994686101431,1.1386905639932337,
PRIMARY__HLO_to_P__primary_5y__M1__ols__none,PRIMARY,HLO_to_P,primary_5y,M1,ols,,period_2010,20,3.8710890382549508,-16.461841168134573,1.141021096898262,
PRIMARY__HLO_to_P__primary_5y__M1__ols__none,PRIMARY,HLO_to_P,primary_5y,M1,ols,,period_2015,9,-5.91500821032436,25.725444507896018,0.7842764040909532,
PRIMARY__HLO_to_P__primary_5y__M2__ols__none,PRIMARY,HLO_to_P,primary_5y,M2,ols,,pooled_mixing_periods,38,0.19482794820245264,17.195126268122337,0.807150670041933,
PRIMARY__HLO_to_P__primary_5y__M2__ols__none,PRIMARY,HLO_to_P,primary_5y,M2,ols,,period_2000,7,-4.697678624292951,-3.4388923121937034,1.0932849380525906,
PRIMARY__HLO_to_P__primary_5y__M2__ols__none,PRIMARY,HLO_to_P,primary_5y,M2,ols,,period_2005,17,-0.4134320900710734,4.144572347385393,0.9586182784447277,
PRIMARY__HLO_to_P__primary_5y__M2__ols__none,PRIMARY,HLO_to_P,primary_5y,M2,ols,,period_2010,20,4.768842081100081,9.40170242032804,0.8428646642883826,
PRIMARY__HLO_to_P__primary_5y__M2__ols__none,PRIMARY,HLO_to_P,primary_5y,M2,ols,,period_2015,9,-4.00225371306774,18.480945495211277,0.8455527967836745,
PRIMARY__HLO_to_P__primary_5y__M3__ols__none,PRIMARY,HLO_to_P,primary_5y,M3,ols,,pooled_mixing_periods,38,0.07507197386836771,16.166231904446118,0.8196493386508025,
PRIMARY__HLO_to_P__primary_5y__M3__ols__none,PRIMARY,HLO_to_P,primary_5y,M3,ols,,period_2000,7,-2.7196683594977746,-0.3440878842736395,1.0343467416564553,
PRIMARY__HLO_to_P__primary_5y__M3__ols__none,PRIMARY,HLO_to_P,primary_5y,M3,ols,,period_2005,17,-1.4254504101435777,6.835555630726786,0.9393159074760261,
PRIMARY__HLO_to_P__primary_5y__M3__ols__none,PRIMARY,HLO_to_P,primary_5y,M3,ols,,period_2010,20,4.598158670884464,8.995160442839424,0.8489796077545073,
PRIMARY__HLO_to_P__primary_5y__M3__ols__none,PRIMARY,HLO_to_P,primary_5y,M3,ols,,period_2015,9,-4.927784060436497,14.464179363839214,0.8972589524148734,
PRIMARY__HLO_to_P__primary_5y__M1__lasso__none,PRIMARY,HLO_to_P,primary_5y,M1,lasso,,pooled_mixing_periods,38,0.08469068391715479,0.6046822923448386,0.9923457134406227,
PRIMARY__HLO_to_P__primary_5y__M1__lasso__none,PRIMARY,HLO_to_P,primary_5y,M1,lasso,,period_2000,7,-1.0772205770401828,-3.094053450468314,1.0459172796796243,
PRIMARY__HLO_to_P__primary_5y__M1__lasso__none,PRIMARY,HLO_to_P,primary_5y,M1,lasso,,period_2005,17,-0.30414866905234783,-15.755344045455953,1.1778986830883575,
PRIMARY__HLO_to_P__primary_5y__M1__lasso__none,PRIMARY,HLO_to_P,primary_5y,M1,lasso,,period_2010,20,3.974260228903886,-23.76316240923796,1.22138722379648,
PRIMARY__HLO_to_P__primary_5y__M1__lasso__none,PRIMARY,HLO_to_P,primary_5y,M1,lasso,,period_2015,9,-6.017870253683906,25.312785927655682,0.789654500911671,
PRIMARY__HLO_to_P__primary_5y__M2__lasso__none,PRIMARY,HLO_to_P,primary_5y,M2,lasso,,pooled_mixing_periods,38,0.1974450504497264,2.749260932506333,0.9673228707234729,
PRIMARY__HLO_to_P__primary_5y__M2__lasso__none,PRIMARY,HLO_to_P,primary_5y,M2,lasso,,period_2000,7,-3.656481658629804,-17.75394815884256,1.2425727046807231,
PRIMARY__HLO_to_P__primary_5y__M2__lasso__none,PRIMARY,HLO_to_P,primary_5y,M2,lasso,,period_2005,17,-0.20309404573712578,-11.337294659107709,1.1276954600144784,
PRIMARY__HLO_to_P__primary_5y__M2__lasso__none,PRIMARY,HLO_to_P,primary_5y,M2,lasso,,period_2010,20,4.2951151628042625,-6.419212602136279,1.023678225863401,
PRIMARY__HLO_to_P__primary_5y__M2__lasso__none,PRIMARY,HLO_to_P,primary_5y,M2,lasso,,period_2015,9,-5.234333322337661,21.377176977787652,0.8255076172523652,
PRIMARY__HLO_to_P__primary_5y__M3__lasso__none,PRIMARY,HLO_to_P,primary_5y,M3,lasso,,pooled_mixing_periods,38,0.18997433866461683,-9.49980602244723,1.1032487735356404,
PRIMARY__HLO_to_P__primary_5y__M3__lasso__none,PRIMARY,HLO_to_P,primary_5y,M3,lasso,,period_2000,7,-1.6468974338455844,-17.012079805815205,1.2066937265815947,
PRIMARY__HLO_to_P__primary_5y__M3__lasso__none,PRIMARY,HLO_to_P,primary_5y,M3,lasso,,period_2005,17,-0.33038442644329735,-35.414009616684474,1.3960728607467152,
PRIMARY__HLO_to_P__primary_5y__M3__lasso__none,PRIMARY,HLO_to_P,primary_5y,M3,lasso,,period_2010,20,4.069728397624462,-17.318754172150253,1.148064586827465,
PRIMARY__HLO_to_P__primary_5y__M3__lasso__none,PRIMARY,HLO_to_P,primary_5y,M3,lasso,,period_2015,9,-5.751074785680203,7.92939347870308,0.9763217039797165,
PRIMARY__P_to_HLO__primary_5y__M0__reference__none,PRIMARY,P_to_HLO,primary_5y,M0,reference,,pooled_mixing_periods,38,6.195044477408373e-14,17442.489126666933,-37.00000000000057,
PRIMARY__P_to_HLO__primary_5y__M0__reference__none,PRIMARY,P_to_HLO,primary_5y,M0,reference,,period_2000,7,-5.48627877734879,19520.9288404464,-41.542100041890976,
PRIMARY__P_to_HLO__primary_5y__M0__reference__none,PRIMARY,P_to_HLO,primary_5y,M0,reference,,period_2005,17,-3.428800402755642,16887.56037139356,-35.79371324990278,
PRIMARY__P_to_HLO__primary_5y__M0__reference__none,PRIMARY,P_to_HLO,primary_5y,M0,reference,,period_2010,20,8.756886238738772,16873.354016058067,-35.75478437386769,
PRIMARY__P_to_HLO__primary_5y__M0__reference__none,PRIMARY,P_to_HLO,primary_5y,M0,reference,,period_2015,9,-19.576104344344273,18383.408085802796,-39.051318140654345,
PRIMARY__P_to_HLO__primary_5y__M1__ridge__none,PRIMARY,P_to_HLO,primary_5y,M1,ridge,,pooled_mixing_periods,38,0.05756432142529994,9.239545952409514,0.979747965577336,
PRIMARY__P_to_HLO__primary_5y__M1__ridge__none,PRIMARY,P_to_HLO,primary_5y,M1,ridge,,period_2000,7,5.901802076020211,59.46981296461395,0.8609471227129909,
PRIMARY__P_to_HLO__primary_5y__M1__ridge__none,PRIMARY,P_to_HLO,primary_5y,M1,ridge,,period_2005,17,-0.19610072026373104,53.649291432649726,0.8843302509646475,
PRIMARY__P_to_HLO__primary_5y__M1__ridge__none,PRIMARY,P_to_HLO,primary_5y,M1,ridge,,period_2010,20,-16.84870269606609,-49.80384715581931,1.1536793620212422,
PRIMARY__P_to_HLO__primary_5y__M1__ridge__none,PRIMARY,P_to_HLO,primary_5y,M1,ridge,,period_2015,9,23.72301695788046,-118.93926447377771,1.1897468724273061,
PRIMARY__P_to_HLO__primary_5y__M2__ridge__none,PRIMARY,P_to_HLO,primary_5y,M2,ridge,,pooled_mixing_periods,38,0.7380278180478279,-13.751910806748096,1.0283063785210718,
PRIMARY__P_to_HLO__primary_5y__M2__ridge__none,PRIMARY,P_to_HLO,primary_5y,M2,ridge,,period_2000,7,-21.573381603490446,-130.95246427223455,1.3445779799137192,
PRIMARY__P_to_HLO__primary_5y__M2__ridge__none,PRIMARY,P_to_HLO,primary_5y,M2,ridge,,period_2005,17,7.1548337363096195,-25.741186726379976,1.0395900801218534,
PRIMARY__P_to_HLO__primary_5y__M2__ridge__none,PRIMARY,P_to_HLO,primary_5y,M2,ridge,,period_2010,20,3.343701841059787,8.074561677658075,0.9748443308634392,
PRIMARY__P_to_HLO__primary_5y__M2__ridge__none,PRIMARY,P_to_HLO,primary_5y,M2,ridge,,period_2015,9,6.847644658951315,-192.88572590414745,1.3836380111117708,
PRIMARY__P_to_HLO__primary_5y__M3__ridge__none,PRIMARY,P_to_HLO,primary_5y,M3,ridge,,pooled_mixing_periods,38,0.5315974129589949,-10.595771285418696,1.0219003264051796,
PRIMARY__P_to_HLO__primary_5y__M3__ridge__none,PRIMARY,P_to_HLO,primary_5y,M3,ridge,,period_2000,7,-14.545778706606619,-149.49168818758255,1.3647928125736215,
PRIMARY__P_to_HLO__primary_5y__M3__ridge__none,PRIMARY,P_to_HLO,primary_5y,M3,ridge,,period_2005,17,7.6486779056475065,-10.90407963625847,1.0069269202466598,
PRIMARY__P_to_HLO__primary_5y__M3__ridge__none,PRIMARY,P_to_HLO,primary_5y,M3,ridge,,period_2010,20,-4.07895346876839,27.48146384056344,0.9475845947223158,
PRIMARY__P_to_HLO__primary_5y__M3__ridge__none,PRIMARY,P_to_HLO,primary_5y,M3,ridge,,period_2015,9,14.241766089645518,-195.0235977770176,1.3671998684350994,
PRIMARY__P_to_HLO__primary_5y__M1__ols__none,PRIMARY,P_to_HLO,primary_5y,M1,ols,,pooled_mixing_periods,38,0.0027843503956335725,10.016320778811897,0.978172628763407,
PRIMARY__P_to_HLO__primary_5y__M1__ols__none,PRIMARY,P_to_HLO,primary_5y,M1,ols,,period_2000,7,5.858351768060693,60.01524875671602,0.859866390689115,
PRIMARY__P_to_HLO__primary_5y__M1__ols__none,PRIMARY,P_to_HLO,primary_5y,M1,ols,,period_2005,17,-0.20280667343441117,53.63096609479814,0.884382739536205,
PRIMARY__P_to_HLO__primary_5y__M1__ols__none,PRIMARY,P_to_HLO,primary_5y,M1,ols,,period_2010,20,-16.954463015499528,-48.30400808525286,1.1505017641419815,
PRIMARY__P_to_HLO__primary_5y__M1__ols__none,PRIMARY,P_to_HLO,primary_5y,M1,ols,,period_2015,9,23.729344263689924,-118.89661699171623,1.1896468842366195,
PRIMARY__P_to_HLO__primary_5y__M2__ols__none,PRIMARY,P_to_HLO,primary_5y,M2,ols,,pooled_mixing_periods,38,1.1169025788811393,32.58439445384255,0.9267569739829218,
PRIMARY__P_to_HLO__primary_5y__M2__ols__none,PRIMARY,P_to_HLO,primary_5y,M2,ols,,period_2000,7,-23.26938759214923,-66.03253648850391,1.202521949848492,
PRIMARY__P_to_HLO__primary_5y__M2__ols__none,PRIMARY,P_to_HLO,primary_5y,M2,ols,,period_2005,17,10.749814493775085,-27.710171446457622,1.0358520697696387,
PRIMARY__P_to_HLO__primary_5y__M2__ols__none,PRIMARY,P_to_HLO,primary_5y,M2,ols,,period_2010,20,3.5232730118723037,56.04900224252219,0.8688077379239159,
PRIMARY__P_to_HLO__primary_5y__M2__ols__none,PRIMARY,P_to_HLO,primary_5y,M2,ols,,period_2015,9,9.413139047163913,-172.47837139545828,1.3344949806173354,
PRIMARY__P_to_HLO__primary_5y__M3__ols__none,PRIMARY,P_to_HLO,primary_5y,M3,ols,,pooled_mixing_periods,38,0.5946213183089077,31.705652628017607,0.929722046674253,
PRIMARY__P_to_HLO__primary_5y__M3__ols__none,PRIMARY,P_to_HLO,primary_5y,M3,ols,,period_2000,7,-15.002635612948874,-122.381852247254,1.3058316127449403,
PRIMARY__P_to_HLO__primary_5y__M3__ols__none,PRIMARY,P_to_HLO,primary_5y,M3,ols,,period_2005,17,11.695776307268067,-28.453628604097776,1.0353533062437266,
PRIMARY__P_to_HLO__primary_5y__M3__ols__none,PRIMARY,P_to_HLO,primary_5y,M3,ols,,period_2010,20,-5.35654491621585,75.75042873293276,0.841883960053037,
PRIMARY__P_to_HLO__primary_5y__M3__ols__none,PRIMARY,P_to_HLO,primary_5y,M3,ols,,period_2015,9,16.514089931341527,-143.7665115328874,1.2572846755150235,
PRIMARY__P_to_HLO__primary_5y__M1__lasso__none,PRIMARY,P_to_HLO,primary_5y,M1,lasso,,pooled_mixing_periods,38,0.046386073234880115,8.841059187067852,0.9806398735920054,
PRIMARY__P_to_HLO__primary_5y__M1__lasso__none,PRIMARY,P_to_HLO,primary_5y,M1,lasso,,period_2000,7,5.905103733677418,58.74333697439536,0.8624863627158305,
PRIMARY__P_to_HLO__primary_5y__M1__lasso__none,PRIMARY,P_to_HLO,primary_5y,M1,lasso,,period_2005,17,-0.19987309067141368,53.10699171132427,0.8855109861795585,
PRIMARY__P_to_HLO__primary_5y__M1__lasso__none,PRIMARY,P_to_HLO,primary_5y,M1,lasso,,period_2010,20,-16.845627274400364,-49.96419454093748,1.1540408883378572,
PRIMARY__P_to_HLO__primary_5y__M1__lasso__none,PRIMARY,P_to_HLO,primary_5y,M1,lasso,,period_2015,9,23.672364195476757,-119.61808082078088,1.1912198598495054,
PRIMARY__P_to_HLO__primary_5y__M2__lasso__none,PRIMARY,P_to_HLO,primary_5y,M2,lasso,,pooled_mixing_periods,38,0.4740305817696548,-40.947146296828194,1.0880832848755477,
PRIMARY__P_to_HLO__primary_5y__M2__lasso__none,PRIMARY,P_to_HLO,primary_5y,M2,lasso,,period_2000,7,-19.97476479474748,-120.50407547125548,1.3162200183860313,
PRIMARY__P_to_HLO__primary_5y__M2__lasso__none,PRIMARY,P_to_HLO,primary_5y,M2,lasso,,period_2005,17,10.247161443597959,-147.8882380587254,1.2912654748491303,
PRIMARY__P_to_HLO__primary_5y__M2__lasso__none,PRIMARY,P_to_HLO,primary_5y,M2,lasso,,period_2010,20,3.390899905954006,-11.67442228310135,1.018247598026628,
PRIMARY__P_to_HLO__primary_5y__M2__lasso__none,PRIMARY,P_to_HLO,primary_5y,M2,lasso,,period_2015,9,2.6177429313992002,-204.05924977411263,1.419057455656024,
PRIMARY__P_to_HLO__primary_5y__M3__lasso__none,PRIMARY,P_to_HLO,primary_5y,M3,lasso,,pooled_mixing_periods,38,-0.18830199603594,-38.45665517829242,1.0842259977373956,
PRIMARY__P_to_HLO__primary_5y__M3__lasso__none,PRIMARY,P_to_HLO,primary_5y,M3,lasso,,period_2000,7,-13.026145103699948,-169.40645975959325,1.4043342112410357,
PRIMARY__P_to_HLO__primary_5y__M3__lasso__none,PRIMARY,P_to_HLO,primary_5y,M3,lasso,,period_2005,17,10.194641241849578,-131.14033950375784,1.2559644451498913,
PRIMARY__P_to_HLO__primary_5y__M3__lasso__none,PRIMARY,P_to_HLO,primary_5y,M3,lasso,,period_2010,20,-4.247445740904425,11.409008548063953,0.9839539466848326,
PRIMARY__P_to_HLO__primary_5y__M3__lasso__none,PRIMARY,P_to_HLO,primary_5y,M3,lasso,,period_2015,9,9.114084289861921,-206.87363895145347,1.405912295324449,
S10__HLO_to_P__alternative_10y__M0__reference__none,S10,HLO_to_P,alternative_10y,M0,reference,,pooled_mixing_periods,36,8.215650382226158e-15,3235.972201794235,-34.999999999999424,
S10__HLO_to_P__alternative_10y__M0__reference__none,S10,HLO_to_P,alternative_10y,M0,reference,,period_2000,5,-7.716005528598604,4027.9071263665314,-43.82586427268223,
S10__HLO_to_P__alternative_10y__M0__reference__none,S10,HLO_to_P,alternative_10y,M0,reference,,period_2005,14,0.2034942286106704,3026.441851871933,-32.67549489044596,
S10__HLO_to_P__alternative_10y__M0__reference__none,S10,HLO_to_P,alternative_10y,M0,reference,,period_2010,20,4.565099586868844,3138.1232838032392,-33.92777655439176,
S10__HLO_to_P__alternative_10y__M0__reference__none,S10,HLO_to_P,alternative_10y,M0,reference,,period_2015,9,-7.97575168257087,2822.5782957469532,-30.352875031647194,
S10__HLO_to_P__alternative_10y__M1__ridge__none,S10,HLO_to_P,alternative_10y,M1,ridge,,pooled_mixing_periods,36,-0.019629671362386025,2.905668375408699,0.9678859765092465,
S10__HLO_to_P__alternative_10y__M1__ridge__none,S10,HLO_to_P,alternative_10y,M1,ridge,,period_2000,5,-5.015255735984434,81.71515016246714,0.16978321333272198,
S10__HLO_to_P__alternative_10y__M1__ridge__none,S10,HLO_to_P,alternative_10y,M1,ridge,,period_2005,14,0.16681975636349464,-17.76724289077384,1.1959082893235151,
S10__HLO_to_P__alternative_10y__M1__ridge__none,S10,HLO_to_P,alternative_10y,M1,ridge,,period_2010,20,4.029563232113439,-21.713816801274728,1.1977192577564264,
S10__HLO_to_P__alternative_10y__M1__ridge__none,S10,HLO_to_P,alternative_10y,M1,ridge,,period_2015,9,-5.940583609224612,22.32071874354607,0.8215806063998781,
S10__HLO_to_P__alternative_10y__M2__ridge__none,S10,HLO_to_P,alternative_10y,M2,ridge,,pooled_mixing_periods,36,-0.03395059395499467,6.967123081108471,0.9228397214471147,
S10__HLO_to_P__alternative_10y__M2__ridge__none,S10,HLO_to_P,alternative_10y,M2,ridge,,period_2000,5,-8.886393954032723,61.12914552966638,0.4097814121626002,
S10__HLO_to_P__alternative_10y__M2__ridge__none,S10,HLO_to_P,alternative_10y,M2,ridge,,period_2005,14,-1.029896740184257,-38.66805619732327,1.4478387996658608,
S10__HLO_to_P__alternative_10y__M2__ridge__none,S10,HLO_to_P,alternative_10y,M2,ridge,,period_2010,20,4.746681400925963,-1.4368117382197025,0.9632882618501551,
S10__HLO_to_P__alternative_10y__M2__ridge__none,S10,HLO_to_P,alternative_10y,M2,ridge,,period_2015,9,-3.990415542467284,5.7579931095464945,0.9811472648226132,
S10__HLO_to_P__alternative_10y__M3__ridge__none,S10,HLO_to_P,alternative_10y,M3,ridge,,pooled_mixing_periods,36,-0.12310228224796571,7.249025415725569,0.9206158080808169,
S10__HLO_to_P__alternative_10y__M3__ridge__none,S10,HLO_to_P,alternative_10y,M3,ridge,,period_2000,5,-7.495213497057297,72.99829403362867,0.27142236882804294,
S10__HLO_to_P__alternative_10y__M3__ridge__none,S10,HLO_to_P,alternative_10y,M3,ridge,,period_2005,14,-1.0882532345311553,-34.34568275287879,1.399999090185092,
S10__HLO_to_P__alternative_10y__M3__ridge__none,S10,HLO_to_P,alternative_10y,M3,ridge,,period_2010,20,4.607288449435618,-2.1351680050769386,0.9725377789172999,
S10__HLO_to_P__alternative_10y__M3__ridge__none,S10,HLO_to_P,alternative_10y,M3,ridge,,period_2015,9,-4.65279866742122,13.257481059029155,0.907570658023417,
S10__HLO_to_P__primary_5y_matched__M0__reference__none,S10,HLO_to_P,primary_5y_matched,M0,reference,,pooled_mixing_periods,36,8.215650382226158e-15,3235.972201794235,-34.999999999999424,
S10__HLO_to_P__primary_5y_matched__M0__reference__none,S10,HLO_to_P,primary_5y_matched,M0,reference,,period_2000,5,-7.716005528598604,4027.9071263665314,-43.82586427268223,
S10__HLO_to_P__primary_5y_matched__M0__reference__none,S10,HLO_to_P,primary_5y_matched,M0,reference,,period_2005,14,0.2034942286106704,3026.441851871933,-32.67549489044596,
S10__HLO_to_P__primary_5y_matched__M0__reference__none,S10,HLO_to_P,primary_5y_matched,M0,reference,,period_2010,20,4.565099586868844,3138.1232838032392,-33.92777655439176,
S10__HLO_to_P__primary_5y_matched__M0__reference__none,S10,HLO_to_P,primary_5y_matched,M0,reference,,period_2015,9,-7.97575168257087,2822.5782957469532,-30.352875031647194,
S10__HLO_to_P__primary_5y_matched__M1__ridge__none,S10,HLO_to_P,primary_5y_matched,M1,ridge,,pooled_mixing_periods,36,-0.019629671362386025,2.905668375408699,0.9678859765092465,
S10__HLO_to_P__primary_5y_matched__M1__ridge__none,S10,HLO_to_P,primary_5y_matched,M1,ridge,,period_2000,5,-5.015255735984434,81.71515016246714,0.16978321333272198,
S10__HLO_to_P__primary_5y_matched__M1__ridge__none,S10,HLO_to_P,primary_5y_matched,M1,ridge,,period_2005,14,0.16681975636349464,-17.76724289077384,1.1959082893235151,
S10__HLO_to_P__primary_5y_matched__M1__ridge__none,S10,HLO_to_P,primary_5y_matched,M1,ridge,,period_2010,20,4.029563232113439,-21.713816801274728,1.1977192577564264,
S10__HLO_to_P__primary_5y_matched__M1__ridge__none,S10,HLO_to_P,primary_5y_matched,M1,ridge,,period_2015,9,-5.940583609224612,22.32071874354607,0.8215806063998781,
S10__HLO_to_P__primary_5y_matched__M2__ridge__none,S10,HLO_to_P,primary_5y_matched,M2,ridge,,pooled_mixing_periods,36,0.10185120709426676,7.961278625522019,0.9103996810015366,
S10__HLO_to_P__primary_5y_matched__M2__ridge__none,S10,HLO_to_P,primary_5y_matched,M2,ridge,,period_2000,5,-9.238026534564645,64.4493657768009,0.3737556214967133,
S10__HLO_to_P__primary_5y_matched__M2__ridge__none,S10,HLO_to_P,primary_5y_matched,M2,ridge,,period_2005,14,0.03197477163075235,-11.602234763754339,1.128980828675634,
S10__HLO_to_P__primary_5y_matched__M2__ridge__none,S10,HLO_to_P,primary_5y_matched,M2,ridge,,period_2010,20,4.736894737697136,-13.588744445582094,1.098191802282218,
S10__HLO_to_P__primary_5y_matched__M2__ridge__none,S10,HLO_to_P,primary_5y_matched,M2,ridge,,period_2015,9,-4.677271039589307,18.340454699068015,0.8531949134824622,
S10__HLO_to_P__primary_5y_matched__M3__ridge__none,S10,HLO_to_P,primary_5y_matched,M3,ridge,,pooled_mixing_periods,36,0.02590763546211705,7.8573290171544885,0.9123247267661215,
S10__HLO_to_P__primary_5y_matched__M3__ridge__none,S10,HLO_to_P,primary_5y_matched,M3,ridge,,period_2000,5,-8.035147402555925,69.5085408087549,0.3121126104194063,
S10__HLO_to_P__primary_5y_matched__M3__ridge__none,S10,HLO_to_P,primary_5y_matched,M3,ridge,,period_2005,14,-0.10187312122780637,-12.176617773205097,1.137080451319952,
S10__HLO_to_P__primary_5y_matched__M3__ridge__none,S10,HLO_to_P,primary_5y_matched,M3,ridge,,period_2010,20,4.731426031306597,-13.606497694719604,1.0984553714252243,
S10__HLO_to_P__primary_5y_matched__M3__ridge__none,S10,HLO_to_P,primary_5y_matched,M3,ridge,,period_2015,9,-5.328644489353183,8.046155440390931,0.9705957100757768,
S10__P_to_HLO__alternative_10y__M0__reference__none,S10,P_to_HLO,alternative_10y,M0,reference,,pooled_mixing_periods,36,3.9968028886505635e-15,16450.618364999864,-34.99999999999971,
S10__P_to_HLO__alternative_10y__M0__reference__none,S10,P_to_HLO,alternative_10y,M0,reference,,period_2000,5,-28.351249600000067,16585.90993309618,-35.296109857731444,
S10__P_to_HLO__alternative_10y__M0__reference__none,S10,P_to_HLO,alternative_10y,M0,reference,,period_2005,14,-0.38968034693878284,15793.902079141437,-33.565657766370215,
S10__P_to_HLO__alternative_10y__M0__reference__none,S10,P_to_HLO,alternative_10y,M0,reference,,period_2010,20,6.604946921428565,16461.181829733923,-35.02150482695968,
S10__P_to_HLO__alternative_10y__M0__reference__none,S10,P_to_HLO,alternative_10y,M0,reference,,period_2015,9,-21.715556174603165,17331.679929872844,-36.929829513941876,
S10__P_to_HLO__alternative_10y__M1__ridge__none,S10,P_to_HLO,alternative_10y,M1,ridge,,pooled_mixing_periods,36,0.07648216052718926,6.1581025809921766,0.9863587199951263,
S10__P_to_HLO__alternative_10y__M1__ridge__none,S10,P_to_HLO,alternative_10y,M1,ridge,,period_2000,5,13.35957141494988,298.70558913547114,0.37322569594865623,
S10__P_to_HLO__alternative_10y__M1__ridge__none,S10,P_to_HLO,alternative_10y,M1,ridge,,period_2005,14,-1.622196596934108,67.63634414450631,0.8551307524100017,
S10__P_to_HLO__alternative_10y__M1__ridge__none,S10,P_to_HLO,alternative_10y,M1,ridge,,period_2010,20,-17.896490431978314,-62.47467614711129,1.185758851612074,
S10__P_to_HLO__alternative_10y__M1__ridge__none,S10,P_to_HLO,alternative_10y,M1,ridge,,period_2015,9,21.00109518164869,-133.34964823383586,1.225109166100047,
S10__P_to_HLO__alternative_10y__M2__ridge__none,S10,P_to_HLO,alternative_10y,M2,ridge,,pooled_mixing_periods,36,1.139655093595738,-2.0864804687253105,1.0020668472759708,
S10__P_to_HLO__alternative_10y__M2__ridge__none,S10,P_to_HLO,alternative_10y,M2,ridge,,period_2000,5,-36.30745972243172,-31.89636188931339,1.1521646689320133,
S10__P_to_HLO__alternative_10y__M2__ridge__none,S10,P_to_HLO,alternative_10y,M2,ridge,,period_2005,14,2.9791569776011793,-31.091070401205727,1.0610753811817644,
S10__P_to_HLO__alternative_10y__M2__ridge__none,S10,P_to_HLO,alternative_10y,M2,ridge,,period_2010,20,4.4375863479281055,22.723222116675874,0.9403056622991064,
S10__P_to_HLO__alternative_10y__M2__ridge__none,S10,P_to_HLO,alternative_10y,M2,ridge,,period_2015,9,12.009599239022696,-191.58091645134166,1.366402340426275,
S10__P_to_HLO__alternative_10y__M3__ridge__none,S10,P_to_HLO,alternative_10y,M3,ridge,,pooled_mixing_periods,36,0.6621796982521762,-3.3736094560182295,1.005925019092424,
S10__P_to_HLO__alternative_10y__M3__ridge__none,S10,P_to_HLO,alternative_10y,M3,ridge,,period_2000,5,-23.341846736703147,-51.397643394887325,1.1620581323939994,
S10__P_to_HLO__alternative_10y__M3__ridge__none,S10,P_to_HLO,alternative_10y,M3,ridge,,period_2005,14,4.263204899523353,-15.538434784373933,1.0244281918201967,
S10__P_to_HLO__alternative_10y__M3__ridge__none,S10,P_to_HLO,alternative_10y,M3,ridge,,period_2010,20,-3.3007159881418513,26.060293368140623,0.9491132916310164,
S10__P_to_HLO__alternative_10y__M3__ridge__none,S10,P_to_HLO,alternative_10y,M3,ridge,,period_2015,9,19.34813069566046,-171.52098962479877,1.3059170358137424,
S10__P_to_HLO__primary_5y_matched__M0__reference__none,S10,P_to_HLO,primary_5y_matched,M0,reference,,pooled_mixing_periods,36,3.9968028886505635e-15,16450.618364999864,-34.99999999999971,
S10__P_to_HLO__primary_5y_matched__M0__reference__none,S10,P_to_HLO,primary_5y_matched,M0,reference,,period_2000,5,-28.351249600000067,16585.90993309618,-35.296109857731444,
S10__P_to_HLO__primary_5y_matched__M0__reference__none,S10,P_to_HLO,primary_5y_matched,M0,reference,,period_2005,14,-0.38968034693878284,15793.902079141437,-33.565657766370215,
S10__P_to_HLO__primary_5y_matched__M0__reference__none,S10,P_to_HLO,primary_5y_matched,M0,reference,,period_2010,20,6.604946921428565,16461.181829733923,-35.02150482695968,
S10__P_to_HLO__primary_5y_matched__M0__reference__none,S10,P_to_HLO,primary_5y_matched,M0,reference,,period_2015,9,-21.715556174603165,17331.679929872844,-36.929829513941876,
S10__P_to_HLO__primary_5y_matched__M1__ridge__none,S10,P_to_HLO,primary_5y_matched,M1,ridge,,pooled_mixing_periods,36,0.07648216052718926,6.1581025809921766,0.9863587199951263,
S10__P_to_HLO__primary_5y_matched__M1__ridge__none,S10,P_to_HLO,primary_5y_matched,M1,ridge,,period_2000,5,13.35957141494988,298.70558913547114,0.37322569594865623,
S10__P_to_HLO__primary_5y_matched__M1__ridge__none,S10,P_to_HLO,primary_5y_matched,M1,ridge,,period_2005,14,-1.622196596934108,67.63634414450631,0.8551307524100017,
S10__P_to_HLO__primary_5y_matched__M1__ridge__none,S10,P_to_HLO,primary_5y_matched,M1,ridge,,period_2010,20,-17.896490431978314,-62.47467614711129,1.185758851612074,
S10__P_to_HLO__primary_5y_matched__M1__ridge__none,S10,P_to_HLO,primary_5y_matched,M1,ridge,,period_2015,9,21.00109518164869,-133.34964823383586,1.225109166100047,
S10__P_to_HLO__primary_5y_matched__M2__ridge__none,S10,P_to_HLO,primary_5y_matched,M2,ridge,,pooled_mixing_periods,36,1.214986914528085,-15.355701717366468,1.0308630221422401,
S10__P_to_HLO__primary_5y_matched__M2__ridge__none,S10,P_to_HLO,primary_5y_matched,M2,ridge,,period_2000,5,-39.34556890916553,-26.948402506890847,1.148913087752235,
S10__P_to_HLO__primary_5y_matched__M2__ridge__none,S10,P_to_HLO,primary_5y_matched,M2,ridge,,period_2005,14,6.717219232182482,-24.346247867192567,1.0379919336440326,
S10__P_to_HLO__primary_5y_matched__M2__ridge__none,S10,P_to_HLO,primary_5y_matched,M2,ridge,,period_2010,20,4.100669812744351,-4.333363836957664,1.000511796581392,
S10__P_to_HLO__primary_5y_matched__M2__ridge__none,S10,P_to_HLO,primary_5y_matched,M2,ridge,,period_2015,9,9.770153182719639,-185.94858474689164,1.3611295572638815,
S10__P_to_HLO__primary_5y_matched__M3__ridge__none,S10,P_to_HLO,primary_5y_matched,M3,ridge,,pooled_mixing_periods,36,0.43860769082064444,-12.957888225982217,1.027370516547733,
S10__P_to_HLO__primary_5y_matched__M3__ridge__none,S10,P_to_HLO,primary_5y_matched,M3,ridge,,period_2000,5,-26.88689279108143,-66.24070253185914,1.2034933850398042,
S10__P_to_HLO__primary_5y_matched__M3__ridge__none,S10,P_to_HLO,primary_5y_matched,M3,ridge,,period_2005,14,5.586197850449322,-9.866670760304178,1.009247293168878,
S10__P_to_HLO__primary_5y_matched__M3__ridge__none,S10,P_to_HLO,primary_5y_matched,M3,ridge,,period_2010,20,-3.3404222248104474,15.79057881482272,0.9721610060590911,
S10__P_to_HLO__primary_5y_matched__M3__ridge__none,S10,P_to_HLO,primary_5y_matched,M3,ridge,,period_2015,9,13.42638113488216,-209.8046409393481,1.399540687614508,
S12__HLO_to_P__alternative_12y__M0__reference__none,S12,HLO_to_P,alternative_12y,M0,reference,,pooled_mixing_periods,33,-2.1649348980190553e-15,2961.452050285811,-31.999999999999787,
S12__HLO_to_P__alternative_12y__M0__reference__none,S12,HLO_to_P,alternative_12y,M0,reference,,period_2000,3,-10.300426694216435,3976.347955129904,-43.32202145674038,
S12__HLO_to_P__alternative_12y__M0__reference__none,S12,HLO_to_P,alternative_12y,M0,reference,,period_2005,13,-0.004562661696342812,2738.559393307532,-29.52571647350744,
S12__HLO_to_P__alternative_12y__M0__reference__none,S12,HLO_to_P,alternative_12y,M0,reference,,period_2010,18,5.385592588301154,2864.9973205630495,-30.93668811579483,
S12__HLO_to_P__alternative_12y__M0__reference__none,S12,HLO_to_P,alternative_12y,M0,reference,,period_2015,8,-8.720303893448914,2688.163650570389,-28.91711388008662,
S12__HLO_to_P__alternative_12y__M1__ridge__none,S12,HLO_to_P,alternative_12y,M1,ridge,,pooled_mixing_periods,33,-0.01071745000770874,1.8078487532404148,0.979971846420677,
S12__HLO_to_P__alternative_12y__M1__ridge__none,S12,HLO_to_P,alternative_12y,M1,ridge,,period_2000,3,-10.578667365374585,46.47151317097928,0.597633277724687,
S12__HLO_to_P__alternative_12y__M1__ridge__none,S12,HLO_to_P,alternative_12y,M1,ridge,,period_2005,13,0.3677917383933068,-10.963711908401008,1.117620844213118,
S12__HLO_to_P__alternative_12y__M1__ridge__none,S12,HLO_to_P,alternative_12y,M1,ridge,,period_2010,18,4.31551110104435,-13.050239028323151,1.0983560712880998,
S12__HLO_to_P__alternative_12y__M1__ridge__none,S12,HLO_to_P,alternative_12y,M1,ridge,,period_2015,8,-4.935609611107289,21.262470750991483,0.825094808667004,
S12__HLO_to_P__alternative_12y__M2__ridge__none,S12,HLO_to_P,alternative_12y,M2,ridge,,pooled_mixing_periods,33,-0.1580506491769532,6.884160591865018,0.9249174965521277,
S12__HLO_to_P__alternative_12y__M2__ridge__none,S12,HLO_to_P,alternative_12y,M2,ridge,,period_2000,3,-12.882882203061639,30.488202881555672,0.7974073485575532,
S12__HLO_to_P__alternative_12y__M2__ridge__none,S12,HLO_to_P,alternative_12y,M2,ridge,,period_2005,13,-1.364999705343366,-38.417838807067334,1.4502735297965728,
S12__HLO_to_P__alternative_12y__M2__ridge__none,S12,HLO_to_P,alternative_12y,M2,ridge,,period_2010,18,3.9306846964456645,4.616475856917539,0.90333713534777,
S12__HLO_to_P__alternative_12y__M2__ridge__none,S12,HLO_to_P,alternative_12y,M2,ridge,,period_2015,8,-2.4964884130764258,19.69796582643242,0.8204177043446348,
S12__HLO_to_P__alternative_12y__M3__ridge__none,S12,HLO_to_P,alternative_12y,M3,ridge,,pooled_mixing_periods,33,-0.09061859577535164,6.103687823323628,0.932927545163152,
S12__HLO_to_P__alternative_12y__M3__ridge__none,S12,HLO_to_P,alternative_12y,M3,ridge,,period_2000,3,-11.810130879262662,38.28439672937229,0.6990632118435766,
S12__HLO_to_P__alternative_12y__M3__ridge__none,S12,HLO_to_P,alternative_12y,M3,ridge,,period_2005,13,-1.3709387420807313,-32.302416041086076,1.3811502686569246,
S12__HLO_to_P__alternative_12y__M3__ridge__none,S12,HLO_to_P,alternative_12y,M3,ridge,,period_2010,18,4.082317490894614,4.56438383442908,0.9023788010805948,
S12__HLO_to_P__alternative_12y__M3__ridge__none,S12,HLO_to_P,alternative_12y,M3,ridge,,period_2015,8,-2.8673348206116156,18.068678354471512,0.8406821539125394,
S12__HLO_to_P__primary_5y_matched__M0__reference__none,S12,HLO_to_P,primary_5y_matched,M0,reference,,pooled_mixing_periods,33,-2.1649348980190553e-15,2961.452050285811,-31.999999999999787,
S12__HLO_to_P__primary_5y_matched__M0__reference__none,S12,HLO_to_P,primary_5y_matched,M0,reference,,period_2000,3,-10.300426694216435,3976.347955129904,-43.32202145674038,
S12__HLO_to_P__primary_5y_matched__M0__reference__none,S12,HLO_to_P,primary_5y_matched,M0,reference,,period_2005,13,-0.004562661696342812,2738.559393307532,-29.52571647350744,
S12__HLO_to_P__primary_5y_matched__M0__reference__none,S12,HLO_to_P,primary_5y_matched,M0,reference,,period_2010,18,5.385592588301154,2864.9973205630495,-30.93668811579483,
S12__HLO_to_P__primary_5y_matched__M0__reference__none,S12,HLO_to_P,primary_5y_matched,M0,reference,,period_2015,8,-8.720303893448914,2688.163650570389,-28.91711388008662,
S12__HLO_to_P__primary_5y_matched__M1__ridge__none,S12,HLO_to_P,primary_5y_matched,M1,ridge,,pooled_mixing_periods,33,-0.01071745000770874,1.8078487532404148,0.979971846420677,
S12__HLO_to_P__primary_5y_matched__M1__ridge__none,S12,HLO_to_P,primary_5y_matched,M1,ridge,,period_2000,3,-10.578667365374585,46.47151317097928,0.597633277724687,
S12__HLO_to_P__primary_5y_matched__M1__ridge__none,S12,HLO_to_P,primary_5y_matched,M1,ridge,,period_2005,13,0.3677917383933068,-10.963711908401008,1.117620844213118,
S12__HLO_to_P__primary_5y_matched__M1__ridge__none,S12,HLO_to_P,primary_5y_matched,M1,ridge,,period_2010,18,4.31551110104435,-13.050239028323151,1.0983560712880998,
S12__HLO_to_P__primary_5y_matched__M1__ridge__none,S12,HLO_to_P,primary_5y_matched,M1,ridge,,period_2015,8,-4.935609611107289,21.262470750991483,0.825094808667004,
S12__HLO_to_P__primary_5y_matched__M2__ridge__none,S12,HLO_to_P,primary_5y_matched,M2,ridge,,pooled_mixing_periods,33,0.44083452960866504,5.7413579325385635,0.931447453167454,
S12__HLO_to_P__primary_5y_matched__M2__ridge__none,S12,HLO_to_P,primary_5y_matched,M2,ridge,,period_2000,3,-13.913594020292933,44.59120867085957,0.6427409458997603,
S12__HLO_to_P__primary_5y_matched__M2__ridge__none,S12,HLO_to_P,primary_5y_matched,M2,ridge,,period_2005,13,0.2828999156645623,-3.6497277675092485,1.0374089893509304,
S12__HLO_to_P__primary_5y_matched__M2__ridge__none,S12,HLO_to_P,primary_5y_matched,M2,ridge,,period_2010,18,5.512543714812704,-21.444686400047384,1.1770154700839393,
S12__HLO_to_P__primary_5y_matched__M2__ridge__none,S12,HLO_to_P,primary_5y_matched,M2,ridge,,period_2015,8,-4.952881942970357,10.775891236379694,0.9376081518105078,
S12__HLO_to_P__primary_5y_matched__M3__ridge__none,S12,HLO_to_P,primary_5y_matched,M3,ridge,,pooled_mixing_periods,33,0.5408623162847441,3.618905978202587,0.9539246365352181,
S12__HLO_to_P__primary_5y_matched__M3__ridge__none,S12,HLO_to_P,primary_5y_matched,M3,ridge,,period_2000,3,-12.941761618086165,48.2870191876005,0.59298983452109,
S12__HLO_to_P__primary_5y_matched__M3__ridge__none,S12,HLO_to_P,primary_5y_matched,M3,ridge,,period_2005,13,0.12714223479806097,-4.116430036782256,1.0444020158940015,
S12__HLO_to_P__primary_5y_matched__M3__ridge__none,S12,HLO_to_P,primary_5y_matched,M3,ridge,,period_2010,18,5.723417452107416,-23.769858557171403,1.2000378932887747,
S12__HLO_to_P__primary_5y_matched__M3__ridge__none,S12,HLO_to_P,primary_5y_matched,M3,ridge,,period_2015,8,-5.026018845884291,-0.5246650187505427,1.0595206033172124,
S12__P_to_HLO__alternative_12y__M0__reference__none,S12,P_to_HLO,alternative_12y,M0,reference,,pooled_mixing_periods,33,1.7763568394002505e-14,14977.65553999996,-31.999999999999908,
S12__P_to_HLO__alternative_12y__M0__reference__none,S12,P_to_HLO,alternative_12y,M0,reference,,period_2000,3,0.027407135416655848,14888.926659834224,-31.806257687023457,
S12__P_to_HLO__alternative_12y__M0__reference__none,S12,P_to_HLO,alternative_12y,M0,reference,,period_2005,13,-4.040949591346138,14440.239587786411,-30.81811625001903,
S12__P_to_HLO__alternative_12y__M0__reference__none,S12,P_to_HLO,alternative_12y,M0,reference,,period_2010,18,11.222847864583343,15050.90017049633,-32.16142302027792,
S12__P_to_HLO__alternative_12y__M0__reference__none,S12,P_to_HLO,alternative_12y,M0,reference,,period_2015,8,-36.03008001953123,15498.57435463366,-33.14503444215171,
S12__P_to_HLO__alternative_12y__M1__ridge__none,S12,P_to_HLO,alternative_12y,M1,ridge,,pooled_mixing_periods,33,-0.05849426044723216,10.175016645458511,0.9777075745186712,
S12__P_to_HLO__alternative_12y__M1__ridge__none,S12,P_to_HLO,alternative_12y,M1,ridge,,period_2000,3,55.30897562704658,-469.23529798971197,1.8130127091749542,
S12__P_to_HLO__alternative_12y__M1__ridge__none,S12,P_to_HLO,alternative_12y,M1,ridge,,period_2005,13,-4.370056743286345,63.77434672438893,0.868974881100731,
S12__P_to_HLO__alternative_12y__M1__ridge__none,S12,P_to_HLO,alternative_12y,M1,ridge,,period_2010,18,-17.27791909738792,-57.20302687225404,1.1749588918395841,
S12__P_to_HLO__alternative_12y__M1__ridge__none,S12,P_to_HLO,alternative_12y,M1,ridge,,period_2015,8,9.779158311283965,-85.28124187982608,1.151410484497082,
S12__P_to_HLO__alternative_12y__M2__ridge__none,S12,P_to_HLO,alternative_12y,M2,ridge,,pooled_mixing_periods,33,0.3716794889627989,-4.776007557032317,1.0096960368639523,
S12__P_to_HLO__alternative_12y__M2__ridge__none,S12,P_to_HLO,alternative_12y,M2,ridge,,period_2000,3,-16.09921537802404,14.43412256668996,1.0038040281684173,
S12__P_to_HLO__alternative_12y__M2__ridge__none,S12,P_to_HLO,alternative_12y,M2,ridge,,period_2005,13,1.3437286480204391,-56.059168714336664,1.119181159106321,
S12__P_to_HLO__alternative_12y__M2__ridge__none,S12,P_to_HLO,alternative_12y,M2,ridge,,period_2010,18,-1.1247359509221946,4.685216367134107,0.9919420364140683,
S12__P_to_HLO__alternative_12y__M2__ridge__none,S12,P_to_HLO,alternative_12y,M2,ridge,,period_2015,8,11.231906729240784,-119.77729336513625,1.2170426010010744,
S12__P_to_HLO__alternative_12y__M3__ridge__none,S12,P_to_HLO,alternative_12y,M3,ridge,,pooled_mixing_periods,33,-0.7138104532422695,3.1810740678758,0.9945553593730934,
S12__P_to_HLO__alternative_12y__M3__ridge__none,S12,P_to_HLO,alternative_12y,M3,ridge,,period_2000,3,-2.7951854395976543,6.50658769857294,0.9917711344541849,
S12__P_to_HLO__alternative_12y__M3__ridge__none,S12,P_to_HLO,alternative_12y,M3,ridge,,period_2005,13,0.6953608763084572,-31.417937007253098,1.0670145512840639,
S12__P_to_HLO__alternative_12y__M3__ridge__none,S12,P_to_HLO,alternative_12y,M3,ridge,,period_2010,18,-7.979046350817653,8.50849480603388,0.9987828890843635,
S12__P_to_HLO__alternative_12y__M3__ridge__none,S12,P_to_HLO,alternative_12y,M3,ridge,,period_2015,8,11.928073726736237,-142.70911038116964,1.2611405187515554,
S12__P_to_HLO__primary_5y_matched__M0__reference__none,S12,P_to_HLO,primary_5y_matched,M0,reference,,pooled_mixing_periods,33,1.7763568394002505e-14,14977.65553999996,-31.999999999999908,
S12__P_to_HLO__primary_5y_matched__M0__reference__none,S12,P_to_HLO,primary_5y_matched,M0,reference,,period_2000,3,0.027407135416655848,14888.926659834224,-31.806257687023457,
S12__P_to_HLO__primary_5y_matched__M0__reference__none,S12,P_to_HLO,primary_5y_matched,M0,reference,,period_2005,13,-4.040949591346138,14440.239587786411,-30.81811625001903,
S12__P_to_HLO__primary_5y_matched__M0__reference__none,S12,P_to_HLO,primary_5y_matched,M0,reference,,period_2010,18,11.222847864583343,15050.90017049633,-32.16142302027792,
S12__P_to_HLO__primary_5y_matched__M0__reference__none,S12,P_to_HLO,primary_5y_matched,M0,reference,,period_2015,8,-36.03008001953123,15498.57435463366,-33.14503444215171,
S12__P_to_HLO__primary_5y_matched__M1__ridge__none,S12,P_to_HLO,primary_5y_matched,M1,ridge,,pooled_mixing_periods,33,-0.05849426044723216,10.175016645458511,0.9777075745186712,
S12__P_to_HLO__primary_5y_matched__M1__ridge__none,S12,P_to_HLO,primary_5y_matched,M1,ridge,,period_2000,3,55.30897562704658,-469.23529798971197,1.8130127091749542,
S12__P_to_HLO__primary_5y_matched__M1__ridge__none,S12,P_to_HLO,primary_5y_matched,M1,ridge,,period_2005,13,-4.370056743286345,63.77434672438893,0.868974881100731,
S12__P_to_HLO__primary_5y_matched__M1__ridge__none,S12,P_to_HLO,primary_5y_matched,M1,ridge,,period_2010,18,-17.27791909738792,-57.20302687225404,1.1749588918395841,
S12__P_to_HLO__primary_5y_matched__M1__ridge__none,S12,P_to_HLO,primary_5y_matched,M1,ridge,,period_2015,8,9.779158311283965,-85.28124187982608,1.151410484497082,
S12__P_to_HLO__primary_5y_matched__M2__ridge__none,S12,P_to_HLO,primary_5y_matched,M2,ridge,,pooled_mixing_periods,33,1.1712952766251032,-18.281257580384978,1.0376010365091437,
S12__P_to_HLO__primary_5y_matched__M2__ridge__none,S12,P_to_HLO,primary_5y_matched,M2,ridge,,period_2000,3,-32.58242175769563,-17.22622761663119,1.1182442963693526,
S12__P_to_HLO__primary_5y_matched__M2__ridge__none,S12,P_to_HLO,primary_5y_matched,M2,ridge,,period_2005,13,4.188879347747398,-34.36129897279321,1.0653167695166792,
S12__P_to_HLO__primary_5y_matched__M2__ridge__none,S12,P_to_HLO,primary_5y_matched,M2,ridge,,period_2010,18,2.8293342003363464,-13.392233002096873,1.023693582039304,
S12__P_to_HLO__primary_5y_matched__M2__ridge__none,S12,P_to_HLO,primary_5y_matched,M2,ridge,,period_2015,8,3.794261979233802,-144.0664028996022,1.28471632728453,
S12__P_to_HLO__primary_5y_matched__M3__ridge__none,S12,P_to_HLO,primary_5y_matched,M3,ridge,,pooled_mixing_periods,33,0.3392720358655783,-16.702830648301415,1.0360266050798699,
S12__P_to_HLO__primary_5y_matched__M3__ridge__none,S12,P_to_HLO,primary_5y_matched,M3,ridge,,period_2000,3,-10.220684502391993,-56.49523008543705,1.1503976296577685,
S12__P_to_HLO__primary_5y_matched__M3__ridge__none,S12,P_to_HLO,primary_5y_matched,M3,ridge,,period_2005,13,1.7717780144484436,-15.981146692924929,1.0309220126488554,
S12__P_to_HLO__primary_5y_matched__M3__ridge__none,S12,P_to_HLO,primary_5y_matched,M3,ridge,,period_2010,18,-4.351357844270432,1.1105042997256402,1.0073885484673284,
S12__P_to_HLO__primary_5y_matched__M3__ridge__none,S12,P_to_HLO,primary_5y_matched,M3,ridge,,period_2015,8,6.149585237644146,-170.7295361537066,1.3324655047862182,
S4__HLO_to_P__four_year_preceding_5y__M0__reference__none,S4,HLO_to_P,four_year_preceding_5y,M0,reference,,pooled_mixing_periods,33,-4.218847493575595e-15,2937.495447896142,-31.99999999999959,
S4__HLO_to_P__four_year_preceding_5y__M0__reference__none,S4,HLO_to_P,four_year_preceding_5y,M0,reference,,period_2000,7,-0.5759931481900331,3014.474246971806,-32.86173776750804,
S4__HLO_to_P__four_year_preceding_5y__M0__reference__none,S4,HLO_to_P,four_year_preceding_5y,M0,reference,,period_2004,5,-0.7248951440550315,2995.303490683834,-32.63777518776839,
S4__HLO_to_P__four_year_preceding_5y__M0__reference__none,S4,HLO_to_P,four_year_preceding_5y,M0,reference,,period_2008,19,-0.24314281440362379,2825.2457359905206,-30.750398956147624,
S4__HLO_to_P__four_year_preceding_5y__M0__reference__none,S4,HLO_to_P,four_year_preceding_5y,M0,reference,,period_2012,18,0.4553172088025108,3031.938207089487,-33.05234427780131,
S4__HLO_to_P__four_year_preceding_5y__M1__ridge__none,S4,HLO_to_P,four_year_preceding_5y,M1,ridge,,pooled_mixing_periods,33,0.01653738753590911,3.3353552642285305,0.96235163135297,
S4__HLO_to_P__four_year_preceding_5y__M1__ridge__none,S4,HLO_to_P,four_year_preceding_5y,M1,ridge,,period_2000,7,-0.7298585888394393,22.16530132964519,0.7587515500901144,
S4__HLO_to_P__four_year_preceding_5y__M1__ridge__none,S4,HLO_to_P,four_year_preceding_5y,M1,ridge,,period_2004,5,-1.6463362518676008,-68.45103222271112,1.7956312444223639,
S4__HLO_to_P__four_year_preceding_5y__M1__ridge__none,S4,HLO_to_P,four_year_preceding_5y,M1,ridge,,period_2008,19,0.8358525916225067,-9.52435078775304,1.0964806191976606,
S4__HLO_to_P__four_year_preceding_5y__M1__ridge__none,S4,HLO_to_P,four_year_preceding_5y,M1,ridge,,period_2012,18,-0.17163561821689802,-11.231698103371704,1.1289619831933801,
S4__HLO_to_P__four_year_preceding_5y__M2__ridge__none,S4,HLO_to_P,four_year_preceding_5y,M2,ridge,,pooled_mixing_periods,33,0.20186196810012957,-11.103549020650297,1.122193105132621,
S4__HLO_to_P__four_year_preceding_5y__M2__ridge__none,S4,HLO_to_P,four_year_preceding_5y,M2,ridge,,period_2000,7,-2.467410867323152,16.73423797493248,0.8362291973093818,
S4__HLO_to_P__four_year_preceding_5y__M2__ridge__none,S4,HLO_to_P,four_year_preceding_5y,M2,ridge,,period_2004,5,-2.03207116888386,-218.53934272465938,3.5145771231535416,
S4__HLO_to_P__four_year_preceding_5y__M2__ridge__none,S4,HLO_to_P,four_year_preceding_5y,M2,ridge,,period_2008,19,0.8729652326699999,-39.02293597713587,1.4234582848023907,
S4__HLO_to_P__four_year_preceding_5y__M2__ridge__none,S4,HLO_to_P,four_year_preceding_5y,M2,ridge,,period_2012,18,1.8003661121134573,1.225719216327824,0.9665241222276469,
S4__HLO_to_P__four_year_preceding_5y__M3__ridge__none,S4,HLO_to_P,four_year_preceding_5y,M3,ridge,,pooled_mixing_periods,33,0.19985930295692156,-14.87591011572186,1.164502289133273,
S4__HLO_to_P__four_year_preceding_5y__M3__ridge__none,S4,HLO_to_P,four_year_preceding_5y,M3,ridge,,period_2000,7,-1.9882161589003786,22.406919283615807,0.7668932551964158,
S4__HLO_to_P__four_year_preceding_5y__M3__ridge__none,S4,HLO_to_P,four_year_preceding_5y,M3,ridge,,period_2004,5,-2.0236578074141622,-173.9512466418961,3.0059717745619334,
S4__HLO_to_P__four_year_preceding_5y__M3__ridge__none,S4,HLO_to_P,four_year_preceding_5y,M3,ridge,,period_2008,19,0.9013376557618276,-41.52684794723104,1.4507943908076462,
S4__HLO_to_P__four_year_preceding_5y__M3__ridge__none,S4,HLO_to_P,four_year_preceding_5y,M3,ridge,,period_2012,18,1.404494288254433,-18.40058983970647,1.1888452446159214,
S4__P_to_HLO__four_year_preceding_5y__M0__reference__none,S4,P_to_HLO,four_year_preceding_5y,M0,reference,,pooled_mixing_periods,33,5.3290705182007514e-14,15401.345524999919,-31.999999999999826,
S4__P_to_HLO__four_year_preceding_5y__M0__reference__none,S4,P_to_HLO,four_year_preceding_5y,M0,reference,,period_2000,7,2.549061272321449,15409.79062125445,-32.01928583047842,
S4__P_to_HLO__four_year_preceding_5y__M0__reference__none,S4,P_to_HLO,four_year_preceding_5y,M0,reference,,period_2004,5,8.45903556250005,14989.488778609924,-31.130208089579444,
S4__P_to_HLO__four_year_preceding_5y__M0__reference__none,S4,P_to_HLO,four_year_preceding_5y,M0,reference,,period_2008,19,-9.175840271381515,15848.553107052692,-32.96141056184092,
S4__P_to_HLO__four_year_preceding_5y__M0__reference__none,S4,P_to_HLO,four_year_preceding_5y,M0,reference,,period_2012,18,5.356944331597295,15262.733322032069,-31.696533901765424,
S4__P_to_HLO__four_year_preceding_5y__M1__ridge__none,S4,P_to_HLO,four_year_preceding_5y,M1,ridge,,pooled_mixing_periods,33,0.1738425348203123,9.27727571982516,0.9797569133629305,
S4__P_to_HLO__four_year_preceding_5y__M1__ridge__none,S4,P_to_HLO,four_year_preceding_5y,M1,ridge,,period_2000,7,7.104419202490044,107.10010353963408,0.7576938056585055,
S4__P_to_HLO__four_year_preceding_5y__M1__ridge__none,S4,P_to_HLO,four_year_preceding_5y,M1,ridge,,period_2004,5,12.255772228014044,-20.851299597552284,1.0182656891535629,
S4__P_to_HLO__four_year_preceding_5y__M1__ridge__none,S4,P_to_HLO,four_year_preceding_5y,M1,ridge,,period_2008,19,-8.147467380158496,-83.86004417221821,1.1968404546717883,
S4__P_to_HLO__four_year_preceding_5y__M1__ridge__none,S4,P_to_HLO,four_year_preceding_5y,M1,ridge,,period_2012,18,3.0059589533352913,6.851105142064717,0.9787843369359586,
S4__P_to_HLO__four_year_preceding_5y__M2__ridge__none,S4,P_to_HLO,four_year_preceding_5y,M2,ridge,,pooled_mixing_periods,33,0.8280760739044786,-32.53570484163797,1.0678186526313986,
S4__P_to_HLO__four_year_preceding_5y__M2__ridge__none,S4,P_to_HLO,four_year_preceding_5y,M2,ridge,,period_2000,7,-18.380670508640122,-108.45617712450459,1.284490837100947,
S4__P_to_HLO__four_year_preceding_5y__M2__ridge__none,S4,P_to_HLO,four_year_preceding_5y,M2,ridge,,period_2004,5,-0.36621449729710687,-142.47477315123356,1.311906265949255,
S4__P_to_HLO__four_year_preceding_5y__M2__ridge__none,S4,P_to_HLO,four_year_preceding_5y,M2,ridge,,period_2008,19,5.7641139087728055,-38.01150970058803,1.066995973677557,
S4__P_to_HLO__four_year_preceding_5y__M2__ridge__none,S4,P_to_HLO,four_year_preceding_5y,M2,ridge,,period_2012,18,12.946465751642165,-29.639750598815755,1.0351768539174822,
S4__P_to_HLO__four_year_preceding_5y__M3__ridge__none,S4,P_to_HLO,four_year_preceding_5y,M3,ridge,,pooled_mixing_periods,33,0.6138795736514169,-25.869308381910237,1.054042963036892,
S4__P_to_HLO__four_year_preceding_5y__M3__ridge__none,S4,P_to_HLO,four_year_preceding_5y,M3,ridge,,period_2000,7,-12.320469934404468,-98.80208697740416,1.245901705132082,
S4__P_to_HLO__four_year_preceding_5y__M3__ridge__none,S4,P_to_HLO,four_year_preceding_5y,M3,ridge,,period_2004,5,3.433596506538505,-40.37341832909427,1.0799976954792725,
S4__P_to_HLO__four_year_preceding_5y__M3__ridge__none,S4,P_to_HLO,four_year_preceding_5y,M3,ridge,,period_2008,19,3.466989021876291,-19.947309554401276,1.0344030785248843,
S4__P_to_HLO__four_year_preceding_5y__M3__ridge__none,S4,P_to_HLO,four_year_preceding_5y,M3,ridge,,period_2012,18,9.548185413087479,-12.422835515722157,1.0061012856542122,
SA5__HLO_to_P__assessment_specific_5y_fixed__M0__reference__none,SA5,HLO_to_P,assessment_specific_5y_fixed,M0,reference,,pooled_mixing_periods,36,-4.3298697960381105e-15,3231.7662101655174,-35.00000000000016,
SA5__HLO_to_P__assessment_specific_5y_fixed__M0__reference__none,SA5,HLO_to_P,assessment_specific_5y_fixed,M0,reference,,period_2000,5,-1.5031326381590953,4114.629704828057,-44.85493907362253,
SA5__HLO_to_P__assessment_specific_5y_fixed__M0__reference__none,SA5,HLO_to_P,assessment_specific_5y_fixed,M0,reference,,period_2005,17,-0.8454532970270927,3045.6767898208145,-32.93252250936351,
SA5__HLO_to_P__assessment_specific_5y_fixed__M0__reference__none,SA5,HLO_to_P,assessment_specific_5y_fixed,M0,reference,,period_2010,20,4.456930429014097,2953.651507291764,-31.915929885671027,
SA5__HLO_to_P__assessment_specific_5y_fixed__M0__reference__none,SA5,HLO_to_P,assessment_specific_5y_fixed,M0,reference,,period_2015,9,-8.09512715627166,2825.7213020462177,-30.428348715033987,
SA5__HLO_to_P__assessment_specific_5y_fixed__M1__ridge__none,SA5,HLO_to_P,assessment_specific_5y_fixed,M1,ridge,,pooled_mixing_periods,36,0.012126565824646399,2.595455429224821,0.9709569731225715,
SA5__HLO_to_P__assessment_specific_5y_fixed__M1__ridge__none,SA5,HLO_to_P,assessment_specific_5y_fixed,M1,ridge,,period_2000,5,-2.9510047148794247,-14.085896665789866,1.1930509840598098,
SA5__HLO_to_P__assessment_specific_5y_fixed__M1__ridge__none,SA5,HLO_to_P,assessment_specific_5y_fixed,M1,ridge,,period_2005,17,-0.14296101055118995,-11.195980455566758,1.1253830007981227,
SA5__HLO_to_P__assessment_specific_5y_fixed__M1__ridge__none,SA5,HLO_to_P,assessment_specific_5y_fixed,M1,ridge,,period_2010,20,4.03638526613003,-16.217298820455966,1.1361786344629856,
SA5__HLO_to_P__assessment_specific_5y_fixed__M1__ridge__none,SA5,HLO_to_P,assessment_specific_5y_fixed,M1,ridge,,period_2015,9,-5.71375909462255,26.515535482303555,0.7739766395411593,
SA5__HLO_to_P__assessment_specific_5y_fixed__M2__ridge__none,SA5,HLO_to_P,assessment_specific_5y_fixed,M2,ridge,,pooled_mixing_periods,36,0.5496347715406605,3.3018190774010203,0.9573581190524585,
SA5__HLO_to_P__assessment_specific_5y_fixed__M2__ridge__none,SA5,HLO_to_P,assessment_specific_5y_fixed,M2,ridge,,period_2000,5,-5.2134252488855575,19.914037274314037,0.8290395255137732,
SA5__HLO_to_P__assessment_specific_5y_fixed__M2__ridge__none,SA5,HLO_to_P,assessment_specific_5y_fixed,M2,ridge,,period_2005,17,-0.31603936582447745,-21.325666750163013,1.239767113137846,
SA5__HLO_to_P__assessment_specific_5y_fixed__M2__ridge__none,SA5,HLO_to_P,assessment_specific_5y_fixed,M2,ridge,,period_2010,20,5.5226390935728675,-39.75277257929949,1.376427061670466,
SA5__HLO_to_P__assessment_specific_5y_fixed__M2__ridge__none,SA5,HLO_to_P,assessment_specific_5y_fixed,M2,ridge,,period_2015,9,-5.690657600605986,16.41030100958524,0.88355408877632,
SA5__HLO_to_P__assessment_specific_5y_fixed__M3__ridge__none,SA5,HLO_to_P,assessment_specific_5y_fixed,M3,ridge,,pooled_mixing_periods,36,0.4152982363482361,1.7905781950028081,0.9755409686668296,
SA5__HLO_to_P__assessment_specific_5y_fixed__M3__ridge__none,SA5,HLO_to_P,assessment_specific_5y_fixed,M3,ridge,,period_2000,5,-3.999367712782684,6.235604957160954,0.9743557904971946,
SA5__HLO_to_P__assessment_specific_5y_fixed__M3__ridge__none,SA5,HLO_to_P,assessment_specific_5y_fixed,M3,ridge,,period_2005,17,-0.3613363581886484,-15.78951042670575,1.1790240667473855,
SA5__HLO_to_P__assessment_specific_5y_fixed__M3__ridge__none,SA5,HLO_to_P,assessment_specific_5y_fixed,M3,ridge,,period_2010,20,5.28007123046858,-37.36007010665388,1.3537257048376927,
SA5__HLO_to_P__assessment_specific_5y_fixed__M3__ridge__none,SA5,HLO_to_P,assessment_specific_5y_fixed,M3,ridge,,period_2015,9,-5.831434970788479,16.133238350242333,0.887921628455764,
SA5__HLO_to_P__primary_5y_matched__M0__reference__none,SA5,HLO_to_P,primary_5y_matched,M0,reference,,pooled_mixing_periods,36,-4.3298697960381105e-15,3231.7662101655174,-35.00000000000016,
SA5__HLO_to_P__primary_5y_matched__M0__reference__none,SA5,HLO_to_P,primary_5y_matched,M0,reference,,period_2000,5,-1.5031326381590953,4114.629704828057,-44.85493907362253,
SA5__HLO_to_P__primary_5y_matched__M0__reference__none,SA5,HLO_to_P,primary_5y_matched,M0,reference,,period_2005,17,-0.8454532970270927,3045.6767898208145,-32.93252250936351,
SA5__HLO_to_P__primary_5y_matched__M0__reference__none,SA5,HLO_to_P,primary_5y_matched,M0,reference,,period_2010,20,4.456930429014097,2953.651507291764,-31.915929885671027,
SA5__HLO_to_P__primary_5y_matched__M0__reference__none,SA5,HLO_to_P,primary_5y_matched,M0,reference,,period_2015,9,-8.09512715627166,2825.7213020462177,-30.428348715033987,
SA5__HLO_to_P__primary_5y_matched__M1__ridge__none,SA5,HLO_to_P,primary_5y_matched,M1,ridge,,pooled_mixing_periods,36,0.012126565824646399,2.595455429224821,0.9709569731225715,
SA5__HLO_to_P__primary_5y_matched__M1__ridge__none,SA5,HLO_to_P,primary_5y_matched,M1,ridge,,period_2000,5,-2.9510047148794247,-14.085896665789866,1.1930509840598098,
SA5__HLO_to_P__primary_5y_matched__M1__ridge__none,SA5,HLO_to_P,primary_5y_matched,M1,ridge,,period_2005,17,-0.14296101055118995,-11.195980455566758,1.1253830007981227,
SA5__HLO_to_P__primary_5y_matched__M1__ridge__none,SA5,HLO_to_P,primary_5y_matched,M1,ridge,,period_2010,20,4.03638526613003,-16.217298820455966,1.1361786344629856,
SA5__HLO_to_P__primary_5y_matched__M1__ridge__none,SA5,HLO_to_P,primary_5y_matched,M1,ridge,,period_2015,9,-5.71375909462255,26.515535482303555,0.7739766395411593,
SA5__HLO_to_P__primary_5y_matched__M2__ridge__none,SA5,HLO_to_P,primary_5y_matched,M2,ridge,,pooled_mixing_periods,36,0.5557335972247238,4.748118929765917,0.9412816597885928,
SA5__HLO_to_P__primary_5y_matched__M2__ridge__none,SA5,HLO_to_P,primary_5y_matched,M2,ridge,,period_2000,5,-4.538632004466019,21.837675584387316,0.8003875749759416,
SA5__HLO_to_P__primary_5y_matched__M2__ridge__none,SA5,HLO_to_P,primary_5y_matched,M2,ridge,,period_2005,17,-0.40273861219570295,-9.069068049458293,1.105038448793366,
SA5__HLO_to_P__primary_5y_matched__M2__ridge__none,SA5,HLO_to_P,primary_5y_matched,M2,ridge,,period_2010,20,5.234539940770435,-32.7562842403247,1.3036171656724629,
SA5__HLO_to_P__primary_5y_matched__M2__ridge__none,SA5,HLO_to_P,primary_5y_matched,M2,ridge,,period_2015,9,-4.489259421081783,21.837004787406915,0.8139816444993988,
SA5__HLO_to_P__primary_5y_matched__M3__ridge__none,SA5,HLO_to_P,primary_5y_matched,M3,ridge,,pooled_mixing_periods,36,0.3074738721804098,1.3361163810325059,0.9817538529721186,
SA5__HLO_to_P__primary_5y_matched__M3__ridge__none,SA5,HLO_to_P,primary_5y_matched,M3,ridge,,period_2000,5,-3.5364980180640337,4.940728343073179,0.9839819128303119,
SA5__HLO_to_P__primary_5y_matched__M3__ridge__none,SA5,HLO_to_P,primary_5y_matched,M3,ridge,,period_2005,17,-0.5601285325638155,-8.228779941158285,1.0976358006537918,
SA5__HLO_to_P__primary_5y_matched__M3__ridge__none,SA5,HLO_to_P,primary_5y_matched,M3,ridge,,period_2010,20,4.842361516984638,-32.608662080193895,1.3076461090097617,
SA5__HLO_to_P__primary_5y_matched__M3__ridge__none,SA5,HLO_to_P,primary_5y_matched,M3,ridge,,period_2015,9,-4.899873478972845,16.516506958368243,0.8748849769758577,
SA5__P_to_HLO__assessment_specific_5y_fixed__M0__reference__none,SA5,P_to_HLO,assessment_specific_5y_fixed,M0,reference,,pooled_mixing_periods,36,-6.8833827526759706e-15,16401.0241766667,-35.00000000000006,
SA5__P_to_HLO__assessment_specific_5y_fixed__M0__reference__none,SA5,P_to_HLO,assessment_specific_5y_fixed,M0,reference,,period_2000,5,14.163151161904707,18432.89424920234,-39.4739190324332,
SA5__P_to_HLO__assessment_specific_5y_fixed__M0__reference__none,SA5,P_to_HLO,assessment_specific_5y_fixed,M0,reference,,period_2005,17,-6.962866560224086,15880.049620579573,-33.85891793909762,
SA5__P_to_HLO__assessment_specific_5y_fixed__M0__reference__none,SA5,P_to_HLO,assessment_specific_5y_fixed,M0,reference,,period_2010,20,5.247451680952368,15866.939023620089,-33.82209332663076,
SA5__P_to_HLO__assessment_specific_5y_fixed__M0__reference__none,SA5,P_to_HLO,assessment_specific_5y_fixed,M0,reference,,period_2015,9,-23.131814021164026,17284.203245403325,-36.94043607899797,
SA5__P_to_HLO__assessment_specific_5y_fixed__M1__ridge__none,SA5,P_to_HLO,assessment_specific_5y_fixed,M1,ridge,,pooled_mixing_periods,36,0.11529131412421174,6.860501325040765,0.9846921145215597,
SA5__P_to_HLO__assessment_specific_5y_fixed__M1__ridge__none,SA5,P_to_HLO,assessment_specific_5y_fixed,M1,ridge,,period_2000,5,23.30620998353717,44.913440256118136,0.8532656616230587,
SA5__P_to_HLO__assessment_specific_5y_fixed__M1__ridge__none,SA5,P_to_HLO,assessment_specific_5y_fixed,M1,ridge,,period_2005,17,-2.5674131492208834,46.058531475443424,0.9054022066869786,
SA5__P_to_HLO__assessment_specific_5y_fixed__M1__ridge__none,SA5,P_to_HLO,assessment_specific_5y_fixed,M1,ridge,,period_2010,20,-18.763168090854954,-57.79989205868131,1.17731249669381,
SA5__P_to_HLO__assessment_specific_5y_fixed__M1__ridge__none,SA5,P_to_HLO,assessment_specific_5y_fixed,M1,ridge,,period_2015,9,20.47478923654182,-125.34224336836765,1.210341343712884,
SA5__P_to_HLO__assessment_specific_5y_fixed__M2__ridge__none,SA5,P_to_HLO,assessment_specific_5y_fixed,M2,ridge,,pooled_mixing_periods,36,0.8542218235504244,-17.24118906479383,1.035901829166693,
SA5__P_to_HLO__assessment_specific_5y_fixed__M2__ridge__none,SA5,P_to_HLO,assessment_specific_5y_fixed,M2,ridge,,period_2000,5,-14.168571534542913,-165.34281043504416,1.4199640058551106,
SA5__P_to_HLO__assessment_specific_5y_fixed__M2__ridge__none,SA5,P_to_HLO,assessment_specific_5y_fixed,M2,ridge,,period_2005,17,2.6749578549097786,-32.904021811640035,1.0650101272034613,
SA5__P_to_HLO__assessment_specific_5y_fixed__M2__ridge__none,SA5,P_to_HLO,assessment_specific_5y_fixed,M2,ridge,,period_2010,20,1.8096128566057637,6.858584519842314,0.9808382617757431,
SA5__P_to_HLO__assessment_specific_5y_fixed__M2__ridge__none,SA5,P_to_HLO,assessment_specific_5y_fixed,M2,ridge,,period_2015,9,5.2533924649453665,-161.90067266949282,1.3240953272786973,
SA5__P_to_HLO__assessment_specific_5y_fixed__M3__ridge__none,SA5,P_to_HLO,assessment_specific_5y_fixed,M3,ridge,,pooled_mixing_periods,36,0.5460581335770636,-11.288252415939949,1.0235507263229826,
SA5__P_to_HLO__assessment_specific_5y_fixed__M3__ridge__none,SA5,P_to_HLO,assessment_specific_5y_fixed,M3,ridge,,period_2000,5,-6.586677131046725,-173.51574224227355,1.4140032543335104,
SA5__P_to_HLO__assessment_specific_5y_fixed__M3__ridge__none,SA5,P_to_HLO,assessment_specific_5y_fixed,M3,ridge,,period_2005,17,3.379129271720756,-10.4368164448492,1.0151551951088613,
SA5__P_to_HLO__assessment_specific_5y_fixed__M3__ridge__none,SA5,P_to_HLO,assessment_specific_5y_fixed,M3,ridge,,period_2010,20,-4.970445432851434,25.736253223059165,0.953397055605231,
SA5__P_to_HLO__assessment_specific_5y_fixed__M3__ridge__none,SA5,P_to_HLO,assessment_specific_5y_fixed,M3,ridge,,period_2015,9,12.034596457829359,-182.13461239813472,1.3470591305242288,
SA5__P_to_HLO__primary_5y_matched__M0__reference__none,SA5,P_to_HLO,primary_5y_matched,M0,reference,,pooled_mixing_periods,36,-6.8833827526759706e-15,16401.0241766667,-35.00000000000006,
SA5__P_to_HLO__primary_5y_matched__M0__reference__none,SA5,P_to_HLO,primary_5y_matched,M0,reference,,period_2000,5,14.163151161904707,18432.89424920234,-39.4739190324332,
SA5__P_to_HLO__primary_5y_matched__M0__reference__none,SA5,P_to_HLO,primary_5y_matched,M0,reference,,period_2005,17,-6.962866560224086,15880.049620579573,-33.85891793909762,
SA5__P_to_HLO__primary_5y_matched__M0__reference__none,SA5,P_to_HLO,primary_5y_matched,M0,reference,,period_2010,20,5.247451680952368,15866.939023620089,-33.82209332663076,
SA5__P_to_HLO__primary_5y_matched__M0__reference__none,SA5,P_to_HLO,primary_5y_matched,M0,reference,,period_2015,9,-23.131814021164026,17284.203245403325,-36.94043607899797,
SA5__P_to_HLO__primary_5y_matched__M1__ridge__none,SA5,P_to_HLO,primary_5y_matched,M1,ridge,,pooled_mixing_periods,36,0.11529131412421174,6.860501325040765,0.9846921145215597,
SA5__P_to_HLO__primary_5y_matched__M1__ridge__none,SA5,P_to_HLO,primary_5y_matched,M1,ridge,,period_2000,5,23.30620998353717,44.913440256118136,0.8532656616230587,
SA5__P_to_HLO__primary_5y_matched__M1__ridge__none,SA5,P_to_HLO,primary_5y_matched,M1,ridge,,period_2005,17,-2.5674131492208834,46.058531475443424,0.9054022066869786,
SA5__P_to_HLO__primary_5y_matched__M1__ridge__none,SA5,P_to_HLO,primary_5y_matched,M1,ridge,,period_2010,20,-18.763168090854954,-57.79989205868131,1.17731249669381,
SA5__P_to_HLO__primary_5y_matched__M1__ridge__none,SA5,P_to_HLO,primary_5y_matched,M1,ridge,,period_2015,9,20.47478923654182,-125.34224336836765,1.210341343712884,
SA5__P_to_HLO__primary_5y_matched__M2__ridge__none,SA5,P_to_HLO,primary_5y_matched,M2,ridge,,pooled_mixing_periods,36,1.7033563365322144,-17.31317468624624,1.0341356872563703,
SA5__P_to_HLO__primary_5y_matched__M2__ridge__none,SA5,P_to_HLO,primary_5y_matched,M2,ridge,,period_2000,5,-12.448416553293178,-133.57788787681008,1.3402569153110613,
SA5__P_to_HLO__primary_5y_matched__M2__ridge__none,SA5,P_to_HLO,primary_5y_matched,M2,ridge,,period_2005,17,3.409855971590443,-33.41937900187893,1.0644361473620725,
SA5__P_to_HLO__primary_5y_matched__M2__ridge__none,SA5,P_to_HLO,primary_5y_matched,M2,ridge,,period_2010,20,2.2372628752102655,-0.6334916898300852,0.9964580848812788,
SA5__P_to_HLO__primary_5y_matched__M2__ridge__none,SA5,P_to_HLO,primary_5y_matched,M2,ridge,,period_2015,9,7.9982200698123425,-190.24081811977445,1.3749216037919125,
SA5__P_to_HLO__primary_5y_matched__M3__ridge__none,SA5,P_to_HLO,primary_5y_matched,M3,ridge,,pooled_mixing_periods,36,0.5506973641724803,-13.216401501833126,1.02776746446737,
SA5__P_to_HLO__primary_5y_matched__M3__ridge__none,SA5,P_to_HLO,primary_5y_matched,M3,ridge,,period_2000,5,-6.5627733456027375,-168.8549022480599,1.4032122307355632,
SA5__P_to_HLO__primary_5y_matched__M3__ridge__none,SA5,P_to_HLO,primary_5y_matched,M3,ridge,,period_2005,17,3.0953190768628835,-14.413649236914617,1.0243190295424462,
SA5__P_to_HLO__primary_5y_matched__M3__ridge__none,SA5,P_to_HLO,primary_5y_matched,M3,ridge,,period_2010,20,-5.628718947183299,22.409717795480397,0.9622841069881691,
SA5__P_to_HLO__primary_5y_matched__M3__ridge__none,SA5,P_to_HLO,primary_5y_matched,M3,ridge,,period_2015,9,14.475444116570857,-196.25294261993787,1.3690470787853848,
SCC__HLO_to_P__restricted_primary_5y__M0__reference__none,SCC,HLO_to_P,restricted_primary_5y,M0,reference,,pooled_mixing_periods,23,4.551914400963142e-15,2088.355687759929,-22.00000000000007,
SCC__HLO_to_P__restricted_primary_5y__M0__reference__none,SCC,HLO_to_P,restricted_primary_5y,M0,reference,,period_2005,12,-0.15700628768157782,1885.1673503557413,-19.76481005390713,
SCC__HLO_to_P__restricted_primary_5y__M0__reference__none,SCC,HLO_to_P,restricted_primary_5y,M0,reference,,period_2010,10,6.019610809018534,2060.8511879988055,-21.716850398037536,
SCC__HLO_to_P__restricted_primary_5y__M0__reference__none,SCC,HLO_to_P,restricted_primary_5y,M0,reference,,period_2015,5,-7.225561032245441,1843.7341849617655,-19.256063956054987,
SCC__HLO_to_P__restricted_primary_5y__M1__ridge__none,SCC,HLO_to_P,restricted_primary_5y,M1,ridge,,pooled_mixing_periods,23,0.17276465334845223,-0.9702473293074548,1.0087663551660269,
SCC__HLO_to_P__restricted_primary_5y__M1__ridge__none,SCC,HLO_to_P,restricted_primary_5y,M1,ridge,,period_2005,12,0.19778119846842407,22.743500747357277,0.7482683146479681,
SCC__HLO_to_P__restricted_primary_5y__M1__ridge__none,SCC,HLO_to_P,restricted_primary_5y,M1,ridge,,period_2010,10,5.195107154248128,-30.119281125027285,1.2764452358938145,
SCC__HLO_to_P__restricted_primary_5y__M1__ridge__none,SCC,HLO_to_P,restricted_primary_5y,M1,ridge,,period_2015,5,-3.4725124588249967,-1.3006821297483842,1.05055403247347,
SCC__HLO_to_P__restricted_primary_5y__M2__ridge__none,SCC,HLO_to_P,restricted_primary_5y,M2,ridge,,pooled_mixing_periods,23,0.9181758071769217,12.70442383551017,0.8514701619038403,
SCC__HLO_to_P__restricted_primary_5y__M2__ridge__none,SCC,HLO_to_P,restricted_primary_5y,M2,ridge,,period_2005,12,0.5563397880308387,-0.42790019750941366,0.9985961724195223,
SCC__HLO_to_P__restricted_primary_5y__M2__ridge__none,SCC,HLO_to_P,restricted_primary_5y,M2,ridge,,period_2010,10,6.828308252611951,-51.355825325508754,1.4850875883915104,
SCC__HLO_to_P__restricted_primary_5y__M2__ridge__none,SCC,HLO_to_P,restricted_primary_5y,M2,ridge,,period_2015,5,-4.1486122946950506,-9.20127859608828,1.1424116225418888,
SCC__HLO_to_P__restricted_primary_5y__M3__ridge__none,SCC,HLO_to_P,restricted_primary_5y,M3,ridge,,pooled_mixing_periods,23,0.688628547948759,10.198504593377516,0.8809976432443974,
SCC__HLO_to_P__restricted_primary_5y__M3__ridge__none,SCC,HLO_to_P,restricted_primary_5y,M3,ridge,,period_2005,12,-0.03423809050645471,16.816326586986253,0.815382317198885,
SCC__HLO_to_P__restricted_primary_5y__M3__ridge__none,SCC,HLO_to_P,restricted_primary_5y,M3,ridge,,period_2010,10,6.54073840322546,-69.1013853674257,1.6836843142959053,
SCC__HLO_to_P__restricted_primary_5y__M3__ridge__none,SCC,HLO_to_P,restricted_primary_5y,M3,ridge,,period_2015,5,-4.837616639136846,-42.037928748502125,1.5037533211885645,
SCC__P_to_HLO__restricted_primary_5y__M0__reference__none,SCC,P_to_HLO,restricted_primary_5y,M0,reference,,pooled_mixing_periods,23,-8.43769498715119e-15,10553.040849999996,-21.999999999999986,
SCC__P_to_HLO__restricted_primary_5y__M0__reference__none,SCC,P_to_HLO,restricted_primary_5y,M0,reference,,period_2005,12,-4.816222159090945,10505.167530313658,-21.89847105539538,
SCC__P_to_HLO__restricted_primary_5y__M0__reference__none,SCC,P_to_HLO,restricted_primary_5y,M0,reference,,period_2010,10,11.960715727272714,10488.05283151475,-21.85690103900812,
SCC__P_to_HLO__restricted_primary_5y__M0__reference__none,SCC,P_to_HLO,restricted_primary_5y,M0,reference,,period_2015,5,-36.31658800000004,10921.902149914493,-22.80293781487913,
SCC__P_to_HLO__restricted_primary_5y__M1__ridge__none,SCC,P_to_HLO,restricted_primary_5y,M1,ridge,,pooled_mixing_periods,23,0.561989411516405,-2.07590848681994,1.0032954996006396,
SCC__P_to_HLO__restricted_primary_5y__M1__ridge__none,SCC,P_to_HLO,restricted_primary_5y,M1,ridge,,period_2005,12,-4.244429744213964,63.045359120285426,0.8719305188816091,
SCC__P_to_HLO__restricted_primary_5y__M1__ridge__none,SCC,P_to_HLO,restricted_primary_5y,M1,ridge,,period_2010,10,-20.505175961386783,-46.32474034878058,1.156541665263375,
SCC__P_to_HLO__restricted_primary_5y__M1__ridge__none,SCC,P_to_HLO,restricted_primary_5y,M1,ridge,,period_2015,5,4.816618662593031,128.46404851716986,0.7326120629261426,
SCC__P_to_HLO__restricted_primary_5y__M2__ridge__none,SCC,P_to_HLO,restricted_primary_5y,M2,ridge,,pooled_mixing_periods,23,1.2965439776857726,-32.779927035124594,1.0684236319069915,
SCC__P_to_HLO__restricted_primary_5y__M2__ridge__none,SCC,P_to_HLO,restricted_primary_5y,M2,ridge,,period_2005,12,5.670049171808912,0.771986100480869,0.9862657084825304,
SCC__P_to_HLO__restricted_primary_5y__M2__ridge__none,SCC,P_to_HLO,restricted_primary_5y,M2,ridge,,period_2010,10,3.3461179773927885,-86.44923105650955,1.1843598226473577,
SCC__P_to_HLO__restricted_primary_5y__M2__ridge__none,SCC,P_to_HLO,restricted_primary_5y,M2,ridge,,period_2015,5,-8.07180022280012,-55.78651572053523,1.1315131856250076,
SCC__P_to_HLO__restricted_primary_5y__M3__ridge__none,SCC,P_to_HLO,restricted_primary_5y,M3,ridge,,pooled_mixing_periods,23,0.9556628247807251,-35.88458682633506,1.0759681938051049,
SCC__P_to_HLO__restricted_primary_5y__M3__ridge__none,SCC,P_to_HLO,restricted_primary_5y,M3,ridge,,period_2005,12,5.145515808010311,2.5250223911526626,0.9836282561567832,
SCC__P_to_HLO__restricted_primary_5y__M3__ridge__none,SCC,P_to_HLO,restricted_primary_5y,M3,ridge,,period_2010,10,-4.800278761737366,-47.14613878764288,1.1173613508907636,
SCC__P_to_HLO__restricted_primary_5y__M3__ridge__none,SCC,P_to_HLO,restricted_primary_5y,M3,ridge,,period_2015,5,-1.87591493621162,-7.454463615526729,1.0189733712066478,
SCOMP__HLO_to_P__restricted_primary_5y__M0__reference__none,SCOMP,HLO_to_P,restricted_primary_5y,M0,reference,,pooled_mixing_periods,32,-1.532107773982716e-14,2899.1354863956485,-31.000000000000295,
SCOMP__HLO_to_P__restricted_primary_5y__M0__reference__none,SCOMP,HLO_to_P,restricted_primary_5y,M0,reference,,period_2000,5,-7.390587408004131,3740.3238552418306,-40.30299812097809,
SCOMP__HLO_to_P__restricted_primary_5y__M0__reference__none,SCOMP,HLO_to_P,restricted_primary_5y,M0,reference,,period_2005,16,-0.15555236649987148,2731.8455086731415,-29.159282647126712,
SCOMP__HLO_to_P__restricted_primary_5y__M0__reference__none,SCOMP,HLO_to_P,restricted_primary_5y,M0,reference,,period_2010,15,5.87060553871804,2804.1833660847674,-29.973408794812375,
SCOMP__HLO_to_P__restricted_primary_5y__M0__reference__none,SCOMP,HLO_to_P,restricted_primary_5y,M0,reference,,period_2015,9,-7.25710182813519,2536.5383404402746,-26.950823147600307,
SCOMP__HLO_to_P__restricted_primary_5y__M1__ridge__none,SCOMP,HLO_to_P,restricted_primary_5y,M1,ridge,,pooled_mixing_periods,32,0.018494858395057823,3.656063640026791,0.959449334748516,
SCOMP__HLO_to_P__restricted_primary_5y__M1__ridge__none,SCOMP,HLO_to_P,restricted_primary_5y,M1,ridge,,period_2000,5,-5.085685972918717,79.37235131378175,0.19849641754959302,
SCOMP__HLO_to_P__restricted_primary_5y__M1__ridge__none,SCOMP,HLO_to_P,restricted_primary_5y,M1,ridge,,period_2005,16,0.2619532384149412,-19.2354368573429,1.2085160101183916,
SCOMP__HLO_to_P__restricted_primary_5y__M1__ridge__none,SCOMP,HLO_to_P,restricted_primary_5y,M1,ridge,,period_2010,15,5.276197881841903,-25.58548009405475,1.225332418464425,
SCOMP__HLO_to_P__restricted_primary_5y__M1__ridge__none,SCOMP,HLO_to_P,restricted_primary_5y,M1,ridge,,period_2015,9,-5.591024888827847,23.14516473038955,0.8095181159671401,
SCOMP__HLO_to_P__restricted_primary_5y__M2__ridge__none,SCOMP,HLO_to_P,restricted_primary_5y,M2,ridge,,pooled_mixing_periods,32,0.4383999354389203,8.502994715909225,0.9017821856521286,
SCOMP__HLO_to_P__restricted_primary_5y__M2__ridge__none,SCOMP,HLO_to_P,restricted_primary_5y,M2,ridge,,period_2000,5,-9.504023526497281,65.1757820744692,0.36927144074811075,
SCOMP__HLO_to_P__restricted_primary_5y__M2__ridge__none,SCOMP,HLO_to_P,restricted_primary_5y,M2,ridge,,period_2005,16,0.22780571044755504,-10.79662615231325,1.1161935070982616,
SCOMP__HLO_to_P__restricted_primary_5y__M2__ridge__none,SCOMP,HLO_to_P,restricted_primary_5y,M2,ridge,,period_2010,15,6.9818738727530265,-55.681155739988206,1.5302853543939186,
SCOMP__HLO_to_P__restricted_primary_5y__M2__ridge__none,SCOMP,HLO_to_P,restricted_primary_5y,M2,ridge,,period_2015,9,-4.670164366110643,9.272061045671004,0.9505583563272199,
SCOMP__HLO_to_P__restricted_primary_5y__M3__ridge__none,SCOMP,HLO_to_P,restricted_primary_5y,M3,ridge,,pooled_mixing_periods,32,0.3510796751557126,5.96698789980461,0.9305318018335018,
SCOMP__HLO_to_P__restricted_primary_5y__M3__ridge__none,SCOMP,HLO_to_P,restricted_primary_5y,M3,ridge,,period_2000,5,-8.071858957219614,72.88300957614963,0.27745123777634106,
SCOMP__HLO_to_P__restricted_primary_5y__M3__ridge__none,SCOMP,HLO_to_P,restricted_primary_5y,M3,ridge,,period_2005,16,-0.008792670991796925,-11.577293221828269,1.1277095062674203,
SCOMP__HLO_to_P__restricted_primary_5y__M3__ridge__none,SCOMP,HLO_to_P,restricted_primary_5y,M3,ridge,,period_2010,15,6.80756099609789,-49.196965238458155,1.4624550235516551,
SCOMP__HLO_to_P__restricted_primary_5y__M3__ridge__none,SCOMP,HLO_to_P,restricted_primary_5y,M3,ridge,,period_2015,9,-4.927134985180793,6.657054063218883,0.98136272146839,
SCOMP__P_to_HLO__restricted_primary_5y__M0__reference__none,SCOMP,P_to_HLO,restricted_primary_5y,M0,reference,,pooled_mixing_periods,32,-1.1901590823981678e-13,14749.504281666896,-31.00000000000049,
SCOMP__P_to_HLO__restricted_primary_5y__M0__reference__none,SCOMP,P_to_HLO,restricted_primary_5y,M0,reference,,period_2000,5,-24.1305193333335,14871.073337544884,-31.26371922146761,
SCOMP__P_to_HLO__restricted_primary_5y__M0__reference__none,SCOMP,P_to_HLO,restricted_primary_5y,M0,reference,,period_2005,16,-4.37692830645166,14244.059853036622,-29.905608282327574,
SCOMP__P_to_HLO__restricted_primary_5y__M0__reference__none,SCOMP,P_to_HLO,restricted_primary_5y,M0,reference,,period_2010,15,7.995373770609207,14757.294921911262,-31.01474247995442,
SCOMP__P_to_HLO__restricted_primary_5y__M0__reference__none,SCOMP,P_to_HLO,restricted_primary_5y,M0,reference,,period_2015,9,-17.703185346475564,15541.12138499082,-32.71867195568413,
SCOMP__P_to_HLO__restricted_primary_5y__M1__ridge__none,SCOMP,P_to_HLO,restricted_primary_5y,M1,ridge,,pooled_mixing_periods,32,-0.03450874184727759,2.995782924599338,0.9935748437908061,
SCOMP__P_to_HLO__restricted_primary_5y__M1__ridge__none,SCOMP,P_to_HLO,restricted_primary_5y,M1,ridge,,period_2000,5,16.041440297289896,236.86839864269115,0.4945306329107475,
SCOMP__P_to_HLO__restricted_primary_5y__M1__ridge__none,SCOMP,P_to_HLO,restricted_primary_5y,M1,ridge,,period_2005,16,-3.952411490775237,55.72499606640424,0.8877369432051578,
SCOMP__P_to_HLO__restricted_primary_5y__M1__ridge__none,SCOMP,P_to_HLO,restricted_primary_5y,M1,ridge,,period_2010,15,-23.75539698288648,-71.31627676709195,1.2213790072882102,
SCOMP__P_to_HLO__restricted_primary_5y__M1__ridge__none,SCOMP,P_to_HLO,restricted_primary_5y,M1,ridge,,period_2015,9,21.37777800446264,-127.1830392659545,1.2118386990679881,
SCOMP__P_to_HLO__restricted_primary_5y__M2__ridge__none,SCOMP,P_to_HLO,restricted_primary_5y,M2,ridge,,pooled_mixing_periods,32,0.9876448537843607,2.9515634932550934,0.9914719072964555,
SCOMP__P_to_HLO__restricted_primary_5y__M2__ridge__none,SCOMP,P_to_HLO,restricted_primary_5y,M2,ridge,,period_2000,5,-42.220599759859574,108.32916952730405,0.8504616815963901,
SCOMP__P_to_HLO__restricted_primary_5y__M2__ridge__none,SCOMP,P_to_HLO,restricted_primary_5y,M2,ridge,,period_2005,16,5.772861056510084,2.483839477928272,0.9824660280370119,
SCOMP__P_to_HLO__restricted_primary_5y__M2__ridge__none,SCOMP,P_to_HLO,restricted_primary_5y,M2,ridge,,period_2010,15,6.455990194218801,-19.330256498719336,1.0280080263077445,
SCOMP__P_to_HLO__restricted_primary_5y__M2__ridge__none,SCOMP,P_to_HLO,restricted_primary_5y,M2,ridge,,period_2015,9,6.313374495657015,-155.99408088329085,1.309004175765605,
SCOMP__P_to_HLO__restricted_primary_5y__M3__ridge__none,SCOMP,P_to_HLO,restricted_primary_5y,M3,ridge,,pooled_mixing_periods,32,-0.1247734210793614,-9.293675553128608,1.020439465020706,
SCOMP__P_to_HLO__restricted_primary_5y__M3__ridge__none,SCOMP,P_to_HLO,restricted_primary_5y,M3,ridge,,period_2000,5,-27.312745479156796,91.99946927448852,0.8584511841688641,
SCOMP__P_to_HLO__restricted_primary_5y__M3__ridge__none,SCOMP,P_to_HLO,restricted_primary_5y,M3,ridge,,period_2005,16,4.547139573515338,-5.987083445735491,1.003065852511342,
SCOMP__P_to_HLO__restricted_primary_5y__M3__ridge__none,SCOMP,P_to_HLO,restricted_primary_5y,M3,ridge,,period_2010,15,-4.09539675594074,-0.864255203716052,1.0110432389770103,
SCOMP__P_to_HLO__restricted_primary_5y__M3__ridge__none,SCOMP,P_to_HLO,restricted_primary_5y,M3,ridge,,period_2015,9,11.304957897252828,-172.2863781869528,1.328943940260372,
STERM__HLO_to_P__restricted_primary_5y__M0__reference__none,STERM,HLO_to_P,restricted_primary_5y,M0,reference,,pooled_mixing_periods,34,8.548717289613705e-15,3026.5369115088292,-32.999999999999915,
STERM__HLO_to_P__restricted_primary_5y__M0__reference__none,STERM,HLO_to_P,restricted_primary_5y,M0,reference,,period_2000,7,-3.016734457785799,3855.775462512291,-42.336306616203714,
STERM__HLO_to_P__restricted_primary_5y__M0__reference__none,STERM,HLO_to_P,restricted_primary_5y,M0,reference,,period_2005,17,-1.6017316642542174,2942.229789803294,-32.049799780572286,
STERM__HLO_to_P__restricted_primary_5y__M0__reference__none,STERM,HLO_to_P,restricted_primary_5y,M0,reference,,period_2010,20,3.7156405715388536,2852.493307754143,-31.046395655280765,
STERM__HLO_to_P__restricted_primary_5y__M1__ridge__none,STERM,HLO_to_P,restricted_primary_5y,M1,ridge,,pooled_mixing_periods,34,9.866227410824935e-05,2.4875736877296974,0.9720536148652716,
STERM__HLO_to_P__restricted_primary_5y__M1__ridge__none,STERM,HLO_to_P,restricted_primary_5y,M1,ridge,,period_2000,7,-2.2427438025378135,5.113315779647442,0.9679901275308984,
STERM__HLO_to_P__restricted_primary_5y__M1__ridge__none,STERM,HLO_to_P,restricted_primary_5y,M1,ridge,,period_2005,17,-1.138829306989655,-3.765629286604723,1.0548360567334871,
STERM__HLO_to_P__restricted_primary_5y__M1__ridge__none,STERM,HLO_to_P,restricted_primary_5y,M1,ridge,,period_2010,20,2.998573648025415,-9.265427603148414,1.0708838019183833,
STERM__HLO_to_P__restricted_primary_5y__M2__ridge__none,STERM,HLO_to_P,restricted_primary_5y,M2,ridge,,pooled_mixing_periods,34,0.46792845893452517,10.026013906031759,0.882727915557969,
STERM__HLO_to_P__restricted_primary_5y__M2__ridge__none,STERM,HLO_to_P,restricted_primary_5y,M2,ridge,,period_2000,7,-5.196790838712799,33.24874658410137,0.6765363036042112,
STERM__HLO_to_P__restricted_primary_5y__M2__ridge__none,STERM,HLO_to_P,restricted_primary_5y,M2,ridge,,period_2005,17,-0.4535932324581218,-14.466161032512197,1.165547313504448,
STERM__HLO_to_P__restricted_primary_5y__M2__ridge__none,STERM,HLO_to_P,restricted_primary_5y,M2,ridge,,period_2010,20,4.573372858450666,-24.315868560959316,1.219397533501729,
STERM__HLO_to_P__restricted_primary_5y__M3__ridge__none,STERM,HLO_to_P,restricted_primary_5y,M3,ridge,,pooled_mixing_periods,34,0.4354003648699076,6.6528741014456525,0.9207581887132635,
STERM__HLO_to_P__restricted_primary_5y__M3__ridge__none,STERM,HLO_to_P,restricted_primary_5y,M3,ridge,,period_2000,7,-4.049087999752571,25.832998098758747,0.7520931813769745,
STERM__HLO_to_P__restricted_primary_5y__M3__ridge__none,STERM,HLO_to_P,restricted_primary_5y,M3,ridge,,period_2005,17,-0.8707660557053274,-12.671047534862081,1.1509566554722064,
STERM__HLO_to_P__restricted_primary_5y__M3__ridge__none,STERM,HLO_to_P,restricted_primary_5y,M3,ridge,,period_2010,20,4.334497115157133,-22.877741906050336,1.2066188016246155,
STERM__P_to_HLO__restricted_primary_5y__M0__reference__none,STERM,P_to_HLO,restricted_primary_5y,M0,reference,,pooled_mixing_periods,34,1.1679546219056647e-13,15564.716000000244,-33.00000000000052,
STERM__P_to_HLO__restricted_primary_5y__M0__reference__none,STERM,P_to_HLO,restricted_primary_5y,M0,reference,,period_2000,7,-6.784559177489051,17412.641297636746,-37.051062199524615,
STERM__P_to_HLO__restricted_primary_5y__M0__reference__none,STERM,P_to_HLO,restricted_primary_5y,M0,reference,,period_2005,17,-4.6835747682707956,15343.907493766019,-32.518720808676036,
STERM__P_to_HLO__restricted_primary_5y__M0__reference__none,STERM,P_to_HLO,restricted_primary_5y,M0,reference,,period_2010,20,7.513475265151635,15171.604254253454,-32.13682741072892,
STERM__P_to_HLO__restricted_primary_5y__M1__ridge__none,STERM,P_to_HLO,restricted_primary_5y,M1,ridge,,pooled_mixing_periods,34,0.08475926088595195,10.482178394950722,0.9769215594743036,
STERM__P_to_HLO__restricted_primary_5y__M1__ridge__none,STERM,P_to_HLO,restricted_primary_5y,M1,ridge,,period_2000,7,10.215155605231084,55.58909807388886,0.8612994280173516,
STERM__P_to_HLO__restricted_primary_5y__M1__ridge__none,STERM,P_to_HLO,restricted_primary_5y,M1,ridge,,period_2005,17,3.9328886836323145,48.76863054619207,0.8869667676553126,
STERM__P_to_HLO__restricted_primary_5y__M1__ridge__none,STERM,P_to_HLO,restricted_primary_5y,M1,ridge,,period_2010,20,-12.82734295197719,-56.23748266419216,1.1577783794272782,
STERM__P_to_HLO__restricted_primary_5y__M2__ridge__none,STERM,P_to_HLO,restricted_primary_5y,M2,ridge,,pooled_mixing_periods,34,0.925002584035768,-20.09186246767867,1.0417841944214246,
STERM__P_to_HLO__restricted_primary_5y__M2__ridge__none,STERM,P_to_HLO,restricted_primary_5y,M2,ridge,,period_2000,7,-21.65269391724346,-216.47421833847795,1.538059597025459,
STERM__P_to_HLO__restricted_primary_5y__M2__ridge__none,STERM,P_to_HLO,restricted_primary_5y,M2,ridge,,period_2005,17,8.773835496653502,-42.385548824620486,1.0713489736994815,
STERM__P_to_HLO__restricted_primary_5y__M2__ridge__none,STERM,P_to_HLO,restricted_primary_5y,M2,ridge,,period_2010,20,6.211088285872305,-10.903955709860618,1.010273991878486,
STERM__P_to_HLO__restricted_primary_5y__M3__ridge__none,STERM,P_to_HLO,restricted_primary_5y,M3,ridge,,pooled_mixing_periods,34,0.4490224335637266,-17.172948642542483,1.0364964133635044,
STERM__P_to_HLO__restricted_primary_5y__M3__ridge__none,STERM,P_to_HLO,restricted_primary_5y,M3,ridge,,period_2000,7,-12.777431004060007,-219.90081257730736,1.5154119378604447,
STERM__P_to_HLO__restricted_primary_5y__M3__ridge__none,STERM,P_to_HLO,restricted_primary_5y,M3,ridge,,period_2005,17,8.625808907070724,-19.38392673783466,1.0228438796124197,
STERM__P_to_HLO__restricted_primary_5y__M3__ridge__none,STERM,P_to_HLO,restricted_primary_5y,M3,ridge,,period_2010,20,-0.2897143333486984,7.444544081628971,0.9841099395513122,
PRIMARY_DELETE__HLO_to_P__primary_5y__M0__reference__AUS,PRIMARY_DELETE,HLO_to_P,primary_5y,M0,reference,AUS,pooled_mixing_periods,37,-7.521760991835436e-15,3322.1842779369717,-36.00000000000049,
PRIMARY_DELETE__HLO_to_P__primary_5y__M0__reference__AUS,PRIMARY_DELETE,HLO_to_P,primary_5y,M0,reference,AUS,period_2000,7,-2.2129506744003145,4235.0669035841265,-46.18506176313058,
PRIMARY_DELETE__HLO_to_P__primary_5y__M0__reference__AUS,PRIMARY_DELETE,HLO_to_P,primary_5y,M0,reference,AUS,period_2005,17,-0.8263944072875857,3130.753791310431,-33.87345172391708,
PRIMARY_DELETE__HLO_to_P__primary_5y__M0__reference__AUS,PRIMARY_DELETE,HLO_to_P,primary_5y,M0,reference,AUS,period_2010,20,4.472193506044393,3036.1022704744128,-32.827813596690845,
PRIMARY_DELETE__HLO_to_P__primary_5y__M0__reference__AUS,PRIMARY_DELETE,HLO_to_P,primary_5y,M0,reference,AUS,period_2015,8,-8.154574575046025,2969.241242868025,-32.01675946875385,
PRIMARY_DELETE__HLO_to_P__primary_5y__M1__ridge__AUS,PRIMARY_DELETE,HLO_to_P,primary_5y,M1,ridge,AUS,pooled_mixing_periods,37,0.12322201097531074,1.1913049993337628,0.9853798468401962,
PRIMARY_DELETE__HLO_to_P__primary_5y__M1__ridge__AUS,PRIMARY_DELETE,HLO_to_P,primary_5y,M1,ridge,AUS,period_2000,7,-1.018170729488396,-3.484578118022393,1.0495339481497228,
PRIMARY_DELETE__HLO_to_P__primary_5y__M1__ridge__AUS,PRIMARY_DELETE,HLO_to_P,primary_5y,M1,ridge,AUS,period_2005,17,-0.386726609481333,-14.305681449015395,1.162903849556743,
PRIMARY_DELETE__HLO_to_P__primary_5y__M1__ridge__AUS,PRIMARY_DELETE,HLO_to_P,primary_5y,M1,ridge,AUS,period_2010,20,4.0020108709544875,-23.399103852716017,1.2169365307082716,
PRIMARY_DELETE__HLO_to_P__primary_5y__M1__ridge__AUS,PRIMARY_DELETE,HLO_to_P,primary_5y,M1,ridge,AUS,period_2015,8,-6.709184339122151,21.497645471923164,0.83772080532508,
PRIMARY_DELETE__HLO_to_P__primary_5y__M2__ridge__AUS,PRIMARY_DELETE,HLO_to_P,primary_5y,M2,ridge,AUS,pooled_mixing_periods,37,0.16387566902318434,8.67090862107971,0.9017840466246164,
PRIMARY_DELETE__HLO_to_P__primary_5y__M2__ridge__AUS,PRIMARY_DELETE,HLO_to_P,primary_5y,M2,ridge,AUS,period_2000,7,-4.285806758671878,3.3572370345208107,1.010595920484099,
PRIMARY_DELETE__HLO_to_P__primary_5y__M2__ridge__AUS,PRIMARY_DELETE,HLO_to_P,primary_5y,M2,ridge,AUS,period_2005,17,-0.22923451522977764,-6.376881965247729,1.0731184343273321,
PRIMARY_DELETE__HLO_to_P__primary_5y__M2__ridge__AUS,PRIMARY_DELETE,HLO_to_P,primary_5y,M2,ridge,AUS,period_2010,20,4.538353042666043,-7.764355523952324,1.0358643888595258,
PRIMARY_DELETE__HLO_to_P__primary_5y__M2__ridge__AUS,PRIMARY_DELETE,HLO_to_P,primary_5y,M2,ridge,AUS,period_2015,8,-5.108077615282312,17.23583815523774,0.8692154691256488,
PRIMARY_DELETE__HLO_to_P__primary_5y__M3__ridge__AUS,PRIMARY_DELETE,HLO_to_P,primary_5y,M3,ridge,AUS,pooled_mixing_periods,37,0.15210681091638423,7.730028789518669,0.9123631391843041,
PRIMARY_DELETE__HLO_to_P__primary_5y__M3__ridge__AUS,PRIMARY_DELETE,HLO_to_P,primary_5y,M3,ridge,AUS,period_2000,7,-3.235395594025813,-1.887819280195167,1.0577686380103497,
PRIMARY_DELETE__HLO_to_P__primary_5y__M3__ridge__AUS,PRIMARY_DELETE,HLO_to_P,primary_5y,M3,ridge,AUS,period_2005,17,-0.7061245301488361,-8.623193889302227,1.103807565464521,
PRIMARY_DELETE__HLO_to_P__primary_5y__M3__ridge__AUS,PRIMARY_DELETE,HLO_to_P,primary_5y,M3,ridge,AUS,period_2010,20,4.595601694358673,-6.632142832607354,1.0226264075950242,
PRIMARY_DELETE__HLO_to_P__primary_5y__M3__ridge__AUS,PRIMARY_DELETE,HLO_to_P,primary_5y,M3,ridge,AUS,period_2015,8,-5.570668965176969,11.1809314357257,0.939196180420771,
PRIMARY_DELETE__HLO_to_P__primary_5y__M0__reference__AUT,PRIMARY_DELETE,HLO_to_P,primary_5y,M0,reference,AUT,pooled_mixing_periods,37,-9.020562075079397e-15,3317.2906358722203,-36.00000000000038,
PRIMARY_DELETE__HLO_to_P__primary_5y__M0__reference__AUT,PRIMARY_DELETE,HLO_to_P,primary_5y,M0,reference,AUT,period_2000,7,-2.348885176198669,4228.788760222832,-46.18506176313061,
PRIMARY_DELETE__HLO_to_P__primary_5y__M0__reference__AUT,PRIMARY_DELETE,HLO_to_P,primary_5y,M0,reference,AUT,period_2005,16,-0.23537220087630661,3098.781867524169,-33.568968704033914,
PRIMARY_DELETE__HLO_to_P__primary_5y__M0__reference__AUT,PRIMARY_DELETE,HLO_to_P,primary_5y,M0,reference,AUT,period_2010,20,4.336259004246043,3031.6398379880056,-32.82781359669073,
PRIMARY_DELETE__HLO_to_P__primary_5y__M0__reference__AUT,PRIMARY_DELETE,HLO_to_P,primary_5y,M0,reference,AUT,period_2015,9,-8.209792476517341,2900.0746463049118,-31.29773010689157,
PRIMARY_DELETE__HLO_to_P__primary_5y__M1__ridge__AUT,PRIMARY_DELETE,HLO_to_P,primary_5y,M1,ridge,AUT,pooled_mixing_periods,37,0.1800704108079263,1.2899872173445388,0.9836363124578443,
PRIMARY_DELETE__HLO_to_P__primary_5y__M1__ridge__AUT,PRIMARY_DELETE,HLO_to_P,primary_5y,M1,ridge,AUT,period_2000,7,-1.1813141426400082,-4.627540102364051,1.06401707613046,
PRIMARY_DELETE__HLO_to_P__primary_5y__M1__ridge__AUT,PRIMARY_DELETE,HLO_to_P,primary_5y,M1,ridge,AUT,period_2005,16,-0.03307242209925665,-11.937982541432374,1.133254458923755,
PRIMARY_DELETE__HLO_to_P__primary_5y__M1__ridge__AUT,PRIMARY_DELETE,HLO_to_P,primary_5y,M1,ridge,AUT,period_2010,20,3.977822721684235,-27.01667586789865,1.2577355942957944,
PRIMARY_DELETE__HLO_to_P__primary_5y__M1__ridge__AUT,PRIMARY_DELETE,HLO_to_P,primary_5y,M1,ridge,AUT,period_2015,9,-6.236730888427665,23.88192664203503,0.8071790339204465,
PRIMARY_DELETE__HLO_to_P__primary_5y__M2__ridge__AUT,PRIMARY_DELETE,HLO_to_P,primary_5y,M2,ridge,AUT,pooled_mixing_periods,37,0.16624412216770587,9.16103967511546,0.896159001741585,
PRIMARY_DELETE__HLO_to_P__primary_5y__M2__ridge__AUT,PRIMARY_DELETE,HLO_to_P,primary_5y,M2,ridge,AUT,period_2000,7,-4.544909250155619,1.7108843281039452,1.032434991060578,
PRIMARY_DELETE__HLO_to_P__primary_5y__M2__ridge__AUT,PRIMARY_DELETE,HLO_to_P,primary_5y,M2,ridge,AUT,period_2005,16,0.003022899146300162,-6.838946377057126,1.0760627560118246,
PRIMARY_DELETE__HLO_to_P__primary_5y__M2__ridge__AUT,PRIMARY_DELETE,HLO_to_P,primary_5y,M2,ridge,AUT,period_2010,20,4.474066330703278,-7.8790297656071075,1.0378810221049324,
PRIMARY_DELETE__HLO_to_P__primary_5y__M2__ridge__AUT,PRIMARY_DELETE,HLO_to_P,primary_5y,M2,ridge,AUT,period_2015,9,-4.794096030224961,21.18144195608625,0.823703657405256,
PRIMARY_DELETE__HLO_to_P__primary_5y__M3__ridge__AUT,PRIMARY_DELETE,HLO_to_P,primary_5y,M3,ridge,AUT,pooled_mixing_periods,37,0.33066358392962186,4.805381747671803,0.9429246915064955,
PRIMARY_DELETE__HLO_to_P__primary_5y__M3__ridge__AUT,PRIMARY_DELETE,HLO_to_P,primary_5y,M3,ridge,AUT,period_2000,7,-3.4857221316276816,-3.2113295175539016,1.0757287518121383,
PRIMARY_DELETE__HLO_to_P__primary_5y__M3__ridge__AUT,PRIMARY_DELETE,HLO_to_P,primary_5y,M3,ridge,AUT,period_2005,16,-0.566601931728898,-9.20830437804783,1.1094583406754692,
PRIMARY_DELETE__HLO_to_P__primary_5y__M3__ridge__AUT,PRIMARY_DELETE,HLO_to_P,primary_5y,M3,ridge,AUT,period_2010,20,4.802847726776478,-19.548147733482725,1.1634470918760387,
PRIMARY_DELETE__HLO_to_P__primary_5y__M3__ridge__AUT,PRIMARY_DELETE,HLO_to_P,primary_5y,M3,ridge,AUT,period_2015,9,-5.158912578792843,16.52820565605707,0.8772063290450965,
PRIMARY_DELETE__HLO_to_P__primary_5y__M0__reference__BHR,PRIMARY_DELETE,HLO_to_P,primary_5y,M0,reference,BHR,pooled_mixing_periods,37,-6.078471059822732e-15,3332.3813109706834,-36.00000000000072,
PRIMARY_DELETE__HLO_to_P__primary_5y__M0__reference__BHR,PRIMARY_DELETE,HLO_to_P,primary_5y,M0,reference,BHR,period_2000,7,-1.9296997567977776,4248.148864708098,-46.18506176313097,
PRIMARY_DELETE__HLO_to_P__primary_5y__M0__reference__BHR,PRIMARY_DELETE,HLO_to_P,primary_5y,M0,reference,BHR,period_2005,17,-0.5431434896850499,3140.348477593593,-33.87345172391704,
PRIMARY_DELETE__HLO_to_P__primary_5y__M0__reference__BHR,PRIMARY_DELETE,HLO_to_P,primary_5y,M0,reference,BHR,period_2010,20,4.7554444236469235,3045.4007787985634,-32.82781359669091,
PRIMARY_DELETE__HLO_to_P__primary_5y__M0__reference__BHR,PRIMARY_DELETE,HLO_to_P,primary_5y,M0,reference,BHR,period_2015,8,-9.181359151355208,2688.775415089503,-28.79571463271992,
PRIMARY_DELETE__HLO_to_P__primary_5y__M1__ridge__BHR,PRIMARY_DELETE,HLO_to_P,primary_5y,M1,ridge,BHR,pooled_mixing_periods,37,0.10090454187085318,1.6421763671674279,0.9806679332377872,
PRIMARY_DELETE__HLO_to_P__primary_5y__M1__ridge__BHR,PRIMARY_DELETE,HLO_to_P,primary_5y,M1,ridge,BHR,period_2000,7,-1.2658660859114779,-2.1582153667773296,1.0377706372864102,
PRIMARY_DELETE__HLO_to_P__primary_5y__M1__ridge__BHR,PRIMARY_DELETE,HLO_to_P,primary_5y,M1,ridge,BHR,period_2005,17,-0.21301536886391628,-13.513181998781578,1.1518983088971482,
PRIMARY_DELETE__HLO_to_P__primary_5y__M1__ridge__BHR,PRIMARY_DELETE,HLO_to_P,primary_5y,M1,ridge,BHR,period_2010,20,4.107439485606668,-22.122623172367284,1.201244007907172,
PRIMARY_DELETE__HLO_to_P__primary_5y__M1__ridge__BHR,PRIMARY_DELETE,HLO_to_P,primary_5y,M1,ridge,BHR,period_2015,8,-6.954825520139126,30.38356245250092,0.7457784307462921,
PRIMARY_DELETE__HLO_to_P__primary_5y__M2__ridge__BHR,PRIMARY_DELETE,HLO_to_P,primary_5y,M2,ridge,BHR,pooled_mixing_periods,37,0.03784500328196206,7.281694569268068,0.9187640347746426,
PRIMARY_DELETE__HLO_to_P__primary_5y__M2__ridge__BHR,PRIMARY_DELETE,HLO_to_P,primary_5y,M2,ridge,BHR,period_2000,7,-4.719420823084965,5.366757148592414,0.9925765060033066,
PRIMARY_DELETE__HLO_to_P__primary_5y__M2__ridge__BHR,PRIMARY_DELETE,HLO_to_P,primary_5y,M2,ridge,BHR,period_2005,17,-0.23841766037330198,-16.451012342128426,1.1847422826618466,
PRIMARY_DELETE__HLO_to_P__primary_5y__M2__ridge__BHR,PRIMARY_DELETE,HLO_to_P,primary_5y,M2,ridge,BHR,period_2010,20,4.8708495175992645,-3.4993209511336154,0.9848084809117946,
PRIMARY_DELETE__HLO_to_P__primary_5y__M2__ridge__BHR,PRIMARY_DELETE,HLO_to_P,primary_5y,M2,ridge,BHR,period_2015,8,-5.579163401929115,12.413598119121525,0.9269313183027434,
PRIMARY_DELETE__HLO_to_P__primary_5y__M3__ridge__BHR,PRIMARY_DELETE,HLO_to_P,primary_5y,M3,ridge,BHR,pooled_mixing_periods,37,0.30449446321678414,4.006660268368527,0.95229379891075,
PRIMARY_DELETE__HLO_to_P__primary_5y__M3__ridge__BHR,PRIMARY_DELETE,HLO_to_P,primary_5y,M3,ridge,BHR,period_2000,7,-3.646465243828621,0.06557927938089322,1.040565585949993,
PRIMARY_DELETE__HLO_to_P__primary_5y__M3__ridge__BHR,PRIMARY_DELETE,HLO_to_P,primary_5y,M3,ridge,BHR,period_2005,17,-0.6152074951123345,-14.479088344061255,1.1677848799007593,
PRIMARY_DELETE__HLO_to_P__primary_5y__M3__ridge__BHR,PRIMARY_DELETE,HLO_to_P,primary_5y,M3,ridge,BHR,period_2010,20,5.2477483009056884,-16.080669965730408,1.1194903108555418,
PRIMARY_DELETE__HLO_to_P__primary_5y__M3__ridge__BHR,PRIMARY_DELETE,HLO_to_P,primary_5y,M3,ridge,BHR,period_2015,8,-5.898912857081434,17.208943520432474,0.8786668021899166,
PRIMARY_DELETE__HLO_to_P__primary_5y__M0__reference__BRA,PRIMARY_DELETE,HLO_to_P,primary_5y,M0,reference,BRA,pooled_mixing_periods,37,-6.161737786669619e-15,3330.4388666312357,-36.000000000000256,
PRIMARY_DELETE__HLO_to_P__primary_5y__M0__reference__BRA,PRIMARY_DELETE,HLO_to_P,primary_5y,M0,reference,BRA,period_2000,7,-1.983656544003492,4245.6568671584255,-46.18506176313056,
PRIMARY_DELETE__HLO_to_P__primary_5y__M0__reference__BRA,PRIMARY_DELETE,HLO_to_P,primary_5y,M0,reference,BRA,period_2005,16,-0.7548235740854121,3137.538965800544,-33.86239275150154,
PRIMARY_DELETE__HLO_to_P__primary_5y__M0__reference__BRA,PRIMARY_DELETE,HLO_to_P,primary_5y,M0,reference,BRA,period_2010,19,4.91505903374183,3036.883674248337,-32.754011955644756,
PRIMARY_DELETE__HLO_to_P__primary_5y__M0__reference__BRA,PRIMARY_DELETE,HLO_to_P,primary_5y,M0,reference,BRA,period_2015,9,-7.844563844322166,2911.505473462742,-31.297730106892416,
PRIMARY_DELETE__HLO_to_P__primary_5y__M1__ridge__BRA,PRIMARY_DELETE,HLO_to_P,primary_5y,M1,ridge,BRA,pooled_mixing_periods,37,-0.05450415030266556,-0.175556559413274,1.0025574418491936,
PRIMARY_DELETE__HLO_to_P__primary_5y__M1__ridge__BRA,PRIMARY_DELETE,HLO_to_P,primary_5y,M1,ridge,BRA,period_2000,7,-1.2669282812554044,-3.397051032609234,1.0514484066775043,
PRIMARY_DELETE__HLO_to_P__primary_5y__M1__ridge__BRA,PRIMARY_DELETE,HLO_to_P,primary_5y,M1,ridge,BRA,period_2005,16,-0.5245044474571658,-17.994293925095025,1.2052934451945452,
PRIMARY_DELETE__HLO_to_P__primary_5y__M1__ridge__BRA,PRIMARY_DELETE,HLO_to_P,primary_5y,M1,ridge,BRA,period_2010,19,4.204228420666438,-28.528557160349347,1.2720664815452702,
PRIMARY_DELETE__HLO_to_P__primary_5y__M1__ridge__BRA,PRIMARY_DELETE,HLO_to_P,primary_5y,M1,ridge,BRA,period_2015,9,-6.33626087193901,24.36291807453051,0.8027960619672037,
PRIMARY_DELETE__HLO_to_P__primary_5y__M2__ridge__BRA,PRIMARY_DELETE,HLO_to_P,primary_5y,M2,ridge,BRA,pooled_mixing_periods,37,0.3652874615756029,2.659971082395919,0.9665262891476993,
PRIMARY_DELETE__HLO_to_P__primary_5y__M2__ridge__BRA,PRIMARY_DELETE,HLO_to_P,primary_5y,M2,ridge,BRA,period_2000,7,-4.382001009469434,1.6493855532481965,1.0312161735817584,
PRIMARY_DELETE__HLO_to_P__primary_5y__M2__ridge__BRA,PRIMARY_DELETE,HLO_to_P,primary_5y,M2,ridge,BRA,period_2005,16,-0.18818462043905804,-11.68607199744468,1.1311452382574065,
PRIMARY_DELETE__HLO_to_P__primary_5y__M2__ridge__BRA,PRIMARY_DELETE,HLO_to_P,primary_5y,M2,ridge,BRA,period_2010,19,5.29781391254045,-24.93229092429457,1.216956955901695,
PRIMARY_DELETE__HLO_to_P__primary_5y__M2__ridge__BRA,PRIMARY_DELETE,HLO_to_P,primary_5y,M2,ridge,BRA,period_2015,9,-4.625106650795314,18.16322633196911,0.8546201557349654,
PRIMARY_DELETE__HLO_to_P__primary_5y__M3__ridge__BRA,PRIMARY_DELETE,HLO_to_P,primary_5y,M3,ridge,BRA,pooled_mixing_periods,37,0.13281682806992146,6.781243776845852,0.9233004016261771,
PRIMARY_DELETE__HLO_to_P__primary_5y__M3__ridge__BRA,PRIMARY_DELETE,HLO_to_P,primary_5y,M3,ridge,BRA,period_2000,7,-3.3927093123810064,-3.6112400314274273,1.0791158702851684,
PRIMARY_DELETE__HLO_to_P__primary_5y__M3__ridge__BRA,PRIMARY_DELETE,HLO_to_P,primary_5y,M3,ridge,BRA,period_2005,16,-0.5915209594303565,-10.776963875186096,1.126121066354837,
PRIMARY_DELETE__HLO_to_P__primary_5y__M3__ridge__BRA,PRIMARY_DELETE,HLO_to_P,primary_5y,M3,ridge,BRA,period_2010,19,4.875403821793545,-7.731613790955043,1.031708537117167,
PRIMARY_DELETE__HLO_to_P__primary_5y__M3__ridge__BRA,PRIMARY_DELETE,HLO_to_P,primary_5y,M3,ridge,BRA,period_2015,9,-5.00457434658813,13.763208739610159,0.9055600854021729,
PRIMARY_DELETE__HLO_to_P__primary_5y__M0__reference__CHL,PRIMARY_DELETE,HLO_to_P,primary_5y,M0,reference,CHL,pooled_mixing_periods,37,-1.1379786002407855e-15,3337.4560664703245,-36.0,
PRIMARY_DELETE__HLO_to_P__primary_5y__M0__reference__CHL,PRIMARY_DELETE,HLO_to_P,primary_5y,M0,reference,CHL,period_2000,7,-1.7887343262503874,4254.659361824292,-46.18506176312984,
PRIMARY_DELETE__HLO_to_P__primary_5y__M0__reference__CHL,PRIMARY_DELETE,HLO_to_P,primary_5y,M0,reference,CHL,period_2005,16,-0.5805740475407211,3266.9325646161847,-35.22883703273571,
PRIMARY_DELETE__HLO_to_P__primary_5y__M0__reference__CHL,PRIMARY_DELETE,HLO_to_P,primary_5y,M0,reference,CHL,period_2010,19,4.368219090737302,3009.515168149964,-32.37585061640811,
PRIMARY_DELETE__HLO_to_P__primary_5y__M0__reference__CHL,PRIMARY_DELETE,HLO_to_P,primary_5y,M0,reference,CHL,period_2015,9,-7.6496416265690526,2917.6060964257326,-31.297730106891493,
PRIMARY_DELETE__HLO_to_P__primary_5y__M1__ridge__CHL,PRIMARY_DELETE,HLO_to_P,primary_5y,M1,ridge,CHL,pooled_mixing_periods,37,0.1344016121250668,1.2292120173738341,0.98490507789195,
PRIMARY_DELETE__HLO_to_P__primary_5y__M1__ridge__CHL,PRIMARY_DELETE,HLO_to_P,primary_5y,M1,ridge,CHL,period_2000,7,-1.1050106659410648,-3.17309057892785,1.0471076418251937,
PRIMARY_DELETE__HLO_to_P__primary_5y__M1__ridge__CHL,PRIMARY_DELETE,HLO_to_P,primary_5y,M1,ridge,CHL,period_2005,16,-0.1117705263153077,-13.48745920944348,1.150055994365361,
PRIMARY_DELETE__HLO_to_P__primary_5y__M1__ridge__CHL,PRIMARY_DELETE,HLO_to_P,primary_5y,M1,ridge,CHL,period_2010,19,3.7201128494328315,-24.48310631695677,1.2315922927365888,
PRIMARY_DELETE__HLO_to_P__primary_5y__M1__ridge__CHL,PRIMARY_DELETE,HLO_to_P,primary_5y,M1,ridge,CHL,period_2015,9,-5.81421412166544,24.74207755781293,0.7941130641519479,
PRIMARY_DELETE__HLO_to_P__primary_5y__M2__ridge__CHL,PRIMARY_DELETE,HLO_to_P,primary_5y,M2,ridge,CHL,pooled_mixing_periods,37,0.15366375395032222,8.588426125218032,0.9032474953872855,
PRIMARY_DELETE__HLO_to_P__primary_5y__M2__ridge__CHL,PRIMARY_DELETE,HLO_to_P,primary_5y,M2,ridge,CHL,period_2000,7,-4.1446599531787225,6.060490493155934,0.9781735884944278,
PRIMARY_DELETE__HLO_to_P__primary_5y__M2__ridge__CHL,PRIMARY_DELETE,HLO_to_P,primary_5y,M2,ridge,CHL,period_2005,16,-0.058091984954174336,-13.339600077474937,1.147744687875159,
PRIMARY_DELETE__HLO_to_P__primary_5y__M2__ridge__CHL,PRIMARY_DELETE,HLO_to_P,primary_5y,M2,ridge,CHL,period_2010,19,4.111089340901602,-6.520032590632489,1.0267529001775824,
PRIMARY_DELETE__HLO_to_P__primary_5y__M2__ridge__CHL,PRIMARY_DELETE,HLO_to_P,primary_5y,M2,ridge,CHL,period_2015,9,-4.164231568127854,26.418874707764765,0.7621942205251916,
PRIMARY_DELETE__HLO_to_P__primary_5y__M3__ridge__CHL,PRIMARY_DELETE,HLO_to_P,primary_5y,M3,ridge,CHL,pooled_mixing_periods,37,0.47634080195247314,5.221813648660725,0.9371604634809895,
PRIMARY_DELETE__HLO_to_P__primary_5y__M3__ridge__CHL,PRIMARY_DELETE,HLO_to_P,primary_5y,M3,ridge,CHL,period_2000,7,-3.165058313965999,1.4137628266238873,1.019731707904146,
PRIMARY_DELETE__HLO_to_P__primary_5y__M3__ridge__CHL,PRIMARY_DELETE,HLO_to_P,primary_5y,M3,ridge,CHL,period_2005,16,-0.3468968807713324,-14.17460505954388,1.1606492796114374,
PRIMARY_DELETE__HLO_to_P__primary_5y__M3__ridge__CHL,PRIMARY_DELETE,HLO_to_P,primary_5y,M3,ridge,CHL,period_2010,19,4.796431692616192,-18.900663250339747,1.1554535889029052,
PRIMARY_DELETE__HLO_to_P__primary_5y__M3__ridge__CHL,PRIMARY_DELETE,HLO_to_P,primary_5y,M3,ridge,CHL,period_2015,9,-4.538168665858982,21.09363430916223,0.8223840400281303,
PRIMARY_DELETE__HLO_to_P__primary_5y__M0__reference__COL,PRIMARY_DELETE,HLO_to_P,primary_5y,M0,reference,COL,pooled_mixing_periods,37,-1.4710455076283324e-14,3331.5154072378473,-36.000000000000426,
PRIMARY_DELETE__HLO_to_P__primary_5y__M0__reference__COL,PRIMARY_DELETE,HLO_to_P,primary_5y,M0,reference,COL,period_2000,7,-1.9537526382647137,4247.037980891754,-46.185061763128616,
PRIMARY_DELETE__HLO_to_P__primary_5y__M0__reference__COL,PRIMARY_DELETE,HLO_to_P,primary_5y,M0,reference,COL,period_2005,17,-0.5671963711519903,3139.5337234743834,-33.87345172391686,
PRIMARY_DELETE__HLO_to_P__primary_5y__M0__reference__COL,PRIMARY_DELETE,HLO_to_P,primary_5y,M0,reference,COL,period_2010,19,4.852970033818397,3042.388578310432,-32.80378248077667,
PRIMARY_DELETE__HLO_to_P__primary_5y__M0__reference__COL,PRIMARY_DELETE,HLO_to_P,primary_5y,M0,reference,COL,period_2015,9,-7.8146599385833895,2912.441397833579,-31.297730106891116,
PRIMARY_DELETE__HLO_to_P__primary_5y__M1__ridge__COL,PRIMARY_DELETE,HLO_to_P,primary_5y,M1,ridge,COL,pooled_mixing_periods,37,0.032492722073649005,2.0683972615527457,0.9766758130035034,
PRIMARY_DELETE__HLO_to_P__primary_5y__M1__ridge__COL,PRIMARY_DELETE,HLO_to_P,primary_5y,M1,ridge,COL,period_2000,7,-1.3804011170739776,-2.5626190757829717,1.0435500111746323,
PRIMARY_DELETE__HLO_to_P__primary_5y__M1__ridge__COL,PRIMARY_DELETE,HLO_to_P,primary_5y,M1,ridge,COL,period_2005,17,-0.33808520399076714,-13.146016422765797,1.1494260179408433,
PRIMARY_DELETE__HLO_to_P__primary_5y__M1__ridge__COL,PRIMARY_DELETE,HLO_to_P,primary_5y,M1,ridge,COL,period_2010,19,4.132349964707462,-19.752090712458795,1.1746698489553586,
PRIMARY_DELETE__HLO_to_P__primary_5y__M1__ridge__COL,PRIMARY_DELETE,HLO_to_P,primary_5y,M1,ridge,COL,period_2015,9,-5.9289235037390045,25.166372013570566,0.7904841446712768,
PRIMARY_DELETE__HLO_to_P__primary_5y__M2__ridge__COL,PRIMARY_DELETE,HLO_to_P,primary_5y,M2,ridge,COL,pooled_mixing_periods,37,0.42901782162989366,6.552769100919029,0.9228275796473957,
PRIMARY_DELETE__HLO_to_P__primary_5y__M2__ridge__COL,PRIMARY_DELETE,HLO_to_P,primary_5y,M2,ridge,COL,period_2000,7,-4.222052046760199,3.4663129785556914,1.0086174784888062,
PRIMARY_DELETE__HLO_to_P__primary_5y__M2__ridge__COL,PRIMARY_DELETE,HLO_to_P,primary_5y,M2,ridge,COL,period_2005,17,-0.09915259557213663,-7.31609906414189,1.081956180489573,
PRIMARY_DELETE__HLO_to_P__primary_5y__M2__ridge__COL,PRIMARY_DELETE,HLO_to_P,primary_5y,M2,ridge,COL,period_2010,19,5.4105953867071515,-20.44209938691459,1.1657229437116199,
PRIMARY_DELETE__HLO_to_P__primary_5y__M2__ridge__COL,PRIMARY_DELETE,HLO_to_P,primary_5y,M2,ridge,COL,period_2015,9,-4.38781965106759,26.27820921224223,0.7655263123267161,
PRIMARY_DELETE__HLO_to_P__primary_5y__M3__ridge__COL,PRIMARY_DELETE,HLO_to_P,primary_5y,M3,ridge,COL,pooled_mixing_periods,37,0.3223438998931592,3.448990313175615,0.9582647581761711,
PRIMARY_DELETE__HLO_to_P__primary_5y__M3__ridge__COL,PRIMARY_DELETE,HLO_to_P,primary_5y,M3,ridge,COL,period_2000,7,-2.5373401546123655,11.034140471925951,0.9049395325587553,
PRIMARY_DELETE__HLO_to_P__primary_5y__M3__ridge__COL,PRIMARY_DELETE,HLO_to_P,primary_5y,M3,ridge,COL,period_2005,17,-0.4661053787613881,-5.766078129900811,1.0691609577143517,
PRIMARY_DELETE__HLO_to_P__primary_5y__M3__ridge__COL,PRIMARY_DELETE,HLO_to_P,primary_5y,M3,ridge,COL,period_2010,19,5.193547415032156,-30.599798949448697,1.2807768462818367,
PRIMARY_DELETE__HLO_to_P__primary_5y__M3__ridge__COL,PRIMARY_DELETE,HLO_to_P,primary_5y,M3,ridge,COL,period_2015,9,-4.823534914789835,17.656314956044582,0.8619002167742127,
PRIMARY_DELETE__HLO_to_P__primary_5y__M0__reference__CRI,PRIMARY_DELETE,HLO_to_P,primary_5y,M0,reference,CRI,pooled_mixing_periods,37,-1.4627188349436437e-14,3330.1031193865524,-36.00000000000036,
PRIMARY_DELETE__HLO_to_P__primary_5y__M0__reference__CRI,PRIMARY_DELETE,HLO_to_P,primary_5y,M0,reference,CRI,period_2000,7,-1.9929828563560905,4245.226130846221,-46.185061763128594,
PRIMARY_DELETE__HLO_to_P__primary_5y__M0__reference__CRI,PRIMARY_DELETE,HLO_to_P,primary_5y,M0,reference,CRI,period_2005,16,-0.7024939956696876,3139.990000686008,-33.89360606309733,
PRIMARY_DELETE__HLO_to_P__primary_5y__M0__reference__CRI,PRIMARY_DELETE,HLO_to_P,primary_5y,M0,reference,CRI,period_2010,20,4.692161324088602,3043.323333002384,-32.82781359669024,
PRIMARY_DELETE__HLO_to_P__primary_5y__M0__reference__CRI,PRIMARY_DELETE,HLO_to_P,primary_5y,M0,reference,CRI,period_2015,9,-7.853890156674777,2911.2135810557734,-31.2977301068917,
PRIMARY_DELETE__HLO_to_P__primary_5y__M1__ridge__CRI,PRIMARY_DELETE,HLO_to_P,primary_5y,M1,ridge,CRI,pooled_mixing_periods,37,0.10486585309082777,1.395272514919608,0.9833517096457691,
PRIMARY_DELETE__HLO_to_P__primary_5y__M1__ridge__CRI,PRIMARY_DELETE,HLO_to_P,primary_5y,M1,ridge,CRI,period_2000,7,-1.3182873029619682,-2.9103948183854738,1.046673080856653,
PRIMARY_DELETE__HLO_to_P__primary_5y__M1__ridge__CRI,PRIMARY_DELETE,HLO_to_P,primary_5y,M1,ridge,CRI,period_2005,16,-0.31476908045271745,-13.332797710700738,1.1510436145351988,
PRIMARY_DELETE__HLO_to_P__primary_5y__M1__ridge__CRI,PRIMARY_DELETE,HLO_to_P,primary_5y,M1,ridge,CRI,period_2010,20,4.030670356507048,-22.09258050692625,1.201939157352269,
PRIMARY_DELETE__HLO_to_P__primary_5y__M1__ridge__CRI,PRIMARY_DELETE,HLO_to_P,primary_5y,M1,ridge,CRI,period_2015,9,-5.9278833785540135,25.647255857304643,0.7852379234291769,
PRIMARY_DELETE__HLO_to_P__primary_5y__M2__ridge__CRI,PRIMARY_DELETE,HLO_to_P,primary_5y,M2,ridge,CRI,pooled_mixing_periods,37,0.42342789757884763,3.759881110596102,0.953737873332088,
PRIMARY_DELETE__HLO_to_P__primary_5y__M2__ridge__CRI,PRIMARY_DELETE,HLO_to_P,primary_5y,M2,ridge,CRI,period_2000,7,-4.164338831784982,2.666765005245302,1.017065179690943,
PRIMARY_DELETE__HLO_to_P__primary_5y__M2__ridge__CRI,PRIMARY_DELETE,HLO_to_P,primary_5y,M2,ridge,CRI,period_2005,16,-0.21067001405332153,-7.490026315860801,1.0851289099027908,
PRIMARY_DELETE__HLO_to_P__primary_5y__M2__ridge__CRI,PRIMARY_DELETE,HLO_to_P,primary_5y,M2,ridge,CRI,period_2010,20,5.156841296826316,-23.810324864898547,1.2059599303064679,
PRIMARY_DELETE__HLO_to_P__primary_5y__M2__ridge__CRI,PRIMARY_DELETE,HLO_to_P,primary_5y,M2,ridge,CRI,period_2015,9,-4.619104767441412,17.432205986927713,0.8624146740288775,
PRIMARY_DELETE__HLO_to_P__primary_5y__M3__ridge__CRI,PRIMARY_DELETE,HLO_to_P,primary_5y,M3,ridge,CRI,pooled_mixing_periods,37,0.42530225165057434,4.827275682514727,0.9419143102875788,
PRIMARY_DELETE__HLO_to_P__primary_5y__M3__ridge__CRI,PRIMARY_DELETE,HLO_to_P,primary_5y,M3,ridge,CRI,period_2000,7,-3.139338640618154,-2.0543554589937627,1.058499988904132,
PRIMARY_DELETE__HLO_to_P__primary_5y__M3__ridge__CRI,PRIMARY_DELETE,HLO_to_P,primary_5y,M3,ridge,CRI,period_2005,16,-0.597460497722623,-7.429784325693001,1.0891198700161036,
PRIMARY_DELETE__HLO_to_P__primary_5y__M3__ridge__CRI,PRIMARY_DELETE,HLO_to_P,primary_5y,M3,ridge,CRI,period_2010,20,5.142990450118047,-19.02686526982416,1.1533203843588729,
PRIMARY_DELETE__HLO_to_P__primary_5y__M3__ridge__CRI,PRIMARY_DELETE,HLO_to_P,primary_5y,M3,ridge,CRI,period_2015,9,-4.988589607846131,14.039275126356937,0.9024278632453722,
PRIMARY_DELETE__HLO_to_P__primary_5y__M0__reference__DEU,PRIMARY_DELETE,HLO_to_P,primary_5y,M0,reference,DEU,pooled_mixing_periods,37,-2.609024107869118e-15,3319.4191063512167,-36.00000000000022,
PRIMARY_DELETE__HLO_to_P__primary_5y__M0__reference__DEU,PRIMARY_DELETE,HLO_to_P,primary_5y,M0,reference,DEU,period_2000,7,-2.289760996226218,4231.519414126583,-46.185061763130946,
PRIMARY_DELETE__HLO_to_P__primary_5y__M0__reference__DEU,PRIMARY_DELETE,HLO_to_P,primary_5y,M0,reference,DEU,period_2005,16,-0.3443039925035283,3117.870772404633,-33.7592241133826,
PRIMARY_DELETE__HLO_to_P__primary_5y__M0__reference__DEU,PRIMARY_DELETE,HLO_to_P,primary_5y,M0,reference,DEU,period_2010,19,5.033799097846601,3044.2802686752,-32.946647241180436,
PRIMARY_DELETE__HLO_to_P__primary_5y__M0__reference__DEU,PRIMARY_DELETE,HLO_to_P,primary_5y,M0,reference,DEU,period_2015,8,-7.486924769253909,2899.5454749450305,-31.27126489377399,
PRIMARY_DELETE__HLO_to_P__primary_5y__M1__ridge__DEU,PRIMARY_DELETE,HLO_to_P,primary_5y,M1,ridge,DEU,pooled_mixing_periods,37,0.04823484675199213,-0.5435982454155243,1.0055186152004245,
PRIMARY_DELETE__HLO_to_P__primary_5y__M1__ridge__DEU,PRIMARY_DELETE,HLO_to_P,primary_5y,M1,ridge,DEU,period_2000,7,-1.2853698808693488,-4.7778098436187975,1.0668966104101458,
PRIMARY_DELETE__HLO_to_P__primary_5y__M1__ridge__DEU,PRIMARY_DELETE,HLO_to_P,primary_5y,M1,ridge,DEU,period_2005,16,-0.2817811055952264,-15.991712304789631,1.1813168112808443,
PRIMARY_DELETE__HLO_to_P__primary_5y__M1__ridge__DEU,PRIMARY_DELETE,HLO_to_P,primary_5y,M1,ridge,DEU,period_2010,19,4.299414644530703,-27.63327917486831,1.2619066961796706,
PRIMARY_DELETE__HLO_to_P__primary_5y__M1__ridge__DEU,PRIMARY_DELETE,HLO_to_P,primary_5y,M1,ridge,DEU,period_2015,8,-6.1269838796175335,20.552150895666205,0.8414417515774537,
PRIMARY_DELETE__HLO_to_P__primary_5y__M2__ridge__DEU,PRIMARY_DELETE,HLO_to_P,primary_5y,M2,ridge,DEU,pooled_mixing_periods,37,0.344763661471701,3.756300690094263,0.9544623663129174,
PRIMARY_DELETE__HLO_to_P__primary_5y__M2__ridge__DEU,PRIMARY_DELETE,HLO_to_P,primary_5y,M2,ridge,DEU,period_2000,7,-4.425191788669315,0.3143633947008282,1.0469834414073742,
PRIMARY_DELETE__HLO_to_P__primary_5y__M2__ridge__DEU,PRIMARY_DELETE,HLO_to_P,primary_5y,M2,ridge,DEU,period_2005,16,-0.1598437587572299,-7.783110560340167,1.0883791275283228,
PRIMARY_DELETE__HLO_to_P__primary_5y__M2__ridge__DEU,PRIMARY_DELETE,HLO_to_P,primary_5y,M2,ridge,DEU,period_2010,19,5.208468104129225,-22.79993719305356,1.1954578731973677,
PRIMARY_DELETE__HLO_to_P__primary_5y__M2__ridge__DEU,PRIMARY_DELETE,HLO_to_P,primary_5y,M2,ridge,DEU,period_2015,8,-4.891798324254848,19.988184652253537,0.8362865758251444,
PRIMARY_DELETE__HLO_to_P__primary_5y__M3__ridge__DEU,PRIMARY_DELETE,HLO_to_P,primary_5y,M3,ridge,DEU,pooled_mixing_periods,37,0.33564393125999203,4.524932047232418,0.946023391627984,
PRIMARY_DELETE__HLO_to_P__primary_5y__M3__ridge__DEU,PRIMARY_DELETE,HLO_to_P,primary_5y,M3,ridge,DEU,period_2000,7,-3.3432727705023613,-3.0164998274430825,1.0717992231262796,
PRIMARY_DELETE__HLO_to_P__primary_5y__M3__ridge__DEU,PRIMARY_DELETE,HLO_to_P,primary_5y,M3,ridge,DEU,period_2005,16,-0.5885455158800292,-8.173280998756411,1.0979577627561619,
PRIMARY_DELETE__HLO_to_P__primary_5y__M3__ridge__DEU,PRIMARY_DELETE,HLO_to_P,primary_5y,M3,ridge,DEU,period_2010,19,5.1436809395926275,-17.257351793042314,1.1346913067581965,
PRIMARY_DELETE__HLO_to_P__primary_5y__M3__ridge__DEU,PRIMARY_DELETE,HLO_to_P,primary_5y,M3,ridge,DEU,period_2015,8,-5.2399270030545555,14.831842768013267,0.8955858540747829,
PRIMARY_DELETE__HLO_to_P__primary_5y__M0__reference__EGY,PRIMARY_DELETE,HLO_to_P,primary_5y,M0,reference,EGY,pooled_mixing_periods,37,-1.4460654895742664e-14,3329.7413657949787,-36.00000000000029,
PRIMARY_DELETE__HLO_to_P__primary_5y__M0__reference__EGY,PRIMARY_DELETE,HLO_to_P,primary_5y,M0,reference,EGY,period_2000,7,-2.0030315672329717,4244.762030513771,-46.18506176312901,
PRIMARY_DELETE__HLO_to_P__primary_5y__M0__reference__EGY,PRIMARY_DELETE,HLO_to_P,primary_5y,M0,reference,EGY,period_2005,17,-0.6164753001202401,3137.8644760529687,-33.87345172391683,
PRIMARY_DELETE__HLO_to_P__primary_5y__M0__reference__EGY,PRIMARY_DELETE,HLO_to_P,primary_5y,M0,reference,EGY,period_2010,20,4.682112613211736,3042.993455794838,-32.82781359669032,
PRIMARY_DELETE__HLO_to_P__primary_5y__M0__reference__EGY,PRIMARY_DELETE,HLO_to_P,primary_5y,M0,reference,EGY,period_2015,8,-8.91553133852768,2788.0903544016505,-29.92506639517551,
PRIMARY_DELETE__HLO_to_P__primary_5y__M1__ridge__EGY,PRIMARY_DELETE,HLO_to_P,primary_5y,M1,ridge,EGY,pooled_mixing_periods,37,0.10186594018180131,0.1653627982449061,0.9970339185666763,
PRIMARY_DELETE__HLO_to_P__primary_5y__M1__ridge__EGY,PRIMARY_DELETE,HLO_to_P,primary_5y,M1,ridge,EGY,period_2000,7,-1.6482310197855443,2.3435601156447903,0.9922974189127924,
PRIMARY_DELETE__HLO_to_P__primary_5y__M1__ridge__EGY,PRIMARY_DELETE,HLO_to_P,primary_5y,M1,ridge,EGY,period_2005,17,-0.6040720381325454,-7.471956678192359,1.0897602523560306,
PRIMARY_DELETE__HLO_to_P__primary_5y__M1__ridge__EGY,PRIMARY_DELETE,HLO_to_P,primary_5y,M1,ridge,EGY,period_2010,20,3.6823910366001527,-16.043441632186088,1.138741583083591,
PRIMARY_DELETE__HLO_to_P__primary_5y__M1__ridge__EGY,PRIMARY_DELETE,HLO_to_P,primary_5y,M1,ridge,EGY,period_2015,8,-5.369685498788451,18.23226004581279,0.8623055268346618,
PRIMARY_DELETE__HLO_to_P__primary_5y__M2__ridge__EGY,PRIMARY_DELETE,HLO_to_P,primary_5y,M2,ridge,EGY,pooled_mixing_periods,37,0.4353010294261377,6.056991001639013,0.928205094562565,
PRIMARY_DELETE__HLO_to_P__primary_5y__M2__ridge__EGY,PRIMARY_DELETE,HLO_to_P,primary_5y,M2,ridge,EGY,period_2000,7,-4.63886259751639,23.65136611537023,0.7821705147407908,
PRIMARY_DELETE__HLO_to_P__primary_5y__M2__ridge__EGY,PRIMARY_DELETE,HLO_to_P,primary_5y,M2,ridge,EGY,period_2005,17,-0.16526420579632084,-9.028482397967494,1.1016870845652493,
PRIMARY_DELETE__HLO_to_P__primary_5y__M2__ridge__EGY,PRIMARY_DELETE,HLO_to_P,primary_5y,M2,ridge,EGY,period_2010,20,4.921427227622526,-21.665478725035786,1.1853589951768049,
PRIMARY_DELETE__HLO_to_P__primary_5y__M2__ridge__EGY,PRIMARY_DELETE,HLO_to_P,primary_5y,M2,ridge,EGY,period_2015,8,-4.39366200706084,16.553993817872822,0.8711691422686977,
PRIMARY_DELETE__HLO_to_P__primary_5y__M3__ridge__EGY,PRIMARY_DELETE,HLO_to_P,primary_5y,M3,ridge,EGY,pooled_mixing_periods,37,0.44538806283690197,4.729813039302485,0.9427765062241921,
PRIMARY_DELETE__HLO_to_P__primary_5y__M3__ridge__EGY,PRIMARY_DELETE,HLO_to_P,primary_5y,M3,ridge,EGY,period_2000,7,-3.5480758880584515,16.347186793042535,0.855168418186952,
PRIMARY_DELETE__HLO_to_P__primary_5y__M3__ridge__EGY,PRIMARY_DELETE,HLO_to_P,primary_5y,M3,ridge,EGY,period_2005,17,-0.603553878476885,-7.6260644436162135,1.0914667826476028,
PRIMARY_DELETE__HLO_to_P__primary_5y__M3__ridge__EGY,PRIMARY_DELETE,HLO_to_P,primary_5y,M3,ridge,EGY,period_2010,20,4.835977204442797,-17.323250245566594,1.138366748636979,
PRIMARY_DELETE__HLO_to_P__primary_5y__M3__ridge__EGY,PRIMARY_DELETE,HLO_to_P,primary_5y,M3,ridge,EGY,period_2015,8,-4.560822686740254,-11.809554152138634,1.173741253045165,
PRIMARY_DELETE__HLO_to_P__primary_5y__M0__reference__ESP,PRIMARY_DELETE,HLO_to_P,primary_5y,M0,reference,ESP,pooled_mixing_periods,37,-1.1185496973098452e-14,3326.2830014273236,-35.999999999999694,
PRIMARY_DELETE__HLO_to_P__primary_5y__M0__reference__ESP,PRIMARY_DELETE,HLO_to_P,primary_5y,M0,reference,ESP,period_2000,7,-2.0990972441107747,4240.325231293932,-46.1850617631299,
PRIMARY_DELETE__HLO_to_P__primary_5y__M0__reference__ESP,PRIMARY_DELETE,HLO_to_P,primary_5y,M0,reference,ESP,period_2005,17,-0.7125409769980391,3134.610399984804,-33.87345172391551,
PRIMARY_DELETE__HLO_to_P__primary_5y__M0__reference__ESP,PRIMARY_DELETE,HLO_to_P,primary_5y,M0,reference,ESP,period_2010,19,4.990664923567296,3024.087483490535,-32.65369695503403,
PRIMARY_DELETE__HLO_to_P__primary_5y__M0__reference__ESP,PRIMARY_DELETE,HLO_to_P,primary_5y,M0,reference,ESP,period_2015,9,-7.96000454442945,2907.8924415873325,-31.297730106891297,
PRIMARY_DELETE__HLO_to_P__primary_5y__M1__ridge__ESP,PRIMARY_DELETE,HLO_to_P,primary_5y,M1,ridge,ESP,pooled_mixing_periods,37,0.015755143382652048,-0.030612583709914078,1.0001652381856485,
PRIMARY_DELETE__HLO_to_P__primary_5y__M1__ridge__ESP,PRIMARY_DELETE,HLO_to_P,primary_5y,M1,ridge,ESP,period_2000,7,-1.486358312246794,-3.442791000268764,1.0545054321343326,
PRIMARY_DELETE__HLO_to_P__primary_5y__M1__ridge__ESP,PRIMARY_DELETE,HLO_to_P,primary_5y,M1,ridge,ESP,period_2005,17,-0.3421077455417624,-16.38295450023991,1.1853494529197834,
PRIMARY_DELETE__HLO_to_P__primary_5y__M1__ridge__ESP,PRIMARY_DELETE,HLO_to_P,primary_5y,M1,ridge,ESP,period_2010,19,4.190411568823379,-26.354737031504534,1.2484593778004216,
PRIMARY_DELETE__HLO_to_P__primary_5y__M1__ridge__ESP,PRIMARY_DELETE,HLO_to_P,primary_5y,M1,ridge,ESP,period_2015,9,-6.21918934324609,24.117937247072348,0.8044457838611867,
PRIMARY_DELETE__HLO_to_P__primary_5y__M2__ridge__ESP,PRIMARY_DELETE,HLO_to_P,primary_5y,M2,ridge,ESP,pooled_mixing_periods,37,0.38905456359424717,2.649064447144517,0.9663510213450917,
PRIMARY_DELETE__HLO_to_P__primary_5y__M2__ridge__ESP,PRIMARY_DELETE,HLO_to_P,primary_5y,M2,ridge,ESP,period_2000,7,-4.11726438398861,8.180139487439147,0.9537274756100734,
PRIMARY_DELETE__HLO_to_P__primary_5y__M2__ridge__ESP,PRIMARY_DELETE,HLO_to_P,primary_5y,M2,ridge,ESP,period_2005,17,-0.13196329594538442,-7.045321491787909,1.0793548571041922,
PRIMARY_DELETE__HLO_to_P__primary_5y__M2__ridge__ESP,PRIMARY_DELETE,HLO_to_P,primary_5y,M2,ridge,ESP,period_2010,19,5.168103118967848,-25.821228264520627,1.2290091123711178,
PRIMARY_DELETE__HLO_to_P__primary_5y__M2__ridge__ESP,PRIMARY_DELETE,HLO_to_P,primary_5y,M2,ridge,ESP,period_2015,9,-4.340595875081195,22.936476292664242,0.8009153636183699,
PRIMARY_DELETE__HLO_to_P__primary_5y__M3__ridge__ESP,PRIMARY_DELETE,HLO_to_P,primary_5y,M3,ridge,ESP,pooled_mixing_periods,37,0.38188471853629197,3.995185408141407,0.9515174897577591,
PRIMARY_DELETE__HLO_to_P__primary_5y__M3__ridge__ESP,PRIMARY_DELETE,HLO_to_P,primary_5y,M3,ridge,ESP,period_2000,7,-3.128584546452685,0.14006164684662423,1.0336576199177305,
PRIMARY_DELETE__HLO_to_P__primary_5y__M3__ridge__ESP,PRIMARY_DELETE,HLO_to_P,primary_5y,M3,ridge,ESP,period_2005,17,-0.5391198045727775,-7.3405109560243265,1.0875142289776043,
PRIMARY_DELETE__HLO_to_P__primary_5y__M3__ridge__ESP,PRIMARY_DELETE,HLO_to_P,primary_5y,M3,ridge,ESP,period_2010,19,5.153176440518441,-18.794677946023974,1.1512868042833089,
PRIMARY_DELETE__HLO_to_P__primary_5y__M3__ridge__ESP,PRIMARY_DELETE,HLO_to_P,primary_5y,M3,ridge,ESP,period_2015,9,-4.757657014889236,17.912757295833668,0.8585318650150742,
PRIMARY_DELETE__HLO_to_P__primary_5y__M0__reference__FIN,PRIMARY_DELETE,HLO_to_P,primary_5y,M0,reference,FIN,pooled_mixing_periods,37,-1.3711254354120683e-14,3318.7004072378427,-36.00000000000037,
PRIMARY_DELETE__HLO_to_P__primary_5y__M0__reference__FIN,PRIMARY_DELETE,HLO_to_P,primary_5y,M0,reference,FIN,period_2000,7,-2.3097248604869414,4230.5973818225675,-46.185061763129795,
PRIMARY_DELETE__HLO_to_P__primary_5y__M0__reference__FIN,PRIMARY_DELETE,HLO_to_P,primary_5y,M0,reference,FIN,period_2005,17,-0.9231685933742066,3127.475715589849,-33.87345172391646,
PRIMARY_DELETE__HLO_to_P__primary_5y__M0__reference__FIN,PRIMARY_DELETE,HLO_to_P,primary_5y,M0,reference,FIN,period_2010,19,5.190206875923658,2980.3899210150266,-32.24412544400702,
PRIMARY_DELETE__HLO_to_P__primary_5y__M0__reference__FIN,PRIMARY_DELETE,HLO_to_P,primary_5y,M0,reference,FIN,period_2015,9,-8.170632160805612,2901.3002752970037,-31.297730106892075,
PRIMARY_DELETE__HLO_to_P__primary_5y__M1__ridge__FIN,PRIMARY_DELETE,HLO_to_P,primary_5y,M1,ridge,FIN,pooled_mixing_periods,37,0.05252172374803411,-0.3992823591444218,1.0038637519186717,
PRIMARY_DELETE__HLO_to_P__primary_5y__M1__ridge__FIN,PRIMARY_DELETE,HLO_to_P,primary_5y,M1,ridge,FIN,period_2000,7,-1.0741719981890814,-3.722143870107441,1.0527959527946031,
PRIMARY_DELETE__HLO_to_P__primary_5y__M1__ridge__FIN,PRIMARY_DELETE,HLO_to_P,primary_5y,M1,ridge,FIN,period_2005,17,-0.3514713802841294,-15.383758466171649,1.174398090506568,
PRIMARY_DELETE__HLO_to_P__primary_5y__M1__ridge__FIN,PRIMARY_DELETE,HLO_to_P,primary_5y,M1,ridge,FIN,period_2010,19,4.216957015189178,-26.77368221532196,1.2539185226912326,
PRIMARY_DELETE__HLO_to_P__primary_5y__M1__ridge__FIN,PRIMARY_DELETE,HLO_to_P,primary_5y,M1,ridge,FIN,period_2015,9,-6.102484324898214,24.56282913548003,0.7985668528731216,
PRIMARY_DELETE__HLO_to_P__primary_5y__M2__ridge__FIN,PRIMARY_DELETE,HLO_to_P,primary_5y,M2,ridge,FIN,pooled_mixing_periods,37,0.3581263953759328,4.153475852854142,0.9499004400176269,
PRIMARY_DELETE__HLO_to_P__primary_5y__M2__ridge__FIN,PRIMARY_DELETE,HLO_to_P,primary_5y,M2,ridge,FIN,period_2000,7,-4.349061703525315,2.487480702122085,1.0212578675765012,
PRIMARY_DELETE__HLO_to_P__primary_5y__M2__ridge__FIN,PRIMARY_DELETE,HLO_to_P,primary_5y,M2,ridge,FIN,period_2005,17,-0.3254853141558305,-9.507267482330448,1.108947856869781,
PRIMARY_DELETE__HLO_to_P__primary_5y__M2__ridge__FIN,PRIMARY_DELETE,HLO_to_P,primary_5y,M2,ridge,FIN,period_2010,19,5.332370079985769,-19.88567183020101,1.1617933928937494,
PRIMARY_DELETE__HLO_to_P__primary_5y__M2__ridge__FIN,PRIMARY_DELETE,HLO_to_P,primary_5y,M2,ridge,FIN,period_2015,9,-4.668465575530986,19.575674354905715,0.8398435462059239,
PRIMARY_DELETE__HLO_to_P__primary_5y__M3__ridge__FIN,PRIMARY_DELETE,HLO_to_P,primary_5y,M3,ridge,FIN,pooled_mixing_periods,37,0.4101269464434057,5.892052332562829,0.9300571778992145,
PRIMARY_DELETE__HLO_to_P__primary_5y__M3__ridge__FIN,PRIMARY_DELETE,HLO_to_P,primary_5y,M3,ridge,FIN,period_2000,7,-3.245458325914838,-2.0552466112352343,1.0597767731956338,
PRIMARY_DELETE__HLO_to_P__primary_5y__M3__ridge__FIN,PRIMARY_DELETE,HLO_to_P,primary_5y,M3,ridge,FIN,period_2005,17,-0.529808596210142,-6.701504632446715,1.080305458842169,
PRIMARY_DELETE__HLO_to_P__primary_5y__M3__ridge__FIN,PRIMARY_DELETE,HLO_to_P,primary_5y,M3,ridge,FIN,period_2010,19,5.348670754767031,-14.87335483933705,1.1058695659947473,
PRIMARY_DELETE__HLO_to_P__primary_5y__M3__ridge__FIN,PRIMARY_DELETE,HLO_to_P,primary_5y,M3,ridge,FIN,period_2015,9,-4.973445213443219,15.656062135391076,0.8848534060430547,
PRIMARY_DELETE__HLO_to_P__primary_5y__M0__reference__GHA,PRIMARY_DELETE,HLO_to_P,primary_5y,M0,reference,GHA,pooled_mixing_periods,37,-1.1907141939104804e-14,3354.359462237796,-35.99999999999985,
PRIMARY_DELETE__HLO_to_P__primary_5y__M0__reference__GHA,PRIMARY_DELETE,HLO_to_P,primary_5y,M0,reference,GHA,period_2000,7,-1.3191955549313876,4276.345038977676,-46.18506176312798,
PRIMARY_DELETE__HLO_to_P__primary_5y__M0__reference__GHA,PRIMARY_DELETE,HLO_to_P,primary_5y,M0,reference,GHA,period_2005,17,0.06736071218135364,3161.0283622026927,-33.87345172391627,
PRIMARY_DELETE__HLO_to_P__primary_5y__M0__reference__GHA,PRIMARY_DELETE,HLO_to_P,primary_5y,M0,reference,GHA,period_2010,19,4.251810691713136,3025.39372888699,-32.38594139625443,
PRIMARY_DELETE__HLO_to_P__primary_5y__M0__reference__GHA,PRIMARY_DELETE,HLO_to_P,primary_5y,M0,reference,GHA,period_2015,9,-7.180102855250052,2932.3015941651456,-31.297730106890945,
PRIMARY_DELETE__HLO_to_P__primary_5y__M1__ridge__GHA,PRIMARY_DELETE,HLO_to_P,primary_5y,M1,ridge,GHA,pooled_mixing_periods,37,-0.03810182720429629,-8.826841395174705,1.0978251775602905,
PRIMARY_DELETE__HLO_to_P__primary_5y__M1__ridge__GHA,PRIMARY_DELETE,HLO_to_P,primary_5y,M1,ridge,GHA,period_2000,7,-1.1098824592786443,-23.940839121178577,1.2758568956001208,
PRIMARY_DELETE__HLO_to_P__primary_5y__M1__ridge__GHA,PRIMARY_DELETE,HLO_to_P,primary_5y,M1,ridge,GHA,period_2005,17,-0.11436525735329717,-39.13941021152805,1.433920607795404,
PRIMARY_DELETE__HLO_to_P__primary_5y__M1__ridge__GHA,PRIMARY_DELETE,HLO_to_P,primary_5y,M1,ridge,GHA,period_2010,19,3.9020510415907563,-39.54810458141754,1.3943305109517103,
PRIMARY_DELETE__HLO_to_P__primary_5y__M1__ridge__GHA,PRIMARY_DELETE,HLO_to_P,primary_5y,M1,ridge,GHA,period_2015,9,-6.099243482419668,6.7317309750872845,0.9930987507412388,
PRIMARY_DELETE__HLO_to_P__primary_5y__M2__ridge__GHA,PRIMARY_DELETE,HLO_to_P,primary_5y,M2,ridge,GHA,pooled_mixing_periods,37,0.08658719895275056,12.183120560499052,0.8647890861320947,
PRIMARY_DELETE__HLO_to_P__primary_5y__M2__ridge__GHA,PRIMARY_DELETE,HLO_to_P,primary_5y,M2,ridge,GHA,period_2000,7,-3.4666096547141003,27.1011811508821,0.7328033346736443,
PRIMARY_DELETE__HLO_to_P__primary_5y__M2__ridge__GHA,PRIMARY_DELETE,HLO_to_P,primary_5y,M2,ridge,GHA,period_2005,17,-0.0357909725246813,-25.71978332478444,1.284461191696642,
PRIMARY_DELETE__HLO_to_P__primary_5y__M2__ridge__GHA,PRIMARY_DELETE,HLO_to_P,primary_5y,M2,ridge,GHA,period_2010,19,4.687604009799315,-50.05037336644555,1.4974973036248806,
PRIMARY_DELETE__HLO_to_P__primary_5y__M2__ridge__GHA,PRIMARY_DELETE,HLO_to_P,primary_5y,M2,ridge,GHA,period_2015,9,-4.953739370625146,14.107093652868148,0.9013580893053068,
PRIMARY_DELETE__HLO_to_P__primary_5y__M3__ridge__GHA,PRIMARY_DELETE,HLO_to_P,primary_5y,M3,ridge,GHA,pooled_mixing_periods,37,-0.16113676023770174,-14.89522433533447,1.1663737285739402,
PRIMARY_DELETE__HLO_to_P__primary_5y__M3__ridge__GHA,PRIMARY_DELETE,HLO_to_P,primary_5y,M3,ridge,GHA,period_2000,7,-2.4518605553016775,-31.943005905722245,1.3844350985439065,
PRIMARY_DELETE__HLO_to_P__primary_5y__M3__ridge__GHA,PRIMARY_DELETE,HLO_to_P,primary_5y,M3,ridge,GHA,period_2005,17,-0.76178330074221,-32.79798505103796,1.3736518124277477,
PRIMARY_DELETE__HLO_to_P__primary_5y__M3__ridge__GHA,PRIMARY_DELETE,HLO_to_P,primary_5y,M3,ridge,GHA,period_2010,19,4.187069279149603,-65.0701786769771,1.6713957412336142,
PRIMARY_DELETE__HLO_to_P__primary_5y__M3__ridge__GHA,PRIMARY_DELETE,HLO_to_P,primary_5y,M3,ridge,GHA,period_2015,9,-5.571365103487129,-6.893081716802313,1.1352242230638736,
PRIMARY_DELETE__HLO_to_P__primary_5y__M0__reference__HRV,PRIMARY_DELETE,HLO_to_P,primary_5y,M0,reference,HRV,pooled_mixing_periods,37,-1.3156142841808105e-14,3328.9864945702707,-36.000000000000526,
PRIMARY_DELETE__HLO_to_P__primary_5y__M0__reference__HRV,PRIMARY_DELETE,HLO_to_P,primary_5y,M0,reference,HRV,period_2000,7,-2.024000212364328,4243.793592343276,-46.185061763128864,
PRIMARY_DELETE__HLO_to_P__primary_5y__M0__reference__HRV,PRIMARY_DELETE,HLO_to_P,primary_5y,M0,reference,HRV,period_2005,17,-0.6374439452515996,3137.1541956643628,-33.87345172391645,
PRIMARY_DELETE__HLO_to_P__primary_5y__M0__reference__HRV,PRIMARY_DELETE,HLO_to_P,primary_5y,M0,reference,HRV,period_2010,19,4.919520367175924,3034.5619613683566,-32.74260897698688,
PRIMARY_DELETE__HLO_to_P__primary_5y__M0__reference__HRV,PRIMARY_DELETE,HLO_to_P,primary_5y,M0,reference,HRV,period_2015,9,-7.884907512683005,2910.2428082187516,-31.297730106891187,
PRIMARY_DELETE__HLO_to_P__primary_5y__M1__ridge__HRV,PRIMARY_DELETE,HLO_to_P,primary_5y,M1,ridge,HRV,pooled_mixing_periods,37,0.10123199456992735,1.5669809367018157,0.9814794957993577,
PRIMARY_DELETE__HLO_to_P__primary_5y__M1__ridge__HRV,PRIMARY_DELETE,HLO_to_P,primary_5y,M1,ridge,HRV,period_2000,7,-1.1991044986430068,-1.026918249335648,1.0245369235457888,
PRIMARY_DELETE__HLO_to_P__primary_5y__M1__ridge__HRV,PRIMARY_DELETE,HLO_to_P,primary_5y,M1,ridge,HRV,period_2005,17,-0.14855646240301082,-12.387867590131654,1.1386330225869261,
PRIMARY_DELETE__HLO_to_P__primary_5y__M1__ridge__HRV,PRIMARY_DELETE,HLO_to_P,primary_5y,M1,ridge,HRV,period_2010,19,4.0969062108364325,-21.944584028617193,1.199960934993318,
PRIMARY_DELETE__HLO_to_P__primary_5y__M1__ridge__HRV,PRIMARY_DELETE,HLO_to_P,primary_5y,M1,ridge,HRV,period_2015,9,-5.762866735180234,26.384480531312633,0.7758145890282973,
PRIMARY_DELETE__HLO_to_P__primary_5y__M2__ridge__HRV,PRIMARY_DELETE,HLO_to_P,primary_5y,M2,ridge,HRV,pooled_mixing_periods,37,0.15749017040044466,7.518396883919416,0.9148354743484384,
PRIMARY_DELETE__HLO_to_P__primary_5y__M2__ridge__HRV,PRIMARY_DELETE,HLO_to_P,primary_5y,M2,ridge,HRV,period_2000,7,-4.1886545296445306,0.07590047027675405,1.046878716901557,
PRIMARY_DELETE__HLO_to_P__primary_5y__M2__ridge__HRV,PRIMARY_DELETE,HLO_to_P,primary_5y,M2,ridge,HRV,period_2005,17,0.033601149869477015,-3.232389285753967,1.035302425297739,
PRIMARY_DELETE__HLO_to_P__primary_5y__M2__ridge__HRV,PRIMARY_DELETE,HLO_to_P,primary_5y,M2,ridge,HRV,period_2010,19,4.59134081558999,-6.7081319174977345,1.0235853484852548,
PRIMARY_DELETE__HLO_to_P__primary_5y__M2__ridge__HRV,PRIMARY_DELETE,HLO_to_P,primary_5y,M2,ridge,HRV,period_2015,9,-4.387516852132842,14.15392610995247,0.8953897754788147,
PRIMARY_DELETE__HLO_to_P__primary_5y__M3__ridge__HRV,PRIMARY_DELETE,HLO_to_P,primary_5y,M3,ridge,HRV,pooled_mixing_periods,37,0.41737843302482064,3.6678978945508507,0.9548038838090857,
PRIMARY_DELETE__HLO_to_P__primary_5y__M3__ridge__HRV,PRIMARY_DELETE,HLO_to_P,primary_5y,M3,ridge,HRV,period_2000,7,-3.135964689349857,-3.5586553772106386,1.0754030386352276,
PRIMARY_DELETE__HLO_to_P__primary_5y__M3__ridge__HRV,PRIMARY_DELETE,HLO_to_P,primary_5y,M3,ridge,HRV,period_2005,17,-0.3184994934462978,-4.8578715261052,1.057350254999571,
PRIMARY_DELETE__HLO_to_P__primary_5y__M3__ridge__HRV,PRIMARY_DELETE,HLO_to_P,primary_5y,M3,ridge,HRV,period_2010,19,5.167731270007703,-18.93074104393057,1.1523693181564179,
PRIMARY_DELETE__HLO_to_P__primary_5y__M3__ridge__HRV,PRIMARY_DELETE,HLO_to_P,primary_5y,M3,ridge,HRV,period_2015,9,-4.76044201476715,12.247284966691073,0.9194851115785635,
PRIMARY_DELETE__HLO_to_P__primary_5y__M0__reference__IDN,PRIMARY_DELETE,HLO_to_P,primary_5y,M0,reference,IDN,pooled_mixing_periods,37,-2.6922908347160046e-15,3337.319561561229,-36.00000000000011,
PRIMARY_DELETE__HLO_to_P__primary_5y__M0__reference__IDN,PRIMARY_DELETE,HLO_to_P,primary_5y,M0,reference,IDN,period_2000,7,-1.7925261292810841,4254.484237167053,-46.18506176312902,
PRIMARY_DELETE__HLO_to_P__primary_5y__M0__reference__IDN,PRIMARY_DELETE,HLO_to_P,primary_5y,M0,reference,IDN,period_2005,16,-1.234021129547478,3063.159710214311,-32.962775926972014,
PRIMARY_DELETE__HLO_to_P__primary_5y__M0__reference__IDN,PRIMARY_DELETE,HLO_to_P,primary_5y,M0,reference,IDN,period_2010,19,4.428050840212492,3018.076899896568,-32.47265767383296,
PRIMARY_DELETE__HLO_to_P__primary_5y__M0__reference__IDN,PRIMARY_DELETE,HLO_to_P,primary_5y,M0,reference,IDN,period_2015,8,-8.495334752318538,3324.5272440496756,-35.8234319175613,
PRIMARY_DELETE__HLO_to_P__primary_5y__M1__ridge__IDN,PRIMARY_DELETE,HLO_to_P,primary_5y,M1,ridge,IDN,pooled_mixing_periods,37,0.1353304618136245,1.2024349649465005,0.9851907596354029,
PRIMARY_DELETE__HLO_to_P__primary_5y__M1__ridge__IDN,PRIMARY_DELETE,HLO_to_P,primary_5y,M1,ridge,IDN,period_2000,7,-0.89736398820027,-3.82210894095765,1.0518491854509804,
PRIMARY_DELETE__HLO_to_P__primary_5y__M1__ridge__IDN,PRIMARY_DELETE,HLO_to_P,primary_5y,M1,ridge,IDN,period_2005,16,-0.7388353581690073,-9.165300706431779,1.1092562423577514,
PRIMARY_DELETE__HLO_to_P__primary_5y__M1__ridge__IDN,PRIMARY_DELETE,HLO_to_P,primary_5y,M1,ridge,IDN,period_2010,19,3.896305382665798,-22.82426923760243,1.2108589828689764,
PRIMARY_DELETE__HLO_to_P__primary_5y__M1__ridge__IDN,PRIMARY_DELETE,HLO_to_P,primary_5y,M1,ridge,IDN,period_2015,8,-5.864876381858897,25.59013570675493,0.7871742703717939,
PRIMARY_DELETE__HLO_to_P__primary_5y__M2__ridge__IDN,PRIMARY_DELETE,HLO_to_P,primary_5y,M2,ridge,IDN,pooled_mixing_periods,37,0.35626534614117583,5.283716425073896,0.9377169856368505,
PRIMARY_DELETE__HLO_to_P__primary_5y__M2__ridge__IDN,PRIMARY_DELETE,HLO_to_P,primary_5y,M2,ridge,IDN,period_2000,7,-4.302689631009475,12.087459172568463,0.9111507826476261,
PRIMARY_DELETE__HLO_to_P__primary_5y__M2__ridge__IDN,PRIMARY_DELETE,HLO_to_P,primary_5y,M2,ridge,IDN,period_2005,16,-0.37160008077851536,-11.473417022018118,1.1301396196440763,
PRIMARY_DELETE__HLO_to_P__primary_5y__M2__ridge__IDN,PRIMARY_DELETE,HLO_to_P,primary_5y,M2,ridge,IDN,period_2010,19,5.060362376155804,-27.26211690859562,1.244163035156925,
PRIMARY_DELETE__HLO_to_P__primary_5y__M2__ridge__IDN,PRIMARY_DELETE,HLO_to_P,primary_5y,M2,ridge,IDN,period_2015,8,-4.354534537267753,16.167810616636075,0.874584383709497,
PRIMARY_DELETE__HLO_to_P__primary_5y__M3__ridge__IDN,PRIMARY_DELETE,HLO_to_P,primary_5y,M3,ridge,IDN,pooled_mixing_periods,37,0.2508653823499847,3.5832017231874445,0.9576105851014195,
PRIMARY_DELETE__HLO_to_P__primary_5y__M3__ridge__IDN,PRIMARY_DELETE,HLO_to_P,primary_5y,M3,ridge,IDN,period_2000,7,-3.282458050411864,3.2613492447035375,1.0002381462503642,
PRIMARY_DELETE__HLO_to_P__primary_5y__M3__ridge__IDN,PRIMARY_DELETE,HLO_to_P,primary_5y,M3,ridge,IDN,period_2005,16,-0.8367461252289949,-7.430315930306851,1.0912956720835574,
PRIMARY_DELETE__HLO_to_P__primary_5y__M3__ridge__IDN,PRIMARY_DELETE,HLO_to_P,primary_5y,M3,ridge,IDN,period_2010,19,4.796299019049714,-23.012225409463714,1.200912482080897,
PRIMARY_DELETE__HLO_to_P__primary_5y__M3__ridge__IDN,PRIMARY_DELETE,HLO_to_P,primary_5y,M3,ridge,IDN,period_2015,8,-4.720683059812064,11.876920463043074,0.9237293428674083,
PRIMARY_DELETE__HLO_to_P__primary_5y__M0__reference__IRN,PRIMARY_DELETE,HLO_to_P,primary_5y,M0,reference,IRN,pooled_mixing_periods,37,-1.1129985821867194e-14,3341.434882877793,-35.99999999999982,
PRIMARY_DELETE__HLO_to_P__primary_5y__M0__reference__IRN,PRIMARY_DELETE,HLO_to_P,primary_5y,M0,reference,IRN,period_2000,7,-1.6782116482647105,4259.76385853323,-46.18506176312919,
PRIMARY_DELETE__HLO_to_P__primary_5y__M0__reference__IRN,PRIMARY_DELETE,HLO_to_P,primary_5y,M0,reference,IRN,period_2005,16,-1.1156312062896276,3142.3838952612973,-33.80147173106572,
PRIMARY_DELETE__HLO_to_P__primary_5y__M0__reference__IRN,PRIMARY_DELETE,HLO_to_P,primary_5y,M0,reference,IRN,period_2010,20,5.00693253217999,3053.6565835471724,-32.82781359668979,
PRIMARY_DELETE__HLO_to_P__primary_5y__M0__reference__IRN,PRIMARY_DELETE,HLO_to_P,primary_5y,M0,reference,IRN,period_2015,9,-7.539118948583394,2921.0652053719787,-31.297730106891045,
PRIMARY_DELETE__HLO_to_P__primary_5y__M1__ridge__IRN,PRIMARY_DELETE,HLO_to_P,primary_5y,M1,ridge,IRN,pooled_mixing_periods,37,0.1054915898859436,1.7128222045292831,0.9798891445494171,
PRIMARY_DELETE__HLO_to_P__primary_5y__M1__ridge__IRN,PRIMARY_DELETE,HLO_to_P,primary_5y,M1,ridge,IRN,period_2000,7,-1.1036376015946407,-3.5736381170899127,1.0515023103472338,
PRIMARY_DELETE__HLO_to_P__primary_5y__M1__ridge__IRN,PRIMARY_DELETE,HLO_to_P,primary_5y,M1,ridge,IRN,period_2005,16,-0.6295398466086928,-10.329409175655057,1.1207616271940333,
PRIMARY_DELETE__HLO_to_P__primary_5y__M1__ridge__IRN,PRIMARY_DELETE,HLO_to_P,primary_5y,M1,ridge,IRN,period_2010,20,4.290890565445455,-24.061585991071635,1.2204028074241358,
PRIMARY_DELETE__HLO_to_P__primary_5y__M1__ridge__IRN,PRIMARY_DELETE,HLO_to_P,primary_5y,M1,ridge,IRN,period_2015,9,-5.712320627153936,24.458578218535425,0.7963142265318893,
PRIMARY_DELETE__HLO_to_P__primary_5y__M2__ridge__IRN,PRIMARY_DELETE,HLO_to_P,primary_5y,M2,ridge,IRN,pooled_mixing_periods,37,0.13339283163714286,8.33571255610061,0.9063591712101905,
PRIMARY_DELETE__HLO_to_P__primary_5y__M2__ridge__IRN,PRIMARY_DELETE,HLO_to_P,primary_5y,M2,ridge,IRN,period_2000,7,-3.993630798176343,7.682345609933373,0.9580478994360799,
PRIMARY_DELETE__HLO_to_P__primary_5y__M2__ridge__IRN,PRIMARY_DELETE,HLO_to_P,primary_5y,M2,ridge,IRN,period_2005,16,-0.4041842604666295,-7.054803029206817,1.0819903559869972,
PRIMARY_DELETE__HLO_to_P__primary_5y__M2__ridge__IRN,PRIMARY_DELETE,HLO_to_P,primary_5y,M2,ridge,IRN,period_2010,20,4.781711760706504,-10.622781297783295,1.0647616226958896,
PRIMARY_DELETE__HLO_to_P__primary_5y__M2__ridge__IRN,PRIMARY_DELETE,HLO_to_P,primary_5y,M2,ridge,IRN,period_2015,9,-4.585572528114459,16.045090354396535,0.8769935573786757,
PRIMARY_DELETE__HLO_to_P__primary_5y__M3__ridge__IRN,PRIMARY_DELETE,HLO_to_P,primary_5y,M3,ridge,IRN,pooled_mixing_periods,37,0.4817129775650886,7.311288074855586,0.9141652661507588,
PRIMARY_DELETE__HLO_to_P__primary_5y__M3__ridge__IRN,PRIMARY_DELETE,HLO_to_P,primary_5y,M3,ridge,IRN,period_2000,7,-2.9584487822980043,0.7347795000893932,1.0249957197655182,
PRIMARY_DELETE__HLO_to_P__primary_5y__M3__ridge__IRN,PRIMARY_DELETE,HLO_to_P,primary_5y,M3,ridge,IRN,period_2005,16,-0.6561895964612452,-5.015264960209224,1.062514687165095,
PRIMARY_DELETE__HLO_to_P__primary_5y__M3__ridge__IRN,PRIMARY_DELETE,HLO_to_P,primary_5y,M3,ridge,IRN,period_2010,20,5.4366592583702005,-18.963758475626285,1.1488976169237581,
PRIMARY_DELETE__HLO_to_P__primary_5y__M3__ridge__IRN,PRIMARY_DELETE,HLO_to_P,primary_5y,M3,ridge,IRN,period_2015,9,-4.877494958125067,13.746050458481893,0.9045057112146575,
PRIMARY_DELETE__HLO_to_P__primary_5y__M0__reference__ISL,PRIMARY_DELETE,HLO_to_P,primary_5y,M0,reference,ISL,pooled_mixing_periods,37,-1.3516965324811281e-14,3318.701755855239,-36.000000000000824,
PRIMARY_DELETE__HLO_to_P__primary_5y__M0__reference__ISL,PRIMARY_DELETE,HLO_to_P,primary_5y,M0,reference,ISL,period_2000,6,-0.8439485149006254,4295.498953907072,-46.90639351572018,
PRIMARY_DELETE__HLO_to_P__primary_5y__M0__reference__ISL,PRIMARY_DELETE,HLO_to_P,primary_5y,M0,reference,ISL,period_2005,17,-0.9231311317810005,3127.4769845433184,-33.873451723916475,
PRIMARY_DELETE__HLO_to_P__primary_5y__M0__reference__ISL,PRIMARY_DELETE,HLO_to_P,primary_5y,M0,reference,ISL,period_2010,20,4.3754567815509695,3032.926615314774,-32.827813596690696,
PRIMARY_DELETE__HLO_to_P__primary_5y__M0__reference__ISL,PRIMARY_DELETE,HLO_to_P,primary_5y,M0,reference,ISL,period_2015,9,-8.170594699212405,2901.301447759739,-31.297730106890988,
PRIMARY_DELETE__HLO_to_P__primary_5y__M1__ridge__ISL,PRIMARY_DELETE,HLO_to_P,primary_5y,M1,ridge,ISL,pooled_mixing_periods,37,0.06386829924891485,-0.3741446504281702,1.0034567903363318,
PRIMARY_DELETE__HLO_to_P__primary_5y__M1__ridge__ISL,PRIMARY_DELETE,HLO_to_P,primary_5y,M1,ridge,ISL,period_2000,6,-0.4905450365149622,-0.9197337825741736,1.0156697287671426,
PRIMARY_DELETE__HLO_to_P__primary_5y__M1__ridge__ISL,PRIMARY_DELETE,HLO_to_P,primary_5y,M1,ridge,ISL,period_2005,17,-0.44580045707985594,-16.142450652867158,1.184044785658561,
PRIMARY_DELETE__HLO_to_P__primary_5y__M1__ridge__ISL,PRIMARY_DELETE,HLO_to_P,primary_5y,M1,ridge,ISL,period_2010,20,3.8537810258860206,-30.37682193833559,1.2971255018260182,
PRIMARY_DELETE__HLO_to_P__primary_5y__M1__ridge__ISL,PRIMARY_DELETE,HLO_to_P,primary_5y,M1,ridge,ISL,period_2015,9,-6.193678957739216,24.125353859605045,0.8041406263817915,
PRIMARY_DELETE__HLO_to_P__primary_5y__M2__ridge__ISL,PRIMARY_DELETE,HLO_to_P,primary_5y,M2,ridge,ISL,pooled_mixing_periods,37,0.36875340727819517,1.8553657973546147,0.9753049594306674,
PRIMARY_DELETE__HLO_to_P__primary_5y__M2__ridge__ISL,PRIMARY_DELETE,HLO_to_P,primary_5y,M2,ridge,ISL,period_2000,6,-4.137675131359854,1.3857324805953581,1.03186849591267,
PRIMARY_DELETE__HLO_to_P__primary_5y__M2__ridge__ISL,PRIMARY_DELETE,HLO_to_P,primary_5y,M2,ridge,ISL,period_2005,17,-0.614489792455615,-13.780012612043567,1.1600048531693052,
PRIMARY_DELETE__HLO_to_P__primary_5y__M2__ridge__ISL,PRIMARY_DELETE,HLO_to_P,primary_5y,M2,ridge,ISL,period_2010,20,4.911729731821088,-24.769423371418807,1.219851051364273,
PRIMARY_DELETE__HLO_to_P__primary_5y__M2__ridge__ISL,PRIMARY_DELETE,HLO_to_P,primary_5y,M2,ridge,ISL,period_2015,9,-4.555147080485847,13.691277830324186,0.9019648068422751,
PRIMARY_DELETE__HLO_to_P__primary_5y__M3__ridge__ISL,PRIMARY_DELETE,HLO_to_P,primary_5y,M3,ridge,ISL,pooled_mixing_periods,37,0.41421910106615417,5.162097039593386,0.9381157849581264,
PRIMARY_DELETE__HLO_to_P__primary_5y__M3__ridge__ISL,PRIMARY_DELETE,HLO_to_P,primary_5y,M3,ridge,ISL,period_2000,6,-3.1706393031168707,-2.3796098539450976,1.0635620939831347,
PRIMARY_DELETE__HLO_to_P__primary_5y__M3__ridge__ISL,PRIMARY_DELETE,HLO_to_P,primary_5y,M3,ridge,ISL,period_2005,17,-0.7620118853521785,-8.82393967864608,1.1067294998602577,
PRIMARY_DELETE__HLO_to_P__primary_5y__M3__ridge__ISL,PRIMARY_DELETE,HLO_to_P,primary_5y,M3,ridge,ISL,period_2010,20,4.978177156022357,-19.513045483027252,1.1608020074818417,
PRIMARY_DELETE__HLO_to_P__primary_5y__M3__ridge__ISL,PRIMARY_DELETE,HLO_to_P,primary_5y,M3,ridge,ISL,period_2015,9,-4.9239814434539895,11.790428907042436,0.9260268599435777,
PRIMARY_DELETE__HLO_to_P__primary_5y__M0__reference__ITA,PRIMARY_DELETE,HLO_to_P,primary_5y,M0,reference,ITA,pooled_mixing_periods,37,-7.049916206369744e-15,3329.754240883828,-36.000000000000334,
PRIMARY_DELETE__HLO_to_P__primary_5y__M0__reference__ITA,PRIMARY_DELETE,HLO_to_P,primary_5y,M0,reference,ITA,period_2000,7,-2.002673925876146,4244.778548201882,-46.18506176312852,
PRIMARY_DELETE__HLO_to_P__primary_5y__M0__reference__ITA,PRIMARY_DELETE,HLO_to_P,primary_5y,M0,reference,ITA,period_2005,16,-0.6258225185336812,3142.7779483063323,-33.92897400213754,
PRIMARY_DELETE__HLO_to_P__primary_5y__M0__reference__ITA,PRIMARY_DELETE,HLO_to_P,primary_5y,M0,reference,ITA,period_2010,19,4.845462244489518,3042.0372753064607,-32.817188627900414,
PRIMARY_DELETE__HLO_to_P__primary_5y__M0__reference__ITA,PRIMARY_DELETE,HLO_to_P,primary_5y,M0,reference,ITA,period_2015,9,-7.863581226194831,2910.9102725774205,-31.297730106890963,
PRIMARY_DELETE__HLO_to_P__primary_5y__M1__ridge__ITA,PRIMARY_DELETE,HLO_to_P,primary_5y,M1,ridge,ITA,pooled_mixing_periods,37,0.05952967563096127,-0.9230091210776443,1.0095885814332,
PRIMARY_DELETE__HLO_to_P__primary_5y__M1__ridge__ITA,PRIMARY_DELETE,HLO_to_P,primary_5y,M1,ridge,ITA,period_2000,7,-0.8413419687847763,-2.194784426954545,1.0333350470966571,
PRIMARY_DELETE__HLO_to_P__primary_5y__M1__ridge__ITA,PRIMARY_DELETE,HLO_to_P,primary_5y,M1,ridge,ITA,period_2005,16,-0.4706559370827783,-18.14502705996229,1.2065804120783459,
PRIMARY_DELETE__HLO_to_P__primary_5y__M1__ridge__ITA,PRIMARY_DELETE,HLO_to_P,primary_5y,M1,ridge,ITA,period_2010,19,3.9480801585155327,-30.806626307151248,1.3011005279294212,
PRIMARY_DELETE__HLO_to_P__primary_5y__M1__ridge__ITA,PRIMARY_DELETE,HLO_to_P,primary_5y,M1,ridge,ITA,period_2015,9,-5.853443926433078,25.79553812243911,0.782988213873497,
PRIMARY_DELETE__HLO_to_P__primary_5y__M2__ridge__ITA,PRIMARY_DELETE,HLO_to_P,primary_5y,M2,ridge,ITA,pooled_mixing_periods,37,0.08990207615706644,7.084007779503074,0.9203635629904265,
PRIMARY_DELETE__HLO_to_P__primary_5y__M2__ridge__ITA,PRIMARY_DELETE,HLO_to_P,primary_5y,M2,ridge,ITA,period_2000,7,-4.231296233611222,2.2693464498590874,1.0223739159592469,
PRIMARY_DELETE__HLO_to_P__primary_5y__M2__ridge__ITA,PRIMARY_DELETE,HLO_to_P,primary_5y,M2,ridge,ITA,period_2005,16,-0.3920062094108614,-12.680867738955142,1.1449447060100701,
PRIMARY_DELETE__HLO_to_P__primary_5y__M2__ridge__ITA,PRIMARY_DELETE,HLO_to_P,primary_5y,M2,ridge,ITA,period_2010,19,4.505483966995997,-6.53883480629077,1.022653533127577,
PRIMARY_DELETE__HLO_to_P__primary_5y__M2__ridge__ITA,PRIMARY_DELETE,HLO_to_P,primary_5y,M2,ridge,ITA,period_2015,9,-4.4450718005208785,17.3008959278486,0.8622134089081682,
PRIMARY_DELETE__HLO_to_P__primary_5y__M3__ridge__ITA,PRIMARY_DELETE,HLO_to_P,primary_5y,M3,ridge,ITA,pooled_mixing_periods,37,0.3568532502323632,3.125786157485475,0.9614539981162593,
PRIMARY_DELETE__HLO_to_P__primary_5y__M3__ridge__ITA,PRIMARY_DELETE,HLO_to_P,primary_5y,M3,ridge,ITA,period_2000,7,-3.160419064055711,-1.2127362356542137,1.0492694199684278,
PRIMARY_DELETE__HLO_to_P__primary_5y__M3__ridge__ITA,PRIMARY_DELETE,HLO_to_P,primary_5y,M3,ridge,ITA,period_2005,16,-0.792197414618844,-12.043800158929917,1.1429526480296393,
PRIMARY_DELETE__HLO_to_P__primary_5y__M3__ridge__ITA,PRIMARY_DELETE,HLO_to_P,primary_5y,M3,ridge,ITA,period_2010,19,4.978977308500922,-19.758194776038188,1.1637910265419036,
PRIMARY_DELETE__HLO_to_P__primary_5y__M3__ridge__ITA,PRIMARY_DELETE,HLO_to_P,primary_5y,M3,ridge,ITA,period_2015,9,-4.801246553617021,14.48266594783103,0.8958385241171395,
PRIMARY_DELETE__HLO_to_P__primary_5y__M0__reference__JOR,PRIMARY_DELETE,HLO_to_P,primary_5y,M0,reference,JOR,pooled_mixing_periods,37,-1.1268763699945339e-14,3346.2484597584557,-36.00000000000046,
PRIMARY_DELETE__HLO_to_P__primary_5y__M0__reference__JOR,PRIMARY_DELETE,HLO_to_P,primary_5y,M0,reference,JOR,period_2000,7,-1.5445011793590329,4265.939284798163,-46.185061763130804,
PRIMARY_DELETE__HLO_to_P__primary_5y__M0__reference__JOR,PRIMARY_DELETE,HLO_to_P,primary_5y,M0,reference,JOR,period_2005,17,-0.1579449122463057,3153.396483010472,-33.8734517239158,
PRIMARY_DELETE__HLO_to_P__primary_5y__M0__reference__JOR,PRIMARY_DELETE,HLO_to_P,primary_5y,M0,reference,JOR,period_2010,19,4.465258125381438,3052.9058733213574,-32.77090435015882,
PRIMARY_DELETE__HLO_to_P__primary_5y__M0__reference__JOR,PRIMARY_DELETE,HLO_to_P,primary_5y,M0,reference,JOR,period_2015,9,-7.405408479677708,2925.250039540306,-31.297730106891617,
PRIMARY_DELETE__HLO_to_P__primary_5y__M1__ridge__JOR,PRIMARY_DELETE,HLO_to_P,primary_5y,M1,ridge,JOR,pooled_mixing_periods,37,0.07446699709499753,0.04946987286517437,0.998630737811486,
PRIMARY_DELETE__HLO_to_P__primary_5y__M1__ridge__JOR,PRIMARY_DELETE,HLO_to_P,primary_5y,M1,ridge,JOR,period_2000,7,-0.7731687884549414,-6.582911085872106,1.0807054218152627,
PRIMARY_DELETE__HLO_to_P__primary_5y__M1__ridge__JOR,PRIMARY_DELETE,HLO_to_P,primary_5y,M1,ridge,JOR,period_2005,17,-0.02450879720033619,-18.41364618148295,1.203617515934081,
PRIMARY_DELETE__HLO_to_P__primary_5y__M1__ridge__JOR,PRIMARY_DELETE,HLO_to_P,primary_5y,M1,ridge,JOR,period_2010,19,3.991146798894972,-30.516275192016455,1.294531914893965,
PRIMARY_DELETE__HLO_to_P__primary_5y__M1__ridge__JOR,PRIMARY_DELETE,HLO_to_P,primary_5y,M1,ridge,JOR,period_2015,9,-5.838309014189627,22.23349823590186,0.8216153546513775,
PRIMARY_DELETE__HLO_to_P__primary_5y__M2__ridge__JOR,PRIMARY_DELETE,HLO_to_P,primary_5y,M2,ridge,JOR,pooled_mixing_periods,37,0.3523751399483252,2.7027055385762604,0.9663505954340449,
PRIMARY_DELETE__HLO_to_P__primary_5y__M2__ridge__JOR,PRIMARY_DELETE,HLO_to_P,primary_5y,M2,ridge,JOR,period_2000,7,-3.498981568588271,-3.866459503575689,1.0832992383284177,
PRIMARY_DELETE__HLO_to_P__primary_5y__M2__ridge__JOR,PRIMARY_DELETE,HLO_to_P,primary_5y,M2,ridge,JOR,period_2005,17,-0.18526751103768263,-8.989377259366407,1.101498265528657,
PRIMARY_DELETE__HLO_to_P__primary_5y__M2__ridge__JOR,PRIMARY_DELETE,HLO_to_P,primary_5y,M2,ridge,JOR,period_2010,19,4.752704659332466,-21.520465291389037,1.1846260040946266,
PRIMARY_DELETE__HLO_to_P__primary_5y__M2__ridge__JOR,PRIMARY_DELETE,HLO_to_P,primary_5y,M2,ridge,JOR,period_2015,9,-4.3052578992820845,25.245245152814537,0.7759044967394993,
PRIMARY_DELETE__HLO_to_P__primary_5y__M3__ridge__JOR,PRIMARY_DELETE,HLO_to_P,primary_5y,M3,ridge,JOR,pooled_mixing_periods,37,-0.03826703433419203,8.929221455816752,0.9016496922410376,
PRIMARY_DELETE__HLO_to_P__primary_5y__M3__ridge__JOR,PRIMARY_DELETE,HLO_to_P,primary_5y,M3,ridge,JOR,period_2000,7,-2.044631473575867,3.600278960703786,0.9826911454953549,
PRIMARY_DELETE__HLO_to_P__primary_5y__M3__ridge__JOR,PRIMARY_DELETE,HLO_to_P,primary_5y,M3,ridge,JOR,period_2005,17,-1.1647052885380245,-3.685666702553864,1.0542470166059204,
PRIMARY_DELETE__HLO_to_P__primary_5y__M3__ridge__JOR,PRIMARY_DELETE,HLO_to_P,primary_5y,M3,ridge,JOR,period_2010,19,4.014831892545104,4.571492411111711,0.9046835298074425,
PRIMARY_DELETE__HLO_to_P__primary_5y__M3__ridge__JOR,PRIMARY_DELETE,HLO_to_P,primary_5y,M3,ridge,JOR,period_2015,9,-4.716391112891639,11.23607902929213,0.9299192744597777,
PRIMARY_DELETE__HLO_to_P__primary_5y__M0__reference__JPN,PRIMARY_DELETE,HLO_to_P,primary_5y,M0,reference,JPN,pooled_mixing_periods,37,-9.797718192317006e-15,3310.6580100428237,-36.00000000000015,
PRIMARY_DELETE__HLO_to_P__primary_5y__M0__reference__JPN,PRIMARY_DELETE,HLO_to_P,primary_5y,M0,reference,JPN,period_2000,7,-2.5331247825702636,4220.279642623358,-46.18506176313077,
PRIMARY_DELETE__HLO_to_P__primary_5y__M0__reference__JPN,PRIMARY_DELETE,HLO_to_P,primary_5y,M0,reference,JPN,period_2005,16,-0.10553927095107962,3127.9636466127918,-33.963358573710515,
PRIMARY_DELETE__HLO_to_P__primary_5y__M0__reference__JPN,PRIMARY_DELETE,HLO_to_P,primary_5y,M0,reference,JPN,period_2010,20,4.152019397874437,3025.59165453289,-32.82781359669049,
PRIMARY_DELETE__HLO_to_P__primary_5y__M0__reference__JPN,PRIMARY_DELETE,HLO_to_P,primary_5y,M0,reference,JPN,period_2015,8,-6.769980326054956,2911.010160435197,-31.484382176104294,
PRIMARY_DELETE__HLO_to_P__primary_5y__M1__ridge__JPN,PRIMARY_DELETE,HLO_to_P,primary_5y,M1,ridge,JPN,pooled_mixing_periods,37,0.14396077744774932,1.4644923479650274,0.982052761529849,
PRIMARY_DELETE__HLO_to_P__primary_5y__M1__ridge__JPN,PRIMARY_DELETE,HLO_to_P,primary_5y,M1,ridge,JPN,period_2000,7,-1.2649763868886854,-6.806679050271111,1.0890366020785016,
PRIMARY_DELETE__HLO_to_P__primary_5y__M1__ridge__JPN,PRIMARY_DELETE,HLO_to_P,primary_5y,M1,ridge,JPN,period_2005,16,-0.008938803986493049,-10.136571645089989,1.1132847114873292,
PRIMARY_DELETE__HLO_to_P__primary_5y__M1__ridge__JPN,PRIMARY_DELETE,HLO_to_P,primary_5y,M1,ridge,JPN,period_2010,20,3.8654749459927675,-30.503692999501343,1.298376690845772,
PRIMARY_DELETE__HLO_to_P__primary_5y__M1__ridge__JPN,PRIMARY_DELETE,HLO_to_P,primary_5y,M1,ridge,JPN,period_2015,8,-5.897915351520616,33.16446098671104,0.697965508025324,
PRIMARY_DELETE__HLO_to_P__primary_5y__M2__ridge__JPN,PRIMARY_DELETE,HLO_to_P,primary_5y,M2,ridge,JPN,pooled_mixing_periods,37,0.11692229851591782,5.528763062096643,0.9369860156699887,
PRIMARY_DELETE__HLO_to_P__primary_5y__M2__ridge__JPN,PRIMARY_DELETE,HLO_to_P,primary_5y,M2,ridge,JPN,period_2000,7,-4.075269194737796,0.7384467511879956,1.0379852641588854,
PRIMARY_DELETE__HLO_to_P__primary_5y__M2__ridge__JPN,PRIMARY_DELETE,HLO_to_P,primary_5y,M2,ridge,JPN,period_2005,16,0.16701611780832337,-2.210887827008294,1.0227771093308058,
PRIMARY_DELETE__HLO_to_P__primary_5y__M2__ridge__JPN,PRIMARY_DELETE,HLO_to_P,primary_5y,M2,ridge,JPN,period_2010,20,4.179975842145234,-13.074514735953406,1.0992786676792743,
PRIMARY_DELETE__HLO_to_P__primary_5y__M2__ridge__JPN,PRIMARY_DELETE,HLO_to_P,primary_5y,M2,ridge,JPN,period_2015,8,-4.22481060394375,5.918765870966884,0.9815773040754785,
PRIMARY_DELETE__HLO_to_P__primary_5y__M3__ridge__JPN,PRIMARY_DELETE,HLO_to_P,primary_5y,M3,ridge,JPN,pooled_mixing_periods,37,0.2669661221431749,1.868077580304848,0.976209677358703,
PRIMARY_DELETE__HLO_to_P__primary_5y__M3__ridge__JPN,PRIMARY_DELETE,HLO_to_P,primary_5y,M3,ridge,JPN,period_2000,7,-3.1669176500059035,-6.3724042815299295,1.107481038218922,
PRIMARY_DELETE__HLO_to_P__primary_5y__M3__ridge__JPN,PRIMARY_DELETE,HLO_to_P,primary_5y,M3,ridge,JPN,period_2005,16,-0.23789146956132345,-0.6789380645454242,1.0102635519274197,
PRIMARY_DELETE__HLO_to_P__primary_5y__M3__ridge__JPN,PRIMARY_DELETE,HLO_to_P,primary_5y,M3,ridge,JPN,period_2010,20,4.474081518981734,-26.977612356118087,1.2503570512093805,
PRIMARY_DELETE__HLO_to_P__primary_5y__M3__ridge__JPN,PRIMARY_DELETE,HLO_to_P,primary_5y,M3,ridge,JPN,period_2015,8,-4.70669462554374,11.08379934110401,0.930280091210028,
PRIMARY_DELETE__HLO_to_P__primary_5y__M0__reference__KAZ,PRIMARY_DELETE,HLO_to_P,primary_5y,M0,reference,KAZ,pooled_mixing_periods,37,-1.1712852909795402e-14,3334.3471389566807,-36.000000000000696,
PRIMARY_DELETE__HLO_to_P__primary_5y__M0__reference__KAZ,PRIMARY_DELETE,HLO_to_P,primary_5y,M0,reference,KAZ,period_2000,7,-1.8750934238533583,4250.6708615677435,-46.18506176313042,
PRIMARY_DELETE__HLO_to_P__primary_5y__M0__reference__KAZ,PRIMARY_DELETE,HLO_to_P,primary_5y,M0,reference,KAZ,period_2005,17,-0.4885371567406296,3142.1981825764024,-33.873451723917,
PRIMARY_DELETE__HLO_to_P__primary_5y__M0__reference__KAZ,PRIMARY_DELETE,HLO_to_P,primary_5y,M0,reference,KAZ,period_2010,19,4.778450778060272,3049.05547573048,-32.84893175724257,
PRIMARY_DELETE__HLO_to_P__primary_5y__M0__reference__KAZ,PRIMARY_DELETE,HLO_to_P,primary_5y,M0,reference,KAZ,period_2015,9,-7.736000724172033,2914.903252696631,-31.297730106890953,
PRIMARY_DELETE__HLO_to_P__primary_5y__M1__ridge__KAZ,PRIMARY_DELETE,HLO_to_P,primary_5y,M1,ridge,KAZ,pooled_mixing_periods,37,0.018683047944083223,2.60598672498306,0.9708810605428938,
PRIMARY_DELETE__HLO_to_P__primary_5y__M1__ridge__KAZ,PRIMARY_DELETE,HLO_to_P,primary_5y,M1,ridge,KAZ,period_2000,7,-1.161534019580183,-1.880207048747154,1.033514514747741,
PRIMARY_DELETE__HLO_to_P__primary_5y__M1__ridge__KAZ,PRIMARY_DELETE,HLO_to_P,primary_5y,M1,ridge,KAZ,period_2005,17,-0.1289659888023151,-12.540792528552318,1.140077144623753,
PRIMARY_DELETE__HLO_to_P__primary_5y__M1__ridge__KAZ,PRIMARY_DELETE,HLO_to_P,primary_5y,M1,ridge,KAZ,period_2010,19,3.915728455572905,-18.32866633350597,1.161296514566224,
PRIMARY_DELETE__HLO_to_P__primary_5y__M1__ridge__KAZ,PRIMARY_DELETE,HLO_to_P,primary_5y,M1,ridge,KAZ,period_2015,9,-5.735049849063217,25.74137581759352,0.782569369897223,
PRIMARY_DELETE__HLO_to_P__primary_5y__M2__ridge__KAZ,PRIMARY_DELETE,HLO_to_P,primary_5y,M2,ridge,KAZ,pooled_mixing_periods,37,0.4062009038625498,5.5458338956563225,0.934248872044738,
PRIMARY_DELETE__HLO_to_P__primary_5y__M2__ridge__KAZ,PRIMARY_DELETE,HLO_to_P,primary_5y,M2,ridge,KAZ,period_2000,7,-4.337606475026062,10.406696660854003,0.9307045779924604,
PRIMARY_DELETE__HLO_to_P__primary_5y__M2__ridge__KAZ,PRIMARY_DELETE,HLO_to_P,primary_5y,M2,ridge,KAZ,period_2005,17,-0.09080339460034856,-9.531313806275689,1.106337484793209,
PRIMARY_DELETE__HLO_to_P__primary_5y__M2__ridge__KAZ,PRIMARY_DELETE,HLO_to_P,primary_5y,M2,ridge,KAZ,period_2010,19,5.34665264854381,-26.927600653737123,1.2377078168139697,
PRIMARY_DELETE__HLO_to_P__primary_5y__M2__ridge__KAZ,PRIMARY_DELETE,HLO_to_P,primary_5y,M2,ridge,KAZ,period_2015,9,-4.554563625925055,18.370744567195597,0.8517464860779475,
PRIMARY_DELETE__HLO_to_P__primary_5y__M3__ridge__KAZ,PRIMARY_DELETE,HLO_to_P,primary_5y,M3,ridge,KAZ,pooled_mixing_periods,37,0.31735085663705276,2.663960578031312,0.9670335968035334,
PRIMARY_DELETE__HLO_to_P__primary_5y__M3__ridge__KAZ,PRIMARY_DELETE,HLO_to_P,primary_5y,M3,ridge,KAZ,period_2000,7,-3.1661888039869908,0.9925764967867496,1.0244902300861372,
PRIMARY_DELETE__HLO_to_P__primary_5y__M3__ridge__KAZ,PRIMARY_DELETE,HLO_to_P,primary_5y,M3,ridge,KAZ,period_2005,17,-0.39686080969488474,-10.25868290658643,1.1181579051237163,
PRIMARY_DELETE__HLO_to_P__primary_5y__M3__ridge__KAZ,PRIMARY_DELETE,HLO_to_P,primary_5y,M3,ridge,KAZ,period_2010,19,5.0763428171612155,-23.338453048613076,1.2017524860368725,
PRIMARY_DELETE__HLO_to_P__primary_5y__M3__ridge__KAZ,PRIMARY_DELETE,HLO_to_P,primary_5y,M3,ridge,KAZ,period_2015,9,-4.870189454528839,13.21918072484315,0.9101073144076871,
PRIMARY_DELETE__HLO_to_P__primary_5y__M0__reference__KOR,PRIMARY_DELETE,HLO_to_P,primary_5y,M0,reference,KOR,pooled_mixing_periods,37,-1.1018963519404679e-14,3320.5575500949762,-36.00000000000026,
PRIMARY_DELETE__HLO_to_P__primary_5y__M0__reference__KOR,PRIMARY_DELETE,HLO_to_P,primary_5y,M0,reference,KOR,period_2000,7,-2.258137558899639,4232.979944532417,-46.18506176312808,
PRIMARY_DELETE__HLO_to_P__primary_5y__M0__reference__KOR,PRIMARY_DELETE,HLO_to_P,primary_5y,M0,reference,KOR,period_2005,17,-0.8715812917869037,3129.2231555597577,-33.87345172391672,
PRIMARY_DELETE__HLO_to_P__primary_5y__M0__reference__KOR,PRIMARY_DELETE,HLO_to_P,primary_5y,M0,reference,KOR,period_2010,19,5.141334695472533,2993.396604230869,-32.37024968263177,
PRIMARY_DELETE__HLO_to_P__primary_5y__M0__reference__KOR,PRIMARY_DELETE,HLO_to_P,primary_5y,M0,reference,KOR,period_2015,9,-8.119044859218308,2902.9148407390044,-31.29773010689183,
PRIMARY_DELETE__HLO_to_P__primary_5y__M1__ridge__KOR,PRIMARY_DELETE,HLO_to_P,primary_5y,M1,ridge,KOR,pooled_mixing_periods,37,0.06025867945095496,-0.35191260124916446,1.0032476336017948,
PRIMARY_DELETE__HLO_to_P__primary_5y__M1__ridge__KOR,PRIMARY_DELETE,HLO_to_P,primary_5y,M1,ridge,KOR,period_2000,7,-1.0769428919569028,-1.7784642805177442,1.0314321543240792,
PRIMARY_DELETE__HLO_to_P__primary_5y__M1__ridge__KOR,PRIMARY_DELETE,HLO_to_P,primary_5y,M1,ridge,KOR,period_2005,17,-0.25126855669220854,-12.97250636619408,1.146400322471992,
PRIMARY_DELETE__HLO_to_P__primary_5y__M1__ridge__KOR,PRIMARY_DELETE,HLO_to_P,primary_5y,M1,ridge,KOR,period_2010,19,4.081510303076772,-27.986317996981413,1.26920799081658,
PRIMARY_DELETE__HLO_to_P__primary_5y__M1__ridge__KOR,PRIMARY_DELETE,HLO_to_P,primary_5y,M1,ridge,KOR,period_2015,9,-5.794344143103524,26.074518300313713,0.7794510367848099,
PRIMARY_DELETE__HLO_to_P__primary_5y__M2__ridge__KOR,PRIMARY_DELETE,HLO_to_P,primary_5y,M2,ridge,KOR,pooled_mixing_periods,37,0.4784516758940151,6.725445432947087,0.9201547596354261,
PRIMARY_DELETE__HLO_to_P__primary_5y__M2__ridge__KOR,PRIMARY_DELETE,HLO_to_P,primary_5y,M2,ridge,KOR,period_2000,7,-4.347527304341062,2.686133875645676,1.0189715422848922,
PRIMARY_DELETE__HLO_to_P__primary_5y__M2__ridge__KOR,PRIMARY_DELETE,HLO_to_P,primary_5y,M2,ridge,KOR,period_2005,17,-0.1835980378384153,-7.891307788011389,1.089330303160833,
PRIMARY_DELETE__HLO_to_P__primary_5y__M2__ridge__KOR,PRIMARY_DELETE,HLO_to_P,primary_5y,M2,ridge,KOR,period_2010,19,5.542649997691244,-16.101488612176325,1.1169851520532352,
PRIMARY_DELETE__HLO_to_P__primary_5y__M2__ridge__KOR,PRIMARY_DELETE,HLO_to_P,primary_5y,M2,ridge,KOR,period_2015,9,-4.4908016817185175,27.015828706124488,0.7584621118931003,
PRIMARY_DELETE__HLO_to_P__primary_5y__M3__ridge__KOR,PRIMARY_DELETE,HLO_to_P,primary_5y,M3,ridge,KOR,pooled_mixing_periods,37,0.41896275756996887,5.7875751526633445,0.9311637201769556,
PRIMARY_DELETE__HLO_to_P__primary_5y__M3__ridge__KOR,PRIMARY_DELETE,HLO_to_P,primary_5y,M3,ridge,KOR,period_2000,7,-3.2536057272782584,-0.9566403416954466,1.0474838824651296,
PRIMARY_DELETE__HLO_to_P__primary_5y__M3__ridge__KOR,PRIMARY_DELETE,HLO_to_P,primary_5y,M3,ridge,KOR,period_2005,17,-0.5302251142440936,-7.123400232391057,1.084995728829187,
PRIMARY_DELETE__HLO_to_P__primary_5y__M3__ridge__KOR,PRIMARY_DELETE,HLO_to_P,primary_5y,M3,ridge,KOR,period_2010,19,5.349257646400933,-16.107581905545633,1.1194512687298468,
PRIMARY_DELETE__HLO_to_P__primary_5y__M3__ridge__KOR,PRIMARY_DELETE,HLO_to_P,primary_5y,M3,ridge,KOR,period_2015,9,-4.934415736739977,17.459017809450742,0.8650556483551742,
PRIMARY_DELETE__HLO_to_P__primary_5y__M0__reference__LTU,PRIMARY_DELETE,HLO_to_P,primary_5y,M0,reference,LTU,pooled_mixing_periods,37,-1.1518563880485999e-14,3324.5603517462177,-36.0000000000004,
PRIMARY_DELETE__HLO_to_P__primary_5y__M0__reference__LTU,PRIMARY_DELETE,HLO_to_P,primary_5y,M0,reference,LTU,period_2000,6,-1.6847655177780174,4235.50847986317,-46.156490040098255,
PRIMARY_DELETE__HLO_to_P__primary_5y__M0__reference__LTU,PRIMARY_DELETE,HLO_to_P,primary_5y,M0,reference,LTU,period_2005,17,-0.7603923570305354,3132.9895085734656,-33.87345172391678,
PRIMARY_DELETE__HLO_to_P__primary_5y__M0__reference__LTU,PRIMARY_DELETE,HLO_to_P,primary_5y,M0,reference,LTU,period_2010,20,4.538195556301436,3038.268973477232,-32.827813596690646,
PRIMARY_DELETE__HLO_to_P__primary_5y__M0__reference__LTU,PRIMARY_DELETE,HLO_to_P,primary_5y,M0,reference,LTU,period_2015,9,-8.007855924461941,2906.3948020099747,-31.297730106892867,
PRIMARY_DELETE__HLO_to_P__primary_5y__M1__ridge__LTU,PRIMARY_DELETE,HLO_to_P,primary_5y,M1,ridge,LTU,pooled_mixing_periods,37,0.02237521859615481,2.3181463813814025,0.9739581386942969,
PRIMARY_DELETE__HLO_to_P__primary_5y__M1__ridge__LTU,PRIMARY_DELETE,HLO_to_P,primary_5y,M1,ridge,LTU,period_2000,6,-1.816104699383505,-6.23915595483558,1.0898512403132448,
PRIMARY_DELETE__HLO_to_P__primary_5y__M1__ridge__LTU,PRIMARY_DELETE,HLO_to_P,primary_5y,M1,ridge,LTU,period_2005,17,-0.26178122960446437,-12.233392800361823,1.1383500889048697,
PRIMARY_DELETE__HLO_to_P__primary_5y__M1__ridge__LTU,PRIMARY_DELETE,HLO_to_P,primary_5y,M1,ridge,LTU,period_2010,20,3.926670219927191,-17.478660443677054,1.1516928869598235,
PRIMARY_DELETE__HLO_to_P__primary_5y__M1__ridge__LTU,PRIMARY_DELETE,HLO_to_P,primary_5y,M1,ridge,LTU,period_2015,9,-5.84265359175067,25.502622991369147,0.7860834414236596,
PRIMARY_DELETE__HLO_to_P__primary_5y__M2__ridge__LTU,PRIMARY_DELETE,HLO_to_P,primary_5y,M2,ridge,LTU,pooled_mixing_periods,37,0.3668734161771984,3.4219546434559085,0.9580044988765125,
PRIMARY_DELETE__HLO_to_P__primary_5y__M2__ridge__LTU,PRIMARY_DELETE,HLO_to_P,primary_5y,M2,ridge,LTU,period_2000,6,-4.58911136242386,1.1438189215990622,1.0396566399719638,
PRIMARY_DELETE__HLO_to_P__primary_5y__M2__ridge__LTU,PRIMARY_DELETE,HLO_to_P,primary_5y,M2,ridge,LTU,period_2005,17,-0.5225863742906298,-10.389245901682692,1.1211687827768224,
PRIMARY_DELETE__HLO_to_P__primary_5y__M2__ridge__LTU,PRIMARY_DELETE,HLO_to_P,primary_5y,M2,ridge,LTU,period_2010,20,4.9641586601090415,-23.422519336567884,1.2042400235859567,
PRIMARY_DELETE__HLO_to_P__primary_5y__M2__ridge__LTU,PRIMARY_DELETE,HLO_to_P,primary_5y,M2,ridge,LTU,period_2015,9,-4.480667421513602,21.895109278510215,0.8132836662773852,
PRIMARY_DELETE__HLO_to_P__primary_5y__M3__ridge__LTU,PRIMARY_DELETE,HLO_to_P,primary_5y,M3,ridge,LTU,pooled_mixing_periods,37,0.3328305361395935,2.9578978781623206,0.9635116843297,
PRIMARY_DELETE__HLO_to_P__primary_5y__M3__ridge__LTU,PRIMARY_DELETE,HLO_to_P,primary_5y,M3,ridge,LTU,period_2000,6,-3.6086883649708885,-3.9403438643209023,1.0859226212601916,
PRIMARY_DELETE__HLO_to_P__primary_5y__M3__ridge__LTU,PRIMARY_DELETE,HLO_to_P,primary_5y,M3,ridge,LTU,period_2005,17,-0.6042186876401334,-8.176750961824828,1.0975954103222465,
PRIMARY_DELETE__HLO_to_P__primary_5y__M3__ridge__LTU,PRIMARY_DELETE,HLO_to_P,primary_5y,M3,ridge,LTU,period_2010,20,4.887368032637668,-21.610495451306864,1.1851971894537472,
PRIMARY_DELETE__HLO_to_P__primary_5y__M3__ridge__LTU,PRIMARY_DELETE,HLO_to_P,primary_5y,M3,ridge,LTU,period_2015,9,-4.9124285703906985,16.284549378502227,0.8775018956198344,
PRIMARY_DELETE__HLO_to_P__primary_5y__M0__reference__MAR,PRIMARY_DELETE,HLO_to_P,primary_5y,M0,reference,MAR,pooled_mixing_periods,37,-1.174060848541103e-14,3352.410210483425,-36.00000000000027,
PRIMARY_DELETE__HLO_to_P__primary_5y__M0__reference__MAR,PRIMARY_DELETE,HLO_to_P,primary_5y,M0,reference,MAR,period_2000,7,-1.3733414369982624,4273.844308070254,-46.18506176312858,
PRIMARY_DELETE__HLO_to_P__primary_5y__M0__reference__MAR,PRIMARY_DELETE,HLO_to_P,primary_5y,M0,reference,MAR,period_2005,16,-1.6067427001273282,2984.860829003181,-31.946539753338616,
PRIMARY_DELETE__HLO_to_P__primary_5y__M0__reference__MAR,PRIMARY_DELETE,HLO_to_P,primary_5y,M0,reference,MAR,period_2010,19,4.379712551819015,3088.8533958038647,-33.10593968511046,
PRIMARY_DELETE__HLO_to_P__primary_5y__M0__reference__MAR,PRIMARY_DELETE,HLO_to_P,primary_5y,M0,reference,MAR,period_2015,9,-7.234248737316933,2930.606950961832,-31.297730106891112,
PRIMARY_DELETE__HLO_to_P__primary_5y__M1__ridge__MAR,PRIMARY_DELETE,HLO_to_P,primary_5y,M1,ridge,MAR,pooled_mixing_periods,37,-0.03730654462262524,0.6571877484284622,0.9931556549950329,
PRIMARY_DELETE__HLO_to_P__primary_5y__M1__ridge__MAR,PRIMARY_DELETE,HLO_to_P,primary_5y,M1,ridge,MAR,period_2000,7,-0.87214394533108,-10.117534746535055,1.1207016255793147,
PRIMARY_DELETE__HLO_to_P__primary_5y__M1__ridge__MAR,PRIMARY_DELETE,HLO_to_P,primary_5y,M1,ridge,MAR,period_2005,16,-1.2722591938360592,0.680671129168415,1.0065093503953928,
PRIMARY_DELETE__HLO_to_P__primary_5y__M1__ridge__MAR,PRIMARY_DELETE,HLO_to_P,primary_5y,M1,ridge,MAR,period_2010,19,4.022496332871645,-30.634700055687365,1.294586014679672,
PRIMARY_DELETE__HLO_to_P__primary_5y__M1__ridge__MAR,PRIMARY_DELETE,HLO_to_P,primary_5y,M1,ridge,MAR,period_2015,9,-5.910200667997112,16.676437873819832,0.8827683656937296,
PRIMARY_DELETE__HLO_to_P__primary_5y__M2__ridge__MAR,PRIMARY_DELETE,HLO_to_P,primary_5y,M2,ridge,MAR,pooled_mixing_periods,37,0.42922804916022617,6.009195826732578,0.9292752207107419,
PRIMARY_DELETE__HLO_to_P__primary_5y__M2__ridge__MAR,PRIMARY_DELETE,HLO_to_P,primary_5y,M2,ridge,MAR,period_2000,7,-3.9000667226489916,-2.0452909560930275,1.0675452364137485,
PRIMARY_DELETE__HLO_to_P__primary_5y__M2__ridge__MAR,PRIMARY_DELETE,HLO_to_P,primary_5y,M2,ridge,MAR,period_2005,16,-0.9666319075882095,6.601996179745006,0.9382008909237366,
PRIMARY_DELETE__HLO_to_P__primary_5y__M2__ridge__MAR,PRIMARY_DELETE,HLO_to_P,primary_5y,M2,ridge,MAR,period_2010,19,5.046471406118524,-23.44572422376689,1.2013893242870768,
PRIMARY_DELETE__HLO_to_P__primary_5y__M2__ridge__MAR,PRIMARY_DELETE,HLO_to_P,primary_5y,M2,ridge,MAR,period_2015,9,-3.5952973435384807,7.264720759396867,0.9610266872025903,
PRIMARY_DELETE__HLO_to_P__primary_5y__M3__ridge__MAR,PRIMARY_DELETE,HLO_to_P,primary_5y,M3,ridge,MAR,pooled_mixing_periods,37,0.1080016957899498,-9.750699495646414,1.1062981622458947,
PRIMARY_DELETE__HLO_to_P__primary_5y__M3__ridge__MAR,PRIMARY_DELETE,HLO_to_P,primary_5y,M3,ridge,MAR,period_2000,7,-1.9480780791792651,-26.225197560760993,1.3131325168243844,
PRIMARY_DELETE__HLO_to_P__primary_5y__M3__ridge__MAR,PRIMARY_DELETE,HLO_to_P,primary_5y,M3,ridge,MAR,period_2005,16,-1.4086155682867219,6.01930644146582,0.9491915042942992,
PRIMARY_DELETE__HLO_to_P__primary_5y__M3__ridge__MAR,PRIMARY_DELETE,HLO_to_P,primary_5y,M3,ridge,MAR,period_2010,19,4.355151209515528,-39.15177229515565,1.3837709278864443,
PRIMARY_DELETE__HLO_to_P__primary_5y__M3__ridge__MAR,PRIMARY_DELETE,HLO_to_P,primary_5y,M3,ridge,MAR,period_2015,9,-4.368728757063775,-5.307235804427709,1.103620597889828,
PRIMARY_DELETE__HLO_to_P__primary_5y__M0__reference__MEX,PRIMARY_DELETE,HLO_to_P,primary_5y,M0,reference,MEX,pooled_mixing_periods,37,-1.2490009027033011e-14,3328.0524215162577,-36.00000000000054,
PRIMARY_DELETE__HLO_to_P__primary_5y__M0__reference__MEX,PRIMARY_DELETE,HLO_to_P,primary_5y,M0,reference,MEX,period_2000,7,-2.049946686086944,4242.5952528519265,-46.185061763129575,
PRIMARY_DELETE__HLO_to_P__primary_5y__M0__reference__MEX,PRIMARY_DELETE,HLO_to_P,primary_5y,M0,reference,MEX,period_2005,17,-0.663390418974205,3136.2752990393183,-33.87345172391651,
PRIMARY_DELETE__HLO_to_P__primary_5y__M0__reference__MEX,PRIMARY_DELETE,HLO_to_P,primary_5y,M0,reference,MEX,period_2010,19,4.9441012370183985,3031.199551480403,-32.71475446367068,
PRIMARY_DELETE__HLO_to_P__primary_5y__M0__reference__MEX,PRIMARY_DELETE,HLO_to_P,primary_5y,M0,reference,MEX,period_2015,9,-7.910853986405613,2909.430742486902,-31.297730106890594,
PRIMARY_DELETE__HLO_to_P__primary_5y__M1__ridge__MEX,PRIMARY_DELETE,HLO_to_P,primary_5y,M1,ridge,MEX,pooled_mixing_periods,37,0.10184988760210499,1.4201572276698313,0.9830980519340696,
PRIMARY_DELETE__HLO_to_P__primary_5y__M1__ridge__MEX,PRIMARY_DELETE,HLO_to_P,primary_5y,M1,ridge,MEX,period_2000,7,-1.3965058319218293,-2.6379718361416638,1.0445680714828027,
PRIMARY_DELETE__HLO_to_P__primary_5y__M1__ridge__MEX,PRIMARY_DELETE,HLO_to_P,primary_5y,M1,ridge,MEX,period_2005,17,-0.3834396975879834,-12.207188153217361,1.139595020151176,
PRIMARY_DELETE__HLO_to_P__primary_5y__M1__ridge__MEX,PRIMARY_DELETE,HLO_to_P,primary_5y,M1,ridge,MEX,period_2010,19,4.307847632293752,-22.80878337222857,1.2069048508130509,
PRIMARY_DELETE__HLO_to_P__primary_5y__M1__ridge__MEX,PRIMARY_DELETE,HLO_to_P,primary_5y,M1,ridge,MEX,period_2015,9,-5.979882504281489,25.379019668971,0.7886058637493351,
PRIMARY_DELETE__HLO_to_P__primary_5y__M2__ridge__MEX,PRIMARY_DELETE,HLO_to_P,primary_5y,M2,ridge,MEX,pooled_mixing_periods,37,0.08565273489878736,7.175732306491003,0.9193475304276868,
PRIMARY_DELETE__HLO_to_P__primary_5y__M2__ridge__MEX,PRIMARY_DELETE,HLO_to_P,primary_5y,M2,ridge,MEX,period_2000,7,-4.375649892223623,4.969328388636951,0.9932185750890322,
PRIMARY_DELETE__HLO_to_P__primary_5y__M2__ridge__MEX,PRIMARY_DELETE,HLO_to_P,primary_5y,M2,ridge,MEX,period_2005,17,-0.4713554225833382,-7.703206350526309,1.0907215683175708,
PRIMARY_DELETE__HLO_to_P__primary_5y__M2__ridge__MEX,PRIMARY_DELETE,HLO_to_P,primary_5y,M2,ridge,MEX,period_2010,19,4.885722368816284,-9.807808783627191,1.0546925974149324,
PRIMARY_DELETE__HLO_to_P__primary_5y__M2__ridge__MEX,PRIMARY_DELETE,HLO_to_P,primary_5y,M2,ridge,MEX,period_2015,9,-4.709585489658768,17.317577512813443,0.8644854466659343,
PRIMARY_DELETE__HLO_to_P__primary_5y__M3__ridge__MEX,PRIMARY_DELETE,HLO_to_P,primary_5y,M3,ridge,MEX,pooled_mixing_periods,37,0.41189324776670416,4.684234564491327,0.9436014854666316,
PRIMARY_DELETE__HLO_to_P__primary_5y__M3__ridge__MEX,PRIMARY_DELETE,HLO_to_P,primary_5y,M3,ridge,MEX,period_2000,7,-3.332639242665174,-1.3525844932821929,1.0528879044694257,
PRIMARY_DELETE__HLO_to_P__primary_5y__M3__ridge__MEX,PRIMARY_DELETE,HLO_to_P,primary_5y,M3,ridge,MEX,period_2005,17,-0.6293770162357277,-6.421321860849934,1.0783863676137344,
PRIMARY_DELETE__HLO_to_P__primary_5y__M3__ridge__MEX,PRIMARY_DELETE,HLO_to_P,primary_5y,M3,ridge,MEX,period_2010,19,5.443085292508317,-22.240013250859775,1.1854931098527992,
PRIMARY_DELETE__HLO_to_P__primary_5y__M3__ridge__MEX,PRIMARY_DELETE,HLO_to_P,primary_5y,M3,ridge,MEX,period_2015,9,-5.0585995352565,14.506480723755958,0.8980689090768503,
PRIMARY_DELETE__HLO_to_P__primary_5y__M0__reference__NLD,PRIMARY_DELETE,HLO_to_P,primary_5y,M0,reference,NLD,pooled_mixing_periods,37,-1.1685097334179773e-14,3320.9753513185237,-36.00000000000036,
PRIMARY_DELETE__HLO_to_P__primary_5y__M0__reference__NLD,PRIMARY_DELETE,HLO_to_P,primary_5y,M0,reference,NLD,period_2000,6,-1.731075580954677,4361.487181488777,-47.604054674533224,
PRIMARY_DELETE__HLO_to_P__primary_5y__M0__reference__NLD,PRIMARY_DELETE,HLO_to_P,primary_5y,M0,reference,NLD,period_2005,16,-0.1594017798135292,3067.1660595578137,-33.18050270608314,
PRIMARY_DELETE__HLO_to_P__primary_5y__M0__reference__NLD,PRIMARY_DELETE,HLO_to_P,primary_5y,M0,reference,NLD,period_2010,20,4.438612211087823,3034.9998699831694,-32.82781359669004,
PRIMARY_DELETE__HLO_to_P__primary_5y__M0__reference__NLD,PRIMARY_DELETE,HLO_to_P,primary_5y,M0,reference,NLD,period_2015,9,-8.107439269675556,2903.278069348165,-31.29773010689096,
PRIMARY_DELETE__HLO_to_P__primary_5y__M1__ridge__NLD,PRIMARY_DELETE,HLO_to_P,primary_5y,M1,ridge,NLD,pooled_mixing_periods,37,0.09780378575695922,1.710261675543125,0.9798777173305683,
PRIMARY_DELETE__HLO_to_P__primary_5y__M1__ridge__NLD,PRIMARY_DELETE,HLO_to_P,primary_5y,M1,ridge,NLD,period_2000,6,-2.19725834306902,-10.574914598330501,1.1431324425015004,
PRIMARY_DELETE__HLO_to_P__primary_5y__M1__ridge__NLD,PRIMARY_DELETE,HLO_to_P,primary_5y,M1,ridge,NLD,period_2005,16,-0.08415269450631868,-11.0719382166126,1.1242257754838785,
PRIMARY_DELETE__HLO_to_P__primary_5y__M1__ridge__NLD,PRIMARY_DELETE,HLO_to_P,primary_5y,M1,ridge,NLD,period_2010,20,4.026290187586557,-21.875905018261143,1.1995753869823984,
PRIMARY_DELETE__HLO_to_P__primary_5y__M1__ridge__NLD,PRIMARY_DELETE,HLO_to_P,primary_5y,M1,ridge,NLD,period_2015,9,-5.932900955795602,25.69257857832414,0.7847872028734374,
PRIMARY_DELETE__HLO_to_P__primary_5y__M2__ridge__NLD,PRIMARY_DELETE,HLO_to_P,primary_5y,M2,ridge,NLD,pooled_mixing_periods,37,0.4082632893745716,4.656184103726781,0.9438309356638516,
PRIMARY_DELETE__HLO_to_P__primary_5y__M2__ridge__NLD,PRIMARY_DELETE,HLO_to_P,primary_5y,M2,ridge,NLD,period_2000,6,-4.692903194568494,-1.036307479562731,1.0660522123343332,
PRIMARY_DELETE__HLO_to_P__primary_5y__M2__ridge__NLD,PRIMARY_DELETE,HLO_to_P,primary_5y,M2,ridge,NLD,period_2005,16,-0.06607042759394588,-6.301667326350105,1.0708920286916899,
PRIMARY_DELETE__HLO_to_P__primary_5y__M2__ridge__NLD,PRIMARY_DELETE,HLO_to_P,primary_5y,M2,ridge,NLD,period_2010,20,5.067405919759549,-24.063385963818625,1.2099488812327497,
PRIMARY_DELETE__HLO_to_P__primary_5y__M2__ridge__NLD,PRIMARY_DELETE,HLO_to_P,primary_5y,M2,ridge,NLD,period_2015,9,-4.750881683758518,17.194551342241965,0.8661922412220302,
PRIMARY_DELETE__HLO_to_P__primary_5y__M3__ridge__NLD,PRIMARY_DELETE,HLO_to_P,primary_5y,M3,ridge,NLD,pooled_mixing_periods,37,0.4063833720659447,6.169761687296739,0.9270633915487082,
PRIMARY_DELETE__HLO_to_P__primary_5y__M3__ridge__NLD,PRIMARY_DELETE,HLO_to_P,primary_5y,M3,ridge,NLD,period_2000,6,-3.8398521142488757,-7.747778405002327,1.1322929989941841,
PRIMARY_DELETE__HLO_to_P__primary_5y__M3__ridge__NLD,PRIMARY_DELETE,HLO_to_P,primary_5y,M3,ridge,NLD,period_2005,16,-0.5464824841988927,-7.525555424487163,1.090349229786844,
PRIMARY_DELETE__HLO_to_P__primary_5y__M3__ridge__NLD,PRIMARY_DELETE,HLO_to_P,primary_5y,M3,ridge,NLD,period_2010,20,5.110435651652256,-14.628871859547672,1.1051504105004115,
PRIMARY_DELETE__HLO_to_P__primary_5y__M3__ridge__NLD,PRIMARY_DELETE,HLO_to_P,primary_5y,M3,ridge,NLD,period_2015,9,-5.003826919354336,14.418568792799906,0.8984864291558556,
PRIMARY_DELETE__HLO_to_P__primary_5y__M0__reference__NOR,PRIMARY_DELETE,HLO_to_P,primary_5y,M0,reference,NOR,pooled_mixing_periods,37,-7.382983113757291e-15,3318.3227669628172,-36.00000000000008,
PRIMARY_DELETE__HLO_to_P__primary_5y__M0__reference__NOR,PRIMARY_DELETE,HLO_to_P,primary_5y,M0,reference,NOR,period_2000,6,0.09671678863186983,4044.4138884681333,-44.12047638629893,
PRIMARY_DELETE__HLO_to_P__primary_5y__M0__reference__NOR,PRIMARY_DELETE,HLO_to_P,primary_5y,M0,reference,NOR,period_2005,16,-0.6053544974094116,3211.585801556793,-34.812600246490504,
PRIMARY_DELETE__HLO_to_P__primary_5y__M0__reference__NOR,PRIMARY_DELETE,HLO_to_P,primary_5y,M0,reference,NOR,period_2010,20,4.364929312318882,3032.5810215171405,-32.82781359669028,
PRIMARY_DELETE__HLO_to_P__primary_5y__M0__reference__NOR,PRIMARY_DELETE,HLO_to_P,primary_5y,M0,reference,NOR,period_2015,9,-8.181122168444494,2900.9719618690124,-31.297730106891073,
PRIMARY_DELETE__HLO_to_P__primary_5y__M1__ridge__NOR,PRIMARY_DELETE,HLO_to_P,primary_5y,M1,ridge,NOR,pooled_mixing_periods,37,0.09001111036756682,1.523975408943325,0.9820217530206977,
PRIMARY_DELETE__HLO_to_P__primary_5y__M1__ridge__NOR,PRIMARY_DELETE,HLO_to_P,primary_5y,M1,ridge,NOR,period_2000,6,0.46487527759977,0.022140834442559716,0.9945890819120518,
PRIMARY_DELETE__HLO_to_P__primary_5y__M1__ridge__NOR,PRIMARY_DELETE,HLO_to_P,primary_5y,M1,ridge,NOR,period_2005,16,-0.39027792807318384,-13.857673758321907,1.158529502347719,
PRIMARY_DELETE__HLO_to_P__primary_5y__M1__ridge__NOR,PRIMARY_DELETE,HLO_to_P,primary_5y,M1,ridge,NOR,period_2010,20,3.806033949937976,-23.25005238741024,1.2179390224619748,
PRIMARY_DELETE__HLO_to_P__primary_5y__M1__ridge__NOR,PRIMARY_DELETE,HLO_to_P,primary_5y,M1,ridge,NOR,period_2015,9,-6.173807111323357,25.041947251350212,0.7939567725191157,
PRIMARY_DELETE__HLO_to_P__primary_5y__M2__ridge__NOR,PRIMARY_DELETE,HLO_to_P,primary_5y,M2,ridge,NOR,pooled_mixing_periods,37,0.11752374393618868,8.021234912110085,0.9093698843225596,
PRIMARY_DELETE__HLO_to_P__primary_5y__M2__ridge__NOR,PRIMARY_DELETE,HLO_to_P,primary_5y,M2,ridge,NOR,period_2000,6,-3.0575473185921287,17.44911153952887,0.8335923035758995,
PRIMARY_DELETE__HLO_to_P__primary_5y__M2__ridge__NOR,PRIMARY_DELETE,HLO_to_P,primary_5y,M2,ridge,NOR,period_2005,16,-0.7247171786838074,-17.93831540234777,1.2084293899810237,
PRIMARY_DELETE__HLO_to_P__primary_5y__M2__ridge__NOR,PRIMARY_DELETE,HLO_to_P,primary_5y,M2,ridge,NOR,period_2010,20,4.471292373445233,-7.130618516849112,1.029586544264717,
PRIMARY_DELETE__HLO_to_P__primary_5y__M2__ridge__NOR,PRIMARY_DELETE,HLO_to_P,primary_5y,M2,ridge,NOR,period_2015,9,-4.396976186896412,23.531781856400848,0.7950219882258855,
PRIMARY_DELETE__HLO_to_P__primary_5y__M3__ridge__NOR,PRIMARY_DELETE,HLO_to_P,primary_5y,M3,ridge,NOR,pooled_mixing_periods,37,0.3754727728614514,2.464573960599625,0.9684649036893321,
PRIMARY_DELETE__HLO_to_P__primary_5y__M3__ridge__NOR,PRIMARY_DELETE,HLO_to_P,primary_5y,M3,ridge,NOR,period_2000,6,-1.8585281646490341,2.466074619586037,0.9930710862314396,
PRIMARY_DELETE__HLO_to_P__primary_5y__M3__ridge__NOR,PRIMARY_DELETE,HLO_to_P,primary_5y,M3,ridge,NOR,period_2005,16,-0.7989820795508047,-14.176675710753742,1.1673874914595563,
PRIMARY_DELETE__HLO_to_P__primary_5y__M3__ridge__NOR,PRIMARY_DELETE,HLO_to_P,primary_5y,M3,ridge,NOR,period_2010,20,4.851592305672432,-22.72366864312322,1.1979994580320024,
PRIMARY_DELETE__HLO_to_P__primary_5y__M3__ridge__NOR,PRIMARY_DELETE,HLO_to_P,primary_5y,M3,ridge,NOR,period_2015,9,-4.7824762888324095,18.69384472119225,0.8503591219598006,
PRIMARY_DELETE__HLO_to_P__primary_5y__M0__reference__OMN,PRIMARY_DELETE,HLO_to_P,primary_5y,M0,reference,OMN,pooled_mixing_periods,37,-1.2573275753879898e-14,3331.471315494675,-36.00000000000035,
PRIMARY_DELETE__HLO_to_P__primary_5y__M0__reference__OMN,PRIMARY_DELETE,HLO_to_P,primary_5y,M0,reference,OMN,period_2000,7,-1.954977408908234,4246.981414784043,-46.18506176312978,
PRIMARY_DELETE__HLO_to_P__primary_5y__M0__reference__OMN,PRIMARY_DELETE,HLO_to_P,primary_5y,M0,reference,OMN,period_2005,17,-0.5684211417955047,3139.492236265067,-33.87345172391629,
PRIMARY_DELETE__HLO_to_P__primary_5y__M0__reference__OMN,PRIMARY_DELETE,HLO_to_P,primary_5y,M0,reference,OMN,period_2010,19,4.854130342849097,3042.267564041297,-32.80288800881388,
PRIMARY_DELETE__HLO_to_P__primary_5y__M0__reference__OMN,PRIMARY_DELETE,HLO_to_P,primary_5y,M0,reference,OMN,period_2015,9,-7.815884709226914,2912.4030652926012,-31.297730106891855,
PRIMARY_DELETE__HLO_to_P__primary_5y__M1__ridge__OMN,PRIMARY_DELETE,HLO_to_P,primary_5y,M1,ridge,OMN,pooled_mixing_periods,37,0.014392117341261945,2.8558775748183423,0.9681272938973904,
PRIMARY_DELETE__HLO_to_P__primary_5y__M1__ridge__OMN,PRIMARY_DELETE,HLO_to_P,primary_5y,M1,ridge,OMN,period_2000,7,-1.4923753534713584,-0.03177045510724633,1.016854785356351,
PRIMARY_DELETE__HLO_to_P__primary_5y__M1__ridge__OMN,PRIMARY_DELETE,HLO_to_P,primary_5y,M1,ridge,OMN,period_2005,17,-0.4546911178814082,-10.24803819680103,1.1187572957381027,
PRIMARY_DELETE__HLO_to_P__primary_5y__M1__ridge__OMN,PRIMARY_DELETE,HLO_to_P,primary_5y,M1,ridge,OMN,period_2010,19,4.2235165435280475,-22.694018043102197,1.2063438547767884,
PRIMARY_DELETE__HLO_to_P__primary_5y__M1__ridge__OMN,PRIMARY_DELETE,HLO_to_P,primary_5y,M1,ridge,OMN,period_2015,9,-6.051528410772928,27.189603686800204,0.7694765222805301,
PRIMARY_DELETE__HLO_to_P__primary_5y__M2__ridge__OMN,PRIMARY_DELETE,HLO_to_P,primary_5y,M2,ridge,OMN,pooled_mixing_periods,37,0.42845592861838405,4.368996233991143,0.946970857851248,
PRIMARY_DELETE__HLO_to_P__primary_5y__M2__ridge__OMN,PRIMARY_DELETE,HLO_to_P,primary_5y,M2,ridge,OMN,period_2000,7,-4.227718684655487,4.627337585442521,0.9954429644358757,
PRIMARY_DELETE__HLO_to_P__primary_5y__M2__ridge__OMN,PRIMARY_DELETE,HLO_to_P,primary_5y,M2,ridge,OMN,period_2005,17,-0.11482960958131083,-8.346099475825643,1.0935296106646484,
PRIMARY_DELETE__HLO_to_P__primary_5y__M2__ridge__OMN,PRIMARY_DELETE,HLO_to_P,primary_5y,M2,ridge,OMN,period_2010,19,5.358484416965919,-25.180493186947572,1.2186696798409744,
PRIMARY_DELETE__HLO_to_P__primary_5y__M2__ridge__OMN,PRIMARY_DELETE,HLO_to_P,primary_5y,M2,ridge,OMN,period_2015,9,-4.6048887910584515,19.151325917612382,0.8438261902703296,
PRIMARY_DELETE__HLO_to_P__primary_5y__M3__ridge__OMN,PRIMARY_DELETE,HLO_to_P,primary_5y,M3,ridge,OMN,pooled_mixing_periods,37,0.4184582394179715,5.732532778817804,0.932001859215509,
PRIMARY_DELETE__HLO_to_P__primary_5y__M3__ridge__OMN,PRIMARY_DELETE,HLO_to_P,primary_5y,M3,ridge,OMN,period_2000,7,-3.267097217032728,-0.7046501653859919,1.0448008699500329,
PRIMARY_DELETE__HLO_to_P__primary_5y__M3__ridge__OMN,PRIMARY_DELETE,HLO_to_P,primary_5y,M3,ridge,OMN,period_2005,17,-0.5727119143120977,-6.922125680034377,1.0832716347040656,
PRIMARY_DELETE__HLO_to_P__primary_5y__M3__ridge__OMN,PRIMARY_DELETE,HLO_to_P,primary_5y,M3,ridge,OMN,period_2010,19,5.431674599330337,-22.44921607181922,1.1875802934372157,
PRIMARY_DELETE__HLO_to_P__primary_5y__M3__ridge__OMN,PRIMARY_DELETE,HLO_to_P,primary_5y,M3,ridge,OMN,period_2015,9,-5.009553567152819,16.374855635031683,0.8774471296075012,
PRIMARY_DELETE__HLO_to_P__primary_5y__M0__reference__PER,PRIMARY_DELETE,HLO_to_P,primary_5y,M0,reference,PER,pooled_mixing_periods,37,-1.3489209749195652e-14,3325.7652047378456,-36.000000000000405,
PRIMARY_DELETE__HLO_to_P__primary_5y__M0__reference__PER,PRIMARY_DELETE,HLO_to_P,primary_5y,M0,reference,PER,period_2000,7,-2.1134804854869342,4239.660940402474,-46.18506176312828,
PRIMARY_DELETE__HLO_to_P__primary_5y__M0__reference__PER,PRIMARY_DELETE,HLO_to_P,primary_5y,M0,reference,PER,period_2005,16,-0.5443408574354605,3130.906002342175,-33.83813818324214,
PRIMARY_DELETE__HLO_to_P__primary_5y__M0__reference__PER,PRIMARY_DELETE,HLO_to_P,primary_5y,M0,reference,PER,period_2010,20,4.571663694957767,3039.3676592944666,-32.82781359669061,
PRIMARY_DELETE__HLO_to_P__primary_5y__M0__reference__PER,PRIMARY_DELETE,HLO_to_P,primary_5y,M0,reference,PER,period_2015,9,-7.9743877858056145,2907.4422787806893,-31.297730106891407,
PRIMARY_DELETE__HLO_to_P__primary_5y__M1__ridge__PER,PRIMARY_DELETE,HLO_to_P,primary_5y,M1,ridge,PER,pooled_mixing_periods,37,0.10323835829953867,0.9975736025149899,0.9877672315749216,
PRIMARY_DELETE__HLO_to_P__primary_5y__M1__ridge__PER,PRIMARY_DELETE,HLO_to_P,primary_5y,M1,ridge,PER,period_2000,7,-1.6000452932633362,0.3945616033110251,1.0133467479231553,
PRIMARY_DELETE__HLO_to_P__primary_5y__M1__ridge__PER,PRIMARY_DELETE,HLO_to_P,primary_5y,M1,ridge,PER,period_2005,16,0.08729022345233073,-22.207269233996726,1.244457261666083,
PRIMARY_DELETE__HLO_to_P__primary_5y__M1__ridge__PER,PRIMARY_DELETE,HLO_to_P,primary_5y,M1,ridge,PER,period_2010,20,3.7083111396514434,-18.122000750553585,1.1617335414733971,
PRIMARY_DELETE__HLO_to_P__primary_5y__M1__ridge__PER,PRIMARY_DELETE,HLO_to_P,primary_5y,M1,ridge,PER,period_2015,9,-6.162954641437768,28.121116351330215,0.7602416371566459,
PRIMARY_DELETE__HLO_to_P__primary_5y__M2__ridge__PER,PRIMARY_DELETE,HLO_to_P,primary_5y,M2,ridge,PER,pooled_mixing_periods,37,0.10683756762677782,6.186029487004457,0.9300733373205065,
PRIMARY_DELETE__HLO_to_P__primary_5y__M2__ridge__PER,PRIMARY_DELETE,HLO_to_P,primary_5y,M2,ridge,PER,period_2000,7,-4.560585428696665,11.356861010883541,0.922203685614745,
PRIMARY_DELETE__HLO_to_P__primary_5y__M2__ridge__PER,PRIMARY_DELETE,HLO_to_P,primary_5y,M2,ridge,PER,period_2005,16,0.26525523221943814,-14.02782874488948,1.1517974817166576,
PRIMARY_DELETE__HLO_to_P__primary_5y__M2__ridge__PER,PRIMARY_DELETE,HLO_to_P,primary_5y,M2,ridge,PER,period_2010,20,3.9758415150674122,-2.87538665724247,0.987688941313969,
PRIMARY_DELETE__HLO_to_P__primary_5y__M2__ridge__PER,PRIMARY_DELETE,HLO_to_P,primary_5y,M2,ridge,PER,period_2015,9,-5.048867825525641,13.916831042273245,0.9043355593433401,
PRIMARY_DELETE__HLO_to_P__primary_5y__M3__ridge__PER,PRIMARY_DELETE,HLO_to_P,primary_5y,M3,ridge,PER,pooled_mixing_periods,37,0.19407428660786674,0.7007498828955547,0.990066297283211,
PRIMARY_DELETE__HLO_to_P__primary_5y__M3__ridge__PER,PRIMARY_DELETE,HLO_to_P,primary_5y,M3,ridge,PER,period_2000,7,-3.5277529271887498,5.761459440598301,0.9747297394800741,
PRIMARY_DELETE__HLO_to_P__primary_5y__M3__ridge__PER,PRIMARY_DELETE,HLO_to_P,primary_5y,M3,ridge,PER,period_2005,16,-0.2735962151471538,-15.540088383092224,1.1754635325232412,
PRIMARY_DELETE__HLO_to_P__primary_5y__M3__ridge__PER,PRIMARY_DELETE,HLO_to_P,primary_5y,M3,ridge,PER,period_2010,20,4.216656685649598,-13.161607704865496,1.0998004949146472,
PRIMARY_DELETE__HLO_to_P__primary_5y__M3__ridge__PER,PRIMARY_DELETE,HLO_to_P,primary_5y,M3,ridge,PER,period_2015,9,-5.4262548267990685,13.79494456304169,0.9093525079472581,
PRIMARY_DELETE__HLO_to_P__primary_5y__M0__reference__PHL,PRIMARY_DELETE,HLO_to_P,primary_5y,M0,reference,PHL,pooled_mixing_periods,37,-1.2129186544029835e-14,3326.5454072378334,-36.00000000000026,
PRIMARY_DELETE__HLO_to_P__primary_5y__M0__reference__PHL,PRIMARY_DELETE,HLO_to_P,primary_5y,M0,reference,PHL,period_2000,6,-1.9696577411135001,4240.782341164839,-46.18790674611993,
PRIMARY_DELETE__HLO_to_P__primary_5y__M0__reference__PHL,PRIMARY_DELETE,HLO_to_P,primary_5y,M0,reference,PHL,period_2005,17,-0.7052519267075386,3134.8573052779866,-33.8734517239161,
PRIMARY_DELETE__HLO_to_P__primary_5y__M0__reference__PHL,PRIMARY_DELETE,HLO_to_P,primary_5y,M0,reference,PHL,period_2010,20,4.593335986624432,3040.0791132454738,-32.827813596690184,
PRIMARY_DELETE__HLO_to_P__primary_5y__M0__reference__PHL,PRIMARY_DELETE,HLO_to_P,primary_5y,M0,reference,PHL,period_2015,9,-7.952715494138948,2908.120572316081,-31.29773010689153,
PRIMARY_DELETE__HLO_to_P__primary_5y__M1__ridge__PHL,PRIMARY_DELETE,HLO_to_P,primary_5y,M1,ridge,PHL,pooled_mixing_periods,37,0.10593190319111716,-0.24378582171776494,1.001531496399914,
PRIMARY_DELETE__HLO_to_P__primary_5y__M1__ridge__PHL,PRIMARY_DELETE,HLO_to_P,primary_5y,M1,ridge,PHL,period_2000,6,0.5110923683072066,-40.21600886896254,1.4301299484873782,
PRIMARY_DELETE__HLO_to_P__primary_5y__M1__ridge__PHL,PRIMARY_DELETE,HLO_to_P,primary_5y,M1,ridge,PHL,period_2005,17,-0.6687074651676324,-6.794530232057037,1.0830090773279129,
PRIMARY_DELETE__HLO_to_P__primary_5y__M1__ridge__PHL,PRIMARY_DELETE,HLO_to_P,primary_5y,M1,ridge,PHL,period_2010,20,3.594753299713333,-14.901470991077899,1.1270326085242128,
PRIMARY_DELETE__HLO_to_P__primary_5y__M1__ridge__PHL,PRIMARY_DELETE,HLO_to_P,primary_5y,M1,ridge,PHL,period_2015,9,-6.181654784628572,29.41846639312212,0.7462284060249276,
PRIMARY_DELETE__HLO_to_P__primary_5y__M2__ridge__PHL,PRIMARY_DELETE,HLO_to_P,primary_5y,M2,ridge,PHL,pooled_mixing_periods,37,0.06993228560958237,4.257483866440944,0.9519050748802965,
PRIMARY_DELETE__HLO_to_P__primary_5y__M2__ridge__PHL,PRIMARY_DELETE,HLO_to_P,primary_5y,M2,ridge,PHL,period_2000,6,-1.3840406324093202,-150.80465856415572,2.6832428954968086,
PRIMARY_DELETE__HLO_to_P__primary_5y__M2__ridge__PHL,PRIMARY_DELETE,HLO_to_P,primary_5y,M2,ridge,PHL,period_2005,17,-0.5247627368338299,4.049177907565159,0.9608627216567359,
PRIMARY_DELETE__HLO_to_P__primary_5y__M2__ridge__PHL,PRIMARY_DELETE,HLO_to_P,primary_5y,M2,ridge,PHL,period_2010,20,3.7084416201938333,2.6141168220297057,0.9290557589003526,
PRIMARY_DELETE__HLO_to_P__primary_5y__M2__ridge__PHL,PRIMARY_DELETE,HLO_to_P,primary_5y,M2,ridge,PHL,period_2015,9,-5.458192563875734,37.99947575655384,0.6473992215550127,
PRIMARY_DELETE__HLO_to_P__primary_5y__M3__ridge__PHL,PRIMARY_DELETE,HLO_to_P,primary_5y,M3,ridge,PHL,pooled_mixing_periods,37,0.30791297463506206,-0.8491133389962927,1.0059990366381129,
PRIMARY_DELETE__HLO_to_P__primary_5y__M3__ridge__PHL,PRIMARY_DELETE,HLO_to_P,primary_5y,M3,ridge,PHL,period_2000,6,-0.4997052877718424,-89.00237890449426,1.9803256303301566,
PRIMARY_DELETE__HLO_to_P__primary_5y__M3__ridge__PHL,PRIMARY_DELETE,HLO_to_P,primary_5y,M3,ridge,PHL,period_2005,17,-0.7270119571631503,2.737606617507942,0.9776228608365877,
PRIMARY_DELETE__HLO_to_P__primary_5y__M3__ridge__PHL,PRIMARY_DELETE,HLO_to_P,primary_5y,M3,ridge,PHL,period_2010,20,4.163771505757296,-11.795146042034782,1.085194945179964,
PRIMARY_DELETE__HLO_to_P__primary_5y__M3__ridge__PHL,PRIMARY_DELETE,HLO_to_P,primary_5y,M3,ridge,PHL,period_2015,9,-5.755706246158257,35.87920139362992,0.6725415118010823,
PRIMARY_DELETE__HLO_to_P__primary_5y__M0__reference__POL,PRIMARY_DELETE,HLO_to_P,primary_5y,M0,reference,POL,pooled_mixing_periods,37,1.7486012637846216e-15,3319.1133819458264,-36.000000000000625,
PRIMARY_DELETE__HLO_to_P__primary_5y__M0__reference__POL,PRIMARY_DELETE,HLO_to_P,primary_5y,M0,reference,POL,period_2000,7,-2.2982533408213595,4231.127194667123,-46.18506176313294,
PRIMARY_DELETE__HLO_to_P__primary_5y__M0__reference__POL,PRIMARY_DELETE,HLO_to_P,primary_5y,M0,reference,POL,period_2005,16,-0.6972354785883477,3224.2376498092653,-34.94442967170506,
PRIMARY_DELETE__HLO_to_P__primary_5y__M0__reference__POL,PRIMARY_DELETE,HLO_to_P,primary_5y,M0,reference,POL,period_2010,19,4.9167340252324285,3098.479217762796,-33.55181127772489,
PRIMARY_DELETE__HLO_to_P__primary_5y__M0__reference__POL,PRIMARY_DELETE,HLO_to_P,primary_5y,M0,reference,POL,period_2015,8,-6.4308473205668335,2569.7245100495334,-27.605087654423365,
PRIMARY_DELETE__HLO_to_P__primary_5y__M1__ridge__POL,PRIMARY_DELETE,HLO_to_P,primary_5y,M1,ridge,POL,pooled_mixing_periods,37,0.09994896701419884,1.748364680092681,0.9794187527423398,
PRIMARY_DELETE__HLO_to_P__primary_5y__M1__ridge__POL,PRIMARY_DELETE,HLO_to_P,primary_5y,M1,ridge,POL,period_2000,7,-1.449451654264262,-3.158900395378249,1.0509373398413726,
PRIMARY_DELETE__HLO_to_P__primary_5y__M1__ridge__POL,PRIMARY_DELETE,HLO_to_P,primary_5y,M1,ridge,POL,period_2005,16,-0.5480592322891873,-17.090316319404096,1.1963519665101459,
PRIMARY_DELETE__HLO_to_P__primary_5y__M1__ridge__POL,PRIMARY_DELETE,HLO_to_P,primary_5y,M1,ridge,POL,period_2010,19,4.107759420237554,-22.48333057012129,1.2064447218164638,
PRIMARY_DELETE__HLO_to_P__primary_5y__M1__ridge__POL,PRIMARY_DELETE,HLO_to_P,primary_5y,M1,ridge,POL,period_2015,8,-5.072617064136216,34.332947200318145,0.678344596434699,
PRIMARY_DELETE__HLO_to_P__primary_5y__M2__ridge__POL,PRIMARY_DELETE,HLO_to_P,primary_5y,M2,ridge,POL,pooled_mixing_periods,37,0.3798733918370237,4.867544523038505,0.9417507841714412,
PRIMARY_DELETE__HLO_to_P__primary_5y__M2__ridge__POL,PRIMARY_DELETE,HLO_to_P,primary_5y,M2,ridge,POL,period_2000,7,-4.409873091169541,1.331091522811975,1.0351818218425415,
PRIMARY_DELETE__HLO_to_P__primary_5y__M2__ridge__POL,PRIMARY_DELETE,HLO_to_P,primary_5y,M2,ridge,POL,period_2005,16,-0.3674903657277264,-11.62774086825388,1.1332641063697149,
PRIMARY_DELETE__HLO_to_P__primary_5y__M2__ridge__POL,PRIMARY_DELETE,HLO_to_P,primary_5y,M2,ridge,POL,period_2010,19,5.221475101364037,-23.313647416403818,1.2007489780951288,
PRIMARY_DELETE__HLO_to_P__primary_5y__M2__ridge__POL,PRIMARY_DELETE,HLO_to_P,primary_5y,M2,ridge,POL,period_2015,8,-3.8688088261471805,40.27297968407067,0.6050398227874344,
PRIMARY_DELETE__HLO_to_P__primary_5y__M3__ridge__POL,PRIMARY_DELETE,HLO_to_P,primary_5y,M3,ridge,POL,pooled_mixing_periods,37,0.33025166764919395,4.790566026713229,0.9431247875504493,
PRIMARY_DELETE__HLO_to_P__primary_5y__M3__ridge__POL,PRIMARY_DELETE,HLO_to_P,primary_5y,M3,ridge,POL,period_2000,7,-3.3329954884510786,-1.7815202157273258,1.0577340850700143,
PRIMARY_DELETE__HLO_to_P__primary_5y__M3__ridge__POL,PRIMARY_DELETE,HLO_to_P,primary_5y,M3,ridge,POL,period_2005,16,-0.8647316517713826,-12.512968193211714,1.149448585302629,
PRIMARY_DELETE__HLO_to_P__primary_5y__M3__ridge__POL,PRIMARY_DELETE,HLO_to_P,primary_5y,M3,ridge,POL,period_2010,19,5.071442528588132,-18.724658880463696,1.151747376956226,
PRIMARY_DELETE__HLO_to_P__primary_5y__M3__ridge__POL,PRIMARY_DELETE,HLO_to_P,primary_5y,M3,ridge,POL,period_2015,8,-4.262681366481747,30.81494144347741,0.7106899755528271,
PRIMARY_DELETE__HLO_to_P__primary_5y__M0__reference__QAT,PRIMARY_DELETE,HLO_to_P,primary_5y,M0,reference,QAT,pooled_mixing_periods,37,-1.1046719095020308e-14,3333.6242544345914,-36.00000000000027,
PRIMARY_DELETE__HLO_to_P__primary_5y__M0__reference__QAT,PRIMARY_DELETE,HLO_to_P,primary_5y,M0,reference,QAT,period_2000,7,-1.895173549465917,4249.743459726182,-46.18506176313114,
PRIMARY_DELETE__HLO_to_P__primary_5y__M0__reference__QAT,PRIMARY_DELETE,HLO_to_P,primary_5y,M0,reference,QAT,period_2005,16,-0.8308687109630428,3144.1964017313435,-33.90335981667954,
PRIMARY_DELETE__HLO_to_P__primary_5y__M0__reference__QAT,PRIMARY_DELETE,HLO_to_P,primary_5y,M0,reference,QAT,period_2010,20,4.789970630978785,3046.53419869703,-32.8278135966906,
PRIMARY_DELETE__HLO_to_P__primary_5y__M0__reference__QAT,PRIMARY_DELETE,HLO_to_P,primary_5y,M0,reference,QAT,period_2015,9,-7.756080849784596,2914.2747903447225,-31.297730106891237,
PRIMARY_DELETE__HLO_to_P__primary_5y__M1__ridge__QAT,PRIMARY_DELETE,HLO_to_P,primary_5y,M1,ridge,QAT,pooled_mixing_periods,37,0.09814587754457772,-0.19711941179506054,1.001097315024451,
PRIMARY_DELETE__HLO_to_P__primary_5y__M1__ridge__QAT,PRIMARY_DELETE,HLO_to_P,primary_5y,M1,ridge,QAT,period_2000,7,-1.6312485510348727,2.258554241633898,0.9930522623725129,
PRIMARY_DELETE__HLO_to_P__primary_5y__M1__ridge__QAT,PRIMARY_DELETE,HLO_to_P,primary_5y,M1,ridge,QAT,period_2005,16,0.06867324804970831,-37.990828701075166,1.4169164174478452,
PRIMARY_DELETE__HLO_to_P__primary_5y__M1__ridge__QAT,PRIMARY_DELETE,HLO_to_P,primary_5y,M1,ridge,QAT,period_2010,20,3.719671787156942,-16.12294860300636,1.1391573047657282,
PRIMARY_DELETE__HLO_to_P__primary_5y__M1__ridge__QAT,PRIMARY_DELETE,HLO_to_P,primary_5y,M1,ridge,QAT,period_2015,9,-6.114671756758877,28.650674646608714,0.7540619203642084,
PRIMARY_DELETE__HLO_to_P__primary_5y__M2__ridge__QAT,PRIMARY_DELETE,HLO_to_P,primary_5y,M2,ridge,QAT,pooled_mixing_periods,37,0.38554679882444365,4.0116808913387665,0.9514029882955126,
PRIMARY_DELETE__HLO_to_P__primary_5y__M2__ridge__QAT,PRIMARY_DELETE,HLO_to_P,primary_5y,M2,ridge,QAT,period_2000,7,-4.310693107702001,4.533245610626486,0.9974597292839184,
PRIMARY_DELETE__HLO_to_P__primary_5y__M2__ridge__QAT,PRIMARY_DELETE,HLO_to_P,primary_5y,M2,ridge,QAT,period_2005,16,-0.3231836719078167,-9.732134264058987,1.111026540065948,
PRIMARY_DELETE__HLO_to_P__primary_5y__M2__ridge__QAT,PRIMARY_DELETE,HLO_to_P,primary_5y,M2,ridge,QAT,period_2010,20,5.08678415259092,-23.843805295907586,1.2072634502987734,
PRIMARY_DELETE__HLO_to_P__primary_5y__M2__ridge__QAT,PRIMARY_DELETE,HLO_to_P,primary_5y,M2,ridge,QAT,period_2015,9,-4.5842234313138945,20.018800434997843,0.8343276788391512,
PRIMARY_DELETE__HLO_to_P__primary_5y__M3__ridge__QAT,PRIMARY_DELETE,HLO_to_P,primary_5y,M3,ridge,QAT,pooled_mixing_periods,37,0.17310883752160278,5.507655853419502,0.9370699248854248,
PRIMARY_DELETE__HLO_to_P__primary_5y__M3__ridge__QAT,PRIMARY_DELETE,HLO_to_P,primary_5y,M3,ridge,QAT,period_2000,7,-3.3571313221377377,-2.759367999456041,1.0690635731591698,
PRIMARY_DELETE__HLO_to_P__primary_5y__M3__ridge__QAT,PRIMARY_DELETE,HLO_to_P,primary_5y,M3,ridge,QAT,period_2005,16,-0.4604121134849004,-14.403939835668208,1.1643749102456618,
PRIMARY_DELETE__HLO_to_P__primary_5y__M3__ridge__QAT,PRIMARY_DELETE,HLO_to_P,primary_5y,M3,ridge,QAT,period_2010,20,4.500259571244258,-6.327842738428948,1.02032637099029,
PRIMARY_DELETE__HLO_to_P__primary_5y__M3__ridge__QAT,PRIMARY_DELETE,HLO_to_P,primary_5y,M3,ridge,QAT,period_2015,9,-5.072982367367446,13.807092210112591,0.9057550052381976,
PRIMARY_DELETE__HLO_to_P__primary_5y__M0__reference__RUS,PRIMARY_DELETE,HLO_to_P,primary_5y,M0,reference,RUS,pooled_mixing_periods,37,-1.0935696792557792e-14,3322.213670641048,-35.99999999999972,
PRIMARY_DELETE__HLO_to_P__primary_5y__M0__reference__RUS,PRIMARY_DELETE,HLO_to_P,primary_5y,M0,reference,RUS,period_2000,7,-2.212134210396287,4235.1046120245555,-46.18506176313032,
PRIMARY_DELETE__HLO_to_P__primary_5y__M0__reference__RUS,PRIMARY_DELETE,HLO_to_P,primary_5y,M0,reference,RUS,period_2005,17,-0.8255779432835566,3130.781447764352,-33.87345172391592,
PRIMARY_DELETE__HLO_to_P__primary_5y__M0__reference__RUS,PRIMARY_DELETE,HLO_to_P,primary_5y,M0,reference,RUS,period_2010,20,4.473009970048417,3036.129073202474,-32.82781359669006,
PRIMARY_DELETE__HLO_to_P__primary_5y__M0__reference__RUS,PRIMARY_DELETE,HLO_to_P,primary_5y,M0,reference,RUS,period_2015,8,-8.15753425706065,2968.70299659217,-32.010461950632354,
PRIMARY_DELETE__HLO_to_P__primary_5y__M1__ridge__RUS,PRIMARY_DELETE,HLO_to_P,primary_5y,M1,ridge,RUS,pooled_mixing_periods,37,0.09477621697623201,1.6219071407790282,0.9809011952973705,
PRIMARY_DELETE__HLO_to_P__primary_5y__M1__ridge__RUS,PRIMARY_DELETE,HLO_to_P,primary_5y,M1,ridge,RUS,period_2000,7,-1.266066361358839,-1.079427124149912,1.0258729182232857,
PRIMARY_DELETE__HLO_to_P__primary_5y__M1__ridge__RUS,PRIMARY_DELETE,HLO_to_P,primary_5y,M1,ridge,RUS,period_2005,17,-0.22122304305425458,-12.336691351755606,1.1389823548704776,
PRIMARY_DELETE__HLO_to_P__primary_5y__M1__ridge__RUS,PRIMARY_DELETE,HLO_to_P,primary_5y,M1,ridge,RUS,period_2010,20,4.088400943415025,-20.658692124978415,1.1851427785705935,
PRIMARY_DELETE__HLO_to_P__primary_5y__M1__ridge__RUS,PRIMARY_DELETE,HLO_to_P,primary_5y,M1,ridge,RUS,period_2015,8,-6.928060876947535,15.813860241756595,0.9022620648498013,
PRIMARY_DELETE__HLO_to_P__primary_5y__M2__ridge__RUS,PRIMARY_DELETE,HLO_to_P,primary_5y,M2,ridge,RUS,pooled_mixing_periods,37,0.11801928240202056,8.43282713811695,0.9048929287648177,
PRIMARY_DELETE__HLO_to_P__primary_5y__M2__ridge__RUS,PRIMARY_DELETE,HLO_to_P,primary_5y,M2,ridge,RUS,period_2000,7,-4.323945128718505,3.084171053572495,1.0141532365930113,
PRIMARY_DELETE__HLO_to_P__primary_5y__M2__ridge__RUS,PRIMARY_DELETE,HLO_to_P,primary_5y,M2,ridge,RUS,period_2005,17,-0.3604572737999786,-8.958680622740882,1.1032969806748933,
PRIMARY_DELETE__HLO_to_P__primary_5y__M2__ridge__RUS,PRIMARY_DELETE,HLO_to_P,primary_5y,M2,ridge,RUS,period_2010,20,4.543768960889581,-6.934599814730529,1.026577947622054,
PRIMARY_DELETE__HLO_to_P__primary_5y__M2__ridge__RUS,PRIMARY_DELETE,HLO_to_P,primary_5y,M2,ridge,RUS,period_2015,8,-5.034357315669828,20.671720392885522,0.8315088987439961,
PRIMARY_DELETE__HLO_to_P__primary_5y__M3__ridge__RUS,PRIMARY_DELETE,HLO_to_P,primary_5y,M3,ridge,RUS,pooled_mixing_periods,37,0.24725080415155032,2.5431805744708855,0.9690078824977878,
PRIMARY_DELETE__HLO_to_P__primary_5y__M3__ridge__RUS,PRIMARY_DELETE,HLO_to_P,primary_5y,M3,ridge,RUS,period_2000,7,-3.253953362432001,-1.7658817833848488,1.0566147898952887,
PRIMARY_DELETE__HLO_to_P__primary_5y__M3__ridge__RUS,PRIMARY_DELETE,HLO_to_P,primary_5y,M3,ridge,RUS,period_2005,17,-0.7330518762798965,-8.626692417400532,1.1041773286915428,
PRIMARY_DELETE__HLO_to_P__primary_5y__M3__ridge__RUS,PRIMARY_DELETE,HLO_to_P,primary_5y,M3,ridge,RUS,period_2010,20,4.787396653442136,-21.355828378645015,1.1836874035408143,
PRIMARY_DELETE__HLO_to_P__primary_5y__M3__ridge__RUS,PRIMARY_DELETE,HLO_to_P,primary_5y,M3,ridge,RUS,period_2015,8,-5.594531332963772,12.169008670716456,0.9287304611721983,
PRIMARY_DELETE__HLO_to_P__primary_5y__M0__reference__SAU,PRIMARY_DELETE,HLO_to_P,primary_5y,M0,reference,SAU,pooled_mixing_periods,37,-7.494005416219807e-15,3334.3759175974646,-35.99999999999991,
PRIMARY_DELETE__HLO_to_P__primary_5y__M0__reference__SAU,PRIMARY_DELETE,HLO_to_P,primary_5y,M0,reference,SAU,period_2000,7,-1.8742940171629527,4250.707782214973,-46.185061763128864,
PRIMARY_DELETE__HLO_to_P__primary_5y__M0__reference__SAU,PRIMARY_DELETE,HLO_to_P,primary_5y,M0,reference,SAU,period_2005,17,-0.48773775005021786,3142.225261240294,-33.87345172391652,
PRIMARY_DELETE__HLO_to_P__primary_5y__M0__reference__SAU,PRIMARY_DELETE,HLO_to_P,primary_5y,M0,reference,SAU,period_2010,19,4.322809121213399,3029.1126055696623,-32.62255083350034,
PRIMARY_DELETE__HLO_to_P__primary_5y__M0__reference__SAU,PRIMARY_DELETE,HLO_to_P,primary_5y,M0,reference,SAU,period_2015,8,-8.301854687573552,3151.360522846874,-33.930373922081216,
PRIMARY_DELETE__HLO_to_P__primary_5y__M1__ridge__SAU,PRIMARY_DELETE,HLO_to_P,primary_5y,M1,ridge,SAU,pooled_mixing_periods,37,0.13267489609799427,1.2731041129086083,0.9844236640280589,
PRIMARY_DELETE__HLO_to_P__primary_5y__M1__ridge__SAU,PRIMARY_DELETE,HLO_to_P,primary_5y,M1,ridge,SAU,period_2000,7,-1.3321060498101245,-2.0596699430555683,1.0374416376328293,
PRIMARY_DELETE__HLO_to_P__primary_5y__M1__ridge__SAU,PRIMARY_DELETE,HLO_to_P,primary_5y,M1,ridge,SAU,period_2005,17,-0.2757852853596753,-12.350352202519499,1.1398218335593175,
PRIMARY_DELETE__HLO_to_P__primary_5y__M1__ridge__SAU,PRIMARY_DELETE,HLO_to_P,primary_5y,M1,ridge,SAU,period_2010,19,3.767597050216816,-21.154146143966795,1.1939055262598897,
PRIMARY_DELETE__HLO_to_P__primary_5y__M1__ridge__SAU,PRIMARY_DELETE,HLO_to_P,primary_5y,M1,ridge,SAU,period_2015,8,-5.428328974864696,19.248664884601666,0.8511608994163784,
PRIMARY_DELETE__HLO_to_P__primary_5y__M2__ridge__SAU,PRIMARY_DELETE,HLO_to_P,primary_5y,M2,ridge,SAU,pooled_mixing_periods,37,0.1677391854846078,7.657802519756828,0.9133249775303239,
PRIMARY_DELETE__HLO_to_P__primary_5y__M2__ridge__SAU,PRIMARY_DELETE,HLO_to_P,primary_5y,M2,ridge,SAU,period_2000,7,-4.087470527840024,-4.520306970768509,1.0980016553320835,
PRIMARY_DELETE__HLO_to_P__primary_5y__M2__ridge__SAU,PRIMARY_DELETE,HLO_to_P,primary_5y,M2,ridge,SAU,period_2005,17,-0.05861194877124057,-8.178617509132266,1.0910002170908317,
PRIMARY_DELETE__HLO_to_P__primary_5y__M2__ridge__SAU,PRIMARY_DELETE,HLO_to_P,primary_5y,M2,ridge,SAU,period_2010,19,4.299048138390156,-7.38602807855452,1.0342250512461566,
PRIMARY_DELETE__HLO_to_P__primary_5y__M2__ridge__SAU,PRIMARY_DELETE,HLO_to_P,primary_5y,M2,ridge,SAU,period_2015,8,-5.240453050696452,22.01770226358958,0.819681056261381,
PRIMARY_DELETE__HLO_to_P__primary_5y__M3__ridge__SAU,PRIMARY_DELETE,HLO_to_P,primary_5y,M3,ridge,SAU,pooled_mixing_periods,37,0.5008710222747251,5.975244223304929,0.9285347961549021,
PRIMARY_DELETE__HLO_to_P__primary_5y__M3__ridge__SAU,PRIMARY_DELETE,HLO_to_P,primary_5y,M3,ridge,SAU,period_2000,7,-2.449334691996464,2.170668967939171,1.003114588650884,
PRIMARY_DELETE__HLO_to_P__primary_5y__M3__ridge__SAU,PRIMARY_DELETE,HLO_to_P,primary_5y,M3,ridge,SAU,period_2005,17,-0.43821954082886805,-6.936940286161748,1.0818196893349434,
PRIMARY_DELETE__HLO_to_P__primary_5y__M3__ridge__SAU,PRIMARY_DELETE,HLO_to_P,primary_5y,M3,ridge,SAU,period_2010,19,4.815148777420286,-19.252384600542264,1.1591535820944194,
PRIMARY_DELETE__HLO_to_P__primary_5y__M3__ridge__SAU,PRIMARY_DELETE,HLO_to_P,primary_5y,M3,ridge,SAU,period_2015,8,-5.3368237797116045,19.58674290639691,0.8466855591495026,
PRIMARY_DELETE__HLO_to_P__primary_5y__M0__reference__SRB,PRIMARY_DELETE,HLO_to_P,primary_5y,M0,reference,SRB,pooled_mixing_periods,37,-1.1629586182948515e-14,3326.0016910799422,-36.00000000000034,
PRIMARY_DELETE__HLO_to_P__primary_5y__M0__reference__SRB,PRIMARY_DELETE,HLO_to_P,primary_5y,M0,reference,SRB,period_2000,7,-2.106911420428519,4239.964333078142,-46.18506176313071,
PRIMARY_DELETE__HLO_to_P__primary_5y__M0__reference__SRB,PRIMARY_DELETE,HLO_to_P,primary_5y,M0,reference,SRB,period_2005,17,-0.7203551533157824,3134.3457068606613,-33.87345172391681,
PRIMARY_DELETE__HLO_to_P__primary_5y__M0__reference__SRB,PRIMARY_DELETE,HLO_to_P,primary_5y,M0,reference,SRB,period_2010,19,4.998067827447259,3022.8633244616967,-32.64294559695326,
PRIMARY_DELETE__HLO_to_P__primary_5y__M0__reference__SRB,PRIMARY_DELETE,HLO_to_P,primary_5y,M0,reference,SRB,period_2015,9,-7.967818720747188,2907.647875605868,-31.297730106890594,
PRIMARY_DELETE__HLO_to_P__primary_5y__M1__ridge__SRB,PRIMARY_DELETE,HLO_to_P,primary_5y,M1,ridge,SRB,pooled_mixing_periods,37,0.0165454581221057,0.019313144213680647,0.9996011655283528,
PRIMARY_DELETE__HLO_to_P__primary_5y__M1__ridge__SRB,PRIMARY_DELETE,HLO_to_P,primary_5y,M1,ridge,SRB,period_2000,7,-1.5313791826516612,-3.6984649896945077,1.0578592528458604,
PRIMARY_DELETE__HLO_to_P__primary_5y__M1__ridge__SRB,PRIMARY_DELETE,HLO_to_P,primary_5y,M1,ridge,SRB,period_2005,17,-0.38502162535742707,-16.65066857164199,1.1888817027333445,
PRIMARY_DELETE__HLO_to_P__primary_5y__M1__ridge__SRB,PRIMARY_DELETE,HLO_to_P,primary_5y,M1,ridge,SRB,period_2010,19,4.235897053440559,-26.221001251565884,1.246365600412718,
PRIMARY_DELETE__HLO_to_P__primary_5y__M1__ridge__SRB,PRIMARY_DELETE,HLO_to_P,primary_5y,M1,ridge,SRB,period_2015,9,-6.267631237917928,23.91755459537283,0.8070622230994428,
PRIMARY_DELETE__HLO_to_P__primary_5y__M2__ridge__SRB,PRIMARY_DELETE,HLO_to_P,primary_5y,M2,ridge,SRB,pooled_mixing_periods,37,0.3701004865131265,3.269525348022091,0.9596771144123998,
PRIMARY_DELETE__HLO_to_P__primary_5y__M2__ridge__SRB,PRIMARY_DELETE,HLO_to_P,primary_5y,M2,ridge,SRB,period_2000,7,-4.224815028587502,3.865058652652654,1.0041023292793299,
PRIMARY_DELETE__HLO_to_P__primary_5y__M2__ridge__SRB,PRIMARY_DELETE,HLO_to_P,primary_5y,M2,ridge,SRB,period_2005,17,-0.283968717827631,-9.361092953677076,1.106819083334018,
PRIMARY_DELETE__HLO_to_P__primary_5y__M2__ridge__SRB,PRIMARY_DELETE,HLO_to_P,primary_5y,M2,ridge,SRB,period_2010,19,5.293387922681966,-22.76942764785489,1.1935433758708713,
PRIMARY_DELETE__HLO_to_P__primary_5y__M2__ridge__SRB,PRIMARY_DELETE,HLO_to_P,primary_5y,M2,ridge,SRB,period_2015,9,-4.5966312175344965,18.630517560060316,0.8493424069544524,
PRIMARY_DELETE__HLO_to_P__primary_5y__M3__ridge__SRB,PRIMARY_DELETE,HLO_to_P,primary_5y,M3,ridge,SRB,pooled_mixing_periods,37,0.16825343020935352,7.456974900526796,0.9153318659022918,
PRIMARY_DELETE__HLO_to_P__primary_5y__M3__ridge__SRB,PRIMARY_DELETE,HLO_to_P,primary_5y,M3,ridge,SRB,period_2000,7,-3.197532688810787,-1.6479610070430786,1.054613777107103,
PRIMARY_DELETE__HLO_to_P__primary_5y__M3__ridge__SRB,PRIMARY_DELETE,HLO_to_P,primary_5y,M3,ridge,SRB,period_2005,17,-0.6823042754125841,-8.824756034672133,1.105757273227159,
PRIMARY_DELETE__HLO_to_P__primary_5y__M3__ridge__SRB,PRIMARY_DELETE,HLO_to_P,primary_5y,M3,ridge,SRB,period_2010,19,4.877423891114682,-5.852646373756412,1.010850363446595,
PRIMARY_DELETE__HLO_to_P__primary_5y__M3__ridge__SRB,PRIMARY_DELETE,HLO_to_P,primary_5y,M3,ridge,SRB,period_2015,9,-4.980920098474596,15.370241710782812,0.8880057760943584,
PRIMARY_DELETE__HLO_to_P__primary_5y__M0__reference__SVN,PRIMARY_DELETE,HLO_to_P,primary_5y,M0,reference,SVN,pooled_mixing_periods,37,-1.1907141939104804e-14,3322.210835208582,-36.00000000000039,
PRIMARY_DELETE__HLO_to_P__primary_5y__M0__reference__SVN,PRIMARY_DELETE,HLO_to_P,primary_5y,M0,reference,SVN,period_2000,7,-2.212212972410896,4235.100974396057,-46.18506176313041,
PRIMARY_DELETE__HLO_to_P__primary_5y__M0__reference__SVN,PRIMARY_DELETE,HLO_to_P,primary_5y,M0,reference,SVN,period_2005,16,-0.4147544683477591,3120.0294280595963,-33.75433523839179,
PRIMARY_DELETE__HLO_to_P__primary_5y__M0__reference__SVN,PRIMARY_DELETE,HLO_to_P,primary_5y,M0,reference,SVN,period_2010,20,4.472931208033808,3036.126487617838,-32.82781359669116,
PRIMARY_DELETE__HLO_to_P__primary_5y__M0__reference__SVN,PRIMARY_DELETE,HLO_to_P,primary_5y,M0,reference,SVN,period_2015,9,-8.073120272729568,2904.3521760521508,-31.297730106891283,
PRIMARY_DELETE__HLO_to_P__primary_5y__M1__ridge__SVN,PRIMARY_DELETE,HLO_to_P,primary_5y,M1,ridge,SVN,pooled_mixing_periods,37,0.07083055419324427,0.3068162571524244,0.99579740153941,
PRIMARY_DELETE__HLO_to_P__primary_5y__M1__ridge__SVN,PRIMARY_DELETE,HLO_to_P,primary_5y,M1,ridge,SVN,period_2000,7,-1.5713874919230064,-3.964540464364367,1.0612726654720304,
PRIMARY_DELETE__HLO_to_P__primary_5y__M1__ridge__SVN,PRIMARY_DELETE,HLO_to_P,primary_5y,M1,ridge,SVN,period_2005,16,-0.2480104695179115,-15.020893831414247,1.1697891352406704,
PRIMARY_DELETE__HLO_to_P__primary_5y__M1__ridge__SVN,PRIMARY_DELETE,HLO_to_P,primary_5y,M1,ridge,SVN,period_2010,20,4.017951702126634,-26.374260836216575,1.2499877508839599,
PRIMARY_DELETE__HLO_to_P__primary_5y__M1__ridge__SVN,PRIMARY_DELETE,HLO_to_P,primary_5y,M1,ridge,SVN,period_2015,9,-6.002297929769629,24.12734562623573,0.8024414746511319,
PRIMARY_DELETE__HLO_to_P__primary_5y__M2__ridge__SVN,PRIMARY_DELETE,HLO_to_P,primary_5y,M2,ridge,SVN,pooled_mixing_periods,37,0.4879206425532261,8.60998689070946,0.899222759365448,
PRIMARY_DELETE__HLO_to_P__primary_5y__M2__ridge__SVN,PRIMARY_DELETE,HLO_to_P,primary_5y,M2,ridge,SVN,period_2000,7,-4.240547596980997,3.1173212778773394,1.0128105332345152,
PRIMARY_DELETE__HLO_to_P__primary_5y__M2__ridge__SVN,PRIMARY_DELETE,HLO_to_P,primary_5y,M2,ridge,SVN,period_2005,16,-0.42217053794604453,-5.695906007256195,1.0681645889943376,
PRIMARY_DELETE__HLO_to_P__primary_5y__M2__ridge__SVN,PRIMARY_DELETE,HLO_to_P,primary_5y,M2,ridge,SVN,period_2010,20,5.336172057204984,-16.969078013285916,1.1281893445854558,
PRIMARY_DELETE__HLO_to_P__primary_5y__M2__ridge__SVN,PRIMARY_DELETE,HLO_to_P,primary_5y,M2,ridge,SVN,period_2015,9,-4.2978703268623555,25.9122819065514,0.7687052304060457,
PRIMARY_DELETE__HLO_to_P__primary_5y__M3__ridge__SVN,PRIMARY_DELETE,HLO_to_P,primary_5y,M3,ridge,SVN,pooled_mixing_periods,37,0.4168360549788306,5.385850501884372,0.9356731692426966,
PRIMARY_DELETE__HLO_to_P__primary_5y__M3__ridge__SVN,PRIMARY_DELETE,HLO_to_P,primary_5y,M3,ridge,SVN,period_2000,7,-3.2226381751136404,-1.6438986119362837,1.0548664800302618,
PRIMARY_DELETE__HLO_to_P__primary_5y__M3__ridge__SVN,PRIMARY_DELETE,HLO_to_P,primary_5y,M3,ridge,SVN,period_2005,16,-0.5736559003098805,-8.55146252694309,1.1018394474604638,
PRIMARY_DELETE__HLO_to_P__primary_5y__M3__ridge__SVN,PRIMARY_DELETE,HLO_to_P,primary_5y,M3,ridge,SVN,period_2010,20,5.111167248249556,-18.754030418935457,1.1507118435794923,
PRIMARY_DELETE__HLO_to_P__primary_5y__M3__ridge__SVN,PRIMARY_DELETE,HLO_to_P,primary_5y,M3,ridge,SVN,period_2015,9,-5.0082345839561295,14.99908699738211,0.8922694513971576,
PRIMARY_DELETE__HLO_to_P__primary_5y__M0__reference__UKR,PRIMARY_DELETE,HLO_to_P,primary_5y,M0,reference,UKR,pooled_mixing_periods,37,-1.1962653090336062e-14,3330.5937608378285,-36.00000000000022,
PRIMARY_DELETE__HLO_to_P__primary_5y__M0__reference__UKR,PRIMARY_DELETE,HLO_to_P,primary_5y,M0,reference,UKR,period_2000,7,-1.9793539271536043,4245.855583783382,-46.18506176313057,
PRIMARY_DELETE__HLO_to_P__primary_5y__M0__reference__UKR,PRIMARY_DELETE,HLO_to_P,primary_5y,M0,reference,UKR,period_2005,16,-0.7203819652479533,3140.745581641653,-33.896849589820434,
PRIMARY_DELETE__HLO_to_P__primary_5y__M0__reference__UKR,PRIMARY_DELETE,HLO_to_P,primary_5y,M0,reference,UKR,period_2010,20,4.705790253291099,3043.770740949812,-32.82781359669075,
PRIMARY_DELETE__HLO_to_P__primary_5y__M0__reference__UKR,PRIMARY_DELETE,HLO_to_P,primary_5y,M0,reference,UKR,period_2015,9,-7.840261227472277,2911.640135603598,-31.297730106891695,
PRIMARY_DELETE__HLO_to_P__primary_5y__M1__ridge__UKR,PRIMARY_DELETE,HLO_to_P,primary_5y,M1,ridge,UKR,pooled_mixing_periods,37,0.052390652698498796,0.5784565886010002,0.992995912290628,
PRIMARY_DELETE__HLO_to_P__primary_5y__M1__ridge__UKR,PRIMARY_DELETE,HLO_to_P,primary_5y,M1,ridge,UKR,period_2000,7,-1.449688899751169,-3.6161754595448015,1.0559944918170556,
PRIMARY_DELETE__HLO_to_P__primary_5y__M1__ridge__UKR,PRIMARY_DELETE,HLO_to_P,primary_5y,M1,ridge,UKR,period_2005,16,-0.45275648772230337,-15.61788217388827,1.1780723262521282,
PRIMARY_DELETE__HLO_to_P__primary_5y__M1__ridge__UKR,PRIMARY_DELETE,HLO_to_P,primary_5y,M1,ridge,UKR,period_2010,20,4.164963181746256,-25.06137230825456,1.2332796978919562,
PRIMARY_DELETE__HLO_to_P__primary_5y__M1__ridge__UKR,PRIMARY_DELETE,HLO_to_P,primary_5y,M1,ridge,UKR,period_2015,9,-6.182681741727274,23.979100200360033,0.805641315697795,
PRIMARY_DELETE__HLO_to_P__primary_5y__M2__ridge__UKR,PRIMARY_DELETE,HLO_to_P,primary_5y,M2,ridge,UKR,pooled_mixing_periods,37,0.36702678095166563,3.6139790775168854,0.9559540778385087,
PRIMARY_DELETE__HLO_to_P__primary_5y__M2__ridge__UKR,PRIMARY_DELETE,HLO_to_P,primary_5y,M2,ridge,UKR,period_2000,7,-4.115040820952762,6.445382933598233,0.9734601535077461,
PRIMARY_DELETE__HLO_to_P__primary_5y__M2__ridge__UKR,PRIMARY_DELETE,HLO_to_P,primary_5y,M2,ridge,UKR,period_2005,16,-0.3530936492442738,-9.484272358609816,1.1088836795057948,
PRIMARY_DELETE__HLO_to_P__primary_5y__M2__ridge__UKR,PRIMARY_DELETE,HLO_to_P,primary_5y,M2,ridge,UKR,period_2010,20,5.170075043091475,-24.988356091666894,1.2187889159095167,
PRIMARY_DELETE__HLO_to_P__primary_5y__M2__ridge__UKR,PRIMARY_DELETE,HLO_to_P,primary_5y,M2,ridge,UKR,period_2015,9,-4.714963775619696,18.641842621266395,0.8503009941101773,
PRIMARY_DELETE__HLO_to_P__primary_5y__M3__ridge__UKR,PRIMARY_DELETE,HLO_to_P,primary_5y,M3,ridge,UKR,pooled_mixing_periods,37,0.3692399043753166,4.778875113441513,0.9430425552596141,
PRIMARY_DELETE__HLO_to_P__primary_5y__M3__ridge__UKR,PRIMARY_DELETE,HLO_to_P,primary_5y,M3,ridge,UKR,period_2000,7,-3.1113906328514256,0.04092375432868108,1.0345738020300996,
PRIMARY_DELETE__HLO_to_P__primary_5y__M3__ridge__UKR,PRIMARY_DELETE,HLO_to_P,primary_5y,M3,ridge,UKR,period_2005,16,-0.7457298855735921,-8.443699640174168,1.102156028368057,
PRIMARY_DELETE__HLO_to_P__primary_5y__M3__ridge__UKR,PRIMARY_DELETE,HLO_to_P,primary_5y,M3,ridge,UKR,period_2010,20,5.10363677406736,-19.573927243836337,1.1598656794517186,
PRIMARY_DELETE__HLO_to_P__primary_5y__M3__ridge__UKR,PRIMARY_DELETE,HLO_to_P,primary_5y,M3,ridge,UKR,period_2015,9,-5.05857228312602,15.193566441781767,0.8906558320601544,
PRIMARY_DELETE__HLO_to_P__primary_5y__M0__reference__USA,PRIMARY_DELETE,HLO_to_P,primary_5y,M0,reference,USA,pooled_mixing_periods,37,-1.1463052729254741e-14,3326.406265657165,-36.00000000000037,
PRIMARY_DELETE__HLO_to_P__primary_5y__M0__reference__USA,PRIMARY_DELETE,HLO_to_P,primary_5y,M0,reference,USA,period_2000,6,-1.9496883475902562,4240.027074477687,-46.181412894471286,
PRIMARY_DELETE__HLO_to_P__primary_5y__M0__reference__USA,PRIMARY_DELETE,HLO_to_P,primary_5y,M0,reference,USA,period_2005,17,-0.7091169706152637,3134.7263828998125,-33.8734517239166,
PRIMARY_DELETE__HLO_to_P__primary_5y__M0__reference__USA,PRIMARY_DELETE,HLO_to_P,primary_5y,M0,reference,USA,period_2010,20,4.589470942716708,3039.9522323045876,-32.827813596690845,
PRIMARY_DELETE__HLO_to_P__primary_5y__M0__reference__USA,PRIMARY_DELETE,HLO_to_P,primary_5y,M0,reference,USA,period_2015,9,-7.956580538046669,2907.9996052149345,-31.297730106890736,
PRIMARY_DELETE__HLO_to_P__primary_5y__M1__ridge__USA,PRIMARY_DELETE,HLO_to_P,primary_5y,M1,ridge,USA,pooled_mixing_periods,37,0.0973920207730709,1.553523627390442,0.9816565466190091,
PRIMARY_DELETE__HLO_to_P__primary_5y__M1__ridge__USA,PRIMARY_DELETE,HLO_to_P,primary_5y,M1,ridge,USA,period_2000,6,-2.13688642412614,-7.300120335522313,1.1052791456067599,
PRIMARY_DELETE__HLO_to_P__primary_5y__M1__ridge__USA,PRIMARY_DELETE,HLO_to_P,primary_5y,M1,ridge,USA,period_2005,17,-0.1819236547901732,-12.352199259390796,1.1386587390989629,
PRIMARY_DELETE__HLO_to_P__primary_5y__M1__ridge__USA,PRIMARY_DELETE,HLO_to_P,primary_5y,M1,ridge,USA,period_2010,20,4.124313550880884,-20.659536459662228,1.1846768515470885,
PRIMARY_DELETE__HLO_to_P__primary_5y__M1__ridge__USA,PRIMARY_DELETE,HLO_to_P,primary_5y,M1,ridge,USA,period_2015,9,-5.796691233254817,26.370300850382634,0.7762541851407653,
PRIMARY_DELETE__HLO_to_P__primary_5y__M2__ridge__USA,PRIMARY_DELETE,HLO_to_P,primary_5y,M2,ridge,USA,pooled_mixing_periods,37,0.14650209326425365,7.890175102472166,0.9107525480031027,
PRIMARY_DELETE__HLO_to_P__primary_5y__M2__ridge__USA,PRIMARY_DELETE,HLO_to_P,primary_5y,M2,ridge,USA,period_2000,6,-4.7612548496725875,1.117856447774243,1.0418716061104671,
PRIMARY_DELETE__HLO_to_P__primary_5y__M2__ridge__USA,PRIMARY_DELETE,HLO_to_P,primary_5y,M2,ridge,USA,period_2005,17,-0.31163510597252153,-9.103821816534635,1.1043081707146327,
PRIMARY_DELETE__HLO_to_P__primary_5y__M2__ridge__USA,PRIMARY_DELETE,HLO_to_P,primary_5y,M2,ridge,USA,period_2010,20,4.611718299809424,-7.121437599431865,1.0278785262659353,
PRIMARY_DELETE__HLO_to_P__primary_5y__M2__ridge__USA,PRIMARY_DELETE,HLO_to_P,primary_5y,M2,ridge,USA,period_2015,9,-4.61800299802535,18.93265154389124,0.8462930829475829,
PRIMARY_DELETE__HLO_to_P__primary_5y__M3__ridge__USA,PRIMARY_DELETE,HLO_to_P,primary_5y,M3,ridge,USA,pooled_mixing_periods,37,0.42759047446729054,6.20094590359853,0.9266190364446226,
PRIMARY_DELETE__HLO_to_P__primary_5y__M3__ridge__USA,PRIMARY_DELETE,HLO_to_P,primary_5y,M3,ridge,USA,period_2000,6,-3.875184939973596,-6.7388083129437435,1.1207512556471957,
PRIMARY_DELETE__HLO_to_P__primary_5y__M3__ridge__USA,PRIMARY_DELETE,HLO_to_P,primary_5y,M3,ridge,USA,period_2005,17,-0.6481511833717586,-8.78636122540236,1.1049103870436268,
PRIMARY_DELETE__HLO_to_P__primary_5y__M3__ridge__USA,PRIMARY_DELETE,HLO_to_P,primary_5y,M3,ridge,USA,period_2010,20,5.201904034021423,-12.837719853631183,1.0842679056654259,
PRIMARY_DELETE__HLO_to_P__primary_5y__M3__ridge__USA,PRIMARY_DELETE,HLO_to_P,primary_5y,M3,ridge,USA,period_2015,9,-4.891185728914826,15.768566868740274,0.8828579325945949,
PRIMARY_DELETE__HLO_to_P__primary_5y__M0__reference__ZAF,PRIMARY_DELETE,HLO_to_P,primary_5y,M0,reference,ZAF,pooled_mixing_periods,37,2.3037127760972e-15,3349.89113874358,-35.99999999999994,
PRIMARY_DELETE__HLO_to_P__primary_5y__M0__reference__ZAF,PRIMARY_DELETE,HLO_to_P,primary_5y,M0,reference,ZAF,period_2000,6,-6.57176103035588,4151.5837292283195,-44.86774336235547,
PRIMARY_DELETE__HLO_to_P__primary_5y__M0__reference__ZAF,PRIMARY_DELETE,HLO_to_P,primary_5y,M0,reference,ZAF,period_2005,17,-0.056759384880425603,3156.823986086897,-33.873451723916205,
PRIMARY_DELETE__HLO_to_P__primary_5y__M0__reference__ZAF,PRIMARY_DELETE,HLO_to_P,primary_5y,M0,reference,ZAF,period_2010,19,4.764627148867172,3273.104317686585,-35.168167828042435,
PRIMARY_DELETE__HLO_to_P__primary_5y__M0__reference__ZAF,PRIMARY_DELETE,HLO_to_P,primary_5y,M0,reference,ZAF,period_2015,9,-7.304222952311837,2928.4169168664894,-31.297730106891212,
PRIMARY_DELETE__HLO_to_P__primary_5y__M1__ridge__ZAF,PRIMARY_DELETE,HLO_to_P,primary_5y,M1,ridge,ZAF,pooled_mixing_periods,37,-0.04724883524351631,-0.005871995149606901,1.0005870331000075,
PRIMARY_DELETE__HLO_to_P__primary_5y__M1__ridge__ZAF,PRIMARY_DELETE,HLO_to_P,primary_5y,M1,ridge,ZAF,period_2000,6,-3.9408203503932997,86.14431175966895,0.11608882699091681,
PRIMARY_DELETE__HLO_to_P__primary_5y__M1__ridge__ZAF,PRIMARY_DELETE,HLO_to_P,primary_5y,M1,ridge,ZAF,period_2005,17,-0.11458292864573957,-22.596967022878257,1.2510595007565706,
PRIMARY_DELETE__HLO_to_P__primary_5y__M1__ridge__ZAF,PRIMARY_DELETE,HLO_to_P,primary_5y,M1,ridge,ZAF,period_2010,19,4.214174129310059,-40.23991111785792,1.399938880304788,
PRIMARY_DELETE__HLO_to_P__primary_5y__M1__ridge__ZAF,PRIMARY_DELETE,HLO_to_P,primary_5y,M1,ridge,ZAF,period_2015,9,-6.100056750968935,17.458280181002536,0.876066123799248,
PRIMARY_DELETE__HLO_to_P__primary_5y__M2__ridge__ZAF,PRIMARY_DELETE,HLO_to_P,primary_5y,M2,ridge,ZAF,pooled_mixing_periods,37,0.2994829224446585,7.035549330144356,0.9192506831979802,
PRIMARY_DELETE__HLO_to_P__primary_5y__M2__ridge__ZAF,PRIMARY_DELETE,HLO_to_P,primary_5y,M2,ridge,ZAF,period_2000,6,-7.921888732944713,66.20835702621122,0.3452330790055585,
PRIMARY_DELETE__HLO_to_P__primary_5y__M2__ridge__ZAF,PRIMARY_DELETE,HLO_to_P,primary_5y,M2,ridge,ZAF,period_2005,17,-0.054411034325890756,-9.715083980632626,1.1079228051855161,
PRIMARY_DELETE__HLO_to_P__primary_5y__M2__ridge__ZAF,PRIMARY_DELETE,HLO_to_P,primary_5y,M2,ridge,ZAF,period_2010,19,5.438272025295177,-40.05162733579762,1.3791075538771382,
PRIMARY_DELETE__HLO_to_P__primary_5y__M2__ridge__ZAF,PRIMARY_DELETE,HLO_to_P,primary_5y,M2,ridge,ZAF,period_2015,9,-4.718999976316149,14.346450790714654,0.8965107428643543,
PRIMARY_DELETE__HLO_to_P__primary_5y__M3__ridge__ZAF,PRIMARY_DELETE,HLO_to_P,primary_5y,M3,ridge,ZAF,pooled_mixing_periods,37,0.407338419777402,9.422333202552345,0.8919162300610965,
PRIMARY_DELETE__HLO_to_P__primary_5y__M3__ridge__ZAF,PRIMARY_DELETE,HLO_to_P,primary_5y,M3,ridge,ZAF,period_2000,6,-6.4298214999017835,74.0666876179033,0.2527198199972056,
PRIMARY_DELETE__HLO_to_P__primary_5y__M3__ridge__ZAF,PRIMARY_DELETE,HLO_to_P,primary_5y,M3,ridge,ZAF,period_2005,17,-0.1912041811202405,-8.206453126058907,1.092908625423107,
PRIMARY_DELETE__HLO_to_P__primary_5y__M3__ridge__ZAF,PRIMARY_DELETE,HLO_to_P,primary_5y,M3,ridge,ZAF,period_2010,19,5.559439958216905,-35.32856200875171,1.3256182893405895,
PRIMARY_DELETE__HLO_to_P__primary_5y__M3__ridge__ZAF,PRIMARY_DELETE,HLO_to_P,primary_5y,M3,ridge,ZAF,period_2015,9,-5.04283124593561,11.43930454086898,0.9310016088954979,
